# |z|[pc], Q_thin.d, Q_mol.gas, Q_atom.gas, Q_thick.d, Q_DM, Q_st.halo with Q = rho(|z|)_i[Msun/pc^3]
1.000000000000000000e+00 3.787901164927769126e-02 1.528865313492815646e-02 2.531737053013161792e-02 2.204887202549989361e-03 1.397641913432617553e-02 1.353969900570649255e-04
3.000000000000000000e+00 3.786595196426634224e-02 1.522289232196791936e-02 2.530455777207998511e-02 2.204817710304998821e-03 1.397637362284451928e-02 1.353961259064152063e-04
5.000000000000000000e+00 3.784886915481622260e-02 1.513718506645201148e-02 2.528778515028763663e-02 2.204726691157916658e-03 1.397631401113601582e-02 1.353949940313634861e-04
7.000000000000000000e+00 3.782780233925915614e-02 1.503197479960779841e-02 2.526708088060054813e-02 2.204614258229743717e-03 1.397624037172654279e-02 1.353935958122709764e-04
9.000000000000000000e+00 3.780279458172083884e-02 1.490777714332792818e-02 2.524247485236225455e-02 2.204480524701628481e-03 1.397615277682687923e-02 1.353919326242608643e-04
1.100000000000000000e+01 3.777389274153229032e-02 1.476517592040241418e-02 2.521399859031161345e-02 2.204325603806063776e-03 1.397605129833322940e-02 1.353900058372149782e-04
1.300000000000000000e+01 3.774114731145065266e-02 1.460481878998570911e-02 2.518168521564286694e-02 2.204149608818188437e-03 1.397593600782772588e-02 1.353878168157707251e-04
1.500000000000000000e+01 3.770461224572922015e-02 1.442741255198027456e-02 2.514556940628105003e-02 2.203952653047189583e-03 1.397580697657895693e-02 1.353853669193182444e-04
1.700000000000000000e+01 3.766434477911601714e-02 1.423371816594812961e-02 2.510568735642559196e-02 2.203734849827805511e-03 1.397566427554249729e-02 1.353826575019979146e-04
1.900000000000000000e+01 3.762040523789138280e-02 1.402454553154924843e-02 2.506207673541500924e-02 2.203496312511936568e-03 1.397550797536143904e-02 1.353796899126980490e-04
2.100000000000000000e+01 3.757285684407549869e-02 1.380074807835176588e-02 2.501477664596517964e-02 2.203237154460350577e-03 1.397533814636693281e-02 1.353764654950529985e-04
2.300000000000000000e+01 3.752176551394906245e-02 1.356321721317198595e-02 2.496382758183357878e-02 2.202957489034495370e-03 1.397515485857874634e-02 1.353729855874412813e-04
2.500000000000000000e+01 3.746719965203276770e-02 1.331287667289702929e-02 2.490927138496141710e-02 2.202657429588406740e-03 1.397495818170579711e-02 1.353692515229843363e-04
2.700000000000000000e+01 3.740922994166551163e-02 1.305067683004124124e-02 2.485115120214524340e-02 2.202337089460723075e-03 1.397474818514673860e-02 1.353652646295451132e-04
2.900000000000000000e+01 3.734792913330638869e-02 1.277758899711588410e-02 2.478951144128913042e-02 2.201996581966794535e-03 1.397452493799050330e-02 1.353610262297271784e-04
3.100000000000000000e+01 3.728337183166339358e-02 1.249459977428233996e-02 2.472439772728801666e-02 2.201636020390896308e-03 1.397428850901688731e-02 1.353565376408742270e-04
3.300000000000000000e+01 3.721563428272157970e-02 1.220270548274848821e-02 2.465585685759215731e-02 2.201255517978538585e-03 1.397403896669712799e-02 1.353518001750693238e-04
3.500000000000000000e+01 3.714479416170653886e-02 1.190290672399598251e-02 2.458393675750210339e-02 2.200855187928875412e-03 1.397377637919448162e-02 1.353468151391350389e-04
3.700000000000000000e+01 3.707093036297585270e-02 1.159620310223614774e-02 2.450868643524284005e-02 2.200435143387218483e-03 1.397350081436481498e-02 1.353415838346332036e-04
3.900000000000000000e+01 3.699412279278217752e-02 1.128358814452882879e-02 2.443015593686500078e-02 2.199995497437635516e-03 1.397321233975720202e-02 1.353361075578655070e-04
4.100000000000000000e+01 3.691445216579748029e-02 1.096604444980883719e-02 2.434839630102031763e-02 2.199536363095662243e-03 1.397291102261452936e-02 1.353303875998738753e-04
4.300000000000000000e+01 3.683199980622992031e-02 1.064453909469537801e-02 2.426345951365765571e-02 2.199057853301102875e-03 1.397259692987408604e-02 1.353244252464412577e-04
4.500000000000000000e+01 3.674684745430247673e-02 1.032001932045866974e-02 2.417539846268498827e-02 2.198560080910923805e-03 1.397227012816819498e-02 1.353182217780927381e-04
4.700000000000000000e+01 3.665907707879775823e-02 9.993408521931127289e-03 2.408426689264192913e-02 2.198043158692255302e-03 1.397193068382481147e-02 1.353117784700967813e-04
4.900000000000000000e+01 3.656877069630617288e-02 9.665602555523478481e-03 2.399011935942630194e-02 2.197507199315480372e-03 1.397157866286816152e-02 1.353050965924665892e-04
5.100000000000000000e+01 3.647601019774570491e-02 9.337466379882104067e-03 2.389301118511744440e-02 2.196952315347419898e-03 1.397121413101935598e-02 1.352981774099620512e-04
5.300000000000000000e+01 3.638087718265231585e-02 9.009831039144138715e-03 2.379299841293771797e-02 2.196378619244617088e-03 1.397083715369703237e-02 1.352910221820914801e-04
5.500000000000000000e+01 3.628345280166943299e-02 8.683490995249367600e-03 2.369013776239280167e-02 2.195786223346710402e-03 1.397044779601798459e-02 1.352836321631139150e-04
5.700000000000000000e+01 3.618381760759613319e-02 8.359201812387877586e-03 2.358448658463019321e-02 2.195175239869908389e-03 1.397004612279780476e-02 1.352760086020414801e-04
5.900000000000000000e+01 3.608205141528437326e-02 8.037678193431567128e-03 2.347610281805426538e-02 2.194545780900548654e-03 1.396963219855154592e-02 1.352681527426419326e-04
6.100000000000000000e+01 3.597823317060887260e-02 7.719592365143375552e-03 2.336504494423505968e-02 2.193897958388758753e-03 1.396920608749435168e-02 1.352600658234416435e-04
6.300000000000000000e+01 3.587244082866770933e-02 7.405572806105210383e-03 2.325137194414695144e-02 2.193231884142202940e-03 1.396876785354213106e-02 1.352517490777284447e-04
6.500000000000000000e+01 3.576475124130913674e-02 7.096203308673571658e-03 2.313514325477199207e-02 2.192547669819923904e-03 1.396831756031220381e-02 1.352432037335550975e-04
6.700000000000000000e+01 3.565524005401957131e-02 6.792022363877128072e-03 2.301641872610172765e-02 2.191845426926277741e-03 1.396785527112398562e-02 1.352344310137424917e-04
6.900000000000000000e+01 3.554398161215128332e-02 6.493522856025402308e-03 2.289525857856996444e-02 2.191125266804955229e-03 1.396738104899964035e-02 1.352254321358836568e-04
7.100000000000000000e+01 3.543104887641428807e-02 6.201152051910261385e-03 2.277172336094779662e-02 2.190387300633097212e-03 1.396689495666477050e-02 1.352162083123473126e-04
7.300000000000000000e+01 3.531651334750735005e-02 5.915311867857041793e-03 2.264587390873103179e-02 2.189631639415498023e-03 1.396639705654908331e-02 1.352067607502821793e-04
7.500000000000000000e+01 3.520044499971668878e-02 5.636359396520950263e-03 2.251777130304877944e-02 2.188858393978899974e-03 1.396588741078708638e-02 1.351970906516210974e-04
7.700000000000000000e+01 3.508291222326914011e-02 5.364607674224544653e-03 2.238747683012093370e-02 2.188067674966373295e-03 1.396536608121876771e-02 1.351871992130856352e-04
7.900000000000000000e+01 3.496398177518821038e-02 5.100326668788841659e-03 2.225505194129089384e-02 2.187259592831789726e-03 1.396483312939029303e-02 1.351770876261906428e-04
8.100000000000000000e+01 3.484371873836797362e-02 4.843744467215420520e-03 2.212055821365866912e-02 2.186434257834376366e-03 1.396428861655469970e-02 1.351667570772492393e-04
8.300000000000000000e+01 3.472218648854963341e-02 4.595048642220029775e-03 2.198405731133827243e-02 2.185591780033364906e-03 1.396373260367259929e-02 1.351562087473777733e-04
8.500000000000000000e+01 3.459944666886023007e-02 4.354387776486718167e-03 2.184561094736217277e-02 2.184732269282719380e-03 1.396316515141288184e-02 1.351454438125010806e-04
8.700000000000000000e+01 3.447555917155132460e-02 4.121873123591136313e-03 2.170528084625404988e-02 2.183855835225955409e-03 1.396258632015342192e-02 1.351344634433579602e-04
8.900000000000000000e+01 3.435058212655775489e-02 3.897580384816867489e-03 2.156312870729027581e-02 2.182962587291044018e-03 1.396199616998180029e-02 1.351232688055067845e-04
9.100000000000000000e+01 3.422457189648297343e-02 3.681551581542070930e-03 2.141921616846899357e-02 2.182052634685395249e-03 1.396139476069600815e-02 1.351118610593312187e-04
9.300000000000000000e+01 3.409758307760703960e-02 3.473797003487778465e-03 2.127360477120452190e-02 2.181126086390933281e-03 1.396078215180517404e-02 1.351002413600462654e-04
9.500000000000000000e+01 3.396966850650693509e-02 3.274297213875437124e-03 2.112635592576380533e-02 2.180183051159251782e-03 1.396015840253028890e-02 1.350884108577044712e-04
9.700000000000000000e+01 3.384087927187523492e-02 3.083005093421047581e-03 2.097753087746012310e-02 2.179223637506849057e-03 1.395952357180493299e-02 1.350763706972020798e-04
9.900000000000000000e+01 3.371126473112327770e-02 2.899847906077727272e-03 2.082719067361833015e-02 2.178247953710450366e-03 1.395887771827600266e-02 1.350641220182857542e-04
1.010000000000000000e+02 3.358087253135672717e-02 2.724729370509629007e-03 2.067539613132466161e-02 2.177256107802410905e-03 1.395822090030445634e-02 1.350516659555590546e-04
1.030000000000000000e+02 3.344974863431773165e-02 2.557531722419377398e-03 2.052220780597288977e-02 2.176248207566198155e-03 1.395755317596603443e-02 1.350390036384894316e-04
1.050000000000000000e+02 3.331793734489407049e-02 2.398117754041741330e-03 2.036768596061766176e-02 2.175224360531954892e-03 1.395687460305202257e-02 1.350261361914150565e-04
1.070000000000000000e+02 3.318548134280670248e-02 2.246332818341145905e-03 2.021189053614458331e-02 2.174184673972146334e-03 1.395618523906998372e-02 1.350130647335522484e-04
1.090000000000000000e+02 3.305242171709739385e-02 2.102006786694633495e-03 2.005488112226555195e-02 2.173129254897281006e-03 1.395548514124450232e-02 1.349997903790025754e-04
1.110000000000000000e+02 3.291879800305246018e-02 1.964955950090325858e-03 1.989671692934679229e-02 2.172058210051711850e-03 1.395477436651795626e-02 1.349863142367604442e-04
1.130000000000000000e+02 3.278464822121238131e-02 1.834984855111017376e-03 1.973745676107597352e-02 2.170971645909518851e-03 1.395405297155124548e-02 1.349726374107207438e-04
1.150000000000000000e+02 3.265000891813346628e-02 1.711888067191245791e-03 1.957715898797368972e-02 2.169869668670466271e-03 1.395332101272457430e-02 1.349587609996867328e-04
1.170000000000000000e+02 3.251491520858413448e-02 1.595451854823149449e-03 1.941588152175369175e-02 2.168752384256034463e-03 1.395257854613819216e-02 1.349446860973778188e-04
1.190000000000000000e+02 3.237940081887619864e-02 1.485455789532132923e-03 1.925368179053510778e-02 2.167619898305533661e-03 1.395182562761317427e-02 1.349304137924378253e-04
1.210000000000000000e+02 3.224349813104935430e-02 1.381674257539712049e-03 1.909061671490906720e-02 2.166472316172289320e-03 1.395106231269217789e-02 1.349159451684433131e-04
1.230000000000000000e+02 3.210723822764580127e-02 1.283877880070835977e-03 1.892674268486110520e-02 2.165309742919903791e-03 1.395028865664021435e-02 1.349012813039117387e-04
1.250000000000000000e+02 3.197065093683042897e-02 1.191834840241014909e-03 1.876211553754978181e-02 2.164132283318589978e-03 1.394950471444543309e-02 1.348864232723102907e-04
1.270000000000000000e+02 3.183376487763060758e-02 1.105312115370112990e-03 1.859679053594117185e-02 2.162940041841585666e-03 1.394871054081987631e-02 1.348713721420644008e-04
1.290000000000000000e+02 3.169660750508850738e-02 1.024076614411576587e-03 1.843082234829788307e-02 2.161733122661630736e-03 1.394790619020027690e-02 1.348561289765667697e-04
1.310000000000000000e+02 3.155920515513671587e-02 9.478962209557651244e-04 1.826426502852047593e-02 2.160511629647524166e-03 1.394709171674882696e-02 1.348406948341861764e-04
1.330000000000000000e+02 3.142158308902646274e-02 8.765407429629923234e-04 1.809717199733833562e-02 2.159275666360753899e-03 1.394626717435397401e-02 1.348250707682766664e-04
1.350000000000000000e+02 3.128376553715470770e-02 8.097827710053776993e-04 1.792959602434624281e-02 2.158025336052191764e-03 1.394543261663119468e-02 1.348092578271869037e-04
1.370000000000000000e+02 3.114577574215365505e-02 7.473984473474052422e-04 1.776158921088211856e-02 2.156760741658863417e-03 1.394458809692378752e-02 1.347932570542694668e-04
1.390000000000000000e+02 3.100763600112235382e-02 6.891681486744362459e-04 1.759320297374073264e-02 2.155481985800788113e-03 1.394373366830366917e-02 1.347770694878903366e-04
1.410000000000000000e+02 3.086936770689576240e-02 6.348770856883785389e-04 1.742448802971734503e-02 2.154189170777883952e-03 1.394286938357217065e-02 1.347606961614387076e-04
1.430000000000000000e+02 3.073099138826130769e-02 5.843158231327724109e-04 1.725549438097469593e-02 2.152882398566950337e-03 1.394199529526081623e-02 1.347441381033366917e-04
1.450000000000000000e+02 3.059252674904722538e-02 5.372807240889041847e-04 1.708627130122600604e-02 2.151561770818707225e-03 1.394111145563214395e-02 1.347273963370491847e-04
1.470000000000000000e+02 3.045399270602000552e-02 4.935743226034707259e-04 1.691686732272607019e-02 2.150227388854911159e-03 1.394021791668049494e-02 1.347104718810940033e-04
1.490000000000000000e+02 3.031540742554066428e-02 4.530056288707497766e-04 1.674733022406192651e-02 2.148879353665534599e-03 1.393931473013281484e-02 1.346933657490519685e-04
1.510000000000000000e+02 3.017678835894112635e-02 4.153903713020538468e-04 1.657770701873393857e-02 2.147517765906009016e-03 1.393840194744946567e-02 1.346760789495773133e-04
1.530000000000000000e+02 3.003815227659256681e-02 3.805511798766777034e-04 1.640804394451771120e-02 2.146142725894540412e-03 1.393747961982503246e-02 1.346586124864079023e-04
1.550000000000000000e+02 2.989951530064734186e-02 3.483177151859041028e-04 1.623838645359663643e-02 2.144754333609479903e-03 1.393654779818912816e-02 1.346409673583759642e-04
1.570000000000000000e+02 2.976089293644515812e-02 3.185267475591184146e-04 1.606877920345438360e-02 2.143352688686770216e-03 1.393560653320720898e-02 1.346231445594186095e-04
1.590000000000000000e+02 2.962230010258210672e-02 2.910221906031109241e-04 1.589926604851626263e-02 2.141937890417444645e-03 1.393465587528138795e-02 1.346051450785885363e-04
1.610000000000000000e+02 2.948375115964864748e-02 2.656550933963164004e-04 1.572989003252783097e-02 2.140510037745198442e-03 1.393369587455124854e-02 1.345869699000650898e-04
1.630000000000000000e+02 2.934525993764899518e-02 2.422835954632673557e-04 1.556069338165880570e-02 2.139069229264014844e-03 1.393272658089466688e-02 1.345686200031650495e-04
1.650000000000000000e+02 2.920683976212029576e-02 2.207728485148233112e-04 1.539171749831990364e-02 2.137615563215862664e-03 1.393174804392862537e-02 1.345500963623538239e-04
1.670000000000000000e+02 2.906850347897493511e-02 2.009949087805906775e-04 1.522300295567988529e-02 2.136149137488440285e-03 1.393076031301003666e-02 1.345313999472566721e-04
1.690000000000000000e+02 2.893026347809384349e-02 1.828286035849626962e-04 1.505458949286972957e-02 2.134670049612996407e-03 1.392976343723656592e-02 1.345125317226698977e-04
1.710000000000000000e+02 2.879213171570224258e-02 1.661593756307376210e-04 1.488651601086058741e-02 2.133178396762201549e-03 1.392875746544746003e-02 1.344934926485723422e-04
1.730000000000000000e+02 2.865411973556269629e-02 1.508791082574348667e-04 1.471882056900181319e-02 2.131674275748079387e-03 1.392774244622436638e-02 1.344742836801368765e-04
1.750000000000000000e+02 2.851623868902270278e-02 1.368859347381453132e-04 1.455154038220521362e-02 2.130157783019997510e-03 1.392671842789216380e-02 1.344549057677420299e-04
1.770000000000000000e+02 2.837849935395632059e-02 1.240840344715921930e-04 1.438471181876130670e-02 2.128629014662723664e-03 1.392568545851980040e-02 1.344353598569836988e-04
1.790000000000000000e+02 2.824091215264086172e-02 1.123834187174820173e-04 1.421837039877320817e-02 2.127088066394521026e-03 1.392464358592110721e-02 1.344156468886869107e-04
1.810000000000000000e+02 2.810348716861093069e-02 1.016997083152601538e-04 1.405255079319364143e-02 2.125535033565324576e-03 1.392359285765565162e-02 1.343957677989178316e-04
1.830000000000000000e+02 2.796623416253284436e-02 9.195390562097363076e-05 1.388728682345024938e-02 2.123970011154953895e-03 1.392253332102955272e-02 1.343757235189955838e-04
1.850000000000000000e+02 2.782916258714289437e-02 8.307216269568867470e-05 1.372261146164436597e-02 2.122393093771390155e-03 1.392146502309632959e-02 1.343555149755046058e-04
1.870000000000000000e+02 2.769228160129306657e-02 7.498554758323423689e-05 1.355855683130823518e-02 2.120804375649110347e-03 1.392038801065773740e-02 1.343351430903066328e-04
1.890000000000000000e+02 2.755560008314767578e-02 6.762981032612943807e-05 1.339515420870553662e-02 2.119203950647470091e-03 1.391930233026459490e-02 1.343146087805530294e-04
1.910000000000000000e+02 2.741912664257376356e-02 6.094515018736779138e-05 1.323243402465999405e-02 2.117591912249143244e-03 1.391820802821763792e-02 1.342939129586972037e-04
1.930000000000000000e+02 2.728286963276790530e-02 5.487598537307886008e-05 1.307042586689683740e-02 2.115968353558615733e-03 1.391710515056835025e-02 1.342730565325069947e-04
1.950000000000000000e+02 2.714683716116062656e-02 4.937072638754535191e-05 1.290915848288172810e-02 2.114333367300729686e-03 1.391599374311981198e-02 1.342520404050772753e-04
1.970000000000000000e+02 2.701103709963917007e-02 4.438155399809196977e-05 1.274865978314184030e-02 2.112687045819283509e-03 1.391487385142753906e-02 1.342308654748424759e-04
1.990000000000000000e+02 2.687547709412797109e-02 3.986420264323581292e-05 1.258895684505370247e-02 2.111029481075677068e-03 1.391374552080032988e-02 1.342095326355894583e-04
2.010000000000000000e+02 2.674016457356490420e-02 3.577774998338308191e-05 1.243007591708243306e-02 2.109360764647614118e-03 1.391260879630110657e-02 1.341880427764700933e-04
2.030000000000000000e+02 2.660510675831020966e-02 3.208441316928363029e-05 1.227204242345701808e-02 2.107680987727853731e-03 1.391146372274777200e-02 1.341663967820142976e-04
2.050000000000000000e+02 2.647031066802349106e-02 2.874935228935654287e-05 1.211488096926636657e-02 2.105990241123005535e-03 1.391031034471404242e-02 1.341445955321429631e-04
2.070000000000000000e+02 2.633578312904265653e-02 2.574048135270199506e-05 1.195861534596081958e-02 2.104288615252383060e-03 1.390914870653030960e-02 1.341226399021808050e-04
2.090000000000000000e+02 2.620153078129742324e-02 2.302828706988747774e-05 1.180326853724395636e-02 2.102576200146898718e-03 1.390797885228448223e-02 1.341005307628697241e-04
2.110000000000000000e+02 2.606756008478808978e-02 2.058565560811811452e-05 1.164886272533962285e-02 2.100853085448014298e-03 1.390680082582283934e-02 1.340782689803817634e-04
2.130000000000000000e+02 2.593387732565931650e-02 1.838770742081888643e-05 1.149541929761911663e-02 2.099119360406726149e-03 1.390561467075088035e-02 1.340558554163324436e-04
2.150000000000000000e+02 2.580048862189647518e-02 1.641164018355931056e-05 1.134295885357363212e-02 2.097375113882611088e-03 1.390442043043417855e-02 1.340332909277941258e-04
2.170000000000000000e+02 2.566739992867128617e-02 1.463657980820211497e-05 1.119150121211722783e-02 2.095620434342910458e-03 1.390321814799923283e-02 1.340105763673092663e-04
2.190000000000000000e+02 2.553461704336147664e-02 1.304343945468808520e-05 1.104106541920562602e-02 2.093855409861663207e-03 1.390200786633432467e-02 1.339877125829039685e-04
2.210000000000000000e+02 2.540214561026801418e-02 1.161478641450386454e-05 1.089166975575631136e-02 2.092080128118881024e-03 1.390078962809036638e-02 1.339647004181015360e-04
2.230000000000000000e+02 2.526999112505200901e-02 1.033471670112558941e-05 1.074333174585566722e-02 2.090294676399769014e-03 1.389956347568176154e-02 1.339415407119359162e-04
2.250000000000000000e+02 2.513815893891196279e-02 9.188737150095658060e-06 1.059606816523886788e-02 2.088499141593996682e-03 1.389832945128726023e-02 1.339182342989655246e-04
2.270000000000000000e+02 2.500665426252077911e-02 8.163654804389416017e-06 1.044989505002856880e-02 2.086693610194999705e-03 1.389708759685080730e-02 1.338947820092867963e-04
2.290000000000000000e+02 2.487548216974061130e-02 7.247473338874190641e-06 1.030482770571855035e-02 2.084878168299337652e-03 1.389583795408241666e-02 1.338711846685481462e-04
2.310000000000000000e+02 2.474464760113250991e-02 6.429296260495126325e-06 1.016088071638866254e-02 2.083052901606085531e-03 1.389458056445900917e-02 1.338474430979636289e-04
2.330000000000000000e+02 2.461415536727659670e-02 5.699236607879635158e-06 1.001806795413772572e-02 2.081217895416270867e-03 1.389331546922528519e-02 1.338235581143269260e-04
2.350000000000000000e+02 2.448401015191729174e-02 5.048332864905866382e-06 9.876402588720982825e-03 2.079373234632349819e-03 1.389204270939457461e-02 1.337995305300253041e-04
2.370000000000000000e+02 2.435421651494738826e-02 4.468470797014603188e-06 9.735897097379292431e-03 2.077519003757727530e-03 1.389076232574970246e-02 1.337753611530536019e-04
2.390000000000000000e+02 2.422477889524330200e-02 3.952310916264708430e-06 9.596563274847116215e-03 2.075655286896314032e-03 1.388947435884383547e-02 1.337510507870283243e-04
2.410000000000000000e+02 2.409570161336334337e-02 3.493221280974145461e-06 9.458412243526845634e-03 2.073782167752123966e-03 1.388817884900136503e-02 1.337266002312017643e-04
2.430000000000000000e+02 2.396698887411963588e-02 3.085215337904907493e-06 9.321454463817090488e-03 2.071899729628914454e-03 1.388687583631874160e-02 1.337020102804760977e-04
2.450000000000000000e+02 2.383864476903366225e-02 2.722894519021609855e-06 9.185699744582791551e-03 2.070008055429857670e-03 1.388556536066535077e-02 1.336772817254177216e-04
2.470000000000000000e+02 2.371067327868454575e-02 2.401395310585744171e-06 9.051157253755439183e-03 2.068107227657257213e-03 1.388424746168437016e-02 1.336524153522714844e-04
2.490000000000000000e+02 2.358307827495850079e-02 2.116340519466409892e-06 8.917835529051669485e-03 2.066197328412300478e-03 1.388292217879362987e-02 1.336274119429750520e-04
2.510000000000000000e+02 2.345586352320715162e-02 1.863794469809843966e-06 8.785742488798958805e-03 2.064278439394843546e-03 1.388158955118647293e-02 1.336022722751731913e-04
2.530000000000000000e+02 2.332903268432181751e-02 1.640221872386833509e-06 8.654885442857286615e-03 2.062350641903240318e-03 1.388024961783262089e-02 1.335769971222322452e-04
2.550000000000000000e+02 2.320258931673028005e-02 1.442450118828367366e-06 8.525271103625973318e-03 2.060414016834200696e-03 1.387890241747902383e-02 1.335515872532546874e-04
2.570000000000000000e+02 2.307653687832191686e-02 1.267634763383822758e-06 8.396905597125066054e-03 2.058468644682687372e-03 1.387754798865073989e-02 1.335260434330934613e-04
2.590000000000000000e+02 2.295087872830674225e-02 1.113227965632037456e-06 8.269794474140975196e-03 2.056514605541849908e-03 1.387618636965178183e-02 1.335003664223667250e-04
2.610000000000000000e+02 2.282561812901325385e-02 9.769496786009325203e-07 8.143942721426331369e-03 2.054551979102987869e-03 1.387481759856598607e-02 1.334745569774722983e-04
2.630000000000000000e+02 2.270075824762963004e-02 8.567613778823568375e-07 8.019354772944225357e-03 2.052580844655552128e-03 1.387344171325787141e-02 1.334486158506023807e-04
2.650000000000000000e+02 2.257630215789244166e-02 7.508421384567079282e-07 7.896034521147361068e-03 2.050601281087179126e-03 1.387205875137350122e-02 1.334225437897582425e-04
2.670000000000000000e+02 2.245225284172664218e-02 6.575668769746440473e-07 7.773985328282847704e-03 2.048613366883757659e-03 1.387066875034135248e-02 1.333963415387649429e-04
2.690000000000000000e+02 2.232861319084022619e-02 5.754865881015858106e-07 7.653210037713593233e-03 2.046617180129525586e-03 1.386927174737316061e-02 1.333700098372859934e-04
2.710000000000000000e+02 2.220538600827678608e-02 5.033104141491827163e-07 7.533710985247688008e-03 2.044612798507204274e-03 1.386786777946480594e-02 1.333435494208383746e-04
2.730000000000000000e+02 2.208257400992868352e-02 4.398893975418462219e-07 7.415490010467193360e-03 2.042600299298162093e-03 1.386645688339714459e-02 1.333169610208070910e-04
2.750000000000000000e+02 2.196017982601348659e-02 3.842017756523274880e-07 7.298548468048277407e-03 2.040579759382604372e-03 1.386503909573690366e-02 1.332902453644602961e-04
2.770000000000000000e+02 2.183820600251601407e-02 3.353396871534671896e-07 7.182887239064626381e-03 2.038551255239801508e-03 1.386361445283751208e-02 1.332634031749639831e-04
2.790000000000000000e+02 2.171665500259811060e-02 2.924971682478450192e-07 7.068506742266629679e-03 2.036514862948344846e-03 1.386218299083998191e-02 1.332364351713971368e-04
2.810000000000000000e+02 2.159552920797808487e-02 2.549593259342962282e-07 6.955406945328822949e-03 2.034470658186425963e-03 1.386074474567376529e-02 1.332093420687664785e-04
2.830000000000000000e+02 2.147483092028153531e-02 2.220925838382231941e-07 6.843587376058507185e-03 2.032418716232157162e-03 1.385929975305760439e-02 1.331821245780215909e-04
2.850000000000000000e+02 2.135456236236521477e-02 1.933359040647561725e-07 6.733047133558643128e-03 2.030359111963909741e-03 1.385784804850040408e-02 1.331547834060700154e-04
2.870000000000000000e+02 2.123472567961535648e-02 1.681928960286109161e-07 6.623784899338441140e-03 2.028291919860686961e-03 1.385638966730208879e-02 1.331273192557920785e-04
2.890000000000000000e+02 2.111532294122172790e-02 1.462247302745859535e-07 6.515798948365226356e-03 2.026217214002523029e-03 1.385492464455446125e-02 1.330997328260562879e-04
2.910000000000000000e+02 2.099635614142865772e-02 1.270437819342539769e-07 6.409087160051489367e-03 2.024135068070907675e-03 1.385345301514205769e-02 1.330720248117341314e-04
2.930000000000000000e+02 2.087782720076412565e-02 1.103079346766103513e-07 6.303647029171331913e-03 2.022045555349241946e-03 1.385197481374301695e-02 1.330441959037154728e-04
2.950000000000000000e+02 2.075973796724782383e-02 9.571548181474674287e-08 6.199475676700520570e-03 2.019948748723316995e-03 1.385049007482993220e-02 1.330162467889235136e-04
2.970000000000000000e+02 2.064209021757917178e-02 8.300056664062327734e-08 6.096569860574960718e-03 2.017844720681819751e-03 1.384899883267070794e-02 1.329881781503301893e-04
2.990000000000000000e+02 2.052488565830604822e-02 7.192910909047155609e-08 5.994925986362359752e-03 2.015733543316866778e-03 1.384750112132942038e-02 1.329599906669711579e-04
3.010000000000000000e+02 2.040812592697497166e-02 6.229517051058080410e-08 5.894540117842184991e-03 2.013615288324559823e-03 1.384599697466717960e-02 1.329316850139612228e-04
3.030000000000000000e+02 2.029181259326344466e-02 5.391771261397534665e-08 5.795407987489293276e-03 2.011490027005566946e-03 1.384448642634297441e-02 1.329032618625094846e-04
3.050000000000000000e+02 2.017594716009505837e-02 4.663771071024645422e-08 5.697525006856777458e-03 2.009357830265730976e-03 1.384296950981454485e-02 1.328747218799346285e-04
3.070000000000000000e+02 2.006053106473790551e-02 4.031558497123312517e-08 5.600886276853838698e-03 2.007218768616699216e-03 1.384144625833921838e-02 1.328460657296802656e-04
3.090000000000000000e+02 1.994556567988683971e-02 3.482891688209240865e-08 5.505486597914675644e-03 2.005072912176576998e-03 1.383991670497478586e-02 1.328172940713301386e-04
3.110000000000000000e+02 1.983105231473007365e-02 3.007042113815711125e-08 5.411320480054693759e-03 2.002920330670605528e-03 1.383838088258033776e-02 1.327884075606236536e-04
3.130000000000000000e+02 1.971699221600047361e-02 2.594614610018481013e-08 5.318382152810358955e-03 2.000761093431861846e-03 1.383683882381713144e-02 1.327594068494709770e-04
3.150000000000000000e+02 1.960338656901206011e-02 2.237387853109892552e-08 5.226665575059535711e-03 1.998595269401980470e-03 1.383529056114944124e-02 1.327302925859686483e-04
3.170000000000000000e+02 1.949023649868200994e-02 1.928173072249702507e-08 5.136164444719011103e-03 1.996422927131898898e-03 1.383373612684540149e-02 1.327010654144147590e-04
3.190000000000000000e+02 1.937754307053849573e-02 1.660689029495284253e-08 5.046872208316365883e-03 1.994244134782624349e-03 1.383217555297787567e-02 1.326717259753244565e-04
3.210000000000000000e+02 1.926530729171477621e-02 1.429451493762457900e-08 4.958782070433456930e-03 1.992058960126016996e-03 1.383060887142529595e-02 1.326422749054453399e-04
3.230000000000000000e+02 1.915353011192966540e-02 1.229675615444677414e-08 4.871887003018925480e-03 1.989867470545603548e-03 1.382903611387251326e-02 1.326127128377728014e-04
3.250000000000000000e+02 1.904221242445486989e-02 1.057189772002526751e-08 4.786179754567447368e-03 1.987669733037401680e-03 1.382745731181165422e-02 1.325830404015656389e-04
3.270000000000000000e+02 1.893135506706924293e-02 9.083596031334879504e-09 4.701652859163481420e-03 1.985465814210770046e-03 1.382587249654296593e-02 1.325532582223612618e-04
3.290000000000000000e+02 1.882095882300033676e-02 7.800210883781830142e-09 4.618298645387622532e-03 1.983255780289276942e-03 1.382428169917566431e-02 1.325233669219913848e-04
3.310000000000000000e+02 1.871102442185343731e-02 6.694216413710916278e-09 4.536109245083666877e-03 1.981039697111585448e-03 1.382268495062878230e-02 1.324933671185972884e-04
3.330000000000000000e+02 1.860155254052826834e-02 5.741683044885254526e-09 4.455076601984790663e-03 1.978817630132362858e-03 1.382108228163201821e-02 1.324632594266454038e-04
3.350000000000000000e+02 1.849254380412364632e-02 4.921822263977482678e-09 4.375192480197402645e-03 1.976589644423204419e-03 1.381947372272657702e-02 1.324330444569427360e-04
3.370000000000000000e+02 1.838399878683014133e-02 4.216586939140087676e-09 4.296448472541264385e-03 1.974355804673575288e-03 1.381785930426602388e-02 1.324027228166524764e-04
3.390000000000000000e+02 1.827591801281109110e-02 3.610320695045645783e-09 4.218836008744835699e-03 1.972116175191773301e-03 1.381623905641711503e-02 1.323722951093093438e-04
3.410000000000000000e+02 1.816830195707201667e-02 3.089450575533229258e-09 4.142346363494773219e-03 1.969870819905906491e-03 1.381461300916065477e-02 1.323417619348350618e-04
3.430000000000000000e+02 1.806115104631866863e-02 2.642217868686147493e-09 4.066970664338759832e-03 1.967619802364889252e-03 1.381298119229232638e-02 1.323111238895540798e-04
3.450000000000000000e+02 1.795446565980383241e-02 2.258442545723882271e-09 3.992699899440954603e-03 1.965363185739454118e-03 1.381134363542354561e-02 1.322803815662088598e-04
3.470000000000000000e+02 1.784824613016306599e-02 1.929317280895993348e-09 3.919524925189479467e-03 1.963101032823181321e-03 1.380970036798228814e-02 1.322495355539755435e-04
3.490000000000000000e+02 1.774249274423950890e-02 1.647227480468862154e-09 3.847436473655553232e-03 1.960833406033543093e-03 1.380805141921393614e-02 1.322185864384792665e-04
3.510000000000000000e+02 1.763720574389793933e-02 1.405594160259996748e-09 3.776425159903915550e-03 1.958560367412964884e-03 1.380639681818211437e-02 1.321875348018099606e-04
3.530000000000000000e+02 1.753238532682808645e-02 1.198736877901440611e-09 3.706481489154387753e-03 1.956281978629900459e-03 1.380473659376952981e-02 1.321563812225375870e-04
3.550000000000000000e+02 1.742803164733755170e-02 1.021754252576828932e-09 3.637595863794552790e-03 1.953998300979924770e-03 1.380307077467880957e-02 1.321251262757278837e-04
3.570000000000000000e+02 1.732414481713426962e-02 8.704198954502956463e-10 3.569758590243554252e-03 1.951709395386838977e-03 1.380139938943332825e-02 1.320937705329576809e-04
3.590000000000000000e+02 1.722072490609870971e-02 7.410918320954760243e-10 3.502959885667225257e-03 1.949415322403789778e-03 1.379972246637804593e-02 1.320623145623305939e-04
3.610000000000000000e+02 1.711777194304596461e-02 6.306337273005453841e-10 3.437189884544847307e-03 1.947116142214406088e-03 1.379804003368034944e-02 1.320307589284924190e-04
3.630000000000000000e+02 1.701528591647784305e-02 5.363464257186511160e-10 3.372438645087909477e-03 1.944811914633945904e-03 1.379635211933086768e-02 1.319991041926467737e-04
3.650000000000000000e+02 1.691326677532497755e-02 4.559085017077776725e-10 3.308696155511334572e-03 1.942502699110458791e-03 1.379465875114431993e-02 1.319673509125703830e-04
3.670000000000000000e+02 1.681171442967922119e-02 3.873246708503593323e-10 3.245952340157814107e-03 1.940188554725959854e-03 1.379295995676033115e-02 1.319354996426288552e-04
3.690000000000000000e+02 1.671062875151636470e-02 3.288810563049116418e-10 3.184197065475920848e-03 1.937869540197619325e-03 1.379125576364427161e-02 1.319035509337919691e-04
3.710000000000000000e+02 1.661000957540923265e-02 2.791064273421007227e-10 3.123420145852712736e-03 1.935545713878960390e-03 1.378954619908807563e-02 1.318715053336493406e-04
3.730000000000000000e+02 1.650985669923137056e-02 2.367386369732364773e-10 3.063611349301746754e-03 1.933217133761075228e-03 1.378783129021107084e-02 1.318393633864257909e-04
3.750000000000000000e+02 1.641016988485136108e-02 2.006955821220672091e-10 3.004760403007428193e-03 1.930883857473846476e-03 1.378611106396080907e-02 1.318071256329968785e-04
3.770000000000000000e+02 1.631094885881784889e-02 1.700500947843489286e-10 2.946856998726661136e-03 1.928545942287185171e-03 1.378438554711387473e-02 1.317747926109044026e-04
3.790000000000000000e+02 1.621219331303554168e-02 1.440082473740429352e-10 2.889890798048963712e-03 1.926203445112277795e-03 1.378265476627672619e-02 1.317423648543717719e-04
3.810000000000000000e+02 1.611390290543196144e-02 1.218906211414291650e-10 2.833851437516103286e-03 1.923856422502845907e-03 1.378091874788650410e-02 1.317098428943196987e-04
3.830000000000000000e+02 1.601607726061545639e-02 1.031161442132758018e-10 2.778728533602590773e-03 1.921504930656414223e-03 1.377917751821185373e-02 1.316772272583813231e-04
3.850000000000000000e+02 1.591871597052419915e-02 8.718815638106161615e-11 2.724511687558209792e-03 1.919149025415593226e-03 1.377743110335374541e-02 1.316445184709180152e-04
3.870000000000000000e+02 1.582181859506652868e-02 7.368240208152949469e-11 2.671190490114012245e-03 1.916788762269365900e-03 1.377567952924628816e-02 1.316117170530345273e-04
3.890000000000000000e+02 1.572538466275256314e-02 6.223669181345402124e-11 2.618754526053110408e-03 1.914424196354390937e-03 1.377392282165755370e-02 1.315788235225945520e-04
3.910000000000000000e+02 1.562941367131727433e-02 5.254200617266798318e-11 2.567193378647771723e-03 1.912055382456310940e-03 1.377216100619038132e-02 1.315458383942361988e-04
3.930000000000000000e+02 1.553390508833510722e-02 4.433484634685851482e-11 2.516496633964310312e-03 1.909682375011074063e-03 1.377039410828319842e-02 1.315127621793872007e-04
3.950000000000000000e+02 1.543885835182615997e-02 3.739066080941154448e-11 2.466653885037279215e-03 1.907305228106259990e-03 1.376862215321082543e-02 1.314795953862805261e-04
3.970000000000000000e+02 1.534427287085409798e-02 3.151820054519082508e-11 2.417654735914626096e-03 1.904923995482419143e-03 1.376684516608529286e-02 1.314463385199696123e-04
3.990000000000000000e+02 1.525014802611588532e-02 2.655467483532730909e-11 2.369488805575407052e-03 1.902538730534418174e-03 1.376506317185664970e-02 1.314129920823437880e-04
4.010000000000000000e+02 1.515648317052333514e-02 2.236159678049564835e-11 2.322145731721713020e-03 1.900149486312793703e-03 1.376327619531376306e-02 1.313795565721436419e-04
4.030000000000000000e+02 1.506327762977669599e-02 1.882122266832220482e-11 2.275615174446578206e-03 1.897756315525117327e-03 1.376148426108513706e-02 1.313460324849763101e-04
4.050000000000000000e+02 1.497053070293025145e-02 1.583350226869233266e-11 2.229886819779527182e-03 1.895359270537363017e-03 1.375968739363970551e-02 1.313124203133308988e-04
4.070000000000000000e+02 1.487824166295006849e-02 1.331346841585742484e-11 2.184950383111610318e-03 1.892958403375287523e-03 1.375788561728764382e-02 1.312787205465936087e-04
4.090000000000000000e+02 1.478640975726398278e-02 1.118900402385516425e-11 2.140795612501657490e-03 1.890553765725816199e-03 1.375607895618116694e-02 1.312449336710632666e-04
4.110000000000000000e+02 1.469503420830387680e-02 9.398933171329208351e-12 2.097412291865609693e-03 1.888145408938433391e-03 1.375426743431532907e-02 1.312110601699664498e-04
4.130000000000000000e+02 1.460411421404036666e-02 7.891390249627322120e-12 2.054790244050747408e-03 1.885733384026583651e-03 1.375245107552882512e-02 1.311771005234727732e-04
4.150000000000000000e+02 1.451364894850994472e-02 6.622427539948492455e-12 2.012919333796700950e-03 1.883317741669078170e-03 1.375062990350479041e-02 1.311430552087101227e-04
4.170000000000000000e+02 1.442363756233470962e-02 5.554827099095673498e-12 1.971789470585098066e-03 1.880898532211505757e-03 1.374880394177158301e-02 1.311089246997799421e-04
4.190000000000000000e+02 1.433407918323467874e-02 4.657087600946552840e-12 1.931390611379738345e-03 1.878475805667654880e-03 1.374697321370359736e-02 1.310747094677724392e-04
4.210000000000000000e+02 1.424497291653288068e-02 3.902560899921072104e-12 1.891712763259244690e-03 1.876049611720935701e-03 1.374513774252204487e-02 1.310404099807816294e-04
4.230000000000000000e+02 1.415631784565320184e-02 3.268716638975888433e-12 1.852745985944048886e-03 1.873619999725812096e-03 1.374329755129574671e-02 1.310060267039206763e-04
4.250000000000000000e+02 1.406811303261111708e-02 2.736516292618783476e-12 1.814480394219685150e-03 1.871187018709236701e-03 1.374145266294192480e-02 1.309715600993370175e-04
4.270000000000000000e+02 1.398035751849738793e-02 2.289880680174945228e-12 1.776906160258299224e-03 1.868750717372093771e-03 1.373960310022698944e-02 1.309370106262274338e-04
4.290000000000000000e+02 1.389305032395476980e-02 1.915237262754194724e-12 1.740013515840320869e-03 1.866311144090646154e-03 1.373774888576732682e-02 1.309023787408531748e-04
4.310000000000000000e+02 1.380619044964784270e-02 1.601135498421025916e-12 1.703792754478241581e-03 1.863868346917985520e-03 1.373589004203008314e-02 1.308676648965550289e-04
4.330000000000000000e+02 1.371977687672601420e-02 1.337920216884643644e-12 1.668234233444435867e-03 1.861422373585487795e-03 1.373402659133394869e-02 1.308328695437685019e-04
4.350000000000000000e+02 1.363380856727979158e-02 1.117454424910755552e-12 1.633328375704975891e-03 1.858973271504276402e-03 1.373215855584993157e-02 1.307979931300386981e-04
4.370000000000000000e+02 1.354828446479039092e-02 9.328841989993676914e-13 1.599065671761378937e-03 1.856521087766686146e-03 1.373028595760215388e-02 1.307630361000355261e-04
4.390000000000000000e+02 1.346320349457272650e-02 7.784393907716839165e-13 1.565436681402216463e-03 1.854065869147731227e-03 1.372840881846861330e-02 1.307279988955684709e-04
4.410000000000000000e+02 1.337856456421192969e-02 6.492647873194441419e-13 1.532432035366540881e-03 1.851607662106579321e-03 1.372652716018197064e-02 1.306928819556018272e-04
4.430000000000000000e+02 1.329436656399336433e-02 5.412771545832244681e-13 1.500042436921025010e-03 1.849146512788027615e-03 1.372464100433032005e-02 1.306576857162694983e-04
4.450000000000000000e+02 1.321060836732633123e-02 4.510442648947928880e-13 1.468258663352774683e-03 1.846682467023984036e-03 1.372275037235796274e-02 1.306224106108899046e-04
4.470000000000000000e+02 1.312728883116142005e-02 3.756825859228194112e-13 1.437071567379683869e-03 1.844215570334947849e-03 1.372085528556617889e-02 1.305870570699809992e-04
4.490000000000000000e+02 1.304440679640167869e-02 3.127708010353310378e-13 1.406472078480273252e-03 1.841745867931499775e-03 1.371895576511400136e-02 1.305516255212750402e-04
4.510000000000000000e+02 1.296196108830758795e-02 2.602767523042873112e-13 1.376451204144872121e-03 1.839273404715788870e-03 1.371705183201897202e-02 1.305161163897335802e-04
4.530000000000000000e+02 1.287995051689594210e-02 2.164957571795086808e-13 1.347000031050027673e-03 1.836798225283024603e-03 1.371514350715792238e-02 1.304805300975621298e-04
4.550000000000000000e+02 1.279837387733278112e-02 1.799985569995630003e-13 1.318109726158041067e-03 1.834320373922973708e-03 1.371323081126773168e-02 1.304448670642251195e-04
4.570000000000000000e+02 1.271722995032027737e-02 1.495874175207146900e-13 1.289771537743423461e-03 1.831839894621454645e-03 1.371131376494608665e-02 1.304091277064605369e-04
4.590000000000000000e+02 1.263651750247782139e-02 1.242591250161969349e-13 1.261976796348152291e-03 1.829356831061839002e-03 1.370939238865224834e-02 1.303733124382948068e-04
4.610000000000000000e+02 1.255623528671724956e-02 1.031738118015712521e-13 1.234716915667532751e-03 1.826871226626550519e-03 1.370746670270781356e-02 1.303374216710574012e-04
4.630000000000000000e+02 1.247638204261233494e-02 8.562870706897991247e-14 1.207983393368459914e-03 1.824383124398570389e-03 1.370553672729745744e-02 1.303014558133956116e-04
4.650000000000000000e+02 1.239695649676265596e-02 7.103604677667430249e-14 1.181767811841895376e-03 1.821892567162941481e-03 1.370360248246970877e-02 1.302654152712892394e-04
4.670000000000000000e+02 1.231795736315172834e-02 5.890449356927821490e-14 1.156061838891264508e-03 1.819399597408273648e-03 1.370166398813769254e-02 1.302293004480651250e-04
4.690000000000000000e+02 1.223938334349975940e-02 4.882351732453112069e-14 1.130857228358612705e-03 1.816904257328252285e-03 1.369972126407988447e-02 1.301931117444118382e-04
4.710000000000000000e+02 1.216123312761077484e-02 4.045027152540554845e-14 1.106145820690148220e-03 1.814406588823147971e-03 1.369777432994086219e-02 1.301568495583942879e-04
4.730000000000000000e+02 1.208350539371439922e-02 3.349857246190099453e-14 1.081919543442958149e-03 1.811906633501324379e-03 1.369582320523204944e-02 1.301205142854681962e-04
4.750000000000000000e+02 1.200619880880233331e-02 2.772964917240776186e-14 1.058170411734550738e-03 1.809404432680751388e-03 1.369386790933247236e-02 1.300841063184947084e-04
4.770000000000000000e+02 1.192931202895942087e-02 2.294438366337038065e-14 1.034890528636868987e-03 1.806900027390515159e-03 1.369190846148949509e-02 1.300476260477547851e-04
4.790000000000000000e+02 1.185284369968962227e-02 1.897680468431600571e-14 1.012072085516472954e-03 1.804393458372331466e-03 1.368994488081956735e-02 1.300110738609637582e-04
4.810000000000000000e+02 1.177679245623673189e-02 1.568863536660400598e-14 9.897073623224479123e-04 1.801884766082055122e-03 1.368797718630896006e-02 1.299744501432857234e-04
4.830000000000000000e+02 1.170115692390007872e-02 1.296472636822703532e-14 9.677887278236912061e-04 1.799373990691198943e-03 1.368600539681451810e-02 1.299377552773479602e-04
4.850000000000000000e+02 1.162593571834511300e-02 1.070923266428938403e-14 9.463086397971082848e-04 1.796861172088438843e-03 1.368402953106437683e-02 1.299009896432552704e-04
4.870000000000000000e+02 1.155112744590909048e-02 8.842414516762250597e-15 9.252596451683023533e-04 1.794346349881134096e-03 1.368204960765872016e-02 1.298641536186043437e-04
4.890000000000000000e+02 1.147673070390179718e-02 7.297962072011920701e-15 9.046343801062550370e-04 1.791829563396836337e-03 1.368006564507049695e-02 1.298272475784980424e-04
4.910000000000000000e+02 1.140274408090143250e-02 6.020759001598291971e-15 8.844255700735276530e-04 1.789310851684802013e-03 1.367807766164615656e-02 1.297902718955597397e-04
4.930000000000000000e+02 1.132916615704571139e-02 4.965014072523630573e-15 8.646260298334393878e-04 1.786790253517506156e-03 1.367608567560638956e-02 1.297532269399474412e-04
4.950000000000000000e+02 1.125599550431821520e-02 4.092700891203678936e-15 8.452286634156884384e-04 1.784267807392152022e-03 1.367408970504684074e-02 1.297161130793681783e-04
4.970000000000000000e+02 1.118323068683009687e-02 3.372255636750052510e-15 8.262264640418434712e-04 1.781743551532183551e-03 1.367208976793884284e-02 1.296789306790919669e-04
4.990000000000000000e+02 1.111087026109712668e-02 2.777490660177710616e-15 8.076125140121026081e-04 1.779217523888795447e-03 1.367008588213013826e-02 1.296416801019660916e-04
5.010000000000000000e+02 1.103891277631222252e-02 2.286688611357119167e-15 7.893799845547050083e-04 1.776689762142441521e-03 1.366807806534560410e-02 1.296043617084292551e-04
5.030000000000000000e+02 1.096735677461344906e-02 1.881847463619391321e-15 7.715221356393492163e-04 1.774160303704342160e-03 1.366606633518796694e-02 1.295669758565254825e-04
5.050000000000000000e+02 1.089620079134757079e-02 1.548051605200516103e-15 7.540323157559346030e-04 1.771629185717992676e-03 1.366405070913853138e-02 1.295295229019183519e-04
5.070000000000000000e+02 1.082544335532926831e-02 1.272948199627533639e-15 7.369039616599597957e-04 1.769096445060667957e-03 1.366203120455787741e-02 1.294920031979048176e-04
5.090000000000000000e+02 1.075508298909592583e-02 1.046311404205732025e-15 7.201305980858043300e-04 1.766562118344926690e-03 1.366000783868659418e-02 1.294544170954293593e-04
5.110000000000000000e+02 1.068511820915825361e-02 8.596798788368506478e-16 7.037058374292075747e-04 1.764026241920113851e-03 1.365798062864598261e-02 1.294167649430978326e-04
5.130000000000000000e+02 1.061554752624658225e-02 7.060554025430764582e-16 6.876233794001168458e-04 1.761488851873861672e-03 1.365594959143877005e-02 1.293790470871913195e-04
5.150000000000000000e+02 1.054636944555307522e-02 5.796524149672755066e-16 6.718770106471480714e-04 1.758949984033588440e-03 1.365391474394980938e-02 1.293412638716801423e-04
5.170000000000000000e+02 1.047758246696977452e-02 4.756899760834638200e-16 6.564606043548098895e-04 1.756409673967996438e-03 1.365187610294679547e-02 1.293034156382374966e-04
5.190000000000000000e+02 1.040918508532258542e-02 3.902190411013885485e-16 6.413681198146530069e-04 1.753867956988566183e-03 1.364983368508096775e-02 1.292655027262534654e-04
5.210000000000000000e+02 1.034117579060130597e-02 3.199791226709333738e-16 6.265936019714800917e-04 1.751324868151050030e-03 1.364778750688780753e-02 1.292275254728485711e-04
5.230000000000000000e+02 1.027355306818561811e-02 2.622793957014538888e-16 6.121311809456936748e-04 1.748780442256962515e-03 1.364573758478773886e-02 1.291894842128876806e-04
5.250000000000000000e+02 1.020631539906724505e-02 2.149001223171710613e-16 5.979750715328920703e-04 1.746234713855069828e-03 1.364368393508683108e-02 1.291513792789935580e-04
5.270000000000000000e+02 1.013946126006821588e-02 1.760109616761141870e-16 5.841195726817363654e-04 1.743687717242874743e-03 1.364162657397749792e-02 1.291132110015605252e-04
5.290000000000000000e+02 1.007298912405534333e-02 1.441033034546278579e-16 5.705590669511360381e-04 1.741139486468101533e-03 1.363956551753917751e-02 1.290749797087681772e-04
5.310000000000000000e+02 1.000689746015095104e-02 1.179342431175834755e-16 5.572880199477522932e-04 1.738590055330175048e-03 1.363750078173903667e-02 1.290366857265948534e-04
5.330000000000000000e+02 9.941184733939871163e-03 9.648021709099964606e-17 5.443009797447914298e-04 1.736039457381700641e-03 1.363543238243265787e-02 1.289983293788311901e-04
5.350000000000000000e+02 9.875849407672849384e-03 7.889864958462339873e-17 5.315925762830627215e-04 1.733487725929939343e-03 1.363336033536473139e-02 1.289599109870936456e-04
5.370000000000000000e+02 9.810889940466256676e-03 6.449624094652079625e-17 5.191575207552057928e-04 1.730934894038278250e-03 1.363128465616973012e-02 1.289214308708379450e-04
5.390000000000000000e+02 9.746304788498348984e-03 5.270275918409766476e-17 5.069906049740360594e-04 1.728380994527702877e-03 1.362920536037260343e-02 1.288828893473725236e-04
5.410000000000000000e+02 9.682092405201913471e-03 4.304938929343193367e-17 4.950867007258452374e-04 1.725826059978262991e-03 1.362712246338945374e-02 1.288442867318718358e-04
5.430000000000000000e+02 9.618251241453552869e-03 3.515085569870583991e-17 4.834407591095728554e-04 1.723270122730533472e-03 1.362503598052821827e-02 1.288056233373898265e-04
5.450000000000000000e+02 9.554779745759467424e-03 2.869066677036515132e-17 4.720478098626415368e-04 1.720713214887076032e-03 1.362294592698935075e-02 1.287668994748731037e-04
5.470000000000000000e+02 9.491676364437942603e-03 2.340894154482106988e-17 4.609029606743127367e-04 1.718155368313897032e-03 1.362085231786648760e-02 1.287281154531743016e-04
5.490000000000000000e+02 9.428939541798461027e-03 1.909237115595052143e-17 4.500013964873333656e-04 1.715596614641897496e-03 1.361875516814712792e-02 1.286892715790652537e-04
5.510000000000000000e+02 9.366567720317586082e-03 1.556594424043794897e-17 4.393383787886591852e-04 1.713036985268325506e-03 1.361665449271330305e-02 1.286503681572501927e-04
5.530000000000000000e+02 9.304559340811570378e-03 1.268612931008328791e-17 4.289092448900096340e-04 1.710476511358220144e-03 1.361455030634224628e-02 1.286114054903788966e-04
5.550000000000000000e+02 9.242912842605805271e-03 1.033525997796141598e-17 4.187094071989756749e-04 1.707915223845854783e-03 1.361244262370706060e-02 1.285723838790598077e-04
5.570000000000000000e+02 9.181626663701120128e-03 8.416912803408292817e-18 4.087343524814012787e-04 1.705353153436177122e-03 1.361033145937737797e-02 1.285333036218730700e-04
5.590000000000000000e+02 9.120699240936969501e-03 6.852103902500739783e-18 3.989796411157222949e-04 1.702790330606239683e-03 1.360821682782003758e-02 1.284941650153836206e-04
5.610000000000000000e+02 9.060129010151614024e-03 5.576160622324353867e-18 3.894409063399413692e-04 1.700226785606634861e-03 1.360609874339972075e-02 1.284549683541541195e-04
5.630000000000000000e+02 8.999914406339225639e-03 4.536149553881043119e-18 3.801138534918714271e-04 1.697662548462920652e-03 1.360397722037964136e-02 1.284157139307578511e-04
5.650000000000000000e+02 8.940053863804043807e-03 3.688762838425071365e-18 3.709942592432948871e-04 1.695097648977041387e-03 1.360185227292217032e-02 1.283764020357917889e-04
5.670000000000000000e+02 8.880545816311645121e-03 2.998581836426011139e-18 3.620779708286445088e-04 1.692532116728749560e-03 1.359972391508951738e-02 1.283370329578892267e-04
5.690000000000000000e+02 8.821388697237239618e-03 2.436651385362362792e-18 3.533609052687844594e-04 1.689965981077016371e-03 1.359759216084436423e-02 1.282976069837328699e-04
5.710000000000000000e+02 8.762580939711227951e-03 1.979309577764393792e-18 3.448390485904917610e-04 1.687399271161447263e-03 1.359545702405052375e-02 1.282581243980673857e-04
5.730000000000000000e+02 8.704120976761842501e-03 1.607227664469322651e-18 3.365084550421549550e-04 1.684832015903681406e-03 1.359331851847358531e-02 1.282185854837122505e-04
5.750000000000000000e+02 8.646007241455115275e-03 1.304622678901006270e-18 3.283652463062655355e-04 1.682264244008799432e-03 1.359117665778156181e-02 1.281789905215744351e-04
5.770000000000000000e+02 8.588238167032049425e-03 1.058611976000586380e-18 3.204056107091872202e-04 1.679695983966714677e-03 1.358903145554553327e-02 1.281393397906610901e-04
5.790000000000000000e+02 8.530812187043148795e-03 8.586843245923440033e-19 3.126258024287260277e-04 1.677127264053571371e-03 1.358688292524028174e-02 1.280996335680920409e-04
5.810000000000000000e+02 8.473727735480295065e-03 6.962666837929618508e-19 3.050221406999773931e-04 1.674558112333127428e-03 1.358473108024494704e-02 1.280598721291125819e-04
5.830000000000000000e+02 8.416983246905963834e-03 5.643694978057921741e-19 2.975910090199074785e-04 1.671988556658141143e-03 1.358257593384363734e-02 1.280200557471057002e-04
5.850000000000000000e+02 8.360577156579958313e-03 4.572963959809620833e-19 2.903288543511421487e-04 1.669418624671749644e-03 1.358041749922609884e-02 1.279801846936048969e-04
5.870000000000000000e+02 8.304507900583502772e-03 3.704066997352874606e-19 2.832321863253698616e-04 1.666848343808839976e-03 1.357825578948831068e-02 1.279402592383063568e-04
5.890000000000000000e+02 8.248773915940929916e-03 2.999212086535433123e-19 2.762975764468027272e-04 1.664277741297421264e-03 1.357609081763314594e-02 1.279002796490814984e-04
5.910000000000000000e+02 8.193373640738847719e-03 2.427634424645570128e-19 2.695216572960804080e-04 1.661706844159987345e-03 1.357392259657098400e-02 1.278602461919892792e-04
5.930000000000000000e+02 8.138305514242901925e-03 1.964299178022547017e-19 2.629011217350142224e-04 1.659135679214877217e-03 1.357175113912034020e-02 1.278201591312885560e-04
5.950000000000000000e+02 8.083567977012149838e-03 1.588841917825093986e-19 2.564327221125387241e-04 1.656564273077627695e-03 1.356957645800849557e-02 1.277800187294503092e-04
5.970000000000000000e+02 8.029159471011071414e-03 1.284703522886128300e-19 2.501132694722361331e-04 1.653992652162325407e-03 1.356739856587210746e-02 1.277398252471699210e-04
5.990000000000000000e+02 7.975078439719267970e-03 1.038424136592736337e-19 2.439396327617698846e-04 1.651420842682947959e-03 1.356521747525783576e-02 1.276995789433792378e-04
6.010000000000000000e+02 7.921323328238860650e-03 8.390671609032171693e-20 2.379087380445626932e-04 1.648848870654705950e-03 1.356303319862296047e-02 1.276592800752589566e-04
6.030000000000000000e+02 7.867892583399666712e-03 6.777495214279443180e-20 2.320175677140360986e-04 1.646276761895375034e-03 1.356084574833600100e-02 1.276189288982504432e-04
6.050000000000000000e+02 7.814784653862111991e-03 5.472587462091834768e-20 2.262631597107107330e-04 1.643704542026626012e-03 1.355865513667731635e-02 1.275785256660679835e-04
6.070000000000000000e+02 7.761997990218006196e-03 4.417409349628293741e-20 2.206426067424623765e-04 1.641132236475347774e-03 1.355646137583972621e-02 1.275380706307107368e-04
6.090000000000000000e+02 7.709531045089142859e-03 3.564465931068810894e-20 2.151530555082112458e-04 1.638559870474966566e-03 1.355426447792911805e-02 1.274975640424746623e-04
6.110000000000000000e+02 7.657382273223759493e-03 2.875236795519468578e-20 2.097917059253042121e-04 1.635987469066757646e-03 1.355206445496505256e-02 1.274570061499644721e-04
6.130000000000000000e+02 7.605550131590973345e-03 2.318491625164726027e-20 2.045558103608561998e-04 1.633415057101155225e-03 1.354986131888136214e-02 1.274163972001055576e-04
6.150000000000000000e+02 7.554033079473072149e-03 1.868919705188917916e-20 1.994426728672745721e-04 1.630842659239051338e-03 1.354765508152676497e-02 1.273757374381557800e-04
6.170000000000000000e+02 7.502829578555868066e-03 1.506015294858817272e-20 1.944496484222165225e-04 1.628270299953096236e-03 1.354544575466545483e-02 1.273350271077172344e-04
6.190000000000000000e+02 7.451938093016995113e-03 1.213171436267175431e-20 1.895741421731823775e-04 1.625698003528988590e-03 1.354323334997769440e-02 1.272942664507479855e-04
6.210000000000000000e+02 7.401357089612268028e-03 9.769435010755377140e-21 1.848136086869630636e-04 1.623125794066759614e-03 1.354101787906042929e-02 1.272534557075739132e-04
6.230000000000000000e+02 7.351085037760114738e-03 7.864509072307051430e-21 1.801655512041363779e-04 1.620553695482055464e-03 1.353879935342786056e-02 1.272125951169001507e-04
6.250000000000000000e+02 7.301120409624085872e-03 6.328912652718463848e-21 1.756275208987992506e-04 1.617981731507411826e-03 1.353657778451204316e-02 1.271716849158229293e-04
6.270000000000000000e+02 7.251461680193504664e-03 5.091459739793129646e-21 1.711971161437141065e-04 1.615409925693522646e-03 1.353435318366347749e-02 1.271307253398408813e-04
6.290000000000000000e+02 7.202107327362270231e-03 4.094601717072550913e-21 1.668719817810383798e-04 1.612838301410503012e-03 1.353212556215169227e-02 1.270897166228668307e-04
6.310000000000000000e+02 7.153055832005837666e-03 3.291831218109622289e-21 1.626498083987911933e-04 1.610266881849148129e-03 1.352989493116582911e-02 1.270486589972390419e-04
6.330000000000000000e+02 7.104305678056406156e-03 2.645576984435966632e-21 1.585283316132136521e-04 1.607695690022185138e-03 1.352766130181522197e-02 1.270075526937328202e-04
6.350000000000000000e+02 7.055855352576372377e-03 2.125497494006136832e-21 1.545053313571563254e-04 1.605124748765518645e-03 1.352542468512997649e-02 1.269663979415717884e-04
6.370000000000000000e+02 7.007703345830011872e-03 1.707098330380069165e-21 1.505786311746275176e-04 1.602554080739473008e-03 1.352318509206155983e-02 1.269251949684393240e-04
6.390000000000000000e+02 6.959848151353491622e-03 1.370612281156895259e-21 1.467460975216278792e-04 1.599983708430025714e-03 1.352094253348335058e-02 1.268839440004897276e-04
6.410000000000000000e+02 6.912288266023179119e-03 1.100092572415008554e-21 1.430056390733827046e-04 1.597413654150037525e-03 1.351869702019123549e-02 1.268426452623595791e-04
6.430000000000000000e+02 6.865022190122305190e-03 8.826789427057583430e-22 1.393552060380812596e-04 1.594843940040474800e-03 1.351644856290416634e-02 1.268012989771788782e-04
6.450000000000000000e+02 6.818048427406018727e-03 7.080038266661945443e-22 1.357927894772222878e-04 1.592274588071626844e-03 1.351419717226473062e-02 1.267599053665823200e-04
6.470000000000000000e+02 6.771365485164813382e-03 5.677120741788670963e-22 1.323164206326558749e-04 1.589705620044319558e-03 1.351194285883972057e-02 1.267184646507202187e-04
6.490000000000000000e+02 6.724971874286384335e-03 4.550726372535822108e-22 1.289241702604078919e-04 1.587137057591116954e-03 1.350968563312069520e-02 1.266769770482696470e-04
6.510000000000000000e+02 6.678866109315965451e-03 3.646647265468000509e-22 1.256141479713660024e-04 1.584568922177525705e-03 1.350742550552453715e-02 1.266354427764456315e-04
6.530000000000000000e+02 6.633046708515107776e-03 2.921242465784139552e-22 1.223845015788943167e-04 1.582001235103184297e-03 1.350516248639401992e-02 1.265938620510118312e-04
6.550000000000000000e+02 6.587512193918955775e-03 2.339390051141285766e-22 1.192334164534437126e-04 1.579434017503053480e-03 1.350289658599835609e-02 1.265522350862917052e-04
6.570000000000000000e+02 6.542261091392089813e-03 1.872833735249813379e-22 1.161591148842170453e-04 1.576867290348597838e-03 1.350062781453375930e-02 1.265105620951792193e-04
6.590000000000000000e+02 6.497291930682869837e-03 1.498848454924426871e-22 1.131598554479379556e-04 1.574301074448959973e-03 1.349835618212399078e-02 1.264688432891498504e-04
6.610000000000000000e+02 6.452603245476372200e-03 1.199163780089922940e-22 1.102339323847712106e-04 1.571735390452132534e-03 1.349608169882091091e-02 1.264270788782712659e-04
6.630000000000000000e+02 6.408193573445913546e-03 9.590956378411897400e-23 1.073796749814346534e-04 1.569170258846119608e-03 1.349380437460503089e-02 1.263852690712140574e-04
6.650000000000000000e+02 6.364061456303206875e-03 7.668462882828433065e-23 1.045954469615377382e-04 1.566605699960096605e-03 1.349152421938605052e-02 1.263434140752625287e-04
6.670000000000000000e+02 6.320205439847143697e-03 6.129401459136580819e-23 1.018796458831762659e-04 1.564041733965559509e-03 1.348924124300340636e-02 1.263015140963252392e-04
6.690000000000000000e+02 6.276624074011238723e-03 4.897692428465016199e-23 9.923070254380561193e-05 1.561478380877472181e-03 1.348695545522681297e-02 1.262595693389457108e-04
6.710000000000000000e+02 6.233315912909759629e-03 3.912271532397765996e-23 9.664708039241548749e-05 1.558915660555404772e-03 1.348466686575679717e-02 1.262175800063128903e-04
6.730000000000000000e+02 6.190279514882583538e-03 3.124142647217587146e-23 9.412727494901836165e-05 1.556353592704668668e-03 1.348237548422523933e-02 1.261755463002717475e-04
6.750000000000000000e+02 6.147513442538751587e-03 2.494005732986364896e-23 9.166981323146168343e-05 1.553792196877441020e-03 1.348008132019590417e-02 1.261334684213337106e-04
6.770000000000000000e+02 6.105016262798777966e-03 1.990348402361739781e-23 8.927325318957065193e-05 1.551231492473886895e-03 1.347778438316496984e-02 1.260913465686870204e-04
6.790000000000000000e+02 6.062786546935753328e-03 1.587911020178963858e-23 8.693618314662297157e-05 1.548671498743276007e-03 1.347548468256156567e-02 1.260491809402071656e-04
6.810000000000000000e+02 6.020822870615220000e-03 1.266452645450340782e-23 8.465722124815233955e-05 1.546112234785088817e-03 1.347318222774829093e-02 1.260069717324672643e-04
6.830000000000000000e+02 5.979123813933831175e-03 1.009759188057827907e-23 8.243501491807234452e-05 1.543553719550120251e-03 1.347087702802174207e-02 1.259647191407481468e-04
6.850000000000000000e+02 5.937687961456909400e-03 8.048465100027547174e-24 8.026824032211680538e-05 1.540995971841577347e-03 1.346856909261303498e-02 1.259224233590488726e-04
6.870000000000000000e+02 5.896513902254792508e-03 6.413203719297926449e-24 7.815560183857494755e-05 1.538439010316167144e-03 1.346625843068833053e-02 1.258800845800966235e-04
6.890000000000000000e+02 5.855600229938067586e-03 5.108625281087792934e-24 7.609583153630781007e-05 1.535882853485181967e-03 1.346394505134933771e-02 1.258377029953570579e-04
6.910000000000000000e+02 5.814945542691708595e-03 4.068182459707486860e-24 7.408768866002715377e-05 1.533327519715578209e-03 1.346162896363385132e-02 1.257952787950442314e-04
6.930000000000000000e+02 5.774548443308105510e-03 3.238653439970669762e-24 7.212995912280922340e-05 1.530773027231046440e-03 1.345931017651624123e-02 1.257528121681307878e-04
6.950000000000000000e+02 5.734407539219041339e-03 2.577487262883163451e-24 7.022145500582008064e-05 1.528219394113078042e-03 1.345698869890798316e-02 1.257103033023578801e-04
6.970000000000000000e+02 5.694521442526571942e-03 2.050675231272623244e-24 6.836101406521900587e-05 1.525666638302024041e-03 1.345466453965815483e-02 1.256677523842451448e-04
6.990000000000000000e+02 5.654888770032915311e-03 1.631044695762487231e-24 6.654749924621192875e-05 1.523114777598148306e-03 1.345233770755394770e-02 1.256251595991005412e-04
7.010000000000000000e+02 5.615508143269298293e-03 1.296891860607386433e-24 6.477979820421725214e-05 1.520563829662674015e-03 1.345000821132116831e-02 1.255825251310302719e-04
7.030000000000000000e+02 5.576378188523811036e-03 1.030886609012162807e-24 6.305682283310698965e-05 1.518013812018825575e-03 1.344767605962474306e-02 1.255398491629486487e-04
7.050000000000000000e+02 5.537497536868267456e-03 8.191955153928911006e-25 6.137750880048341306e-05 1.515464742052862520e-03 1.344534126106921613e-02 1.254971318765876341e-04
7.070000000000000000e+02 5.498864824184100317e-03 6.507798067797762247e-25 5.974081508994946108e-05 1.512916637015106463e-03 1.344300382419924729e-02 1.254543734525068155e-04
7.090000000000000000e+02 5.460478691187323035e-03 5.168335570292558096e-25 5.814572355032855873e-05 1.510369514020964586e-03 1.344066375750009763e-02 1.254115740701029194e-04
7.110000000000000000e+02 5.422337783452546058e-03 4.103342490339517430e-25 5.659123845178793143e-05 1.507823390051947054e-03 1.343832106939814135e-02 1.253687339076194334e-04
7.130000000000000000e+02 5.384440751436055626e-03 3.256833470389609483e-25 5.507638604881467319e-05 1.505278281956671420e-03 1.343597576826133753e-02 1.253258531421562558e-04
7.150000000000000000e+02 5.346786250498039919e-03 2.584189458348069654e-25 5.360021414999983864e-05 1.502734206451872669e-03 1.343362786239972809e-02 1.252829319496791553e-04
7.170000000000000000e+02 5.309372940923893190e-03 2.049861174659715404e-25 5.216179169457358424e-05 1.500191180123395043e-03 1.343127736006591820e-02 1.252399705050292035e-04
7.190000000000000000e+02 5.272199487944659486e-03 1.625534295650425468e-25 5.076020833564005543e-05 1.497649219427186693e-03 1.342892426945556210e-02 1.251969689819323428e-04
7.210000000000000000e+02 5.235264561756628084e-03 1.288663997433291710e-25 4.939457403005876517e-05 1.495108340690281309e-03 1.342656859870784529e-02 1.251539275530087108e-04
7.230000000000000000e+02 5.198566837540087582e-03 1.021304881529414269e-25 4.806401863491322575e-05 1.492568560111779980e-03 1.342421035590595987e-02 1.251108463897818287e-04
7.250000000000000000e+02 5.162104995477264681e-03 8.091770433502663661e-26 4.676769151051220360e-05 1.490029893763821986e-03 1.342184954907757986e-02 1.250677256626881698e-04
7.270000000000000000e+02 5.125877720769435493e-03 6.409208635657238021e-26 4.550476112986146556e-05 1.487492357592549302e-03 1.341948618619534343e-02 1.250245655410861306e-04
7.290000000000000000e+02 5.089883703653261433e-03 5.075025758328812035e-26 4.427441469455001760e-05 1.484955967419069591e-03 1.341712027517731262e-02 1.249813661932653555e-04
7.310000000000000000e+02 5.054121639416353159e-03 4.017402552601130331e-26 4.307585775698635294e-05 1.482420738940409865e-03 1.341475182388745038e-02 1.249381277864559253e-04
7.330000000000000000e+02 5.018590228412033935e-03 3.179259523849271798e-26 4.190831384892411648e-05 1.479886687730461257e-03 1.341238084013608896e-02 1.248948504868373016e-04
7.350000000000000000e+02 4.983288176073392625e-03 2.515245662856989181e-26 4.077102411621439634e-05 1.477353829240922933e-03 1.341000733168038785e-02 1.248515344595475698e-04
7.370000000000000000e+02 4.948214192926582086e-03 1.989339478354451464e-26 3.966324695972062744e-05 1.474822178802237538e-03 1.340763130622480218e-02 1.248081798686922486e-04
7.390000000000000000e+02 4.913366994603388105e-03 1.572938428292859923e-26 3.858425768233068214e-05 1.472291751624519489e-03 1.340525277142154068e-02 1.247647868773534236e-04
7.410000000000000000e+02 4.878745301853087968e-03 1.243337795164181284e-26 3.753334814200196998e-05 1.469762562798477201e-03 1.340287173487102017e-02 1.247213556475984216e-04
7.430000000000000000e+02 4.844347840553636826e-03 9.825200010169159438e-27 3.650982641077349155e-05 1.467234627296332052e-03 1.340048820412232701e-02 1.246778863404889991e-04
7.450000000000000000e+02 4.810173341722148027e-03 7.761913063835429115e-27 3.551301643967768684e-05 1.464707959972727817e-03 1.339810218667366638e-02 1.246343791160898801e-04
7.470000000000000000e+02 4.776220541524688230e-03 6.130155826247867139e-27 3.454225772948471535e-05 1.462182575565635538e-03 1.339571368997281332e-02 1.245908341334776197e-04
7.490000000000000000e+02 4.742488181285454962e-03 4.840050292430362816e-27 3.359690500721370916e-05 1.459658488697250815e-03 1.339332272141756201e-02 1.245472515507492777e-04
7.510000000000000000e+02 4.708975007495277629e-03 3.820358393573662382e-27 3.267632790834076309e-05 1.457135713874889568e-03 1.339092928835617681e-02 1.245036315250312275e-04
7.530000000000000000e+02 4.675679771819490557e-03 3.014633085470681764e-27 3.177991066463663097e-05 1.454614265491871233e-03 1.338853339808782246e-02 1.244599742124876405e-04
7.550000000000000000e+02 4.642601231105184141e-03 2.378160635752630464e-27 3.090705179756551862e-05 1.452094157828399349e-03 1.338613505786301859e-02 1.244162797683290506e-04
7.570000000000000000e+02 4.609738147387864443e-03 1.875532213844586666e-27 3.005716381717646524e-05 1.449575405052436726e-03 1.338373427488407513e-02 1.243725483468210286e-04
7.590000000000000000e+02 4.577089287897477023e-03 1.478715858842388050e-27 2.922967292641736882e-05 1.447058021220572806e-03 1.338133105630552946e-02 1.243287801012924756e-04
7.610000000000000000e+02 4.544653425063880856e-03 1.165526189490519322e-27 2.842401873080393343e-05 1.444542020278887775e-03 1.337892540923458010e-02 1.242849751841441886e-04
7.630000000000000000e+02 4.512429336521729846e-03 9.184101746596926571e-28 2.763965395337369905e-05 1.442027416063804308e-03 1.337651734073151688e-02 1.242411337468572632e-04
7.650000000000000000e+02 4.480415805114786217e-03 7.234839793967829657e-28 2.687604415485562919e-05 1.439514222302941274e-03 1.337410685781015469e-02 1.241972559400012790e-04
7.670000000000000000e+02 4.448611618899701338e-03 5.697692015459128998e-28 2.613266745898728383e-05 1.437002452615956591e-03 1.337169396743826018e-02 1.241533419132427563e-04
7.690000000000000000e+02 4.417015571149212824e-03 4.485874047646530642e-28 2.540901428290828792e-05 1.434492120515384449e-03 1.336927867653797501e-02 1.241093918153533425e-04
7.710000000000000000e+02 4.385626460354879325e-03 3.530802846243947937e-28 2.470458707256414203e-05 1.431983239407468413e-03 1.336686099198624265e-02 1.240654057942179426e-04
7.730000000000000000e+02 4.354443090229220305e-03 2.778295137694677691e-28 2.401890004304796066e-05 1.429475822592987146e-03 1.336444092061522641e-02 1.240213839968429602e-04
7.750000000000000000e+02 4.323464269707371840e-03 2.185556496746513481e-28 2.335147892381322939e-05 1.426969883268073636e-03 1.336201846921272578e-02 1.239773265693643739e-04
7.770000000000000000e+02 4.292688812948280974e-03 1.718797334900056211e-28 2.270186070868989610e-05 1.424465434525029432e-03 1.335959364452259795e-02 1.239332336570557881e-04
7.790000000000000000e+02 4.262115539335348431e-03 1.351345833951316851e-28 2.206959341063249308e-05 1.421962489353134976e-03 1.335716645324517074e-02 1.238891054043363745e-04
7.810000000000000000e+02 4.231743273476628112e-03 1.062154682718846566e-28 2.145423582113434001e-05 1.419461060639447790e-03 1.335473690203764323e-02 1.238449419547789766e-04
7.830000000000000000e+02 4.201570845204546933e-03 8.346197878842202772e-29 2.085535727423955707e-05 1.416961161169603056e-03 1.335230499751451604e-02 1.238007434511178889e-04
7.850000000000000000e+02 4.171597089575157166e-03 6.556460586525069864e-29 2.027253741508460013e-05 1.414462803628601393e-03 1.334987074624797293e-02 1.237565100352567714e-04
7.870000000000000000e+02 4.141820846866954217e-03 5.149088072655184225e-29 1.970536597290246030e-05 1.411966000601595555e-03 1.334743415476830931e-02 1.237122418482765102e-04
7.890000000000000000e+02 4.112240962579217368e-03 4.042699779830647745e-29 1.915344253842235118e-05 1.409470764574665422e-03 1.334499522956431386e-02 1.236679390304428611e-04
7.910000000000000000e+02 4.082856287429968874e-03 3.173168848809773445e-29 1.861637634559920490e-05 1.406977107935594934e-03 1.334255397708369005e-02 1.236236017212143914e-04
7.930000000000000000e+02 4.053665677353457744e-03 2.489978563773313027e-29 1.809378605760517372e-05 1.404485042974638409e-03 1.334011040373342741e-02 1.235792300592499068e-04
7.950000000000000000e+02 4.024667993497261023e-03 1.953345118858490270e-29 1.758529955701898284e-05 1.401994581885279267e-03 1.333766451588021956e-02 1.235348241824162844e-04
7.970000000000000000e+02 3.995862102218960925e-03 1.531946197547235161e-29 1.709055374014682534e-05 1.399505736764989402e-03 1.333521631985084936e-02 1.234903842277958999e-04
7.990000000000000000e+02 3.967246875082432525e-03 1.201128333200691128e-29 1.660919431541056700e-05 1.397018519615975335e-03 1.333276582193257224e-02 1.234459103316942708e-04
8.010000000000000000e+02 3.938821188853742876e-03 9.414925438965743556e-30 1.614087560573853420e-05 1.394532942345925227e-03 1.333031302837351696e-02 1.234014026296475380e-04
8.030000000000000000e+02 3.910583925496652000e-03 7.377787449603938858e-30 1.568526035489492033e-05 1.392049016768743749e-03 1.332785794538306721e-02 1.233568612564297834e-04
8.050000000000000000e+02 3.882533972167774312e-03 5.779860796299502553e-30 1.524201953768520981e-05 1.389566754605289127e-03 1.332540057913223462e-02 1.233122863460606742e-04
8.070000000000000000e+02 3.854670221211334985e-03 4.526794784053659197e-30 1.481083217397370277e-05 1.387086167484096084e-03 1.332294093575406291e-02 1.232676780318124827e-04
8.090000000000000000e+02 3.826991570153598886e-03 3.544431801173602001e-30 1.439138514645171514e-05 1.384607266942098572e-03 1.332047902134398006e-02 1.232230364462176488e-04
8.110000000000000000e+02 3.799496921696926544e-03 2.774501933244278419e-30 1.398337302209425994e-05 1.382130064425345778e-03 1.331801484196019902e-02 1.231783617210759627e-04
8.130000000000000000e+02 3.772185183713525677e-03 2.171231980391047169e-30 1.358649787724463845e-05 1.379654571289711624e-03 1.331554840362407684e-02 1.231336539874616938e-04
8.150000000000000000e+02 3.745055269238809371e-03 1.698675439652323704e-30 1.320046912626515529e-05 1.377180798801598202e-03 1.331307971232049275e-02 1.230889133757308816e-04
8.170000000000000000e+02 3.718106096464495348e-03 1.328610769758042705e-30 1.282500335369563239e-05 1.374708758138635948e-03 1.331060877399821950e-02 1.230441400155282748e-04
8.190000000000000000e+02 3.691336588731323164e-03 1.038887459868193209e-30 1.245982414985872195e-05 1.372238460390377097e-03 1.330813559457028755e-02 1.229993340357946226e-04
8.210000000000000000e+02 3.664745674521509462e-03 8.121248634673332006e-31 1.210466194985452014e-05 1.369769916558979820e-03 1.330566017991434945e-02 1.229544955647734778e-04
8.230000000000000000e+02 3.638332287450867994e-03 6.346888485606126214e-31 1.175925387588540595e-05 1.367303137559895600e-03 1.330318253587304926e-02 1.229096247300183529e-04
8.250000000000000000e+02 3.612095366260629960e-03 4.958871758435879456e-31 1.142334358285387981e-05 1.364838134222540363e-03 1.330070266825437650e-02 1.228647216583994149e-04
8.270000000000000000e+02 3.586033854809008055e-03 3.873370342948582910e-31 1.109668110717697585e-05 1.362374917290970358e-03 1.329822058283202692e-02 1.228197864761106681e-04
8.290000000000000000e+02 3.560146702062420496e-03 3.024680402565282346e-31 1.077902271875985810e-05 1.359913497424544617e-03 1.329573628534575815e-02 1.227748193086765133e-04
8.310000000000000000e+02 3.534432862086482174e-03 2.361317964853000705e-31 1.047013077607414817e-05 1.357453885198585224e-03 1.329324978150174877e-02 1.227298202809587414e-04
8.330000000000000000e+02 3.508891294036711739e-03 1.842952507212020398e-31 1.016977358428532423e-05 1.354996091105033478e-03 1.329076107697294180e-02 1.226847895171630926e-04
8.350000000000000000e+02 3.483520962148965033e-03 1.437999359551816072e-31 9.877725256374915018e-06 1.352540125553098683e-03 1.328827017739939685e-02 1.226397271408460595e-04
8.370000000000000000e+02 3.458320835729616124e-03 1.121729909480629326e-31 9.593765577204044640e-06 1.350085998869902156e-03 1.328577708838864051e-02 1.225946332749215824e-04
8.390000000000000000e+02 3.433289889145480726e-03 8.747886626847081107e-32 9.317679870464990374e-06 1.347633721301113880e-03 1.328328181551600463e-02 1.225495080416675003e-04
8.410000000000000000e+02 3.408427101813506308e-03 6.820298925527315562e-32 9.049258868468862586e-06 1.345183303011589357e-03 1.328078436432497678e-02 1.225043515627322185e-04
8.430000000000000000e+02 3.383731458190202858e-03 5.316052594951055729e-32 8.788298584717166854e-06 1.342734754085994110e-03 1.327828474032753323e-02 1.224591639591411597e-04
8.450000000000000000e+02 3.359201947760857669e-03 4.142484580534347334e-32 8.534600189206616047e-06 1.340288084529427754e-03 1.327578294900447903e-02 1.224139453513032965e-04
8.470000000000000000e+02 3.334837565028504237e-03 3.227145001516293684e-32 8.287969886416617730e-06 1.337843304268041987e-03 1.327327899580578625e-02 1.223686958590175207e-04
8.490000000000000000e+02 3.310637309502679083e-03 2.513403294311100874e-32 8.048218795929888833e-06 1.335400423149650777e-03 1.327077288615092013e-02 1.223234156014789051e-04
8.510000000000000000e+02 3.286600185687963034e-03 1.957006079683890342e-32 7.815162835637042590e-06 1.332959450944339258e-03 1.326826462542918077e-02 1.222781046972852895e-04
8.530000000000000000e+02 3.262725203072296132e-03 1.523381354651766472e-32 7.588622607476838065e-06 1.330520397345065020e-03 1.326575421900002237e-02 1.222327632644433254e-04
8.550000000000000000e+02 3.239011376115098675e-03 1.185527774789681881e-32 7.368423285664319595e-06 1.328083271968252040e-03 1.326324167219338455e-02 1.221873914203747374e-04
8.570000000000000000e+02 3.215457724235194509e-03 9.223624970027565957e-33 7.154394507360128061e-06 1.325648084354384823e-03 1.326072699031001327e-02 1.221419892819226925e-04
8.590000000000000000e+02 3.192063271798524851e-03 7.174283154690674334e-33 6.946370265734038883e-06 1.323214843968595388e-03 1.325821017862178347e-02 1.220965569653576551e-04
8.610000000000000000e+02 3.168827048105671718e-03 5.578822339774835577e-33 6.744188805377569696e-06 1.320783560201240284e-03 1.325569124237202349e-02 1.220510945863837295e-04
8.630000000000000000e+02 3.145748087379219605e-03 4.337044276768993720e-33 6.547692520020392297e-06 1.318354242368480200e-03 1.325317018677582559e-02 1.220056022601445823e-04
8.650000000000000000e+02 3.122825428750902049e-03 3.370797411664728980e-33 6.356727852506047422e-06 1.315926899712849393e-03 1.325064701702036336e-02 1.219600801012294734e-04
8.670000000000000000e+02 3.100058116248591636e-03 2.619142227391500140e-33 6.171145196983336779e-06 1.313501541403821636e-03 1.324812173826520403e-02 1.219145282236791782e-04
8.690000000000000000e+02 3.077445198783125644e-03 2.034573158906251232e-33 5.990798803270581594e-06 1.311078176538370971e-03 1.324559435564262241e-02 1.218689467409919376e-04
8.710000000000000000e+02 3.054985730134947373e-03 1.580066981389724386e-33 5.815546683349703155e-06 1.308656814141529855e-03 1.324306487425790796e-02 1.218233357661293800e-04
8.730000000000000000e+02 3.032678768940598717e-03 1.226777504695143043e-33 5.645250519948924816e-06 1.306237463166935384e-03 1.324053329918965967e-02 1.217776954115221865e-04
8.750000000000000000e+02 3.010523378679037972e-03 9.522355435642712385e-34 5.479775577172509543e-06 1.303820132497379410e-03 1.323799963549010875e-02 1.217320257890759996e-04
8.770000000000000000e+02 2.988518627657842704e-03 7.389437988894439333e-34 5.318990613137572509e-06 1.301404830945348916e-03 1.323546388818541003e-02 1.216863270101771157e-04
8.790000000000000000e+02 2.966663588999217914e-03 5.732803070556641111e-34 5.162767794577367089e-06 1.298991567253559220e-03 1.323292606227593170e-02 1.216405991856981089e-04
8.810000000000000000e+02 2.944957340625891425e-03 4.446429263511137847e-34 5.010982613372466960e-06 1.296580350095490010e-03 1.323038616273657098e-02 1.215948424260035639e-04
8.830000000000000000e+02 2.923398965246864004e-03 3.447820573456352540e-34 4.863513804970852006e-06 1.294171188075907272e-03 1.322784419451703691e-02 1.215490568409556055e-04
8.850000000000000000e+02 2.901987550343006379e-03 2.672803214243614369e-34 4.720243268658923840e-06 1.291764089731387835e-03 1.322530016254214527e-02 1.215032425399194689e-04
8.870000000000000000e+02 2.880722188152562164e-03 2.071469413566816433e-34 4.581055989646413593e-06 1.289359063530835878e-03 1.322275407171210823e-02 1.214573996317690012e-04
8.890000000000000000e+02 2.859601975656476426e-03 1.605016234021874171e-34 4.445839962927795606e-06 1.286956117875993812e-03 1.322020592690282409e-02 1.214115282248920836e-04
8.910000000000000000e+02 2.838626014563641001e-03 1.243282581571138391e-34 4.314486118884676557e-06 1.284555261101949465e-03 1.321765573296615481e-02 1.213656284271960920e-04
8.930000000000000000e+02 2.817793411296002325e-03 9.628307114749271585e-35 4.186888250593183139e-06 1.282156501477641321e-03 1.321510349473022441e-02 1.213197003461132645e-04
8.950000000000000000e+02 2.797103276973543495e-03 7.454522582367812402e-35 4.062942942801483554e-06 1.279759847206352486e-03 1.321254921699968783e-02 1.212737440886059730e-04
8.970000000000000000e+02 2.776554727399186111e-03 5.770051614571619717e-35 3.942549502543191373e-06 1.277365306426208333e-03 1.320999290455601195e-02 1.212277597611720223e-04
8.990000000000000000e+02 2.756146883043548990e-03 4.465084395074991357e-35 3.825609891352672164e-06 1.274972887210660925e-03 1.320743456215775317e-02 1.211817474698499491e-04
9.010000000000000000e+02 2.735878869029629689e-03 3.454378348613220412e-35 3.712028659049082257e-06 1.272582597568976690e-03 1.320487419454083496e-02 1.211357073202240639e-04
9.030000000000000000e+02 2.715749815117363738e-03 2.671779028012948240e-35 3.601712879056589838e-06 1.270194445446712382e-03 1.320231180641881323e-02 1.210896394174297493e-04
9.050000000000000000e+02 2.695758855688104930e-03 2.065959090787288160e-35 3.494572085228546248e-06 1.267808438726193004e-03 1.319974740248315050e-02 1.210435438661584617e-04
9.070000000000000000e+02 2.675905129728996766e-03 1.597105442956303122e-35 3.390518210144207539e-06 1.265424585226980611e-03 1.319718098740348816e-02 1.209974207706628264e-04
9.090000000000000000e+02 2.656187780817267571e-03 1.234344243876099346e-35 3.289465524846976934e-06 1.263042892706339217e-03 1.319461256582789635e-02 1.209512702347616253e-04
9.110000000000000000e+02 2.636605957104419789e-03 9.537399591352954726e-36 3.191330579993691950e-06 1.260663368859699270e-03 1.319204214238315319e-02 1.209050923618447437e-04
9.130000000000000000e+02 2.617158811300349022e-03 7.367408977824605445e-36 3.096032148385159672e-06 1.258286021321109761e-03 1.318946972167499981e-02 1.208588872548781162e-04
9.150000000000000000e+02 2.597845500657394550e-03 5.689719247032400129e-36 3.003491168848690444e-06 1.255910857663695762e-03 1.318689530828839537e-02 1.208126550164086746e-04
9.170000000000000000e+02 2.578665186954267122e-03 4.392970560854247419e-36 2.913630691443386586e-06 1.253537885400102508e-03 1.318431890678777550e-02 1.207663957485690222e-04
9.190000000000000000e+02 2.559617036479963723e-03 3.390917979081110131e-36 2.826375823960550843e-06 1.251167111982940360e-03 1.318174052171731427e-02 1.207201095530823274e-04
9.210000000000000000e+02 2.540700220017554425e-03 2.616784456887663293e-36 2.741653679690726299e-06 1.248798544805224770e-03 1.317916015760116355e-02 1.206737965312670798e-04
9.230000000000000000e+02 2.521913912827943634e-03 2.018879646080057337e-36 2.659393326430678601e-06 1.246432191200811269e-03 1.317657781894370460e-02 1.206274567840416985e-04
9.250000000000000000e+02 2.503257294633530732e-03 1.557201651608616586e-36 2.579525736703110411e-06 1.244068058444824801e-03 1.317399351022980822e-02 1.205810904119292891e-04
9.270000000000000000e+02 2.484729549601833853e-03 1.200801897206602345e-36 2.501983739163164299e-06 1.241706153754085825e-03 1.317140723592506550e-02 1.205346975150621970e-04
9.290000000000000000e+02 2.466329866329044704e-03 9.257422685390866534e-37 2.426701971165703409e-06 1.239346484287535532e-03 1.316881900047603589e-02 1.204882781931865477e-04
9.310000000000000000e+02 2.448057437823521806e-03 7.135118242798559721e-37 2.353616832468168528e-06 1.236989057146649362e-03 1.316622880831049003e-02 1.204418325456668682e-04
9.330000000000000000e+02 2.429911461489233423e-03 5.498000077621208052e-37 2.282666440044149893e-06 1.234633879375853990e-03 1.316363666383764570e-02 1.203953606714904646e-04
9.350000000000000000e+02 2.411891139109150189e-03 4.235463343335981964e-37 2.213790583983334230e-06 1.232280957962935417e-03 1.316104257144840375e-02 1.203488626692719347e-04
9.370000000000000000e+02 2.393995676828584822e-03 3.262044369132195742e-37 2.146930684453897919e-06 1.229930299839445329e-03 1.315844653551558746e-02 1.203023386372574917e-04
9.390000000000000000e+02 2.376224285138484136e-03 2.511722651636602806e-37 2.082029749703957600e-06 1.227581911881099868e-03 1.315584856039416287e-02 1.202557886733293820e-04
9.410000000000000000e+02 2.358576178858687224e-03 1.933510402907321325e-37 2.019032335079068138e-06 1.225235800908180571e-03 1.315324865042148510e-02 1.202092128750101275e-04
9.430000000000000000e+02 2.341050577121115989e-03 1.488039590686612437e-37 1.957884503033149199e-06 1.222891973685922944e-03 1.315064680991750827e-02 1.201626113394668348e-04
9.450000000000000000e+02 2.323646703352967406e-03 1.144921552341813552e-37 1.898533784110915427e-06 1.220550436924910248e-03 1.314804304318502141e-02 1.201159841635153833e-04
9.470000000000000000e+02 2.306363785259832929e-03 8.807048241070905729e-38 1.840929138879927741e-06 1.218211197281454704e-03 1.314543735450987051e-02 1.200693314436246536e-04
9.490000000000000000e+02 2.289201054808789274e-03 6.772960572444626953e-38 1.785020920791083596e-06 1.215874261357980431e-03 1.314282974816117881e-02 1.200226532759205659e-04
9.510000000000000000e+02 2.272157748211475758e-03 5.207393235274029585e-38 1.730760839946839839e-06 1.213539635703399884e-03 1.314022022839156020e-02 1.199759497561902409e-04
9.530000000000000000e+02 2.255233105907126969e-03 4.002727114379120992e-38 1.678101927756537403e-06 1.211207326813488333e-03 1.313760879943734645e-02 1.199292209798860924e-04
9.550000000000000000e+02 2.238426372545558162e-03 3.075994105932825733e-38 1.626998502458885303e-06 1.208877341131247944e-03 1.313499546551878672e-02 1.198824670421296630e-04
9.570000000000000000e+02 2.221736796970179718e-03 2.363246630390243533e-38 1.577406135492142286e-06 1.206549685047281391e-03 1.313238023084027477e-02 1.198356880377157707e-04
9.590000000000000000e+02 2.205163632200929195e-03 1.815209487824653590e-38 1.529281618692477955e-06 1.204224364900147040e-03 1.312976309959054504e-02 1.197888840611162906e-04
9.610000000000000000e+02 2.188706135417212498e-03 1.393922857192628259e-38 1.482582932301884581e-06 1.201901386976718259e-03 1.312714407594289291e-02 1.197420552064841389e-04
9.630000000000000000e+02 2.172363567940821614e-03 1.070151170698239307e-38 1.437269213767150338e-06 1.199580757512537076e-03 1.312452316405537424e-02 1.196952015676570137e-04
9.650000000000000000e+02 2.156135195218826343e-03 8.213836422027461534e-39 1.393300727311712207e-06 1.197262482692166338e-03 1.312190036807100134e-02 1.196483232381612301e-04
9.670000000000000000e+02 2.140020286806461683e-03 6.302917433861324007e-39 1.350638834262782954e-06 1.194946568649531875e-03 1.311927569211795812e-02 1.196014203112154880e-04
9.690000000000000000e+02 2.124018116349987457e-03 4.835395007422234545e-39 1.309245964116299289e-06 1.192633021468268370e-03 1.311664914030979089e-02 1.195544928797344906e-04
9.710000000000000000e+02 2.108127961569550117e-03 3.708661448588514243e-39 1.269085586322781882e-06 1.190321847182057840e-03 1.311402071674560264e-02 1.195075410363326984e-04
9.730000000000000000e+02 2.092349104242027628e-03 2.843789424621387102e-39 1.230122182777386173e-06 1.188013051774962922e-03 1.311139042551025605e-02 1.194605648733279612e-04
9.750000000000000000e+02 2.076680830183858309e-03 2.180081917714519650e-39 1.192321220997836050e-06 1.185706641181760376e-03 1.310875827067455555e-02 1.194135644827449741e-04
9.770000000000000000e+02 2.061122429233877475e-03 1.670873006793060344e-39 1.155649127974326341e-06 1.183402621288268076e-03 1.310612425629544692e-02 1.193665399563189369e-04
9.790000000000000000e+02 2.045673195236144114e-03 1.280293216501668004e-39 1.120073264675745182e-06 1.181100997931670490e-03 1.310348838641619933e-02 1.193194913854989960e-04
9.810000000000000000e+02 2.030332426022751508e-03 9.807784966364065746e-40 1.085561901196802177e-06 1.178801776900836353e-03 1.310085066506659450e-02 1.192724188614516868e-04
9.830000000000000000e+02 2.015099423396653905e-03 7.511523562790010102e-40 1.052084192531264035e-06 1.176504963936640018e-03 1.309821109626310535e-02 1.192253224750643631e-04
9.850000000000000000e+02 1.999973493114484951e-03 5.751496463933318066e-40 1.019610154956444973e-06 1.174210564732271981e-03 1.309556968400908163e-02 1.191782023169485978e-04
9.870000000000000000e+02 1.984953944869376121e-03 4.402805718692896380e-40 9.881106430146950439e-07 1.171918584933549388e-03 1.309292643229492854e-02 1.191310584774434229e-04
9.890000000000000000e+02 1.970040092273783391e-03 3.369567374980936178e-40 9.575573270777945213e-07 1.169629030139225472e-03 1.309028134509828897e-02 1.190838910466187169e-04
9.910000000000000000e+02 1.955231252842314776e-03 2.578189533424043054e-40 9.279226714804901476e-07 1.167341905901289655e-03 1.308763442638420302e-02 1.190367001142783495e-04
9.930000000000000000e+02 1.940526747974556350e-03 1.972203505803177791e-40 8.991799132096968607e-07 1.165057217725268528e-03 1.308498568010530057e-02 1.189894857699634205e-04
9.950000000000000000e+02 1.925925902937927758e-03 1.508290223097371861e-40 8.713030411362505898e-07 1.162774971070523354e-03 1.308233511020195569e-02 1.189422481029555392e-04
9.970000000000000000e+02 1.911428046850514092e-03 1.153226261603590567e-40 8.442667757762141933e-07 1.160495171350540413e-03 1.307968272060246358e-02 1.188949872022796844e-04
9.990000000000000000e+02 1.897032512663944384e-03 8.815372405587222216e-41 8.180465495692295644e-07 1.158217823933224613e-03 1.307702851522320533e-02 1.188477031567075111e-04
1.001000000000000000e+03 1.882738637146249509e-03 6.736951947423410157e-41 7.926184876614827341e-07 1.155942934141182673e-03 1.307437249796881105e-02 1.188003960547603455e-04
1.003000000000000000e+03 1.868545760864752164e-03 5.147341641359854812e-41 7.679593891812665955e-07 1.153670507252007628e-03 1.307171467273232461e-02 1.187530659847120583e-04
1.005000000000000000e+03 1.854453228168967925e-03 3.931872355882898526e-41 7.440467089953038593e-07 1.151400548498559629e-03 1.306905504339535805e-02 1.187057130345921951e-04
1.007000000000000000e+03 1.840460387173515179e-03 3.002705988752792734e-41 7.208585399342679226e-07 1.149133063069241768e-03 1.306639361382825291e-02 1.186583372921887008e-04
1.009000000000000000e+03 1.826566589741038292e-03 2.292573695659316545e-41 6.983735954762185366e-07 1.146868056108271130e-03 1.306373038789024159e-02 1.186109388450509955e-04
1.011000000000000000e+03 1.812771191465172189e-03 1.749971624455632188e-41 6.765711928769075996e-07 1.144605532715953743e-03 1.306106536942958606e-02 1.185635177804926179e-04
1.013000000000000000e+03 1.799073551653496313e-03 1.335475809794064138e-41 6.554312367361052183e-07 1.142345497948948907e-03 1.305839856228374618e-02 1.185160741855941386e-04
1.015000000000000000e+03 1.785473033310526958e-03 1.018916213250268868e-41 6.349342029894205931e-07 1.140087956820533092e-03 1.305572997027951328e-02 1.184686081472059250e-04
1.017000000000000000e+03 1.771969003120725441e-03 7.772101399871950601e-42 6.150611233152575637e-07 1.137832914300862747e-03 1.305305959723316624e-02 1.184211197519507026e-04
1.019000000000000000e+03 1.758560831431524698e-03 5.927015881806739742e-42 5.957935699468006629e-07 1.135580375317229085e-03 1.305038744695061897e-02 1.183736090862264013e-04
1.021000000000000000e+03 1.745247892236394044e-03 4.518886994629457177e-42 5.771136408791748629e-07 1.133330344754316125e-03 1.304771352322755748e-02 1.183260762362086895e-04
1.023000000000000000e+03 1.732029563157898517e-03 3.444488481756839100e-42 5.590039454620604760e-07 1.131082827454449411e-03 1.304503782984957512e-02 1.182785212878535491e-04
1.025000000000000000e+03 1.718905225430825872e-03 2.624919367327708314e-42 5.414475903684203293e-07 1.128837828217847325e-03 1.304236037059232703e-02 1.182309443268998776e-04
1.027000000000000000e+03 1.705874263885302083e-03 1.999886184610700512e-42 5.244281659300001477e-07 1.126595351802865685e-03 1.303968114922165328e-02 1.181833454388720497e-04
1.029000000000000000e+03 1.692936066929954988e-03 1.523325751262363001e-42 5.079297328306541921e-07 1.124355402926240826e-03 1.303700016949371765e-02 1.181357247090822208e-04
1.031000000000000000e+03 1.680090026535090066e-03 1.160055012770106082e-42 4.919368091486439210e-07 1.122117986263327901e-03 1.303431743515513774e-02 1.180880822226328618e-04
1.033000000000000000e+03 1.667335538215924343e-03 8.832075874498103248e-43 4.764343577393289637e-07 1.119883106448339846e-03 1.303163294994311855e-02 1.180404180644191713e-04
1.035000000000000000e+03 1.654672001015818550e-03 6.722727521594677577e-43 4.614077739497796007e-07 1.117650768074581998e-03 1.302894671758557908e-02 1.179927323191314064e-04
1.037000000000000000e+03 1.642098817489557206e-03 5.115956524740744547e-43 4.468428736571125323e-07 1.115420975694679778e-03 1.302625874180127728e-02 1.179450250712571192e-04
1.039000000000000000e+03 1.629615393686661019e-03 3.892305368186528267e-43 4.327258816225206954e-07 1.113193733820812660e-03 1.302356902629993318e-02 1.178972964050835554e-04
1.041000000000000000e+03 1.617221139134719437e-03 2.960641312805173446e-43 4.190434201530936254e-07 1.110969046924932752e-03 1.302087757478235033e-02 1.178495464046997549e-04
1.043000000000000000e+03 1.604915466822778077e-03 2.251456808250113930e-43 4.057824980638241246e-07 1.108746919438994638e-03 1.301818439094054071e-02 1.178017751539988560e-04
1.045000000000000000e+03 1.592697793184740668e-03 1.711750585212672832e-43 3.929304999322256903e-07 1.106527355755170926e-03 1.301548947845783399e-02 1.177539827366801687e-04
1.047000000000000000e+03 1.580567538082811984e-03 1.301117430718291985e-43 3.804751756382914681e-07 1.104310360226070167e-03 1.301279284100899901e-02 1.177061692362513294e-04
1.049000000000000000e+03 1.568524124790989134e-03 9.887619705663723429e-44 3.684046301826258656e-07 1.102095937164954131e-03 1.301009448226035300e-02 1.176583347360303749e-04
1.051000000000000000e+03 1.556566979978559785e-03 7.512186600654142408e-44 3.567073137757270300e-07 1.099884090845944674e-03 1.300739440586987442e-02 1.176104793191477208e-04
1.053000000000000000e+03 1.544695533693684741e-03 5.706113910061638186e-44 3.453720121916735184e-07 1.097674825504240791e-03 1.300469261548731388e-02 1.175626030685482891e-04
1.055000000000000000e+03 1.532909219346957749e-03 4.333253214563927740e-44 3.343878373794310629e-07 1.095468145336315731e-03 1.300198911475429833e-02 1.175147060669932974e-04
1.057000000000000000e+03 1.521207473695068962e-03 3.289935340355269316e-44 3.237442183253992082e-07 1.093264054500129494e-03 1.299928390730443681e-02 1.174667883970622917e-04
1.059000000000000000e+03 1.509589736824452780e-03 2.497240812354784049e-44 3.134308921607312528e-07 1.091062557115325508e-03 1.299657699676342280e-02 1.174188501411549895e-04
1.061000000000000000e+03 1.498055452135010727e-03 1.895105338018491363e-44 3.034378955072855010e-07 1.088863657263429907e-03 1.299386838674913489e-02 1.173708913814931770e-04
1.063000000000000000e+03 1.486604066323857090e-03 1.437825751687270597e-44 2.937555560561213103e-07 1.086667358988050586e-03 1.299115808087173904e-02 1.173229122001223629e-04
1.065000000000000000e+03 1.475235029369122240e-03 1.090634506546075568e-44 2.843744843726306100e-07 1.084473666295068892e-03 1.298844608273377541e-02 1.172749126789137433e-04
1.067000000000000000e+03 1.463947794513770911e-03 8.270892694794436780e-45 2.752855659225051490e-07 1.082282583152829793e-03 1.298573239593027104e-02 1.172268928995657601e-04
1.069000000000000000e+03 1.452741818249494218e-03 6.270841383519038188e-45 2.664799533129410103e-07 1.080094113492333779e-03 1.298301702404880582e-02 1.171788529436059036e-04
1.071000000000000000e+03 1.441616560300623988e-03 4.753348138448873550e-45 2.579490587435310015e-07 1.077908261207421612e-03 1.298029997066962697e-02 1.171307928923922984e-04
1.073000000000000000e+03 1.430571483608099586e-03 3.602250502359572707e-45 2.496845466614949558e-07 1.075725030154958857e-03 1.297758123936572881e-02 1.170827128271153021e-04
1.075000000000000000e+03 1.419606054313467909e-03 2.729284305299159627e-45 2.416783266159883459e-07 1.073544424155016075e-03 1.297486083370293433e-02 1.170346128287991455e-04
1.077000000000000000e+03 1.408719741742951465e-03 2.067399112877238118e-45 2.339225463063936716e-07 1.071366446991052056e-03 1.297213875723998364e-02 1.169864929783034506e-04
1.079000000000000000e+03 1.397912018391528387e-03 1.565671528742148443e-45 2.264095848195496135e-07 1.069191102410084254e-03 1.296941501352861723e-02 1.169383533563246802e-04
1.081000000000000000e+03 1.387182359907091368e-03 1.185435321497520211e-45 2.191320460510994475e-07 1.067018394122871364e-03 1.296668960611365405e-02 1.168901940433976429e-04
1.083000000000000000e+03 1.376530245074622646e-03 8.973379871425269694e-46 2.120827523061461697e-07 1.064848325804078127e-03 1.296396253853306958e-02 1.168420151198968748e-04
1.085000000000000000e+03 1.365955155800442937e-03 6.791024900629079163e-46 2.052547380746141759e-07 1.062680901092449663e-03 1.296123381431807040e-02 1.167938166660381172e-04
1.087000000000000000e+03 1.355456577096484641e-03 5.138256399148262874e-46 1.986412439767493924e-07 1.060516123590979527e-03 1.295850343699317224e-02 1.167455987618795633e-04
1.089000000000000000e+03 1.345033997064627078e-03 3.886847476471544227e-46 1.922357108743639296e-07 1.058353996867072121e-03 1.295577141007626595e-02 1.166973614873232132e-04
1.091000000000000000e+03 1.334686906881073134e-03 2.939548315864227679e-46 1.860317741434949866e-07 1.056194524452709659e-03 1.295303773707869727e-02 1.166491049221161214e-04
1.093000000000000000e+03 1.324414800780774910e-03 2.222619817761293435e-46 1.800232581042768294e-07 1.054037709844610898e-03 1.295030242150532231e-02 1.166008291458517376e-04
1.095000000000000000e+03 1.314217176041906866e-03 1.680162687011095426e-46 1.742041706039179186e-07 1.051883556504390298e-03 1.294756546685458046e-02 1.165525342379709374e-04
1.097000000000000000e+03 1.304093532970389702e-03 1.269811222122877465e-46 1.685686977487776993e-07 1.049732067858716094e-03 1.294482687661855508e-02 1.165042202777633094e-04
1.099000000000000000e+03 1.294043374884463679e-03 9.594641582191222307e-47 1.631111987816406678e-07 1.047583247299463827e-03 1.294208665428304116e-02 1.164558873443682533e-04
1.101000000000000000e+03 1.284066208099310293e-03 7.248033938306619776e-47 1.578262011003738950e-07 1.045437098183869427e-03 1.293934480332759734e-02 1.164075355167760366e-04
1.103000000000000000e+03 1.274161541911728599e-03 5.474111579259259557e-47 1.527083954142494536e-07 1.043293623834682087e-03 1.293660132722560842e-02 1.163591648738289197e-04
1.105000000000000000e+03 1.264328888584846655e-03 4.133416175434635001e-47 1.477526310343085909e-07 1.041152827540306513e-03 1.293385622944433731e-02 1.163107754942220909e-04
1.107000000000000000e+03 1.254567763332903015e-03 3.120374951499480236e-47 1.429539112942389623e-07 1.039014712554956659e-03 1.293110951344498064e-02 1.162623674565046561e-04
1.109000000000000000e+03 1.244877684306072881e-03 2.355085546571779377e-47 1.383073890983127622e-07 1.036879282098796462e-03 1.292836118268272244e-02 1.162139408390806816e-04
1.111000000000000000e+03 1.235258172575329607e-03 1.777088038799235598e-47 1.338083625930141910e-07 1.034746539358081217e-03 1.292561124060678281e-02 1.161654957202099540e-04
1.113000000000000000e+03 1.225708752117386216e-03 1.340644556563486969e-47 1.294522709591038104e-07 1.032616487485301781e-03 1.292285969066045946e-02 1.161170321780089550e-04
1.115000000000000000e+03 1.216228949799664019e-03 1.011162370966176143e-47 1.252346903208991301e-07 1.030489129599320743e-03 1.292010653628117983e-02 1.160685502904517161e-04
1.117000000000000000e+03 1.206818295365320436e-03 7.624840984572018420e-48 1.211513297696643223e-07 1.028364468785508169e-03 1.291735178090054614e-02 1.160200501353704549e-04
1.119000000000000000e+03 1.197476321418341431e-03 5.748352857549992388e-48 1.171980274980827497e-07 1.026242508095879949e-03 1.291459542794436838e-02 1.159715317904565647e-04
1.121000000000000000e+03 1.188202563408660402e-03 4.332702597589501386e-48 1.133707470428259580e-07 1.024123250549226595e-03 1.291183748083271458e-02 1.159229953332611567e-04
1.123000000000000000e+03 1.178996559617361863e-03 3.264955509564998770e-48 1.096655736323611259e-07 1.022006699131247686e-03 1.290907794297994036e-02 1.158744408411958729e-04
1.125000000000000000e+03 1.169857851141902676e-03 2.459793665187192436e-48 1.060787106371540251e-07 1.019892856794677848e-03 1.290631681779472184e-02 1.158258683915334557e-04
1.127000000000000000e+03 1.160785981881420469e-03 1.852777242385431908e-48 1.026064761195513604e-07 1.017781726459418383e-03 1.290355410868010595e-02 1.157772780614084386e-04
1.129000000000000000e+03 1.151780498522069797e-03 1.395246524154354795e-48 9.924529948064725673e-08 1.015673311012658259e-03 1.290078981903351740e-02 1.157286699278176615e-04
1.131000000000000000e+03 1.142840950522425311e-03 1.050465994803020303e-48 9.599171820154016039e-08 1.013567613309002049e-03 1.289802395224681070e-02 1.156800440676209482e-04
1.133000000000000000e+03 1.133966890098929165e-03 7.907085753744475215e-49 9.284237467643440898e-08 1.011464636170588327e-03 1.289525651170628402e-02 1.156314005575414047e-04
1.135000000000000000e+03 1.125157872211403473e-03 5.950512822926892434e-49 8.979401313511744910e-08 1.009364382387212397e-03 1.289248750079270874e-02 1.155827394741661509e-04
1.137000000000000000e+03 1.116413454548608299e-03 4.477091104783207559e-49 8.684347665239447551e-08 1.007266854716446424e-03 1.288971692288135538e-02 1.155340608939465781e-04
1.139000000000000000e+03 1.107733197513848878e-03 3.367760139747885985e-49 8.398770424212965763e-08 1.005172055883751109e-03 1.288694478134201106e-02 1.154853648931988098e-04
1.141000000000000000e+03 1.099116664210654385e-03 2.532737323339200174e-49 8.122372803361472014e-08 1.003079988582596680e-03 1.288417107953900541e-02 1.154366515481041491e-04
1.143000000000000000e+03 1.090563420428496827e-03 1.904333552311685611e-49 7.854867052801765950e-08 1.000990655474574354e-03 1.288139582083121758e-02 1.153879209347093225e-04
1.145000000000000000e+03 1.082073034628561973e-03 1.431528018128313394e-49 7.595974193274573326e-08 9.989040591895067059e-04 1.287861900857210570e-02 1.153391731289268591e-04
1.147000000000000000e+03 1.073645077929585336e-03 1.075872342447727716e-49 7.345423757160732340e-08 9.968202023255610771e-04 1.287584064610970865e-02 1.152904082065352810e-04
1.149000000000000000e+03 1.065279124093738245e-03 8.083990309503280879e-50 7.102953536870138704e-08 9.947390874493562598e-04 1.287306073678666334e-02 1.152416262431794414e-04
1.151000000000000000e+03 1.056974749512570736e-03 6.072885157498842029e-50 6.868309340403106320e-08 9.926607170960720025e-04 1.287027928394021692e-02 1.151928273143706472e-04
1.153000000000000000e+03 1.048731533192996494e-03 4.561090486603162740e-50 6.641244753887410868e-08 9.905850937695513583e-04 1.286749629090223022e-02 1.151440114954868481e-04
1.155000000000000000e+03 1.040549056743354794e-03 3.424890856740416976e-50 6.421520910901453005e-08 9.885122199424082375e-04 1.286471176099918644e-02 1.150951788617728133e-04
1.157000000000000000e+03 1.032426904359508638e-03 2.571161191060332241e-50 6.208906268396643338e-08 9.864420980561286727e-04 1.286192569755218763e-02 1.150463294883401449e-04
1.159000000000000000e+03 1.024364662811008599e-03 1.929818585751570920e-50 6.003176389038607050e-08 9.843747305211722996e-04 1.285913810387697559e-02 1.149974634501674676e-04
1.161000000000000000e+03 1.016361921427304813e-03 1.448132729706889163e-50 5.804113729790666642e-08 9.823101197170721038e-04 1.285634898328390924e-02 1.149485808221003473e-04
1.163000000000000000e+03 1.008418272084017934e-03 1.086438255797192240e-50 5.611507436568055476e-08 9.802482679925326493e-04 1.285355833907797507e-02 1.148996816788513590e-04
1.165000000000000000e+03 1.000533309189268654e-03 8.149043146475780445e-51 5.425153144795862946e-08 9.781891776655280910e-04 1.285076617455878714e-02 1.148507660950000053e-04
1.167000000000000000e+03 9.927066296700464559e-04 6.111012378413803868e-51 5.244852785707141937e-08 9.761328510233943309e-04 1.284797249302056625e-02 1.148018341449926762e-04
1.169000000000000000e+03 9.849378329586618627e-04 4.581680273558239403e-51 5.070414398223911688e-08 9.740792903229281152e-04 1.284517729775215382e-02 1.147528859031425672e-04
1.171000000000000000e+03 9.772265209792257816e-04 3.434326299719005813e-51 4.901651946265314489e-08 9.720284977904760466e-04 1.284238059203697893e-02 1.147039214436295306e-04
1.173000000000000000e+03 9.695722981342007373e-04 2.573733547276839548e-51 4.738385141333557250e-08 9.699804756220277175e-04 1.283958237915306354e-02 1.146549408404998720e-04
1.175000000000000000e+03 9.619747712909974217e-04 1.928372604296575048e-51 4.580439270230752505e-08 9.679352259833039641e-04 1.283678266237300511e-02 1.146059441676661606e-04
1.177000000000000000e+03 9.544335497686388991e-04 1.444520650648869242e-51 4.427645027764669646e-08 9.658927510098483729e-04 1.283398144496395929e-02 1.145569314989071077e-04
1.179000000000000000e+03 9.469482453244707811e-04 1.081837618769661945e-51 4.279838354304109775e-08 9.638530528071129330e-04 1.283117873018761908e-02 1.145079029078670778e-04
1.181000000000000000e+03 9.395184721409230097e-04 8.100391621611069512e-52 4.136860278049099538e-08 9.618161334505437960e-04 1.282837452130020789e-02 1.144588584680560084e-04
1.183000000000000000e+03 9.321438468123431978e-04 6.063950600669932984e-52 3.998556761884761399e-08 9.597819949856680128e-04 1.282556882155244313e-02 1.144097982528489619e-04
1.185000000000000000e+03 9.248239883318641217e-04 4.538486891984486405e-52 3.864778554690157003e-08 9.577506394281761490e-04 1.282276163418952404e-02 1.143607223354858009e-04
1.187000000000000000e+03 9.175585180783463494e-04 3.396036876592290096e-52 3.735381046978326989e-08 9.557220687640041431e-04 1.281995296245110570e-02 1.143116307890707677e-04
1.189000000000000000e+03 9.103470598033605501e-04 2.540619809414933497e-52 3.610224130745623956e-08 9.536962849494160302e-04 1.281714280957126952e-02 1.142625236865720239e-04
1.191000000000000000e+03 9.031892396182363740e-04 1.900259979838467357e-52 3.489172063412802216e-08 9.516732899110827643e-04 1.281433117877848853e-02 1.142134011008212840e-04
1.193000000000000000e+03 8.960846859811617479e-04 1.420994877936588895e-52 3.372093335742733985e-08 9.496530855461632076e-04 1.281151807329561181e-02 1.141642631045132873e-04
1.195000000000000000e+03 8.890330296843309589e-04 1.062375972884702365e-52 3.258860543622976120e-08 9.476356737223781820e-04 1.280870349633982108e-02 1.141151097702051742e-04
1.197000000000000000e+03 8.820339038411619112e-04 7.940910347979225581e-53 3.149350263604625559e-08 9.456210562780909164e-04 1.280588745112259952e-02 1.140659411703160797e-04
1.199000000000000000e+03 8.750869438735622797e-04 5.934289914798222764e-53 3.043442932091460595e-08 9.436092350223817486e-04 1.280306994084969181e-02 1.140167573771264288e-04
1.201000000000000000e+03 8.681917874992371893e-04 4.433775794149894337e-53 2.941022728076077617e-08 9.416002117351196824e-04 1.280025096872107297e-02 1.139675584627773669e-04
1.203000000000000000e+03 8.613480747190789674e-04 3.311961549416564422e-53 2.841977459323500923e-08 9.395939881670398001e-04 1.279743053793090495e-02 1.139183444992701236e-04
1.205000000000000000e+03 8.545554478045889893e-04 2.473452197526844413e-53 2.746198451903990903e-08 9.375905660398135182e-04 1.279460865166748978e-02 1.138691155584652527e-04
1.207000000000000000e+03 8.478135512853640339e-04 1.846836807958066690e-53 2.653580442980547876e-08 9.355899470461197113e-04 1.279178531311323495e-02 1.138198717120820098e-04
1.209000000000000000e+03 8.411220319366358731e-04 1.378670152871196188e-53 2.564021476758770751e-08 9.335921328497156189e-04 1.278896052544460649e-02 1.137706130316975655e-04
1.211000000000000000e+03 8.344805387668650714e-04 1.028961592709380315e-53 2.477422803509117929e-08 9.315971250855055842e-04 1.278613429183206654e-02 1.137213395887461386e-04
1.213000000000000000e+03 8.278887230053934418e-04 7.677944723304697199e-54 2.393688781574369072e-08 9.296049253596101172e-04 1.278330661544005084e-02 1.136720514545183993e-04
1.215000000000000000e+03 8.213462380901444216e-04 5.727932745906178192e-54 2.312726782277031215e-08 9.276155352494326817e-04 1.278047749942689236e-02 1.136227487001603990e-04
1.217000000000000000e+03 8.148527396553829731e-04 4.272263568358695971e-54 2.234447097644290468e-08 9.256289563037255067e-04 1.277764694694478141e-02 1.135734313966728246e-04
1.219000000000000000e+03 8.084078855195244882e-04 3.185850925918417348e-54 2.158762850869801607e-08 9.236451900426550718e-04 1.277481496113970667e-02 1.135240996149101039e-04
1.221000000000000000e+03 8.020113356730104812e-04 2.375200266890165233e-54 2.085589909434416997e-08 9.216642379578682438e-04 1.277198154515140661e-02 1.134747534255794033e-04
1.223000000000000000e+03 7.956627522662203852e-04 1.770445135885809065e-54 2.014846800809291652e-08 9.196861015125526667e-04 1.276914670211329143e-02 1.134253928992397194e-04
1.225000000000000000e+03 7.893617995974534958e-04 1.319387163638201648e-54 1.946454630667845962e-08 9.177107821415030064e-04 1.276631043515240836e-02 1.133760181063008215e-04
1.227000000000000000e+03 7.831081441009576450e-04 9.830365445551210505e-55 1.880337003534279235e-08 9.157382812511797145e-04 1.276347274738935146e-02 1.133266291170223310e-04
1.229000000000000000e+03 7.769014543350111083e-04 7.322759717368872910e-55 1.816419945798737969e-08 9.137686002197715866e-04 1.276063364193822866e-02 1.132772260015125549e-04
1.231000000000000000e+03 7.707414009700607827e-04 5.453655508658775830e-55 1.754631831031077421e-08 9.118017403972552854e-04 1.275779312190656288e-02 1.132278088297274972e-04
1.233000000000000000e+03 7.646276567769183692e-04 4.060771012901129805e-55 1.694903307527051318e-08 9.098377031054555135e-04 1.275495119039525560e-02 1.131783776714696794e-04
1.235000000000000000e+03 7.585598966149958034e-04 3.022993858302150724e-55 1.637167228022362601e-08 9.078764896381009584e-04 1.275210785049848972e-02 1.131289325963869886e-04
1.237000000000000000e+03 7.525377974206115929e-04 2.249956279104688288e-55 1.581358581512320964e-08 9.059181012608843574e-04 1.274926310530367750e-02 1.130794736739715257e-04
1.239000000000000000e+03 7.465610381953442093e-04 1.674245061715110731e-55 1.527414427115956013e-08 9.039625392115193097e-04 1.274641695789137733e-02 1.130300009735584670e-04
1.241000000000000000e+03 7.406292999944305826e-04 1.245581620174638627e-55 1.475273829925483843e-08 9.020098046997938358e-04 1.274356941133522256e-02 1.129805145643246678e-04
1.243000000000000000e+03 7.347422659152312747e-04 9.264748955146739172e-56 1.424877798783728296e-08 9.000598989076292501e-04 1.274072046870184348e-02 1.129310145152875655e-04
1.245000000000000000e+03 7.288996210857424897e-04 6.889750637602870459e-56 1.376169225933403482e-08 8.981128229891323107e-04 1.273787013305079270e-02 1.128815008953037963e-04
1.247000000000000000e+03 7.231010526531530787e-04 5.122498234299034524e-56 1.329092828483903173e-08 8.961685780706489957e-04 1.273501840743445149e-02 1.128319737730678680e-04
1.249000000000000000e+03 7.173462497724724524e-04 3.807752214749563489e-56 1.283595091642914120e-08 8.942271652508180634e-04 1.273216529489796384e-02 1.127824332171108445e-04
1.251000000000000000e+03 7.116349035951984991e-04 2.829854927048688844e-56 1.239624213661250949e-08 8.922885856006261291e-04 1.272931079847914281e-02 1.127328792957989776e-04
1.253000000000000000e+03 7.059667072580354859e-04 2.102656726436266220e-56 1.197130052441015443e-08 8.903528401634543945e-04 1.272645492120838724e-02 1.126833120773322025e-04
1.255000000000000000e+03 7.003413558716739757e-04 1.562001245164514538e-56 1.156064073758674925e-08 8.884199299551334000e-04 1.272359766610859332e-02 1.126337316297428096e-04
1.257000000000000000e+03 6.947585465096222431e-04 1.160120897721072067e-56 1.116379301055732280e-08 8.864898559639931147e-04 1.272073903619506258e-02 1.125841380208939267e-04
1.259000000000000000e+03 6.892179781970810600e-04 8.614579446926537357e-57 1.078030266751113657e-08 8.845626191509117255e-04 1.271787903447541696e-02 1.125345313184780146e-04
1.261000000000000000e+03 6.837193518998775687e-04 6.395491827162792502e-57 1.040972965030805290e-08 8.826382204493649682e-04 1.271501766394949988e-02 1.124849115900153492e-04
1.263000000000000000e+03 6.782623705134531488e-04 4.747040462261511895e-57 1.005164806071347861e-08 8.807166607654761097e-04 1.271215492760928607e-02 1.124352789028524766e-04
1.265000000000000000e+03 6.728467388518945443e-04 3.522744264042365394e-57 9.705645716550956534e-09 8.787979409780618091e-04 1.270929082843877400e-02 1.123856333241606275e-04
1.267000000000000000e+03 6.674721636370258135e-04 2.613656903335653630e-57 9.371323721363471877e-09 8.768820619386816662e-04 1.270642536941390607e-02 1.123359749209340634e-04
1.269000000000000000e+03 6.621383534875463581e-04 1.938765996901759817e-57 9.048296047185945053e-09 8.749690244716829988e-04 1.270355855350245068e-02 1.122863037599885458e-04
1.271000000000000000e+03 6.568450189082194763e-04 1.437843597213331632e-57 8.736189130042293592e-09 8.730588293742487646e-04 1.270069038366391026e-02 1.122366199079595061e-04
1.273000000000000000e+03 6.515918722791214134e-04 1.066123254751676750e-57 8.434641477792467653e-09 8.711514774164435312e-04 1.269782086284941200e-02 1.121869234313005280e-04
1.275000000000000000e+03 6.463786278449274933e-04 7.903378454953519146e-58 8.143303289963562454e-09 8.692469693412570612e-04 1.269494999400160549e-02 1.121372143962815041e-04
1.277000000000000000e+03 6.412050017042582057e-04 5.857709267239000630e-58 7.861836089211831262e-09 8.673453058646499571e-04 1.269207778005455867e-02 1.120874928689868743e-04
1.279000000000000000e+03 6.360707117990784193e-04 4.340628288618779661e-58 7.589912364071043492e-09 8.654464876755993061e-04 1.268920422393363806e-02 1.120377589153139994e-04
1.281000000000000000e+03 6.309754779041363854e-04 3.215786497295173326e-58 7.327215222651901816e-09 8.635505154361396629e-04 1.268632932855540824e-02 1.119880126009711147e-04
1.283000000000000000e+03 6.259190216164643239e-04 2.381944963247500332e-58 7.073438056968946748e-09 8.616573897814080443e-04 1.268345309682751554e-02 1.119382539914757173e-04
1.285000000000000000e+03 6.209010663449255219e-04 1.763949789689573834e-58 6.828284217578493380e-09 8.597671113196875140e-04 1.268057553164857187e-02 1.118884831521526144e-04
1.287000000000000000e+03 6.159213372998057759e-04 1.306022842532145745e-58 6.591466698220770867e-09 8.578796806324468643e-04 1.267769663590804022e-02 1.118387001481319445e-04
1.289000000000000000e+03 6.109795614824677177e-04 9.667751094248598783e-59 6.362707830169569848e-09 8.559950982743850688e-04 1.267481641248612186e-02 1.117889050443474568e-04
1.291000000000000000e+03 6.060754676750427627e-04 7.155011853884821943e-59 6.141738985998686025e-09 8.541133647734731318e-04 1.267193486425362628e-02 1.117390979055344372e-04
1.293000000000000000e+03 6.012087864301768336e-04 5.294263337719735399e-59 5.928300292485189022e-09 8.522344806309923616e-04 1.266905199407185670e-02 1.116892787962277158e-04
1.295000000000000000e+03 5.963792500608299700e-04 3.916616785757947059e-59 5.722140352376379016e-09 8.503584463215780632e-04 1.266616780479248687e-02 1.116394477807597705e-04
1.297000000000000000e+03 5.915865926301170285e-04 2.896856995344896952e-59 5.523015974755008727e-09 8.484852622932574856e-04 1.266328229925743447e-02 1.115896049232586388e-04
1.299000000000000000e+03 5.868305499412082311e-04 2.142168065285028935e-59 5.330691913746092496e-09 8.466149289674922140e-04 1.266039548029873618e-02 1.115397502876458859e-04
1.301000000000000000e+03 5.821108595272656006e-04 1.583764510715947414e-59 5.144940615314340801e-09 8.447474467392150329e-04 1.265750735073841934e-02 1.114898839376344896e-04
1.303000000000000000e+03 5.774272606414437977e-04 1.170680350128755795e-59 4.965541971910656195e-09 8.428828159768731853e-04 1.265461791338836663e-02 1.114400059367268354e-04
1.305000000000000000e+03 5.727794942469221834e-04 8.651606913818074833e-60 4.792283084730546236e-09 8.410210370224616584e-04 1.265172717105019634e-02 1.113901163482124254e-04
1.307000000000000000e+03 5.681673030070025828e-04 6.392430724570290160e-60 4.624958033357058992e-09 8.391621101915670931e-04 1.264883512651510979e-02 1.113402152351659273e-04
1.309000000000000000e+03 5.635904312752456485e-04 4.722219328551227528e-60 4.463367652564780754e-09 8.373060357734035631e-04 1.264594178256378369e-02 1.112903026604448428e-04
1.311000000000000000e+03 5.590486250856536261e-04 3.487684758497753765e-60 4.307319316069490682e-09 8.354528140308504136e-04 1.264304714196620716e-02 1.112403786866872991e-04
1.313000000000000000e+03 5.545416321429121010e-04 2.575368078305440623e-60 4.156626727014318109e-09 8.336024452004916173e-04 1.264015120748155502e-02 1.111904433763099480e-04
1.315000000000000000e+03 5.500692018126637295e-04 1.901308018826706949e-60 4.011109714988080626e-09 8.317549294926505779e-04 1.263725398185804732e-02 1.111404967915055261e-04
1.317000000000000000e+03 5.456310851118463708e-04 1.403384929208996272e-60 3.870594039379342580e-09 8.299102670914298117e-04 1.263435546783280711e-02 1.110905389942406872e-04
1.319000000000000000e+03 5.412270346990699253e-04 1.035648460029802759e-60 3.734911198873687561e-09 8.280684581547471598e-04 1.263145566813171639e-02 1.110405700462537519e-04
1.321000000000000000e+03 5.368568048650371920e-04 7.641158622697347373e-61 3.603898246908088407e-09 8.262295028143721090e-04 1.262855458546926872e-02 1.109905900090521735e-04
1.323000000000000000e+03 5.325201515230183931e-04 5.636602798803555472e-61 3.477397612902182111e-09 8.243934011759608115e-04 1.262565222254842350e-02 1.109405989439103018e-04
1.325000000000000000e+03 5.282168321993763313e-04 4.157067555117211364e-61 3.355256929090759789e-09 8.225601533190955500e-04 1.262274858206046367e-02 1.108905969118670522e-04
1.327000000000000000e+03 5.239466060241251572e-04 3.065266464030853652e-61 3.237328862786835503e-09 8.207297592973183476e-04 1.261984366668482925e-02 1.108405839737233712e-04
1.329000000000000000e+03 5.197092337215507198e-04 2.259752909790771258e-61 3.123470953910797504e-09 8.189022191381681564e-04 1.261693747908898718e-02 1.107905601900398648e-04
1.331000000000000000e+03 5.155044776008622497e-04 1.665579284140353847e-61 3.013545457624385093e-09 8.170775328432138170e-04 1.261403002192825612e-02 1.107405256211343184e-04
1.333000000000000000e+03 5.113321015469109382e-04 1.227386576189729053e-61 2.907419191914767387e-09 8.152557003880943906e-04 1.261112129784566945e-02 1.106904803270792573e-04
1.335000000000000000e+03 5.071918710109267307e-04 9.042930556500595864e-62 2.804963389976437972e-09 8.134367217225479995e-04 1.260821130947180346e-02 1.106404243676993311e-04
1.337000000000000000e+03 5.030835530013323155e-04 6.661144514940243686e-62 2.706053557245645637e-09 8.116205967704525921e-04 1.260530005942462478e-02 1.105903578025688741e-04
1.339000000000000000e+03 4.990069160745794468e-04 4.905693540403355821e-62 2.610569332943761395e-09 8.098073254298585781e-04 1.260238755030933591e-02 1.105402806910093171e-04
1.341000000000000000e+03 4.949617303260412131e-04 3.612134683509620330e-62 2.518394355992431125e-09 8.079969075730238483e-04 1.259947378471820527e-02 1.104901930920866121e-04
1.343000000000000000e+03 4.909477673809453961e-04 2.659129465924337128e-62 2.429416135165863279e-09 8.061893430464471674e-04 1.259655876523040237e-02 1.104400950646085625e-04
1.345000000000000000e+03 4.869648003853597638e-04 1.957163551405950904e-62 2.343525923350747045e-09 8.043846316709047121e-04 1.259364249441183997e-02 1.103899866671222753e-04
1.347000000000000000e+03 4.830126039972160688e-04 1.440213601206180740e-62 2.260618595787210463e-09 8.025827732414838982e-04 1.259072497481499714e-02 1.103398679579114237e-04
1.349000000000000000e+03 4.790909543773825652e-04 1.059592586168140500e-62 2.180592532168514892e-09 8.007837675276175326e-04 1.258780620897876311e-02 1.102897389949936716e-04
1.351000000000000000e+03 4.751996291807788629e-04 7.794050033085702204e-63 2.103349502480751907e-09 7.989876142731182915e-04 1.258488619942826035e-02 1.102395998361178279e-04
1.353000000000000000e+03 4.713384075475389760e-04 5.731915827309898679e-63 2.028794556467282445e-09 7.971943131962125470e-04 1.258196494867466764e-02 1.101894505387612582e-04
1.355000000000000000e+03 4.675070700942150813e-04 4.214526759248808496e-63 1.956835916606000252e-09 7.954038639895751701e-04 1.257904245921505522e-02 1.101392911601270248e-04
1.357000000000000000e+03 4.637053989050268690e-04 3.098205947829882526e-63 1.887384874491027553e-09 7.936162663203622739e-04 1.257611873353220444e-02 1.100891217571411490e-04
1.359000000000000000e+03 4.599331775231578381e-04 2.277111341289987166e-63 1.820355690513649526e-09 7.918315198302467751e-04 1.257319377409443426e-02 1.100389423864498470e-04
1.361000000000000000e+03 4.561901909420928471e-04 1.673288487213127519e-63 1.755665496740277879e-09 7.900496241354525466e-04 1.257026758335542081e-02 1.099887531044166697e-04
1.363000000000000000e+03 4.524762255969949111e-04 1.229334333578181315e-63 1.693234202888397290e-09 7.882705788267847747e-04 1.256734016375401358e-02 1.099385539671195893e-04
1.365000000000000000e+03 4.487910693561426075e-04 9.029878101066152306e-64 1.632984405304791611e-09 7.864943834696707260e-04 1.256441151771406882e-02 1.098883450303483428e-04
1.367000000000000000e+03 4.451345115123808704e-04 6.631419608469665808e-64 1.574841298852104003e-09 7.847210376041844661e-04 1.256148164764424140e-02 1.098381263496012471e-04
1.369000000000000000e+03 4.415063427746516913e-04 4.869046603831539419e-64 1.518732591614427163e-09 7.829505407450897949e-04 1.255855055593782521e-02 1.097878979800825293e-04
1.371000000000000000e+03 4.379063552595383719e-04 3.574326405634052966e-64 1.464588422333203330e-09 7.811828923818687608e-04 1.255561824497254848e-02 1.097376599766992640e-04
1.373000000000000000e+03 4.343343424828649091e-04 2.623357013870788343e-64 1.412341280489088342e-09 7.794180919787558129e-04 1.255268471711039509e-02 1.096874123940584455e-04
1.375000000000000000e+03 4.307900993513402114e-04 1.925012484341101569e-64 1.361925928947172515e-09 7.776561389747733630e-04 1.254974997469741373e-02 1.096371552864639659e-04
1.377000000000000000e+03 4.272734221542414551e-04 1.412286214409519660e-64 1.313279329085489951e-09 7.758970327837664801e-04 1.254681402006352538e-02 1.095868887079137148e-04
1.379000000000000000e+03 4.237841085551365800e-04 1.035916996768097349e-64 1.266340568329290221e-09 7.741407727944331395e-04 1.254387685552232727e-02 1.095366127120964351e-04
1.381000000000000000e+03 4.203219575836572553e-04 7.596968378015029288e-65 1.221050790016045485e-09 7.723873583703623870e-04 1.254093848337090554e-02 1.094863273523887279e-04
1.383000000000000000e+03 4.168867696273051296e-04 5.570175136800785523e-65 1.177353125518008868e-09 7.706367888500649131e-04 1.253799890588963226e-02 1.094360326818519355e-04
1.385000000000000000e+03 4.134783464233070336e-04 4.083293563872085906e-65 1.135192628551840443e-09 7.688890635470100243e-04 1.253505812534197114e-02 1.093857287532291596e-04
1.387000000000000000e+03 4.100964910505106769e-04 2.992716852888185225e-65 1.094516211606647723e-09 7.671441817496589283e-04 1.253211614397428328e-02 1.093354156189419953e-04
1.389000000000000000e+03 4.067410079213118956e-04 2.192976482935279369e-65 1.055272584423804652e-09 7.654021427214963928e-04 1.252917296401561027e-02 1.092850933310874956e-04
1.391000000000000000e+03 4.034117027736443500e-04 1.606629316601229751e-65 1.017412194464523454e-09 7.636629457010701014e-04 1.252622858767749731e-02 1.092347619414349723e-04
1.393000000000000000e+03 4.001083826629850512e-04 1.176822099223621572e-65 9.808871693021117689e-10 7.619265899020189522e-04 1.252328301715375895e-02 1.091844215014227713e-04
1.395000000000000000e+03 3.968308559544247234e-04 8.618256278101982399e-66 9.456512608788588921e-10 7.601930745131142567e-04 1.252033625462030224e-02 1.091340720621552092e-04
1.397000000000000000e+03 3.935789323147612594e-04 6.310176402384084832e-66 9.116597915684420044e-10 7.584623986982891222e-04 1.251738830223489939e-02 1.090837136743991854e-04
1.399000000000000000e+03 3.903524227046432666e-04 4.619310412959641573e-66 8.788696019870685315e-10 7.567345615966755311e-04 1.251443916213699180e-02 1.090333463885810648e-04
1.401000000000000000e+03 3.871511393707489034e-04 3.380853792129931868e-66 8.472390004981598605e-10 7.550095623226373009e-04 1.251148883644746974e-02 1.089829702547832901e-04
1.403000000000000000e+03 3.839748958380120956e-04 2.473940613897222578e-66 8.167277143570316691e-10 7.532873999658077063e-04 1.250853732726846593e-02 1.089325853227411694e-04
1.405000000000000000e+03 3.808235069018826337e-04 1.809946889683539843e-66 7.872968424436913416e-10 7.515680735911231970e-04 1.250558463668314906e-02 1.088821916418395965e-04
1.407000000000000000e+03 3.776967886206275787e-04 1.323902840548086500e-66 7.589088095334856354e-10 7.498515822388585267e-04 1.250263076675549485e-02 1.088317892611096496e-04
1.409000000000000000e+03 3.745945583076746807e-04 9.681890327533921005e-67 7.315273220568757997e-10 7.481379249246624232e-04 1.249967571953008137e-02 1.087813782292252842e-04
1.411000000000000000e+03 3.715166345239914129e-04 7.079099317693085934e-67 7.051173253010922089e-10 7.464271006395919571e-04 1.249671949703185653e-02 1.087309585944998502e-04
1.413000000000000000e+03 3.684628370705116574e-04 5.174992114804144770e-67 6.796449620079320416e-10 7.447191083501508149e-04 1.249376210126594729e-02 1.086805304048829747e-04
1.415000000000000000e+03 3.654329869805899287e-04 3.782293771831291537e-67 6.550775323232342901e-10 7.430139469983216075e-04 1.249080353421739946e-02 1.086300937079567809e-04
1.417000000000000000e+03 3.624269065125074771e-04 2.763851709575257996e-67 6.313834550551565382e-10 7.413116155016062029e-04 1.248784379785099381e-02 1.085796485509327712e-04
1.419000000000000000e+03 3.594444191420067430e-04 2.019241062230732354e-67 6.085322301994634111e-10 7.396121127530574935e-04 1.248488289411099454e-02 1.085291949806482082e-04
1.421000000000000000e+03 3.564853495548709695e-04 1.474944187243314533e-67 5.864944026915425894e-10 7.379154376213197279e-04 1.248192082492093589e-02 1.084787330435626595e-04
1.423000000000000000e+03 3.535495236395393213e-04 1.077152079606074354e-67 5.652415273459465395e-10 7.362215889506608206e-04 1.247895759218338972e-02 1.084282627857545005e-04
1.425000000000000000e+03 3.506367684797661861e-04 7.864887505715941145e-68 5.447461349456129307e-10 7.345305655610139851e-04 1.247599319777974690e-02 1.083777842529174860e-04
1.427000000000000000e+03 3.477469123473094230e-04 5.741456668098348033e-68 5.249816994438932000e-10 7.328423662480111275e-04 1.247302764356997620e-02 1.083272974903571315e-04
1.429000000000000000e+03 3.448797846946647988e-04 4.190499415686390298e-68 5.059226062439482948e-10 7.311569897830212271e-04 1.247006093139239533e-02 1.082768025429871626e-04
1.431000000000000000e+03 3.420352161478341425e-04 3.057902431261315799e-68 4.875441215208847806e-10 7.294744349131868739e-04 1.246709306306344363e-02 1.082262994553259640e-04
1.433000000000000000e+03 3.392130384991358383e-04 2.230979810157855248e-68 4.698223625532974857e-10 7.277947003614642762e-04 1.246412404037744101e-02 1.081757882714929746e-04
1.435000000000000000e+03 3.364130847000492536e-04 1.627353341626362874e-68 4.527342690317698868e-10 7.261177848266588217e-04 1.246115386510635373e-02 1.081252690352051506e-04
1.437000000000000000e+03 3.336351888540934284e-04 1.186813045302112448e-68 4.362575753129740246e-10 7.244436869834632422e-04 1.245818253899956193e-02 1.080747417897731839e-04
1.439000000000000000e+03 3.308791862097537942e-04 8.653604054343148455e-69 4.203707835890530577e-10 7.227724054824977281e-04 1.245521006378361162e-02 1.080242065780980058e-04
1.441000000000000000e+03 3.281449131534358902e-04 6.308498606623414481e-69 4.050531379427237931e-10 7.211039389503461419e-04 1.245223644116197868e-02 1.079736634426670192e-04
1.443000000000000000e+03 3.254322072024600073e-04 4.598003624445855858e-69 3.902845992596588644e-10 7.194382859895964580e-04 1.244926167281483129e-02 1.079231124255504399e-04
1.445000000000000000e+03 3.227409069980946479e-04 3.350633578626592635e-69 3.760458209705018550e-10 7.177754451788794692e-04 1.244628576039877657e-02 1.078725535683975961e-04
1.447000000000000000e+03 3.200708522986239193e-04 2.441175007073398298e-69 3.623181255957436641e-10 7.161154150729083599e-04 1.244330870554662821e-02 1.078219869124331882e-04
1.449000000000000000e+03 3.174218839724527678e-04 1.778219078283056565e-69 3.490834820675334340e-10 7.144581942025176290e-04 1.244033050986714795e-02 1.077714124984536300e-04
1.451000000000000000e+03 3.147938439912469056e-04 1.295048423303379855e-69 3.363244838033182788e-10 7.128037810747028802e-04 1.243735117494480617e-02 1.077208303668231041e-04
1.453000000000000000e+03 3.121865754231107942e-04 9.429771293043452660e-70 3.240243275070039740e-10 7.111521741726609374e-04 1.243437070233952349e-02 1.076702405574699170e-04
1.455000000000000000e+03 3.095999224258052011e-04 6.864845052946361744e-70 3.121667926740898788e-10 7.095033719558326707e-04 1.243138909358643476e-02 1.076196431098827176e-04
1.457000000000000000e+03 3.070337302399896921e-04 4.996602056534410914e-70 3.007362217778889163e-10 7.078573728599392087e-04 1.242840635019561851e-02 1.075690380631065670e-04
1.459000000000000000e+03 3.044878451825161914e-04 3.636078445816071106e-70 2.897175011148728795e-10 7.062141752970270414e-04 1.242542247365186099e-02 1.075184254557392388e-04
1.461000000000000000e+03 3.019621146397451455e-04 2.645490453165168881e-70 2.790960422876191007e-10 7.045737776555079188e-04 1.242243746541438904e-02 1.074678053259272344e-04
1.463000000000000000e+03 2.994563870609015326e-04 1.924392422594754794e-70 2.688577643046943224e-10 7.029361783001983159e-04 1.241945132691661680e-02 1.074171777113619750e-04
1.465000000000000000e+03 2.969705119514715291e-04 1.399573060254320020e-70 2.589890762774457982e-10 7.013013755723650775e-04 1.241646405956588727e-02 1.073665426492759661e-04
1.467000000000000000e+03 2.945043398666245468e-04 1.017681822589260686e-70 2.494768606941801782e-10 6.996693677897646664e-04 1.241347566474321727e-02 1.073159001764387453e-04
1.469000000000000000e+03 2.920577224046804268e-04 7.398488043852393873e-71 2.403084572530171814e-10 6.980401532466880494e-04 1.241048614380303207e-02 1.072652503291531418e-04
1.471000000000000000e+03 2.896305122006010823e-04 5.377599550838372525e-71 2.314716472351015877e-10 6.964137302140001621e-04 1.240749549807289819e-02 1.072145931432511295e-04
1.473000000000000000e+03 2.872225629195272983e-04 3.907945257708816636e-71 2.229546384006274217e-10 6.947900969391867469e-04 1.240450372885327709e-02 1.071639286540900725e-04
1.475000000000000000e+03 2.848337292503421488e-04 2.839376734963494330e-71 2.147460503905240027e-10 6.931692516463956602e-04 1.240151083741723552e-02 1.071132568965485785e-04
1.477000000000000000e+03 2.824638668992733906e-04 2.062586195770961984e-71 2.068349006173152844e-10 6.915511925364816511e-04 1.239851682501020083e-02 1.070625779050226228e-04
1.479000000000000000e+03 2.801128325835269199e-04 1.498013530490112401e-71 1.992105906291080217e-10 6.899359177870490779e-04 1.239552169284968003e-02 1.070118917134214821e-04
1.481000000000000000e+03 2.777804840249574166e-04 1.087762063799239689e-71 1.918628929312499754e-10 6.883234255524985296e-04 1.239252544212499606e-02 1.069611983551637096e-04
1.483000000000000000e+03 2.754666799437711358e-04 7.897081575636859964e-72 1.847819382506166760e-10 6.867137139640699765e-04 1.238952807399701546e-02 1.069104978631730694e-04
1.485000000000000000e+03 2.731712800522624173e-04 5.732101630029362474e-72 1.779582032280236337e-10 6.851067811298881989e-04 1.238652958959787255e-02 1.068597902698745520e-04
1.487000000000000000e+03 2.708941450485844566e-04 4.159830918965217736e-72 1.713824985247031140e-10 6.835026251350090820e-04 1.238352999003070401e-02 1.068090756071902135e-04
1.489000000000000000e+03 2.686351366105535769e-04 3.018227768828666448e-72 1.650459573292250444e-10 6.819012440414647189e-04 1.238052927636936265e-02 1.067583539065351507e-04
1.491000000000000000e+03 2.663941173894858114e-04 2.189489525911014470e-72 1.589400242516942423e-10 6.803026358883092727e-04 1.237752744965815548e-02 1.067076251988132726e-04
1.493000000000000000e+03 2.641709510040718108e-04 1.587991802551962496e-72 1.530564445924827719e-10 6.787067986916687405e-04 1.237452451091155398e-02 1.066568895144133971e-04
1.495000000000000000e+03 2.619655020342731653e-04 1.151511169530780238e-72 1.473872539731139409e-10 6.771137304447823711e-04 1.237152046111391658e-02 1.066061468832048200e-04
1.497000000000000000e+03 2.597776360152656170e-04 8.348386717094962490e-73 1.419247683174157215e-10 6.755234291180548141e-04 1.236851530121921630e-02 1.065553973345333838e-04
1.499000000000000000e+03 2.576072194314039032e-04 6.051338615598217078e-73 1.366615741713174158e-10 6.739358926591006811e-04 1.236550903215074236e-02 1.065046408972171688e-04
1.501000000000000000e+03 2.554541197102289368e-04 4.385456762634144293e-73 1.315905193501526397e-10 6.723511189927958284e-04 1.236250165480083825e-02 1.064538775995424268e-04
1.503000000000000000e+03 2.533182052164964547e-04 3.177552088151071554e-73 1.267047039025862357e-10 6.707691060213219177e-04 1.235949317003059988e-02 1.064031074692592177e-04
1.505000000000000000e+03 2.511993452462487090e-04 2.301892164956445315e-73 1.219974713807402364e-10 6.691898516242189999e-04 1.235648357866959979e-02 1.063523305335773025e-04
1.507000000000000000e+03 2.490974100209114735e-04 1.667215368983935341e-73 1.174624004063289950e-10 6.676133536584323526e-04 1.235347288151559218e-02 1.063015468191619289e-04
1.509000000000000000e+03 2.470122706814244446e-04 1.207293468598142585e-73 1.130932965230157516e-10 6.660396099583625702e-04 1.235046107933422850e-02 1.062507563521294268e-04
1.511000000000000000e+03 2.449437992824067697e-04 8.740743835297543907e-74 1.088841843254895624e-10 6.644686183359169553e-04 1.234744817285876942e-02 1.061999591580431012e-04
1.513000000000000000e+03 2.428918687863473500e-04 6.327006895042515943e-74 1.048292998560567032e-10 6.629003765805563560e-04 1.234443416278978300e-02 1.061491552619088421e-04
1.515000000000000000e+03 2.408563530578369122e-04 4.578914912966134021e-74 1.009230832598850668e-10 6.613348824593512192e-04 1.234141904979486719e-02 1.060983446881709090e-04
1.517000000000000000e+03 2.388371268578216280e-04 3.313150503585560462e-74 9.716017169026119810e-11 6.597721337170278861e-04 1.233840283450834616e-02 1.060475274607074994e-04
1.519000000000000000e+03 2.368340658378944924e-04 2.396812467352715413e-74 9.353539245556364462e-11 6.582121280760234528e-04 1.233538551753097200e-02 1.059967036028266021e-04
1.521000000000000000e+03 2.348470465346142117e-04 1.733569336683202289e-74 9.004375639988194941e-11 6.566548632365364025e-04 1.233236709942963673e-02 1.059458731372614428e-04
1.523000000000000000e+03 2.328759463638573242e-04 1.253610495623551192e-74 8.668045150949795632e-11 6.551003368765789727e-04 1.232934758073706699e-02 1.058950360861662563e-04
1.525000000000000000e+03 2.309206436152021679e-04 9.063547863092077932e-75 8.344083673768780256e-11 6.535485466520308227e-04 1.232632696195152915e-02 1.058441924711119768e-04
1.527000000000000000e+03 2.289810174463380028e-04 6.551609780886240806e-75 8.032043604054207983e-11 6.519994901966914011e-04 1.232330524353652396e-02 1.057933423130816161e-04
1.529000000000000000e+03 2.270569478775122960e-04 4.734912470465324594e-75 7.731493261676777810e-11 6.504531651223331799e-04 1.232028242592048996e-02 1.057424856324661034e-04
1.531000000000000000e+03 2.251483157860048687e-04 3.421290831247213486e-75 7.442016334463270182e-11 6.489095690187586833e-04 1.231725850949649294e-02 1.056916224490597582e-04
1.533000000000000000e+03 2.232550029006295279e-04 2.471622271354739559e-75 7.163211340944546005e-11 6.473686994538505783e-04 1.231423349462192930e-02 1.056407527820558186e-04
1.535000000000000000e+03 2.213768917962722076e-04 1.785205574982200793e-75 6.894691111520413110e-11 6.458305539736308720e-04 1.231120738161821382e-02 1.055898766500421449e-04
1.537000000000000000e+03 2.195138658884539934e-04 1.289164552668027300e-75 6.636082287421402494e-11 6.442951301023131698e-04 1.230818017077047431e-02 1.055389940709966116e-04
1.539000000000000000e+03 2.176658094279259681e-04 9.307700918709797272e-76 6.387024836871552142e-11 6.427624253423597049e-04 1.230515186232723941e-02 1.054881050622827028e-04
1.541000000000000000e+03 2.158326074952947944e-04 6.718779404233546915e-76 6.147171587873359416e-11 6.412324371745374996e-04 1.230212245650014018e-02 1.054372096406450132e-04
1.543000000000000000e+03 2.140141459956771916e-04 4.849000132472795082e-76 5.916187777056346996e-11 6.397051630579766958e-04 1.229909195346358224e-02 1.053863078222047888e-04
1.545000000000000000e+03 2.122103116533821134e-04 3.498870045397743458e-76 5.693750614048240413e-11 6.381806004302236802e-04 1.229606035335444568e-02 1.053353996224553598e-04
1.547000000000000000e+03 2.104209920066253442e-04 2.524161745657613826e-76 5.479548860846378392e-11 6.366587467073024512e-04 1.229302765627176587e-02 1.052844850562576146e-04
1.549000000000000000e+03 2.086460754022729613e-04 1.820623937863814389e-76 5.273282425683558985e-11 6.351395992837715384e-04 1.228999386227641946e-02 1.052335641378355672e-04
1.551000000000000000e+03 2.068854509906103848e-04 1.312916063847302037e-76 5.074661970898764970e-11 6.336231555327809239e-04 1.228695897139080867e-02 1.051826368807716282e-04
1.553000000000000000e+03 2.051390087201451187e-04 9.466016667873260051e-77 4.883408534340851649e-11 6.321094128061328660e-04 1.228392298359854036e-02 1.051317032980021997e-04
1.555000000000000000e+03 2.034066393324366251e-04 6.823561324165489936e-77 4.699253163847273091e-11 6.305983684343406627e-04 1.228088589884411379e-02 1.050807634018130000e-04
1.557000000000000000e+03 2.016882343569525158e-04 4.917772165098773247e-77 4.521936564355556562e-11 6.290900197266882828e-04 1.227784771703259274e-02 1.050298172038345367e-04
1.559000000000000000e+03 1.999836861059580036e-04 3.543554524236241632e-77 4.351208757220482832e-11 6.275843639712902142e-04 1.227480843802928635e-02 1.049788647150374181e-04
1.561000000000000000e+03 1.982928876694281474e-04 2.552837556612175375e-77 4.186828751322942597e-11 6.260813984351519621e-04 1.227176806165942990e-02 1.049279059457278532e-04
1.563000000000000000e+03 1.966157329099958500e-04 1.838740836141014505e-77 4.028564225571509473e-11 6.245811203642335835e-04 1.226872658770785524e-02 1.048769409055429490e-04
1.565000000000000000e+03 1.949521164579209160e-04 1.324131369668481663e-77 3.876191222409092694e-11 6.230835269835085588e-04 1.226568401591867502e-02 1.048259696034460761e-04
1.567000000000000000e+03 1.933019337060896026e-04 9.533552666378708755e-78 3.729493851951907034e-11 6.215886154970263512e-04 1.226264034599493929e-02 1.047749920477222330e-04
1.569000000000000000e+03 1.916650808050440410e-04 6.862645043783789084e-78 3.588264006399170220e-11 6.200963830879753979e-04 1.225959557759832320e-02 1.047240082459733170e-04
1.571000000000000000e+03 1.900414546580403343e-04 4.939025857123268456e-78 3.452301084364512559e-11 6.186068269187482713e-04 1.225654971034879741e-02 1.046730182051136510e-04
1.573000000000000000e+03 1.884309529161269029e-04 3.553890023230563018e-78 3.321411724790259093e-11 6.171199441310005508e-04 1.225350274382428460e-02 1.046220219313650108e-04
1.575000000000000000e+03 1.868334739732594764e-04 2.556698471514138991e-78 3.195409550120039977e-11 6.156357318457177184e-04 1.225045467756034033e-02 1.045710194302521109e-04
1.577000000000000000e+03 1.852489169614393680e-04 1.838941028830747775e-78 3.074114918412534389e-11 6.141541871632803188e-04 1.224740551104981645e-02 1.045200107065978487e-04
1.579000000000000000e+03 1.836771817458780960e-04 1.322418067677635467e-78 2.957354684092074759e-11 6.126753071635265184e-04 1.224435524374252980e-02 1.044689957645185603e-04
1.581000000000000000e+03 1.821181689201919281e-04 9.507850462716852889e-79 2.844961967041058902e-11 6.111990889058191087e-04 1.224130387504491872e-02 1.044179746074193723e-04
1.583000000000000000e+03 1.805717798016201979e-04 6.834526336464828190e-79 2.736775929749007603e-11 6.097255294291095825e-04 1.223825140431971520e-02 1.043669472379892552e-04
1.585000000000000000e+03 1.790379164262762826e-04 4.911870654277103171e-79 2.632641562243316396e-11 6.082546257520078485e-04 1.223519783088561005e-02 1.043159136581965645e-04
1.587000000000000000e+03 1.775164815444166592e-04 3.529374579797561966e-79 2.532409474534267235e-11 6.067863748728442473e-04 1.223214315401689560e-02 1.042648738692839451e-04
1.589000000000000000e+03 1.760073786157453609e-04 2.535483699875707746e-79 2.435935696318375240e-11 6.053207737697406752e-04 1.222908737294314992e-02 1.042138278717638042e-04
1.591000000000000000e+03 1.745105118047402795e-04 1.821109396659250376e-79 2.343081483690138535e-11 6.038578194006769375e-04 1.222603048684888123e-02 1.041627756654134199e-04
1.593000000000000000e+03 1.730257859760055703e-04 1.307745677031775420e-79 2.253713132622283273e-11 6.023975087035576435e-04 1.222297249487318618e-02 1.041117172492701288e-04
1.595000000000000000e+03 1.715531066896556339e-04 9.389068263233412544e-80 2.167701798982358842e-11 6.009398385962846315e-04 1.221991339610941328e-02 1.040606526216265838e-04
1.597000000000000000e+03 1.700923801967173406e-04 6.739591035159323926e-80 2.084923324860404817e-11 5.994848059768231050e-04 1.221685318960480902e-02 1.040095817800258470e-04
1.599000000000000000e+03 1.686435134345612289e-04 4.836779963610713098e-80 2.005258070991364147e-11 5.980324077232678772e-04 1.221379187436017616e-02 1.039585047212565388e-04
1.601000000000000000e+03 1.672064140223679688e-04 3.470489626069556322e-80 1.928590755062806269e-11 5.965826406939233858e-04 1.221072944932953021e-02 1.039074214413481618e-04
1.603000000000000000e+03 1.657809902566039319e-04 2.489640810457384764e-80 1.854810295703950592e-11 5.951355017273649494e-04 1.220766591341974905e-02 1.038563319355660864e-04
1.605000000000000000e+03 1.643671511065354131e-04 1.785640596089981778e-80 1.783809661961839743e-11 5.936909876425141208e-04 1.220460126549021557e-02 1.038052361984067261e-04
1.607000000000000000e+03 1.629648062097637776e-04 1.280450242261996156e-80 1.715485728074366461e-11 5.922490952387100263e-04 1.220153550435247938e-02 1.037541342235926860e-04
1.609000000000000000e+03 1.615738658677863310e-04 9.179997129621040086e-81 1.649739133357781469e-11 5.908098212957804901e-04 1.219846862876989603e-02 1.037030260040678698e-04
1.611000000000000000e+03 1.601942410415820711e-04 6.580114469655276836e-81 1.586474147031865710e-11 5.893731625741145674e-04 1.219540063745728001e-02 1.036519115319925878e-04
1.613000000000000000e+03 1.588258433472259008e-04 4.715581941897826662e-81 1.525598537812317637e-11 5.879391158147384382e-04 1.219233152908054743e-02 1.036007907987387321e-04
1.615000000000000000e+03 1.574685850515225452e-04 3.378687020464627051e-81 1.467023448105092952e-11 5.865076777393839289e-04 1.218926130225635694e-02 1.035496637948846399e-04
1.617000000000000000e+03 1.561223790676699065e-04 2.420311840894950200e-81 1.410663272643782166e-11 5.850788450505669007e-04 1.218618995555176450e-02 1.034985305102104590e-04
1.619000000000000000e+03 1.547871389509451311e-04 1.733425790432717543e-81 1.356435541415873578e-11 5.836526144316588061e-04 1.218311748748385215e-02 1.034473909336929703e-04
1.621000000000000000e+03 1.534627788944194096e-04 1.241222437223997824e-81 1.304260806729392240e-11 5.822289825469658363e-04 1.218004389651938107e-02 1.033962450535008584e-04
1.623000000000000000e+03 1.521492137246897977e-04 8.885958557200907202e-82 1.254062534275872379e-11 5.808079460417993941e-04 1.217696918107442558e-02 1.033450928569896424e-04
1.625000000000000000e+03 1.508463588976429403e-04 6.360175731976907829e-82 1.205766998051495354e-11 5.793895015425557828e-04 1.217389333951400879e-02 1.032939343306966891e-04
1.627000000000000000e+03 1.495541304942393410e-04 4.551389203920531308e-82 1.159303179001868070e-11 5.779736456567910160e-04 1.217081637015175570e-02 1.032427694603363746e-04
1.629000000000000000e+03 1.482724452163227584e-04 3.256332330899866967e-82 1.114602667261139765e-11 5.765603749732974709e-04 1.216773827124950462e-02 1.031915982307949611e-04
1.631000000000000000e+03 1.470012203824563272e-04 2.329288112211959525e-82 1.071599567860507031e-11 5.751496860621849866e-04 1.216465904101697235e-02 1.031404206261257186e-04
1.633000000000000000e+03 1.457403739237773011e-04 1.665817022715642529e-82 1.030230409784929626e-11 5.737415754749535055e-04 1.216157867761136560e-02 1.030892366295439505e-04
1.635000000000000000e+03 1.444898243798812588e-04 1.191079716254204929e-82 9.904340582618243081e-12 5.723360397445752560e-04 1.215849717913702367e-02 1.030380462234218713e-04
1.637000000000000000e+03 1.432494908947285904e-04 8.514588378252219689e-83 9.521516301687161974e-12 5.709330753855747665e-04 1.215541454364505412e-02 1.029868493892837679e-04
1.639000000000000000e+03 1.420192932125694690e-04 6.085491048818240896e-83 9.153264124509572445e-12 5.695326788941020490e-04 1.215233076913294942e-02 1.029356461078007685e-04
1.641000000000000000e+03 1.407991516739041948e-04 4.348471044852300032e-83 8.799037834448493966e-12 5.681348467480217207e-04 1.214924585354424345e-02 1.028844363587860317e-04
1.643000000000000000e+03 1.395889872114548151e-04 3.106607323415745282e-83 8.458311370039156457e-12 5.667395754069866213e-04 1.214615979476811602e-02 1.028332201211896096e-04
1.645000000000000000e+03 1.383887213461675351e-04 2.218936135348474548e-83 8.130578093308824135e-12 5.653468613125228141e-04 1.214307259063902855e-02 1.027819973730934472e-04
1.647000000000000000e+03 1.371982761832347530e-04 1.584571134073113379e-83 7.815350084203014654e-12 5.639567008881074322e-04 1.213998423893635457e-02 1.027307680917062462e-04
1.649000000000000000e+03 1.360175744081444714e-04 1.131324014469448911e-83 7.512157460206350462e-12 5.625690905392550893e-04 1.213689473738400505e-02 1.026795322533585449e-04
1.651000000000000000e+03 1.348465392827467846e-04 8.075518733633751691e-84 7.220547720271785398e-12 5.611840266535958336e-04 1.213380408365004499e-02 1.026282898334975415e-04
1.653000000000000000e+03 1.336850946413505070e-04 5.763175373107063587e-84 6.940085112209225994e-12 5.598015056009635103e-04 1.213071227534633263e-02 1.025770408066821340e-04
1.655000000000000000e+03 1.325331648868351424e-04 4.112075200869311535e-84 6.670350022705949231e-12 5.584215237334736077e-04 1.212761931002812564e-02 1.025257851465777157e-04
1.657000000000000000e+03 1.313906749867934829e-04 2.933377039940638190e-84 6.410938389188149233e-12 5.570440773856133541e-04 1.212452518519371338e-02 1.024745228259512422e-04
1.659000000000000000e+03 1.302575504696888980e-04 2.092098715358074678e-84 6.161461132751383226e-12 5.556691628743203222e-04 1.212142989828403350e-02 1.024232538166659729e-04
1.661000000000000000e+03 1.291337174210420869e-04 1.491776344596701724e-84 5.921543611422659750e-12 5.542967764990723101e-04 1.211833344668229208e-02 1.023719780896765384e-04
1.663000000000000000e+03 1.280191024796358565e-04 1.063487353991360352e-84 5.690825093035711054e-12 5.529269145419706075e-04 1.211523582771358194e-02 1.023206956150237356e-04
1.665000000000000000e+03 1.269136328337441301e-04 7.579975867587237570e-85 5.468958247029700598e-12 5.515595732678267322e-04 1.211213703864450278e-02 1.022694063618294732e-04
1.667000000000000000e+03 1.258172362173826412e-04 5.401445525609743149e-85 5.255608654504049010e-12 5.501947489242491659e-04 1.210903707668277082e-02 1.022181102982915941e-04
1.669000000000000000e+03 1.247298409065811481e-04 3.848209126576556166e-85 5.050454335884861830e-12 5.488324377417287897e-04 1.210593593897683895e-02 1.021668073916787666e-04
1.671000000000000000e+03 1.236513757156807206e-04 2.741028913259149492e-85 4.853185295582465320e-12 5.474726359337307160e-04 1.210283362261551331e-02 1.021154976083254833e-04
1.673000000000000000e+03 1.225817699936488357e-04 1.951976797859171787e-85 4.663503083037637502e-12 5.461153396967790728e-04 1.209973012462756473e-02 1.020641809136267890e-04
1.675000000000000000e+03 1.215209536204173076e-04 1.389765614021535559e-85 4.481120369578932924e-12 5.447605452105451496e-04 1.209662544198133322e-02 1.020128572720331177e-04
1.677000000000000000e+03 1.204688570032452918e-04 9.892684065524555708e-86 4.305760540531414925e-12 5.434082486379403134e-04 1.209351957158435846e-02 1.019615266470452910e-04
1.679000000000000000e+03 1.194254110730992417e-04 7.040316296256257812e-86 4.137157302035868566e-12 5.420584461252017693e-04 1.209041251028296696e-02 1.019101890012092467e-04
1.681000000000000000e+03 1.183905472810563531e-04 5.009281522649538718e-86 3.975054302058169322e-12 5.407111338019842837e-04 1.208730425486189211e-02 1.018588442961109429e-04
1.683000000000000000e+03 1.173641975947313179e-04 3.563393037850548111e-86 3.819204765085907601e-12 5.393663077814522333e-04 1.208419480204389086e-02 1.018074924923711267e-04
1.685000000000000000e+03 1.163462944947214154e-04 2.534292920453014752e-86 3.669371140025610607e-12 5.380239641603700275e-04 1.208108414848933776e-02 1.017561335496403063e-04
1.687000000000000000e+03 1.153367709710732733e-04 1.801998660668596962e-86 3.525324760832784043e-12 5.366840990191916634e-04 1.207797229079583465e-02 1.017047674265934246e-04
1.689000000000000000e+03 1.143355605197732104e-04 1.281021617470909711e-86 3.386845519422359595e-12 5.353467084221573283e-04 1.207485922549782209e-02 1.016533940809248045e-04
1.691000000000000000e+03 1.133425971392555231e-04 9.104635473048423603e-87 3.253721550422290727e-12 5.340117884173831717e-04 1.207174494906617691e-02 1.016020134693429038e-04
1.693000000000000000e+03 1.123578153269327401e-04 6.469527149718321264e-87 3.125748927349531678e-12 5.326793350369553055e-04 1.206862945790781842e-02 1.015506255475651380e-04
1.695000000000000000e+03 1.113811500757472359e-04 4.596064890868984708e-87 3.002731369801621059e-12 5.313493442970233707e-04 1.206551274836530942e-02 1.014992302703126903e-04
1.697000000000000000e+03 1.104125368707432008e-04 3.264398399823443907e-87 2.884479961271318744e-12 5.300218121978960556e-04 1.206239481671646241e-02 1.014478275913053201e-04
1.699000000000000000e+03 1.094519116856589253e-04 2.318052713410117012e-87 2.770812877205480030e-12 5.286967347241344458e-04 1.205927565917393023e-02 1.013964174632561732e-04
1.701000000000000000e+03 1.084992109795399561e-04 1.645683660647222100e-87 2.661555122942973708e-12 5.273741078446488430e-04 1.205615527188481743e-02 1.013449998378666177e-04
1.703000000000000000e+03 1.075543716933726889e-04 1.168078559296132824e-87 2.556538281178674198e-12 5.260539275127945006e-04 1.205303365093027268e-02 1.012935746658209454e-04
1.705000000000000000e+03 1.066173312467367585e-04 8.288961781164462800e-88 2.455600268613183308e-12 5.247361896664664909e-04 1.204991079232508276e-02 1.012421418967812350e-04
1.707000000000000000e+03 1.056880275344810244e-04 5.880717980917381291e-88 2.358585101460395801e-12 5.234208902281996690e-04 1.204678669201728232e-02 1.011907014793821347e-04
1.709000000000000000e+03 1.047663989234148970e-04 4.171213657867834007e-88 2.265342669495128420e-12 5.221080251052624558e-04 1.204366134588772883e-02 1.011392533612256035e-04
1.711000000000000000e+03 1.038523842490244930e-04 2.957986043582058168e-88 2.175728518336102139e-12 5.207975901897583196e-04 1.204053474974972268e-02 1.010877974888757346e-04
1.713000000000000000e+03 1.029459228122042941e-04 2.097157930123059193e-88 2.089603639668321075e-12 5.194895813587209693e-04 1.203740689934857701e-02 1.010363338078534558e-04
1.715000000000000000e+03 1.020469543760135935e-04 1.486507866334044850e-88 2.006834269121174765e-12 5.181839944742169194e-04 1.203427779036122906e-02 1.009848622626314477e-04
1.717000000000000000e+03 1.011554191624473490e-04 1.053426084295228600e-88 1.927291691526622452e-12 5.168808253834431769e-04 1.203114741839582565e-02 1.009333827966288040e-04
1.719000000000000000e+03 1.002712578492297635e-04 7.463480884460504372e-89 1.850852053293381952e-12 5.155800699188270962e-04 1.202801577899131023e-02 1.008818953522058000e-04
1.721000000000000000e+03 9.939441156662632388e-05 5.286631001524836959e-89 1.777396181641042462e-12 5.142817238981263429e-04 1.202488286761701705e-02 1.008303998706586613e-04
1.723000000000000000e+03 9.852482189427652138e-05 3.743833281483766897e-89 1.706809410447868236e-12 5.129857831245324346e-04 1.202174867967226168e-02 1.007788962922143600e-04
1.725000000000000000e+03 9.766243085804553160e-05 2.650657655483832489e-89 1.638981412474089372e-12 5.116922433867717888e-04 1.201861321048593167e-02 1.007273845560254779e-04
1.727000000000000000e+03 9.680718092689138531e-05 1.876247479113962849e-89 1.573806037731070431e-12 5.104011004592050359e-04 1.201547645531606846e-02 1.006758646001646096e-04
1.729000000000000000e+03 9.595901500975866148e-05 1.327778543281544860e-89 1.511181157775844389e-12 5.091123501019342466e-04 1.201233840934945452e-02 1.006243363616195918e-04
1.731000000000000000e+03 9.511787645248311713e-05 9.394202357814640264e-90 1.451008515716185702e-12 5.078259880609013776e-04 1.200919906770120567e-02 1.005727997762878925e-04
1.733000000000000000e+03 9.428370903472255496e-05 6.644963647801724440e-90 1.393193581721558069e-12 5.065420100679971253e-04 1.200605842541435306e-02 1.005212547789715427e-04
1.735000000000000000e+03 9.345645696689949518e-05 4.699194612436176809e-90 1.337645413840058480e-12 5.052604118411598054e-04 1.200291647745941985e-02 1.004697013033717693e-04
1.737000000000000000e+03 9.263606488717036967e-05 3.322401103474333826e-90 1.284276523930840654e-12 5.039811890844863749e-04 1.199977321873402052e-02 1.004181392820839401e-04
1.739000000000000000e+03 9.182247785840431129e-05 2.348433055200981813e-90 1.233002748526010464e-12 5.027043374883300103e-04 1.199662864406242715e-02 1.003665686465920478e-04
1.741000000000000000e+03 9.101564136518982076e-05 1.659592548560695423e-90 1.183743124444941361e-12 5.014298527294138406e-04 1.199348274819516010e-02 1.003149893272637093e-04
1.743000000000000000e+03 9.021550131085269571e-05 1.172523650031106401e-90 1.136419768987959815e-12 5.001577304709318864e-04 1.199033552580856810e-02 1.002634012533446905e-04
1.745000000000000000e+03 8.942200401449617230e-05 8.282057856915280046e-91 1.090957764544291610e-12 4.988879663626588894e-04 1.198718697150440680e-02 1.002118043529538511e-04
1.747000000000000000e+03 8.863509620805726209e-05 5.848588808631215955e-91 1.047285047453959929e-12 4.976205560410548300e-04 1.198403707980941375e-02 1.001601985530776963e-04
1.749000000000000000e+03 8.785472503338486784e-05 4.129141445073667371e-91 1.005332300969726928e-12 4.963554951293784427e-04 1.198088584517490243e-02 1.001085837795653356e-04
1.751000000000000000e+03 8.708083803932954096e-05 2.914499141767429704e-91 9.650328521697482711e-13 4.950927792377884809e-04 1.197773326197631646e-02 1.000569599571230210e-04
1.753000000000000000e+03 8.631338317885802651e-05 2.056663584015628881e-91 9.263225726782337796e-13 4.938324039634577750e-04 1.197457932451282715e-02 1.000053270093089971e-04
1.755000000000000000e+03 8.555230880618149621e-05 1.450966514939497255e-91 8.891397830552095660e-13 4.925743648906807850e-04 1.197142402700689459e-02 9.995368485852824253e-05
1.757000000000000000e+03 8.479756367390387992e-05 1.023401319977862378e-91 8.534251607222858336e-13 4.913186575909854904e-04 1.196826736360385481e-02 9.990203342602715746e-05
1.759000000000000000e+03 8.404909693018513194e-05 7.216533777045992676e-92 8.191216512955935364e-13 4.900652776232404008e-04 1.196510932837148086e-02 9.985037263188838662e-05
1.761000000000000000e+03 8.330685811592666932e-05 5.087507418673153320e-92 7.861743832021918619e-13 4.888142205337704573e-04 1.196194991529957695e-02 9.979870239502550665e-05
1.763000000000000000e+03 8.257079716196937327e-05 3.585707230819581963e-92 7.545305854599040714e-13 4.875654818564654526e-04 1.195878911829952387e-02 9.974702263317775412e-05
1.765000000000000000e+03 8.184086438631219050e-05 2.526606403787336061e-92 7.241395085056615517e-13 4.863190571128923000e-04 1.195562693120387661e-02 9.969533326290486207e-05
1.767000000000000000e+03 8.111701049134732277e-05 1.779889239234968644e-92 6.949523479609828525e-13 4.850749418124089291e-04 1.195246334776591673e-02 9.964363419958166611e-05
1.769000000000000000e+03 8.039918656111211324e-05 1.253546944535369094e-92 6.669221712274192526e-13 4.838331314522769885e-04 1.194929836165923437e-02 9.959192535739296796e-05
1.771000000000000000e+03 7.968734405856023155e-05 8.826328456560071756e-93 6.400038468086967064e-13 4.825936215177767169e-04 1.194613196647729796e-02 9.954020664932827713e-05
1.773000000000000000e+03 7.898143482284561184e-05 6.213138527254853478e-93 6.141539762596858453e-13 4.813564074823180198e-04 1.194296415573301018e-02 9.948847798717640341e-05
1.775000000000000000e+03 7.828141106662986381e-05 4.372532699830469971e-93 5.893308286665571741e-13 4.801214848075610869e-04 1.193979492285829509e-02 9.943673928152051025e-05
1.777000000000000000e+03 7.758722537339892648e-05 3.076421066710665736e-93 5.654942775649430809e-13 4.788888489435241076e-04 1.193662426120365057e-02 9.938499044173250397e-05
1.779000000000000000e+03 7.689883069480444189e-05 2.163957704029430975e-93 5.426057402074534360e-13 4.776584953287073038e-04 1.193345216403772502e-02 9.933323137596808709e-05
1.781000000000000000e+03 7.621618034801556419e-05 1.521744128830432179e-93 5.206281190939335586e-13 4.764304193902035183e-04 1.193027862454687678e-02 9.928146199116140512e-05
1.783000000000000000e+03 7.553922801309020300e-05 1.069852652669222060e-93 4.995257456818185847e-13 4.752046165438167727e-04 1.192710363583473869e-02 9.922968219301969326e-05
1.785000000000000000e+03 7.486792773036416977e-05 7.519610627061748517e-94 4.792643261965944983e-13 4.739810821941816375e-04 1.192392719092179483e-02 9.917789188601824847e-05
1.787000000000000000e+03 7.420223389785298210e-05 5.283909514065559849e-94 4.598108894650633131e-13 4.727598117348781582e-04 1.192074928274492601e-02 9.912609097339496775e-05
1.789000000000000000e+03 7.354210126867433573e-05 3.711962681313926645e-94 4.411337366973845374e-13 4.715408005485532852e-04 1.191756990415698998e-02 9.907427935714537438e-05
1.791000000000000000e+03 7.288748494848415612e-05 2.606991493362631676e-94 4.232023931460596754e-13 4.703240440070391068e-04 1.191438904792637560e-02 9.902245693801712916e-05
1.793000000000000000e+03 7.223834039292961783e-05 1.830471527304864377e-94 4.059875615729043364e-13 4.691095374714717315e-04 1.191120670673656394e-02 9.897062361550498886e-05
1.795000000000000000e+03 7.159462340511841335e-05 1.284911618415916993e-94 3.894610774574725207e-13 4.678972762924121765e-04 1.190802287318569463e-02 9.891877928784546651e-05
1.797000000000000000e+03 7.095629013310313299e-05 9.017164807616894691e-95 3.735958658827679166e-13 4.666872558099653592e-04 1.190483753978611829e-02 9.886692385201161371e-05
1.799000000000000000e+03 7.032329706738529602e-05 6.326343743889816717e-95 3.583659000365436952e-13 4.654794713539056475e-04 1.190165069896396456e-02 9.881505720370793841e-05
1.801000000000000000e+03 6.969560103843014235e-05 4.437323997537377842e-95 3.437461612684035265e-13 4.642739182437947672e-04 1.189846234305870151e-02 9.876317923736501099e-05
1.803000000000000000e+03 6.907315921420073676e-05 3.111534468191599485e-95 3.297126006455180903e-13 4.630705917891063763e-04 1.189527246432269154e-02 9.871128984613440919e-05
1.805000000000000000e+03 6.845592909770535444e-05 2.181286707848395738e-95 3.162421019514732769e-13 4.618694872893452192e-04 1.189208105492073689e-02 9.865938892188333778e-05
1.807000000000000000e+03 6.784386852456427384e-05 1.528745126315154608e-95 3.033124460750873135e-13 4.606706000341759841e-04 1.188888810692966154e-02 9.860747635518957339e-05
1.809000000000000000e+03 6.723693566058890232e-05 1.071127438056667519e-95 2.909022767376470168e-13 4.594739253035447875e-04 1.188569361233785503e-02 9.855555203533630110e-05
1.811000000000000000e+03 6.663508899937593149e-05 7.502922403908784264e-96 2.789910675091331725e-13 4.582794583678016353e-04 1.188249756304481965e-02 9.850361585030669332e-05
1.813000000000000000e+03 6.603828735992089982e-05 5.254150854499742451e-96 2.675590900657901641e-13 4.570871944878297679e-04 1.187929995086074719e-02 9.845166768677903097e-05
1.815000000000000000e+03 6.544648988424179767e-05 3.678382678603619480e-96 2.565873836429038846e-13 4.558971289151669284e-04 1.187610076750605405e-02 9.839970743012120113e-05
1.817000000000000000e+03 6.485965603502255388e-05 2.574501082059765871e-96 2.460577256386607418e-13 4.547092568921340026e-04 1.187290000461094230e-02 9.834773496438576387e-05
1.819000000000000000e+03 6.427774559326962761e-05 1.801401637871058427e-96 2.359526033262979235e-13 4.535235736519625761e-04 1.186969765371496087e-02 9.829575017230472104e-05
1.821000000000000000e+03 6.370071865598249156e-05 1.260111089301886936e-96 2.262551866334106339e-13 4.523400744189190752e-04 1.186649370626654577e-02 9.824375293528424431e-05
1.823000000000000000e+03 6.312853563384169284e-05 8.812262292311312932e-97 2.169493019488804365e-13 4.511587544084344915e-04 1.186328815362258302e-02 9.819174313339959297e-05
1.825000000000000000e+03 6.256115724891107616e-05 6.160923118756607070e-97 2.080194069191641413e-13 4.499796088272344863e-04 1.186008098704795580e-02 9.813972064539007239e-05
1.827000000000000000e+03 6.199854453235282778e-05 4.306093361471392669e-97 1.994505661971642696e-13 4.488026328734644535e-04 1.185687219771509350e-02 9.808768534865365367e-05
1.829000000000000000e+03 6.144065882215981244e-05 3.008845257135000141e-97 1.912284281082953444e-13 4.476278217368207077e-04 1.185366177670353280e-02 9.803563711924198631e-05
1.831000000000000000e+03 6.088746176090241831e-05 2.101815055269914218e-97 1.833392021995738917e-13 4.464551705986829740e-04 1.185044971499945622e-02 9.798357583185527536e-05
1.833000000000000000e+03 6.033891529348735521e-05 1.467799884618723349e-97 1.757696376387994427e-13 4.452846746322393964e-04 1.184723600349524460e-02 9.793150135983700948e-05
1.835000000000000000e+03 5.979498166493466747e-05 1.024746326460378502e-97 1.685070024322357499e-13 4.441163290026224966e-04 1.184402063298903122e-02 9.787941357516900072e-05
1.837000000000000000e+03 5.925562341816688312e-05 7.152247281268274473e-98 1.615390634301832794e-13 4.429501288670393330e-04 1.184080359418424912e-02 9.782731234846619387e-05
1.839000000000000000e+03 5.872080339181281322e-05 4.990508017423551504e-98 1.548540670910702657e-13 4.417860693749025257e-04 1.183758487768917650e-02 9.777519754897155723e-05
1.841000000000000000e+03 5.819048471802583904e-05 3.481148329200122461e-98 1.484407209757450760e-13 4.406241456679636684e-04 1.183436447401648231e-02 9.772306904455098679e-05
1.843000000000000000e+03 5.766463082031768957e-05 2.427589657940200582e-98 1.422881759446908973e-13 4.394643528804478231e-04 1.183114237358278385e-02 9.767092670168823760e-05
1.845000000000000000e+03 5.714320541140386082e-05 1.692397778257632886e-98 1.363860090318408170e-13 4.383066861391860100e-04 1.182791856670817841e-02 9.761877038547981452e-05
1.847000000000000000e+03 5.662617249106509479e-05 1.179514993761680719e-98 1.307242069697370525e-13 4.371511405637494856e-04 1.182469304361580612e-02 9.756659995962991703e-05
1.849000000000000000e+03 5.611349634402238384e-05 8.218220037279229584e-99 1.252931503416094524e-13 4.359977112665857561e-04 1.182146579443138328e-02 9.751441528644537069e-05
1.851000000000000000e+03 5.560514153782466704e-05 5.724331374849089074e-99 1.200835983369018941e-13 4.348463933531522053e-04 1.181823680918274617e-02 9.746221622683049065e-05
1.853000000000000000e+03 5.510107292075380601e-05 3.986060517927057634e-99 1.150866740876551672e-13 4.336971819220561733e-04 1.181500607779941564e-02 9.741000264028227054e-05
1.855000000000000000e+03 5.460125561973783453e-05 2.774818243456305858e-99 1.102938505638905898e-13 4.325500720651857117e-04 1.181177359011211306e-02 9.735777438488498858e-05
1.857000000000000000e+03 5.410565503828291064e-05 1.931061620261463814e-99 1.056969370071052223e-13 4.314050588678504752e-04 1.180853933585232322e-02 9.730553131730539638e-05
1.859000000000000000e+03 5.361423685441766261e-05 1.343470276682900020e-99 1.012880658816186206e-13 4.302621374089210960e-04 1.180530330465183811e-02 9.725327329278779943e-05
1.861000000000000000e+03 5.312696701864825480e-05 9.343933234833809694e-100 9.705968032429464653e-14 4.291213027609625408e-04 1.180206548604228502e-02 9.720100016514877158e-05
1.863000000000000000e+03 5.264381175193038080e-05 6.496815215475020211e-100 9.300452207396255213e-14 4.279825499903760870e-04 1.179882586945469117e-02 9.714871178677230324e-05
1.865000000000000000e+03 5.216473754365415845e-05 4.515853146096445779e-100 8.911561986244512125e-14 4.268458741575403771e-04 1.179558444421900491e-02 9.709640800860490893e-05
1.867000000000000000e+03 5.168971114963932486e-05 3.137957030825617943e-100 8.538627824980555748e-14 4.257112703169464566e-04 1.179234119956364991e-02 9.704408868015040955e-05
1.869000000000000000e+03 5.121869959014772438e-05 2.179824016346894306e-100 8.181006688713298869e-14 4.245787335173426230e-04 1.178909612461506544e-02 9.699175364946516188e-05
1.871000000000000000e+03 5.075167014790664546e-05 1.513779082129275741e-100 7.838081019069928149e-14 4.234482588018741796e-04 1.178584920839724319e-02 9.693940276315300350e-05
1.873000000000000000e+03 5.028859036614469349e-05 1.050919748690596445e-100 7.509257741198988586e-14 4.223198412082230266e-04 1.178260043983126761e-02 9.688703586636029257e-05
1.875000000000000000e+03 4.982942804664388612e-05 7.293600125381639244e-101 7.193967308869329409e-14 4.211934757687546787e-04 1.177934980773486656e-02 9.683465280277108313e-05
1.877000000000000000e+03 4.937415124780065930e-05 5.060332303951714984e-101 6.891662786221263120e-14 4.200691575106568266e-04 1.177609730082193953e-02 9.678225341460208351e-05
1.879000000000000000e+03 4.892272828270183532e-05 3.509782149685803752e-101 6.601818964789234201e-14 4.189468814560826679e-04 1.177284290770210136e-02 9.672983754259773686e-05
1.881000000000000000e+03 4.847512771721427892e-05 2.433574567931739379e-101 6.323931514461523779e-14 4.178266426222980337e-04 1.176958661688022080e-02 9.667740502602545057e-05
1.883000000000000000e+03 4.803131836808588332e-05 1.686832115572762276e-101 6.057516167091663200e-14 4.167084360218251539e-04 1.176632841675596952e-02 9.662495570267064964e-05
1.885000000000000000e+03 4.759126930105768281e-05 1.168856228226433187e-101 5.802107931525175454e-14 4.155922566625819769e-04 1.176306829562333810e-02 9.657248940883166738e-05
1.887000000000000000e+03 4.715494982899392254e-05 8.096767735836706632e-102 5.557260338856282479e-14 4.144780995480380238e-04 1.175980624167020060e-02 9.652000597931532726e-05
1.889000000000000000e+03 4.672232951001784062e-05 5.606901580110555232e-102 5.322544716760895159e-14 4.133659596773512691e-04 1.175654224297783580e-02 9.646750524743173878e-05
1.891000000000000000e+03 4.629337814566496690e-05 3.881451447691037814e-102 5.097549491810582924e-14 4.122558320455196033e-04 1.175327628752046751e-02 9.641498704498956758e-05
1.893000000000000000e+03 4.586806577904654545e-05 2.686115350499124007e-102 4.881879518701137647e-14 4.111477116435267669e-04 1.175000836316480828e-02 9.636245120229122436e-05
1.895000000000000000e+03 4.544636269302671969e-05 1.858291031094830492e-102 4.675155435375662721e-14 4.100415934584932713e-04 1.174673845766959282e-02 9.630989754812813500e-05
1.897000000000000000e+03 4.502823940840906195e-05 1.285170250749969195e-102 4.477013043056238677e-14 4.089374724738188086e-04 1.174346655868511308e-02 9.625732590977572614e-05
1.899000000000000000e+03 4.461366668213880362e-05 8.885149540406399982e-103 4.287102710240271187e-14 4.078353436693362083e-04 1.174019265375275331e-02 9.620473611298883086e-05
1.901000000000000000e+03 4.420261550551585314e-05 6.140804072039967318e-103 4.105088799747047996e-14 4.067352020214613285e-04 1.173691673030454255e-02 9.615212798199694534e-05
1.903000000000000000e+03 4.379505710241805968e-05 4.242691300162977923e-103 3.930649117937365315e-14 4.056370425033394228e-04 1.173363877566267061e-02 9.609950133949930924e-05
1.905000000000000000e+03 4.339096292753897807e-05 2.930303364183598946e-103 3.763474385263169909e-14 4.045408600849986097e-04 1.173035877703902836e-02 9.604685600666023010e-05
1.907000000000000000e+03 4.299030466463674670e-05 2.023195964923518595e-103 3.603267727332839162e-14 4.034466497335015517e-04 1.172707672153475850e-02 9.599419180310448903e-05
1.909000000000000000e+03 4.259305422479432257e-05 1.396422330637790161e-103 3.449744185709784501e-14 4.023544064130975153e-04 1.172379259613977320e-02 9.594150854691250248e-05
1.911000000000000000e+03 4.219918374469112070e-05 9.634924911881414392e-104 3.302630247691297488e-14 4.012641250853714488e-04 1.172050638773230145e-02 9.588880605461564657e-05
1.913000000000000000e+03 4.180866558488744036e-05 6.645563886460635168e-104 3.161663394343490119e-14 4.001758007094005404e-04 1.171721808307841020e-02 9.583608414119152731e-05
1.915000000000000000e+03 4.142147232812075656e-05 4.582120722861978561e-104 3.026591666094218388e-14 3.990894282419085010e-04 1.171392766883156376e-02 9.578334262005956245e-05
1.917000000000000000e+03 4.103757677761217597e-05 3.158287272497818318e-104 2.897173245212323241e-14 3.980050026374184905e-04 1.171063513153213810e-02 9.573058130307611610e-05
1.919000000000000000e+03 4.065695195538378894e-05 2.176137668207866189e-104 2.773176054527113456e-14 3.969225188484042013e-04 1.170734045760695591e-02 9.567780000052976896e-05
1.921000000000000000e+03 4.027957110059191204e-05 1.498890647220064242e-104 2.654377371768449635e-14 3.958419718254542778e-04 1.170404363336884253e-02 9.562499852113718474e-05
1.923000000000000000e+03 3.990540766786533134e-05 1.032052016379931693e-104 2.540563458925084816e-14 3.947633565174194425e-04 1.170074464501613155e-02 9.557217667203797378e-05
1.925000000000000000e+03 3.953443532565930734e-05 7.103632374354253461e-105 2.431529206049428718e-14 3.936866678715726870e-04 1.169744347863221900e-02 9.551933425879036979e-05
1.927000000000000000e+03 3.916662795462017119e-05 4.887714351556815385e-105 2.327077788952772972e-14 3.926119008337684868e-04 1.169414012018509669e-02 9.546647108536683883e-05
1.929000000000000000e+03 3.880195964595931958e-05 3.361838069894727823e-105 2.227020340257778982e-14 3.915390503485974630e-04 1.169083455552687514e-02 9.541358695414921395e-05
1.931000000000000000e+03 3.844040469983972541e-05 2.311492987471209943e-105 2.131175633295954785e-14 3.904681113595449469e-04 1.168752677039332916e-02 9.536068166592439905e-05
1.933000000000000000e+03 3.808193762377402229e-05 1.588738275364389231e-105 2.039369778356526519e-14 3.893990788091536643e-04 1.168421675040343111e-02 9.530775501987985587e-05
1.935000000000000000e+03 3.772653313103100519e-05 1.091579303350104711e-105 1.951435930810725405e-14 3.883319476391770418e-04 1.168090448105887566e-02 9.525480681359896904e-05
1.937000000000000000e+03 3.737416613905589365e-05 7.497224968139747455e-106 1.867214010656198217e-14 3.872667127907435179e-04 1.167758994774362180e-02 9.520183684305672282e-05
1.939000000000000000e+03 3.702481176790111176e-05 5.147392224374703756e-106 1.786550433040853579e-14 3.862033692045191728e-04 1.167427313572343139e-02 9.514884490261540494e-05
1.941000000000000000e+03 3.667844533866495573e-05 3.532763763468046907e-106 1.709297849342745371e-14 3.851419118208638539e-04 1.167095403014539387e-02 9.509583078501982259e-05
1.943000000000000000e+03 3.633504237194426799e-05 2.423715761038903041e-106 1.635314898400416218e-14 3.840823355799954865e-04 1.166763261603746306e-02 9.504279428139319596e-05
1.945000000000000000e+03 3.599457858629644217e-05 1.662216789144648266e-106 1.564465967501190682e-14 3.830246354221531922e-04 1.166430887830799054e-02 9.498973518123264527e-05
1.947000000000000000e+03 3.565702989671222951e-05 1.139545460271276450e-106 1.496620962751073122e-14 3.819688062877604068e-04 1.166098280174526249e-02 9.493665327240494883e-05
1.949000000000000000e+03 3.532237241309870958e-05 7.809312064651652131e-107 1.431655088463857956e-14 3.809148431175882156e-04 1.165765437101703994e-02 9.488354834114212492e-05
1.951000000000000000e+03 3.499058243877262880e-05 5.349708810961511972e-107 1.369448635220927563e-14 3.798627408529180920e-04 1.165432357067008005e-02 9.483042017203706787e-05
1.953000000000000000e+03 3.466163646896487898e-05 3.663387483537489482e-107 1.309886776266614574e-14 3.788124944357085396e-04 1.165099038512967290e-02 9.477726854803934678e-05
1.955000000000000000e+03 3.433551118933463899e-05 2.507667872794593055e-107 1.252859371916331247e-14 3.777640988087592943e-04 1.164765479869918005e-02 9.472409325045089579e-05
1.957000000000000000e+03 3.401218347449537472e-05 1.715895005235902773e-107 1.198260781667586209e-14 3.767175489158817612e-04 1.164431679555958353e-02 9.467089405892193483e-05
1.959000000000000000e+03 3.369163038654726308e-05 1.173664645698834018e-107 1.145989683714557987e-14 3.756728397020578500e-04 1.164097635976898103e-02 9.461767075144641591e-05
1.961000000000000000e+03 3.337382917362404259e-05 8.024704134183984556e-108 1.095948901580572153e-14 3.746299661136131220e-04 1.163763347526216088e-02 9.456442310435802514e-05
1.963000000000000000e+03 3.305875726844798869e-05 5.484597971256669961e-108 1.048045237591305098e-14 3.735889230983834323e-04 1.163428812585011810e-02 9.451115089232607635e-05
1.965000000000000000e+03 3.274639228689411164e-05 3.747057799315416397e-108 1.002189312923347911e-14 3.725497056058809753e-04 1.163094029521958249e-02 9.445785388835110648e-05
1.967000000000000000e+03 3.243671202656691748e-05 2.558968052058363434e-108 9.582954139732871276e-15 3.715123085874679734e-04 1.162758996693257461e-02 9.440453186376112152e-05
1.969000000000000000e+03 3.212969446538411480e-05 1.746896844014044536e-108 9.162813448007973625e-15 3.704767269965220187e-04 1.162423712442592523e-02 9.435118458820709712e-05
1.971000000000000000e+03 3.182531776017196980e-05 1.192055896989436903e-108 8.760682854101755322e-15 3.694429557886082433e-04 1.162088175101081214e-02 9.429781182965921095e-05
1.973000000000000000e+03 3.152356024526988389e-05 8.131150069136053356e-109 8.375806556428290794e-15 3.684109899216486184e-04 1.161752382987230048e-02 9.424441335440251945e-05
1.975000000000000000e+03 3.122440043114542028e-05 5.544116563652433100e-109 8.007459844623128985e-15 3.673808243560964561e-04 1.161416334406887609e-02 9.419098892703319024e-05
1.977000000000000000e+03 3.092781700301797034e-05 3.778650859196302786e-109 7.654947844216144287e-15 3.663524540551060869e-04 1.161080027653198406e-02 9.413753831045435503e-05
1.979000000000000000e+03 3.063378881949162881e-05 2.574330043261346315e-109 7.317604311106733628e-15 3.653258739847025922e-04 1.160743461006555344e-02 9.408406126587204386e-05
1.981000000000000000e+03 3.034229491120106262e-05 1.753128429407067234e-109 6.994790473902600730e-15 3.643010791139645460e-04 1.160406632734555660e-02 9.403055755279156661e-05
1.983000000000000000e+03 3.005331447946135725e-05 1.193395187306792220e-109 6.685893922243413470e-15 3.632780644151865912e-04 1.160069541091952351e-02 9.397702692901318969e-05
1.985000000000000000e+03 2.976682689493212049e-05 8.120352094183869953e-110 6.390327539324086125e-15 3.622568248640610435e-04 1.159732184320609073e-02 9.392346915062853112e-05
1.987000000000000000e+03 2.948281169628811835e-05 5.523119582092002781e-110 6.107528476881526685e-15 3.612373554398488700e-04 1.159394560649452954e-02 9.386988397201646763e-05
1.989000000000000000e+03 2.920124858890150532e-05 3.755017893808662017e-110 5.836957170988929251e-15 3.602196511255604801e-04 1.159056668294429840e-02 9.381627114583959747e-05
1.991000000000000000e+03 2.892211744353041742e-05 2.551858079009147933e-110 5.578096397055230675e-15 3.592037069081252402e-04 1.158718505458456415e-02 9.376263042304005266e-05
1.993000000000000000e+03 2.864539829501994218e-05 1.733472362263474562e-110 5.330450362499816199e-15 3.581895177785742162e-04 1.158380070331375446e-02 9.370896155283611089e-05
1.995000000000000000e+03 2.837107134100923462e-05 1.177042573722603377e-110 5.093543835619942545e-15 3.571770787322125075e-04 1.158041361089907906e-02 9.365526428271803486e-05
1.997000000000000000e+03 2.809911694065150479e-05 7.988793708786186569e-111 4.866921309237419572e-15 3.561663847688045911e-04 1.157702375897609950e-02 9.360153835844484680e-05
1.999000000000000000e+03 2.782951561333748153e-05 5.419796238385441695e-111 4.650146197751594104e-15 3.551574308927415600e-04 1.157363112904822612e-02 9.354778352404000520e-05
