N,age,FeH,Mini,Mf,logL,logT,logg,phase,G_EDR3,GBP_EDR3,GRP_EDR3,age_WD,disk_label
0.00015873624741576572,13.0,-2.7,0.1,0.1,-2.779,3.5589,5.405,1.0,12.032,12.986,11.068,nan,2
0.00047045362847881984,13.0,-2.7,0.10982143,0.109,-2.631,3.5742,5.356,1.0,11.631,12.503,10.711,nan,2
0.0005130174949011944,13.0,-2.7,0.12946428,0.129,-2.388,3.5967,5.276,1.0,10.981,11.744,10.121,nan,2
0.00042046928009591025,13.0,-2.7,0.14910716,0.149,-2.224,3.608,5.219,1.0,10.547,11.266,9.714,nan,2
0.0005111685025935171,13.0,-2.7,0.16875,0.168,-2.098,3.6153,5.174,1.0,10.214,10.906,9.398,nan,2
0.0005896898461966156,13.0,-2.7,0.20803572,0.207,-1.894,3.6262,5.106,1.0,9.679,10.335,8.888,nan,2
0.0004981169678883384,13.0,-2.7,0.25714287,0.257,-1.707,3.6363,5.051,1.0,9.186,9.811,8.417,nan,2
0.0003925491351449033,13.0,-2.7,0.30625004,0.306,-1.562,3.6447,5.016,1.0,8.802,9.402,8.051,nan,2
0.000291452432125335,13.0,-2.7,0.35535714,0.355,-1.44,3.6526,4.99,1.0,8.476,9.054,7.742,nan,2
0.00027408562717988277,13.0,-2.7,0.4044643,0.404,-1.317,3.6611,4.958,1.0,8.15,8.704,7.433,nan,2
0.00023458351187800273,13.0,-2.7,0.45357144,0.453,-1.169,3.6745,4.913,1.0,7.753,8.27,7.065,nan,2
0.00020335035672859256,13.0,-2.7,0.50267857,0.503,-1.003,3.6893,4.852,1.0,7.312,7.789,6.658,nan,2
0.0001763114586911437,13.0,-2.7,0.55178577,0.551,-0.798,3.709,4.765,1.0,6.772,7.196,6.164,nan,2
7.973538536145482e-05,13.0,-2.7,0.60089284,0.6,-0.585,3.7344,4.692,1.0,6.221,6.585,5.671,nan,2
1.988315860799402e-05,13.0,-2.7,0.6042636,0.604,-0.57,3.7364,4.687,1.0,6.181,6.541,5.636,nan,2
3.0131465900593353e-05,13.0,-2.7,0.61392784,0.614,-0.525,3.7423,4.672,1.0,6.067,6.414,5.535,nan,2
2.940246882390314e-05,13.0,-2.7,0.62331182,0.623,-0.481,3.7479,4.657,1.0,5.957,6.292,5.438,nan,2
2.8702400744910388e-05,13.0,-2.7,0.63436961,0.634,-0.429,3.7545,4.639,1.0,5.826,6.147,5.322,nan,2
2.8029679571817072e-05,13.0,-2.7,0.64417511,0.644,-0.382,3.7602,4.621,1.0,5.71,6.019,5.219,nan,2
1.3064828702373283e-05,13.0,-2.7,0.64999998,0.65,-0.353,3.7635,4.61,1.0,5.64,5.942,5.157,nan,2
1.791096641095548e-05,13.0,-2.7,0.65371746,0.653,-0.335,3.7655,4.603,1.0,5.595,5.893,5.116,nan,2
2.6760488110686216e-05,13.0,-2.7,0.6632337,0.663,-0.287,3.7708,4.582,1.0,5.478,5.766,5.01,nan,2
2.6161365675167968e-05,13.0,-2.7,0.6723181,0.672,-0.24,3.7757,4.56,1.0,5.363,5.642,4.905,nan,2
2.0304137310802903e-05,13.0,-2.7,0.68037981,0.68,-0.197,3.7801,4.54,1.0,5.257,5.529,4.808,nan,2
2.5303630446425833e-05,13.0,-2.7,0.68819046,0.688,-0.153,3.7843,4.518,1.0,5.151,5.414,4.712,nan,2
1.4618723704203328e-05,13.0,-2.7,0.69743532,0.697,-0.099,3.7893,4.489,1.0,5.018,5.272,4.59,nan,2
5.250250114335579e-06,13.0,-2.7,0.69999999,0.7,-0.084,3.7906,4.481,1.0,4.98,5.232,4.555,nan,2
1.2021258803624285e-05,13.0,-2.7,0.70172268,0.701,-0.073,3.7915,4.475,1.0,4.954,5.204,4.531,nan,2
1.8267596823689854e-05,13.0,-2.7,0.70992231,0.709,-0.02,3.7956,4.444,1.0,4.823,5.067,4.41,nan,2
2.3722399532280402e-05,13.0,-2.7,0.71696198,0.716,0.028,3.7991,4.414,1.0,4.705,4.942,4.299,nan,2
1.5836728484379742e-05,13.0,-2.7,0.72377968,0.723,0.077,3.8023,4.381,1.0,4.581,4.812,4.183,nan,2
1.6887478347093756e-05,13.0,-2.7,0.73059577,0.73,0.131,3.8054,4.343,1.0,4.446,4.672,4.055,nan,2
2.275746772647318e-05,13.0,-2.7,0.73846924,0.738,0.2,3.8087,4.293,1.0,4.274,4.495,3.891,nan,2
1.285637037831649e-05,13.0,-2.7,0.74582607,0.745,0.272,3.8113,4.235,1.0,4.094,4.31,3.717,nan,2
7.4743442037235644e-06,13.0,-2.7,0.75,0.749,0.316,3.8124,4.198,1.0,3.981,4.195,3.608,nan,2
7.2971920150989366e-06,13.0,-2.7,0.75259757,0.752,0.344,3.8132,4.174,1.0,3.911,4.123,3.539,nan,2
5.983971747987312e-06,13.0,-2.7,0.75667745,0.756,0.393,3.8137,4.131,1.0,3.789,4.0,3.419,nan,2
5.615193113445074e-06,13.0,-2.7,0.75807333,0.757,0.411,3.8134,4.111,1.0,3.742,3.953,3.371,nan,2
6.978178018089823e-06,13.0,-2.7,0.76186705,0.761,0.466,3.8114,4.051,1.0,3.604,3.818,3.23,nan,2
3.4519220517975205e-06,13.0,-2.7,0.76452261,0.763,0.508,3.8087,3.999,1.0,3.495,3.713,3.116,nan,2
1.2068168825408651e-06,13.0,-2.7,0.76508898,0.764,0.518,3.808,3.987,1.0,3.471,3.69,3.091,nan,2
2.5928718655727854e-06,13.0,-2.7,0.76564902,0.764,0.529,3.8068,3.972,2.0,3.443,3.664,3.06,nan,2
3.528655061823621e-06,13.0,-2.7,0.76753294,0.766,0.569,3.8013,3.91,2.0,3.34,3.569,2.946,nan,2
2.7285967128541814e-06,13.0,-2.7,0.76897502,0.768,0.606,3.7946,3.848,2.0,3.248,3.487,2.84,nan,2
2.1652744103361344e-06,13.0,-2.7,0.77010483,0.769,0.639,3.7867,3.784,2.0,3.163,3.416,2.738,nan,2
1.7605266233634382e-06,13.0,-2.7,0.77101594,0.769,0.67,3.7783,3.719,2.0,3.085,3.352,2.643,nan,2
1.5119226048749204e-06,13.0,-2.7,0.77178049,0.77,0.699,3.7702,3.658,2.0,3.011,3.292,2.553,nan,2
1.3375152552464092e-06,13.0,-2.7,0.77245498,0.771,0.73,3.7627,3.598,2.0,2.935,3.228,2.461,nan,2
1.2516564081887828e-06,13.0,-2.7,0.77305353,0.771,0.764,3.7561,3.538,2.0,2.851,3.157,2.364,nan,2
1.1143789123905013e-06,13.0,-2.7,0.7736463,0.772,0.806,3.7504,3.473,2.0,2.746,3.062,2.246,nan,2
8.276889515888298e-07,13.0,-2.7,0.77411419,0.772,0.846,3.7466,3.418,2.0,2.646,2.97,2.139,nan,2
6.368179684142804e-07,13.0,-2.7,0.77443409,0.773,0.877,3.7444,3.379,2.0,2.571,2.899,2.059,nan,2
6.949922753356265e-07,13.0,-2.7,0.77472031,0.773,0.907,3.7428,3.343,3.0,2.497,2.828,1.982,nan,2
7.913786021722015e-07,13.0,-2.7,0.77509558,0.773,0.948,3.7409,3.294,3.0,2.395,2.73,1.876,nan,2
7.700426565229498e-07,13.0,-2.7,0.77547354,0.773,0.992,3.739,3.243,3.0,2.287,2.625,1.764,nan,2
7.771702724906913e-07,13.0,-2.7,0.77583563,0.774,1.036,3.7374,3.192,3.0,2.177,2.518,1.651,nan,2
7.36371174372921e-07,13.0,-2.7,0.77622044,0.774,1.086,3.7357,3.135,3.0,2.052,2.396,1.523,nan,2
6.758956940716231e-07,13.0,-2.7,0.77654332,0.774,1.132,3.7343,3.084,3.0,1.94,2.287,1.408,nan,2
6.734192377202388e-07,13.0,-2.7,0.77687001,0.774,1.181,3.7328,3.029,3.0,1.818,2.167,1.283,nan,2
6.025905050274204e-07,13.0,-2.7,0.77719051,0.775,1.234,3.7312,2.97,3.0,1.687,2.038,1.149,nan,2
5.287234309289795e-07,13.0,-2.7,0.77744913,0.775,1.281,3.7297,2.917,3.0,1.571,1.925,1.031,nan,2
4.92814813840027e-07,13.0,-2.7,0.77769864,0.775,1.33,3.7283,2.862,3.0,1.45,1.807,0.907,nan,2
4.4449269916006474e-07,13.0,-2.7,0.77792275,0.775,1.378,3.7268,2.809,3.0,1.331,1.69,0.785,nan,2
4.0040553294595053e-07,13.0,-2.7,0.77812582,0.775,1.426,3.7253,2.755,3.0,1.213,1.575,0.664,nan,2
3.6803471064383205e-07,13.0,-2.7,0.77830756,0.775,1.472,3.7238,2.702,3.0,1.097,1.462,0.546,nan,2
3.378177810508588e-07,13.0,-2.7,0.77847952,0.775,1.521,3.7223,2.647,3.0,0.977,1.345,0.423,nan,2
3.0004661905952673e-07,13.0,-2.7,0.77863222,0.775,1.568,3.7207,2.594,3.0,0.86,1.231,0.303,nan,2
2.691117252300947e-07,13.0,-2.7,0.77876788,0.775,1.614,3.7192,2.541,3.0,0.747,1.121,0.187,nan,2
2.478329301136311e-07,13.0,-2.7,0.77889085,0.775,1.66,3.7176,2.49,3.0,0.635,1.012,0.072,nan,2
2.258153602034953e-07,13.0,-2.7,0.77900606,0.775,1.706,3.7161,2.437,3.0,0.52,0.901,-0.046,nan,2
2.037457638992859e-07,13.0,-2.7,0.77910787,0.774,1.751,3.7144,2.386,3.0,0.41,0.793,-0.16,nan,2
1.8760717650305456e-07,13.0,-2.7,0.77920187,0.774,1.796,3.7129,2.334,3.0,0.298,0.685,-0.275,nan,2
1.69554017810139e-07,13.0,-2.7,0.77928817,0.774,1.841,3.7113,2.283,3.0,0.187,0.578,-0.389,nan,2
1.534986726441481e-07,13.0,-2.7,0.77936482,0.774,1.885,3.7097,2.233,3.0,0.081,0.475,-0.5,nan,2
1.4463337511892544e-07,13.0,-2.7,0.77943569,0.773,1.928,3.7081,2.183,3.0,-0.026,0.372,-0.609,nan,2
1.3155393968529926e-07,13.0,-2.7,0.77950382,0.773,1.973,3.7065,2.131,3.0,-0.137,0.265,-0.724,nan,2
1.1672641741593173e-07,13.0,-2.7,0.77956212,0.773,2.015,3.7048,2.082,3.0,-0.239,0.166,-0.83,nan,2
1.0965082784180171e-07,13.0,-2.7,0.779616,0.772,2.057,3.7032,2.034,3.0,-0.342,0.067,-0.936,nan,2
1.0034850860770152e-07,13.0,-2.7,0.7796675,0.772,2.101,3.7017,1.984,3.0,-0.448,-0.036,-1.046,nan,2
9.054673599169687e-08,13.0,-2.7,0.77971244,0.771,2.141,3.7,1.936,3.0,-0.548,-0.131,-1.15,nan,2
8.937093948891598e-08,13.0,-2.7,0.77975452,0.771,2.182,3.6984,1.888,3.0,-0.648,-0.227,-1.254,nan,2
9.6134370699529e-08,13.0,-2.7,0.77979833,0.77,2.223,3.6969,1.841,3.0,-0.747,-0.322,-1.356,nan,2
7.070386934768872e-08,13.0,-2.7,0.77984691,0.769,2.253,3.6957,1.806,3.0,-0.821,-0.393,-1.433,nan,2
2.5794686109199752e-08,13.0,-2.7,0.77986628,0.769,2.249,3.696,1.811,3.0,-0.811,-0.383,-1.422,nan,2
3.708441359173333e-08,13.0,-2.7,0.7798717,0.769,2.255,3.6958,1.804,3.0,-0.827,-0.399,-1.439,nan,2
6.313923167037655e-08,13.0,-2.7,0.77990192,0.768,2.295,3.6941,1.756,3.0,-0.925,-0.492,-1.541,nan,2
5.861293539891808e-08,13.0,-2.7,0.77993238,0.768,2.338,3.6924,1.707,3.0,-1.029,-0.592,-1.649,nan,2
5.339989072716772e-08,13.0,-2.7,0.77995825,0.767,2.377,3.6907,1.661,3.0,-1.123,-0.681,-1.748,nan,2
5.1225187461271075e-08,13.0,-2.7,0.7799837,0.766,2.418,3.6889,1.612,3.0,-1.222,-0.775,-1.85,nan,2
4.6386732825833523e-08,13.0,-2.7,0.78000748,0.765,2.458,3.6873,1.565,3.0,-1.32,-0.869,-1.953,nan,2
4.263470000853011e-08,13.0,-2.7,0.78002828,0.765,2.496,3.6856,1.519,3.0,-1.412,-0.955,-2.05,nan,2
4.005827385367475e-08,13.0,-2.7,0.78004885,0.764,2.537,3.6837,1.471,3.0,-1.51,-1.046,-2.154,nan,2
3.642036012311691e-08,13.0,-2.7,0.78006715,0.763,2.575,3.6821,1.425,3.0,-1.603,-1.131,-2.253,nan,2
3.432830208560959e-08,13.0,-2.7,0.78008419,0.762,2.613,3.6804,1.38,3.0,-1.695,-1.214,-2.352,nan,2
3.477144738404609e-08,13.0,-2.7,0.78010046,0.76,2.652,3.6786,1.333,3.0,-1.788,-1.297,-2.452,nan,2
3.250419236793813e-08,13.0,-2.7,0.78011793,0.759,2.697,3.6766,1.28,3.0,-1.895,-1.393,-2.567,nan,2
2.94846209148751e-08,13.0,-2.7,0.780132,0.757,2.736,3.6747,1.232,3.0,-1.986,-1.472,-2.668,nan,2
2.73307286493437e-08,13.0,-2.7,0.78014654,0.756,2.778,3.6727,1.181,3.0,-2.086,-1.56,-2.778,nan,2
2.487797094985e-08,13.0,-2.7,0.78015852,0.754,2.816,3.671,1.135,3.0,-2.175,-1.636,-2.876,nan,2
2.297141559549959e-08,13.0,-2.7,0.78017068,0.752,2.857,3.6688,1.084,3.0,-2.269,-1.714,-2.982,nan,2
2.1374031379667755e-08,13.0,-2.7,0.78018081,0.75,2.894,3.6672,1.04,3.0,-2.353,-1.785,-3.076,nan,2
2.2054207884500143e-08,13.0,-2.7,0.78019142,0.748,2.934,3.665,0.99,3.0,-2.445,-1.858,-3.181,nan,2
2.014765252969207e-08,13.0,-2.7,0.78020221,0.745,2.978,3.6628,0.935,3.0,-2.544,-1.935,-3.295,nan,2
1.676738141510032e-08,13.0,-2.7,0.78021097,0.743,3.017,3.6608,0.888,3.0,-2.629,-1.999,-3.394,nan,2
1.5726505248510378e-08,13.0,-2.7,0.78021848,0.74,3.051,3.659,0.844,3.0,-2.704,-2.053,-3.483,nan,2
1.615934484239061e-08,13.0,-2.7,0.78022623,0.737,3.089,3.6571,0.797,3.0,-2.786,-2.117,-3.578,nan,2
1.504632874344916e-08,13.0,-2.7,0.78023416,0.734,3.13,3.6548,0.745,3.0,-2.876,-2.189,-3.679,nan,2
1.3758115666364722e-08,13.0,-2.7,0.78024083,0.73,3.167,3.6529,0.698,3.0,-2.956,-2.253,-3.77,nan,2
1.3335581776811922e-08,13.0,-2.7,0.78024751,0.726,3.205,3.6508,0.65,3.0,-3.039,-2.319,-3.865,nan,2
8.234257990340174e-09,13.0,-2.7,0.78025377,0.722,3.24,3.6489,0.604,3.0,-3.115,-2.378,-3.951,nan,2
1.7828868992175784e-09,13.0,-2.7,0.7802555,0.721,3.249,3.6484,0.593,3.0,-3.135,-2.394,-3.973,nan,2
1.2263788495180193e-09,13.0,-2.7,0.7802555,0.721,1.636,3.9762,3.516,4.0,0.853,0.856,0.844,nan,2
4.422177851980569e-08,13.0,-2.7,0.78025669,0.721,1.643,3.9722,3.494,4.0,0.819,0.824,0.805,nan,2
8.704198121126388e-08,13.0,-2.7,0.78029841,0.721,1.663,3.962,3.433,4.0,0.729,0.739,0.704,nan,2
8.9505044615085e-08,13.0,-2.7,0.78034115,0.721,1.664,3.9614,3.43,4.0,0.723,0.734,0.697,nan,2
9.1153957353927e-08,13.0,-2.7,0.78038526,0.721,1.664,3.9612,3.429,4.0,0.722,0.733,0.697,nan,2
9.146312849290322e-08,13.0,-2.7,0.7804296,0.721,1.664,3.9609,3.428,4.0,0.721,0.732,0.695,nan,2
9.201963654214513e-08,13.0,-2.7,0.78047401,0.721,1.664,3.9601,3.424,4.0,0.717,0.729,0.69,nan,2
9.324601539166314e-08,13.0,-2.7,0.78051889,0.721,1.665,3.9591,3.42,4.0,0.712,0.724,0.684,nan,2
9.380252344136272e-08,13.0,-2.7,0.78056449,0.721,1.665,3.9576,3.413,4.0,0.705,0.718,0.674,nan,2
9.12776258095175e-08,13.0,-2.7,0.78060991,0.721,1.666,3.9559,3.405,4.0,0.696,0.71,0.664,nan,2
8.94329046827335e-08,13.0,-2.7,0.78065306,0.721,1.668,3.9538,3.395,4.0,0.685,0.7,0.649,nan,2
8.894853656584312e-08,13.0,-2.7,0.78069669,0.721,1.67,3.9513,3.384,4.0,0.671,0.689,0.633,nan,2
8.826836006078188e-08,13.0,-2.7,0.78073937,0.721,1.672,3.9484,3.37,4.0,0.656,0.675,0.614,nan,2
8.716564966662554e-08,13.0,-2.7,0.78078234,0.721,1.674,3.9452,3.355,4.0,0.64,0.661,0.593,nan,2
8.772215771586743e-08,13.0,-2.7,0.78082395,0.722,1.677,3.9415,3.338,4.0,0.621,0.645,0.569,nan,2
8.912373354444376e-08,13.0,-2.7,0.78086746,0.722,1.68,3.9372,3.318,4.0,0.6,0.628,0.542,nan,2
9.256583888683076e-08,13.0,-2.7,0.78091043,0.722,1.683,3.9326,3.296,4.0,0.578,0.61,0.512,nan,2
9.293684425314457e-08,13.0,-2.7,0.78095728,0.722,1.687,3.9272,3.27,4.0,0.554,0.59,0.479,nan,2
9.042225232631329e-08,13.0,-2.7,0.78100061,0.722,1.691,3.9214,3.242,4.0,0.53,0.571,0.444,nan,2
9.042225232608447e-08,13.0,-2.7,0.78104502,0.722,1.696,3.9151,3.213,4.0,0.505,0.553,0.408,nan,2
8.91340392487712e-08,13.0,-2.7,0.78108835,0.722,1.701,3.9084,3.181,4.0,0.48,0.535,0.369,nan,2
5.307437878741184e-08,13.0,-2.7,0.78113151,0.722,1.706,3.9014,3.148,4.0,0.456,0.519,0.329,nan,2
3.009265748712715e-08,13.0,-2.7,0.78113985,0.722,1.707,3.9,3.141,4.0,0.451,0.516,0.321,nan,2
6.610078942547636e-08,13.0,-2.7,0.78116071,0.722,1.71,3.8967,3.126,4.0,0.441,0.51,0.304,nan,2
8.716564966685437e-08,13.0,-2.7,0.78120399,0.722,1.715,3.8897,3.092,4.0,0.42,0.498,0.265,nan,2
8.605263356768408e-08,13.0,-2.7,0.78124529,0.722,1.72,3.8823,3.058,4.0,0.401,0.49,0.228,nan,2
8.587743658931227e-08,13.0,-2.7,0.78128749,0.722,1.726,3.8745,3.02,4.0,0.383,0.483,0.19,nan,2
8.465105773956542e-08,13.0,-2.7,0.78132862,0.722,1.732,3.8663,2.982,4.0,0.365,0.477,0.151,nan,2
8.532092853984155e-08,13.0,-2.7,0.78136963,0.722,1.738,3.8582,2.943,4.0,0.349,0.473,0.114,nan,2
8.623813625084098e-08,13.0,-2.7,0.78141141,0.722,1.745,3.8498,2.903,4.0,0.333,0.471,0.078,nan,2
8.563009967836012e-08,13.0,-2.7,0.78145331,0.722,1.751,3.8414,2.863,4.0,0.318,0.468,0.042,nan,2
8.53827627676368e-08,13.0,-2.7,0.7814945,0.722,1.758,3.8334,2.824,4.0,0.304,0.466,0.008,nan,2
8.826836006101073e-08,13.0,-2.7,0.78153616,0.722,1.765,3.825,2.783,4.0,0.288,0.464,-0.028,nan,2
8.766032348830101e-08,13.0,-2.7,0.78158015,0.722,1.774,3.8149,2.734,4.0,0.269,0.461,-0.07,nan,2
7.80760181926235e-08,13.0,-2.7,0.78162122,0.722,1.784,3.8053,2.686,4.0,0.25,0.458,-0.113,nan,2
5.847456800784589e-08,13.0,-2.7,0.78165591,0.722,1.795,3.795,2.633,4.0,0.228,0.454,-0.16,nan,2
3.875975507157639e-08,13.0,-2.7,0.78167796,0.722,1.81,3.785,2.579,4.0,0.197,0.441,-0.214,nan,2
2.5619981682706472e-08,13.0,-2.7,0.78169352,0.722,1.823,3.7772,2.535,4.0,0.172,0.43,-0.257,nan,2
1.670554718707624e-08,13.0,-2.7,0.78170282,0.722,1.838,3.77,2.491,4.0,0.14,0.411,-0.305,nan,2
1.22225656780993e-08,13.0,-2.7,0.78170973,0.722,1.849,3.7643,2.457,4.0,0.115,0.397,-0.342,nan,2
9.398802612291778e-09,13.0,-2.7,0.78171468,0.722,1.863,3.7586,2.42,4.0,0.084,0.376,-0.386,nan,2
7.67774994109828e-09,13.0,-2.7,0.78171885,0.723,1.879,3.753,2.382,4.0,0.05,0.353,-0.433,nan,2
5.647526131157379e-09,13.0,-2.7,0.78172213,0.723,1.901,3.7465,2.334,4.0,0.001,0.316,-0.497,nan,2
3.740970776578137e-09,13.0,-2.7,0.78172433,0.723,1.923,3.7408,2.289,4.0,-0.049,0.277,-0.559,nan,2
2.277560720893058e-09,13.0,-2.7,0.78172576,0.723,1.948,3.7355,2.243,4.0,-0.107,0.23,-0.628,nan,2
1.4737157604701753e-09,13.0,-2.7,0.78172654,0.723,1.971,3.7317,2.205,7.0,-0.161,0.183,-0.691,nan,2
1.473715760699008e-09,13.0,-2.7,0.78172719,0.723,2.001,3.728,2.16,7.0,-0.232,0.12,-0.77,nan,2
1.597384215831837e-09,13.0,-2.7,0.78172797,0.723,2.037,3.7241,2.108,7.0,-0.319,0.041,-0.865,nan,2
1.5355499880365897e-09,13.0,-2.7,0.78172874,0.723,2.075,3.7206,2.056,7.0,-0.411,-0.043,-0.965,nan,2
1.8447211270128257e-09,13.0,-2.7,0.78172946,0.723,2.113,3.7174,2.005,7.0,-0.502,-0.127,-1.063,nan,2
3.2566026594589213e-09,13.0,-2.7,0.78173053,0.723,2.146,3.715,1.963,7.0,-0.582,-0.201,-1.148,nan,2
5.534163380351981e-09,13.0,-2.7,0.78173262,0.723,2.147,3.7152,1.963,7.0,-0.583,-0.203,-1.149,nan,2
2.4506965583765017e-08,13.0,-2.7,0.7817359,0.723,2.136,3.716,1.977,7.0,-0.557,-0.178,-1.121,nan,2
3.469930745192341e-08,13.0,-2.7,0.7817564,0.723,2.15,3.7143,1.956,7.0,-0.592,-0.21,-1.16,nan,2
3.359659705753823e-08,13.0,-2.7,0.78176957,0.723,2.186,3.7116,1.909,7.0,-0.677,-0.288,-1.251,nan,2
3.6368831600106765e-08,13.0,-2.7,0.781789,0.723,2.238,3.708,1.843,7.0,-0.804,-0.407,-1.387,nan,2
3.096864237967271e-08,13.0,-2.7,0.78180486,0.723,2.281,3.7053,1.789,7.0,-0.907,-0.503,-1.496,nan,2
2.751623133227178e-08,13.0,-2.7,0.78181905,0.723,2.323,3.7028,1.737,7.0,-1.008,-0.598,-1.603,nan,2
2.4383297128403355e-08,13.0,-2.7,0.78183156,0.723,2.364,3.7003,1.686,7.0,-1.109,-0.692,-1.71,nan,2
2.155953406282466e-08,13.0,-2.7,0.78184271,0.723,2.406,3.698,1.635,7.0,-1.209,-0.787,-1.816,nan,2
1.8983107907969298e-08,13.0,-2.7,0.78185248,0.723,2.448,3.6956,1.584,7.0,-1.31,-0.881,-1.922,nan,2
1.7138386781185306e-08,13.0,-2.7,0.78186113,0.723,2.489,3.6934,1.534,7.0,-1.408,-0.973,-2.026,nan,2
1.5664671020715133e-08,13.0,-2.7,0.78186911,0.723,2.53,3.6911,1.484,7.0,-1.507,-1.066,-2.131,nan,2
1.443829217119711e-08,13.0,-2.7,0.78187633,0.723,2.571,3.6889,1.434,7.0,-1.605,-1.157,-2.234,nan,2
1.357261298297898e-08,13.0,-2.7,0.78188312,0.723,2.612,3.6866,1.384,7.0,-1.703,-1.248,-2.339,nan,2
1.2779073727570026e-08,13.0,-2.7,0.7818895,0.723,2.653,3.6844,1.334,7.0,-1.801,-1.338,-2.444,nan,2
1.2160731450075222e-08,13.0,-2.7,0.78189552,0.723,2.693,3.6822,1.284,7.0,-1.899,-1.425,-2.551,nan,2
1.1666057628628572e-08,13.0,-2.7,0.7819013,0.723,2.734,3.68,1.234,7.0,-1.997,-1.511,-2.657,nan,2
1.0687015689833878e-08,13.0,-2.7,0.78190684,0.723,2.776,3.6777,1.184,7.0,-2.094,-1.596,-2.765,nan,2
9.151465701568457e-09,13.0,-2.7,0.78191167,0.723,2.818,3.6754,1.133,7.0,-2.193,-1.679,-2.874,nan,2
7.67774994109828e-09,13.0,-2.7,0.78191572,0.723,2.859,3.6731,1.082,7.0,-2.288,-1.759,-2.981,nan,2
6.513205319146676e-09,13.0,-2.7,0.78191912,0.723,2.9,3.6708,1.032,7.0,-2.382,-1.837,-3.087,nan,2
6.080365725266443e-09,13.0,-2.7,0.78192204,0.723,2.937,3.6686,0.986,7.0,-2.467,-1.905,-3.185,nan,2
5.6578318357136415e-09,13.0,-2.7,0.78192502,0.723,2.977,3.6663,0.937,7.0,-2.555,-1.973,-3.287,nan,2
5.286826469399823e-09,13.0,-2.7,0.78192753,0.723,3.014,3.6641,0.892,7.0,-2.636,-2.034,-3.383,nan,2
2.8855972933739363e-09,13.0,-2.7,0.78193015,0.723,3.055,3.6617,0.841,7.0,-2.726,-2.099,-3.49,nan,2
3.7100536631381787e-10,13.0,-2.7,0.78193033,0.723,3.068,3.6609,0.825,7.0,-2.753,-2.117,-3.523,nan,2
3.6069966152872163e-10,13.0,-2.7,0.78193051,0.723,3.088,3.6596,0.799,7.0,-2.796,-2.146,-3.575,nan,2
3.6069966175755427e-10,13.0,-2.7,0.78193068,0.723,3.117,3.6578,0.763,7.0,-2.857,-2.187,-3.649,nan,2
4.3283959410906504e-10,13.0,-2.7,0.78193086,0.723,3.15,3.6557,0.722,7.0,-2.928,-2.242,-3.73,nan,2
6.183422770371414e-10,13.0,-2.7,0.7819311,0.723,3.187,3.6533,0.675,7.0,-3.007,-2.303,-3.821,nan,2
7.420107326276357e-10,13.0,-2.7,0.78193146,0.723,3.22,3.6511,0.633,7.0,-3.078,-2.356,-3.903,nan,2
4.3283959410906504e-10,13.0,-2.7,0.78193182,0.723,3.237,3.65,0.612,7.0,-3.115,-2.384,-3.946,nan,2
1.2366845513282915e-10,13.0,-2.7,0.78193188,0.723,3.237,3.6479,0.603,8.0,-3.103,-2.361,-3.942,nan,2
1.8550268338574157e-10,13.0,-2.7,0.78193194,0.721,3.015,3.6618,0.88,8.0,-2.628,-2.005,-3.388,nan,2
2.9886543396230705e-10,13.0,-2.7,0.78193206,0.718,2.855,3.6714,1.076,8.0,-2.273,-1.734,-2.975,nan,2
4.843681168903834e-10,13.0,-2.7,0.78193223,0.712,2.635,3.6846,1.346,8.0,-1.757,-1.294,-2.4,nan,2
6.801765048323887e-10,13.0,-2.7,0.78193253,0.705,2.637,3.6842,1.338,8.0,-1.763,-1.299,-2.407,nan,2
8.03844960422883e-10,13.0,-2.7,0.78193289,0.695,2.707,3.6798,1.244,8.0,-1.929,-1.442,-2.589,nan,2
9.172077109994484e-10,13.0,-2.7,0.78193331,0.684,2.893,3.6683,1.006,8.0,-2.355,-1.793,-3.073,nan,2
1.0408761665899429e-09,13.0,-2.7,0.78193378,0.671,3.063,3.6577,0.785,8.0,-2.722,-2.055,-3.513,nan,2
1.2366845540742828e-09,13.0,-2.7,0.78193432,0.656,3.174,3.6507,0.636,8.0,-2.961,-2.238,-3.788,nan,2
6.801765048323887e-10,13.0,-2.7,0.78193498,0.64,3.232,3.6468,0.551,8.0,-3.082,-2.326,-3.929,nan,2
1.462895844246567e-05,13.0,-2.7,0.84765,0.55,-4.01699,3.69783,3.37406,10.0,14.77974,15.24465,14.14937,3.875,2
3.5472038610297565e-05,13.0,-2.7,0.87056,0.552,-4.07981,3.68327,3.31537,10.0,14.95409,15.45535,14.29164,4.725,2
2.730396021864912e-05,13.0,-2.7,0.89347,0.554,-4.13018,3.6716,3.26827,10.0,15.09087,15.62153,14.40418,5.45,2
3.287327491056756e-05,13.0,-2.7,0.91638,0.556,-4.17716,3.66062,3.22393,10.0,15.21592,15.77435,14.50778,6.125,2
3.1563492314757824e-05,13.0,-2.7,0.93929,0.558,-4.21635,3.65151,3.18706,10.0,15.3158,15.89671,14.59125,6.7,2
2.436494636179432e-05,13.0,-2.7,0.9622,0.56,-4.25099,3.6435,3.15455,10.0,15.40081,16.00135,14.6629,7.225,2
2.941434436795371e-05,13.0,-2.7,0.98511,0.562,-4.28249,3.63624,3.12505,10.0,15.47546,16.09333,14.72622,7.7,2
2.2742836310719363e-05,13.0,-2.7,1.00802,0.564,-4.31208,3.62942,3.09731,10.0,15.54312,16.17627,14.7838,8.125,2
2.7498490028495673e-05,13.0,-2.7,1.03093,0.566,-4.33988,3.623,3.07119,10.0,15.6045,16.251,14.83605,8.5,2
2.6522158904264355e-05,13.0,-2.7,1.05384,0.568,-4.36721,3.61669,3.04546,10.0,15.66283,16.32176,14.88569,8.85,2
2.0552849811276378e-05,13.0,-2.7,1.07675,0.57,-4.39122,3.61118,3.02296,10.0,15.7128,16.382,14.9285,9.15,2
2.4903974862076418e-05,13.0,-2.7,1.09966,0.572,-4.41354,3.60609,3.00211,10.0,15.75838,16.43661,14.96791,9.425,2
1.9323907783618554e-05,13.0,-2.7,1.12257,0.574,-4.43389,3.60148,2.98321,10.0,15.7993,16.48531,15.00372,9.675,2
2.344390446236785e-05,13.0,-2.7,1.14548,0.576,-4.45449,3.59682,2.96406,10.0,15.84002,16.53355,15.03967,9.925,2
1.8212739025677258e-05,13.0,-2.7,1.16838,0.578,-4.47073,3.59324,2.94923,10.0,15.87177,16.57084,15.06799,10.125,2
2.2121132644836728e-05,13.0,-2.7,1.19129,0.58,-4.4848,3.59019,2.93654,10.0,15.89905,16.60268,15.09253,10.3,2
2.143905528065381e-05,13.0,-2.7,1.2142,0.582,-4.49428,3.58828,2.92839,10.0,15.91753,16.62393,15.10938,10.425,2
1.6683310652781164e-05,13.0,-2.7,1.23711,0.584,-4.50386,3.58634,2.92013,10.0,15.93609,16.64523,15.12634,10.55,2
2.0296266286051488e-05,13.0,-2.7,1.26002,0.586,-4.51114,3.58497,2.91414,10.0,15.95033,16.66135,15.13951,10.65,2
1.5809571751689065e-05,13.0,-2.7,1.28293,0.588,-4.51853,3.58358,2.90804,10.0,15.9647,16.67762,15.15282,10.75,2
1.925151684354489e-05,13.0,-2.7,1.30584,0.59,-4.52601,3.58216,2.90184,10.0,15.9792,16.69401,15.16627,10.85,2
1.870920200207462e-05,13.0,-2.7,1.32875,0.592,-4.5336,3.58071,2.89553,10.0,15.99385,16.71056,15.17987,10.95,2
1.4593744225310484e-05,13.0,-2.7,1.35166,0.594,-4.53893,3.57983,2.89146,10.0,16.00436,16.72219,15.1898,11.025,2
1.779494836406966e-05,13.0,-2.7,1.37457,0.596,-4.54681,3.57831,2.88486,10.0,16.01943,16.73919,15.20384,11.125,2
1.3892045409303139e-05,13.0,-2.7,1.39748,0.598,-4.55242,3.57736,2.8805,10.0,16.03041,16.75134,15.21421,11.2,2
1.6952804946099663e-05,13.0,-2.7,1.42039,0.6,-4.55819,3.57637,2.87599,10.0,16.04164,16.76377,15.22482,11.275,2
1.315030078592402e-05,13.0,-2.7,1.4433,0.602,-4.56417,3.57533,2.87126,10.0,16.05323,16.77661,15.23578,11.35,2
0.00025241806692456265,13.0,-2.7,1.46621,0.604,-4.56786,3.57485,2.86881,10.0,16.06073,16.78463,15.24304,11.4,2
9.805203117769584e-05,13.0,-2.7,2.77205,0.718,-4.67086,3.57491,2.83011,10.0,16.29926,17.01806,15.48573,12.675,2
2.9138231745672503e-06,13.0,-2.7,2.79496,0.72,-4.67036,3.5755,2.83168,10.0,16.29931,17.01732,15.48621,12.675,2
1.893263477377838e-06,13.0,-2.7,2.82873,0.722,-4.67305,3.57528,2.83003,10.0,16.30512,17.0233,15.49195,12.7,2
1.3948357860635164e-06,13.0,-2.7,2.83978,0.724,-4.67257,3.57587,2.83158,10.0,16.30522,17.02262,15.49248,12.7,2
9.181759911771546e-07,13.0,-2.7,2.85083,0.726,-4.67213,3.57645,2.8331,10.0,16.30537,17.022,15.49306,12.7,2
9.089523173823353e-07,13.0,-2.7,2.86188,0.728,-4.67169,3.57703,2.83461,10.0,16.30552,17.02138,15.49365,12.7,2
8.998530401753715e-07,13.0,-2.7,2.87293,0.73,-4.67126,3.57761,2.83611,10.0,16.3057,17.02078,15.49426,12.7,2
8.908760567763231e-07,13.0,-2.7,2.88398,0.732,-4.67084,3.57818,2.83761,10.0,16.30588,17.02018,15.49487,12.7,2
1.3197446994996036e-06,13.0,-2.7,2.89503,0.734,-4.67042,3.57876,2.83911,10.0,16.30605,17.01957,15.49549,12.7,2
8.689552166035455e-07,13.0,-2.7,2.90608,0.736,-4.67002,3.57933,2.84058,10.0,16.30627,17.01901,15.49614,12.7,2
8.603903093150135e-07,13.0,-2.7,2.91713,0.738,-4.67282,3.57909,2.8388,10.0,16.31231,17.02525,15.50209,12.725,2
8.519387471650604e-07,13.0,-2.7,2.92818,0.74,-4.67244,3.57966,2.84025,10.0,16.31255,17.02472,15.50277,12.725,2
8.435986500069086e-07,13.0,-2.7,2.93923,0.742,-4.67205,3.58024,2.84171,10.0,16.31278,17.02416,15.50343,12.725,2
1.2499995967658672e-06,13.0,-2.7,2.95028,0.744,-4.67168,3.5808,2.84314,10.0,16.31303,17.02364,15.50413,12.725,2
8.232240635679652e-07,13.0,-2.7,2.96133,0.746,-4.6713,3.58137,2.84458,10.0,16.31327,17.02309,15.50481,12.725,2
8.152598206278806e-07,13.0,-2.7,2.97238,0.748,-4.67092,3.58194,2.84602,10.0,16.3135,17.02253,15.50548,12.725,2
8.07399033117698e-07,13.0,-2.7,2.98343,0.75,-4.67055,3.5825,2.84744,10.0,16.31374,17.02198,15.50617,12.725,2
7.996400164329382e-07,13.0,-2.7,2.99448,0.752,-4.67015,3.58308,2.84889,10.0,16.31392,17.02136,15.50681,12.725,2
1.185130435342478e-06,13.0,-2.7,3.00552,0.754,-4.6698,3.58364,2.85029,10.0,16.31418,17.02084,15.50752,12.725,2
7.806769620804315e-07,13.0,-2.7,3.01657,0.756,-4.66943,3.5842,2.8517,10.0,16.31439,17.02026,15.50819,12.725,2
7.732613458929632e-07,13.0,-2.7,3.02762,0.758,-4.67241,3.58393,2.84974,10.0,16.32078,17.02691,15.51445,12.75,2
7.659403167965092e-07,13.0,-2.7,3.03867,0.76,-4.67206,3.58449,2.85112,10.0,16.32104,17.02637,15.51516,12.75,2
1.1353867400337322e-06,13.0,-2.7,3.04972,0.762,-4.67168,3.58505,2.85252,10.0,16.32124,17.02578,15.51583,12.75,2
7.480417084894601e-07,13.0,-2.7,3.06077,0.764,-4.67135,3.5856,2.85388,10.0,16.32152,17.02527,15.51656,12.75,2
7.410400127331908e-07,13.0,-2.7,3.07182,0.766,-4.67099,3.58617,2.85526,10.0,16.32173,17.02468,15.51723,12.75,2
7.341263225738079e-07,13.0,-2.7,3.08287,0.768,-4.67065,3.58672,2.8566,10.0,16.322,17.02415,15.51796,12.75,2
7.272992512541312e-07,13.0,-2.7,3.09392,0.77,-4.67031,3.58727,2.85794,10.0,16.32223,17.02359,15.51865,12.75,2
1.0783342550623643e-06,13.0,-2.7,3.10497,0.772,-4.66996,3.58783,2.85928,10.0,16.32246,17.02302,15.51935,12.75,2
7.106016650418905e-07,13.0,-2.7,3.11602,0.774,-4.66965,3.58837,2.86059,10.0,16.32274,17.02251,15.52009,12.75,2
7.040672126746628e-07,13.0,-2.7,3.12707,0.776,-4.66935,3.58891,2.86187,10.0,16.32304,17.02203,15.52085,12.75,2
6.97613455288414e-07,13.0,-2.7,3.13812,0.778,-4.66904,3.58945,2.86316,10.0,16.32333,17.02153,15.5216,12.75,2
6.912391435138881e-07,13.0,-2.7,3.14917,0.78,-4.66877,3.58999,2.8644,10.0,16.32367,17.0211,15.5224,12.75,2
1.0250776561238324e-06,13.0,-2.7,3.16022,0.782,-4.67201,3.58965,2.86216,10.0,16.33059,17.02838,15.52912,12.775,2
6.756429479134356e-07,13.0,-2.7,3.17127,0.784,-4.67178,3.59017,2.86335,10.0,16.33102,17.02805,15.52999,12.775,2
6.695371879019404e-07,13.0,-2.7,3.18232,0.786,-4.67157,3.59068,2.86452,10.0,16.33148,17.02775,15.5309,12.775,2
6.635055316837665e-07,13.0,-2.7,3.19337,0.788,-4.67137,3.5912,2.86568,10.0,16.33195,17.02747,15.53181,12.775,2
6.575468516131787e-07,13.0,-2.7,3.20442,0.79,-4.67119,3.5917,2.8668,10.0,16.33247,17.02724,15.53277,12.775,2
9.753046682427118e-07,13.0,-2.7,3.21547,0.792,-4.67105,3.5922,2.86789,10.0,16.33304,17.02708,15.53378,12.775,2
6.429622067116882e-07,13.0,-2.7,3.22652,0.794,-4.67092,3.59269,2.86896,10.0,16.33363,17.02693,15.53481,12.775,2
6.372503565956358e-07,13.0,-2.7,3.23757,0.796,-4.67081,3.59318,2.87,10.0,16.33426,17.02683,15.53588,12.775,2
6.316066570419328e-07,13.0,-2.7,3.24862,0.798,-4.67073,3.59366,2.87101,10.0,16.33494,17.02678,15.53698,12.775,2
9.369746236791172e-07,13.0,-2.7,3.25967,0.8,-4.67067,3.59414,2.872,10.0,16.33565,17.02678,15.53812,12.775,2
6.17788920950012e-07,13.0,-2.7,3.27072,0.802,-4.67066,3.5946,2.87294,10.0,16.33645,17.02687,15.53935,12.775,2
6.123758385656315e-07,13.0,-2.7,3.28177,0.804,-4.67068,3.59506,2.87385,10.0,16.3373,17.02703,15.54062,12.775,2
6.070264604806282e-07,13.0,-2.7,3.29282,0.806,-4.67071,3.59551,2.87474,10.0,16.33818,17.02721,15.54192,12.775,2
6.017398466148108e-07,13.0,-2.7,3.30387,0.808,-4.67444,3.59506,2.87202,10.0,16.34608,17.03567,15.5495,12.8,2
8.928323972023094e-07,13.0,-2.7,3.31492,0.81,-4.67453,3.5955,2.87285,10.0,16.34708,17.036,15.55091,12.8,2
5.887918855641293e-07,13.0,-2.7,3.32597,0.812,-4.67473,3.59592,2.87358,10.0,16.34827,17.03654,15.55248,12.8,2
5.837177808366965e-07,13.0,-2.7,3.33702,0.814,-4.67491,3.59633,2.87432,10.0,16.34943,17.03705,15.55404,12.8,2
5.787024112894423e-07,13.0,-2.7,3.34807,0.816,-4.67515,3.59674,2.87501,10.0,16.35068,17.03767,15.55567,12.8,2
5.737449243526388e-07,13.0,-2.7,3.35912,0.818,-4.67544,3.59713,2.87565,10.0,16.35203,17.0384,15.55741,12.8,2
8.514466587786439e-07,13.0,-2.7,3.37017,0.82,-4.67571,3.59753,2.8763,10.0,16.35335,17.0391,15.55912,12.8,2
5.615989817530959e-07,13.0,-2.7,3.38122,0.822,-4.67612,3.5979,2.87682,10.0,16.35493,17.04009,15.56106,12.8,2
5.568375818759583e-07,13.0,-2.7,3.39227,0.824,-4.67652,3.59826,2.87734,10.0,16.3565,17.04108,15.56299,12.8,2
5.521304077108138e-07,13.0,-2.7,3.40331,0.826,-4.67698,3.59862,2.87782,10.0,16.35816,17.04217,15.56502,12.8,2
5.474766848126801e-07,13.0,-2.7,3.41436,0.828,-4.67749,3.59896,2.87824,10.0,16.35994,17.04338,15.56714,12.8,2
8.126043514832821e-07,13.0,-2.7,3.42541,0.83,-4.67806,3.59929,2.87861,10.0,16.36182,17.04472,15.56936,12.8,2
5.360712637507766e-07,13.0,-2.7,3.43646,0.832,-4.67866,3.59962,2.87896,10.0,16.36375,17.04612,15.57163,12.8,2
5.315987109955326e-07,13.0,-2.7,3.44751,0.834,-4.67934,3.59992,2.87922,10.0,16.36584,17.0477,15.57404,12.8,2
5.271762851572754e-07,13.0,-2.7,3.45856,0.836,-4.68005,3.60022,2.87946,10.0,16.36799,17.04935,15.57651,12.8,2
7.825803009639054e-07,13.0,-2.7,3.46961,0.838,-4.68084,3.6005,2.87963,10.0,16.37029,17.05118,15.57912,12.8,2
5.163349313395026e-07,13.0,-2.7,3.48066,0.84,-4.68545,3.59985,2.87604,10.0,16.38001,17.0618,15.58828,12.825,2
5.120824787647061e-07,13.0,-2.7,3.49171,0.842,-4.68636,3.6001,2.87609,10.0,16.38256,17.06392,15.5911,12.825,2
5.078770747344348e-07,13.0,-2.7,3.50276,0.844,-4.68733,3.60034,2.87608,10.0,16.38521,17.06616,15.59402,12.825,2
5.037180664124354e-07,13.0,-2.7,3.51381,0.846,-4.68837,3.60057,2.876,10.0,16.38801,17.06857,15.59707,12.825,2
7.478788724535745e-07,13.0,-2.7,3.52486,0.848,-4.68946,3.60078,2.87588,10.0,16.39091,17.0711,15.60021,12.825,2
4.935193402348515e-07,13.0,-2.7,3.53591,0.85,-4.69065,3.60097,2.87567,10.0,16.39398,17.07383,15.60351,12.825,2
4.89517731048716e-07,13.0,-2.7,3.54696,0.852,-4.69188,3.60115,2.87541,10.0,16.39716,17.07669,15.6069,12.825,2
4.855597114836823e-07,13.0,-2.7,3.55801,0.854,-4.69321,3.60131,2.87506,10.0,16.40052,17.07975,15.61045,12.825,2
4.816446860118135e-07,13.0,-2.7,3.56906,0.856,-4.6946,3.60145,2.87464,10.0,16.40401,17.08297,15.61412,12.825,2
7.152189667035423e-07,13.0,-2.7,3.58011,0.858,-4.69605,3.60158,2.87418,10.0,16.4076,17.08631,15.61788,12.825,2
4.720414010513405e-07,13.0,-2.7,3.59116,0.86,-4.6976,3.60169,2.87361,10.0,16.41141,17.08991,15.62183,12.825,2
4.682723045923163e-07,13.0,-2.7,3.60221,0.862,-4.69923,3.60177,2.87297,10.0,16.41535,17.09367,15.6259,12.825,2
4.645436406662213e-07,13.0,-2.7,3.61326,0.864,-4.70094,3.60184,2.87224,10.0,16.41947,17.09763,15.63013,12.825,2
4.608548652534732e-07,13.0,-2.7,3.62431,0.866,-4.70272,3.60189,2.87145,10.0,16.42371,17.10174,15.63446,12.825,2
6.844517850846124e-07,13.0,-2.7,3.63536,0.868,-4.70458,3.60192,2.87058,10.0,16.42812,17.10606,15.63895,12.825,2
9.000545712827615e-07,13.0,-2.7,3.64641,0.87,-4.70652,3.60194,2.86963,10.0,16.43269,17.11055,15.64357,12.825,2
1.1053259440412161e-06,13.0,-2.7,3.67665,0.872,-4.70858,3.60192,2.86857,10.0,16.43747,17.1153,15.64838,12.825,2
1.0839241993990856e-06,13.0,-2.7,3.7006,0.874,-4.71451,3.60094,2.86363,10.0,16.44978,17.12902,15.6598,12.85,2
1.0630769984008622e-06,13.0,-2.7,3.72455,0.876,-4.71672,3.60088,2.8624,10.0,16.45486,17.13413,15.66487,12.85,2
1.042766388823788e-06,13.0,-2.7,3.7485,0.878,-4.719,3.60081,2.8611,10.0,16.4601,17.13943,15.67008,12.85,2
8.19939027876283e-07,13.0,-2.7,3.77246,0.88,-4.7214,3.60071,2.85968,10.0,16.46555,17.14497,15.67548,12.85,2
1.0075048438084243e-06,13.0,-2.7,3.79641,0.882,-4.72385,3.60059,2.85821,10.0,16.47109,17.15063,15.68096,12.85,2
9.886069866345148e-07,13.0,-2.7,3.82036,0.884,-4.72641,3.60045,2.85662,10.0,16.47685,17.15655,15.68664,12.85,2
9.70183586057487e-07,13.0,-2.7,3.84431,0.886,-4.72906,3.60029,2.85494,10.0,16.48279,17.16268,15.69247,12.85,2
9.522197564893721e-07,13.0,-2.7,3.86826,0.888,-4.73178,3.6001,2.85319,10.0,16.48888,17.16897,15.69843,12.85,2
7.491415198331233e-07,13.0,-2.7,3.89222,0.89,-4.73458,3.5999,2.85136,10.0,16.4951,17.17543,15.70452,12.85,2
9.209975940963731e-07,13.0,-2.7,3.91617,0.892,-4.7375,3.59967,2.8494,10.0,16.50156,17.18217,15.71081,12.85,2
9.042460385115749e-07,13.0,-2.7,3.94012,0.894,-4.74048,3.59942,2.84739,10.0,16.50812,17.18904,15.7172,12.85,2
8.879023846846257e-07,13.0,-2.7,3.96407,0.896,-4.74358,3.59915,2.84526,10.0,16.51492,17.19617,15.7238,12.85,2
6.988206499668627e-07,13.0,-2.7,3.98802,0.898,-4.75083,3.59783,2.83898,10.0,16.52967,17.2127,15.73746,12.875,2
8.59472382780756e-07,13.0,-2.7,4.01198,0.9,-4.75415,3.59751,2.83663,10.0,16.53686,17.22029,15.74442,12.875,2
8.442062411551127e-07,13.0,-2.7,4.03593,0.902,-4.75755,3.59716,2.8342,10.0,16.54423,17.22808,15.75154,12.875,2
8.293031728816147e-07,13.0,-2.7,4.05988,0.904,-4.76103,3.59679,2.83169,10.0,16.55174,17.23603,15.7588,12.875,2
8.14752383711784e-07,13.0,-2.7,4.08383,0.906,-4.76466,3.59638,2.82902,10.0,16.55954,17.24433,15.76632,12.875,2
6.415554151514674e-07,13.0,-2.7,4.10778,0.908,-4.76838,3.59596,2.82627,10.0,16.5675,17.2528,15.77399,12.875,2
7.89415713697512e-07,13.0,-2.7,4.13174,0.91,-4.7722,3.5955,2.82342,10.0,16.57565,17.26149,15.78182,12.875,2
7.757970915744305e-07,13.0,-2.7,4.15569,0.912,-4.77614,3.59503,2.82046,10.0,16.58402,17.27042,15.78986,12.875,2
7.624931029194705e-07,13.0,-2.7,4.17964,0.914,-4.78018,3.59452,2.81741,10.0,16.59256,17.27956,15.79807,12.875,2
7.494946593778347e-07,13.0,-2.7,4.20359,0.916,-4.78436,3.59398,2.8142,10.0,16.60139,17.28903,15.80655,12.875,2
5.904365654416095e-07,13.0,-2.7,4.22754,0.918,-4.78867,3.59342,2.81087,10.0,16.61045,17.29875,15.81523,12.875,2
7.268396213791349e-07,13.0,-2.7,4.2515,0.92,-4.79307,3.59283,2.80746,10.0,16.61967,17.30866,15.82407,12.875,2
7.146509826281101e-07,13.0,-2.7,4.27545,0.922,-4.79766,3.59219,2.80386,10.0,16.62924,17.31895,15.83323,12.875,2
7.027361155504798e-07,13.0,-2.7,4.2994,0.924,-4.80236,3.59153,2.80015,10.0,16.63901,17.32948,15.84259,12.875,2
6.910873305745557e-07,13.0,-2.7,4.32335,0.926,-4.80719,3.59084,2.79632,10.0,16.64903,17.34027,15.85218,12.875,2
5.446567962179616e-07,13.0,-2.7,4.34731,0.928,-4.8172,3.58886,2.78734,10.0,16.66868,17.36222,15.87055,12.9,2
6.707664843174196e-07,13.0,-2.7,4.37126,0.93,-4.82242,3.58807,2.78312,10.0,16.67939,17.37379,15.88081,12.9,2
6.598239846849453e-07,13.0,-2.7,4.39521,0.932,-4.82781,3.58724,2.77874,10.0,16.69041,17.38569,15.89135,12.9,2
6.491206220876495e-07,13.0,-2.7,4.41916,0.934,-4.83335,3.58637,2.77421,10.0,16.70171,17.39791,15.90217,12.9,2
6.386498603299473e-07,13.0,-2.7,4.44311,0.936,-4.83908,3.58546,2.76949,10.0,16.71334,17.41049,15.91329,12.9,2
5.035332062149654e-07,13.0,-2.7,4.46707,0.938,-4.84499,3.58451,2.76459,10.0,16.72531,17.42345,15.92475,12.9,2
6.203685946817559e-07,13.0,-2.7,4.49102,0.94,-4.85106,3.58351,2.75953,10.0,16.73756,17.43671,15.93647,12.9,2
6.105161337710504e-07,13.0,-2.7,4.51497,0.942,-4.85733,3.58247,2.75428,10.0,16.75017,17.45037,15.94854,12.9,2
6.008733202979098e-07,13.0,-2.7,4.53892,0.944,-4.86382,3.58137,2.74881,10.0,16.76316,17.46446,15.96098,12.9,2
4.7389314666486617e-07,13.0,-2.7,4.56287,0.946,-4.8705,3.58022,2.74314,10.0,16.77651,17.47894,15.97375,12.9,2
5.840268695302685e-07,13.0,-2.7,4.58683,0.948,-4.87739,3.57902,2.73725,10.0,16.79025,17.49384,15.9869,12.9,2
5.749419463759373e-07,13.0,-2.7,4.61078,0.95,-4.88447,3.57777,2.73118,10.0,16.80431,17.5091,16.00037,12.9,2
2.2747558629388348e-07,13.0,-2.7,4.63473,0.952,-4.89184,3.57645,2.72481,10.0,16.8189,17.52494,16.01434,12.9,2
3.6572396106164174e-06,13.0,-2.7,0.84765,0.55,-4.01462,3.70493,3.40244,11.0,14.72288,15.10866,14.16093,3.875,2
5.366829793521006e-06,13.0,-2.7,0.87056,0.552,-4.24522,3.64777,3.17336,11.0,15.35118,15.8594,14.67799,4.725,2
0.004980955540793278,13.0,-2.1,0.09695376,0.097,-2.907,3.5374,5.433,1.0,12.511,13.624,11.475,nan,2
0.013748670344576705,13.0,-2.1,0.1068296,0.106,-2.687,3.5652,5.365,1.0,11.859,12.792,10.906,nan,2
0.014992568855730753,13.0,-2.1,0.12658125,0.126,-2.429,3.5901,5.281,1.0,11.131,11.939,10.246,nan,2
0.012287913562814442,13.0,-2.1,0.1463329,0.146,-2.259,3.6025,5.223,1.0,10.669,11.423,9.815,nan,2
0.014938533379821874,13.0,-2.1,0.16608454,0.166,-2.126,3.6105,5.177,1.0,10.315,11.037,9.481,nan,2
0.017233263408162683,13.0,-2.1,0.20558786,0.205,-1.918,3.6218,5.106,1.0,9.76,10.439,8.955,nan,2
0.013261792761622562,13.0,-2.1,0.254967,0.255,-1.726,3.6321,5.051,1.0,9.252,9.894,8.472,nan,2
0.011726562795203059,13.0,-2.1,0.30434614,0.304,-1.579,3.6408,5.015,1.0,8.858,9.47,8.098,nan,2
0.00955821197770638,13.0,-2.1,0.35372522,0.354,-1.455,3.6488,4.989,1.0,8.525,9.113,7.785,nan,2
0.008009956149062655,13.0,-2.1,0.40310436,0.403,-1.33,3.6575,4.956,1.0,8.191,8.752,7.471,nan,2
0.006855535121521449,13.0,-2.1,0.45248353,0.452,-1.179,3.6716,4.911,1.0,7.78,8.3,7.093,nan,2
0.005942768532051747,13.0,-2.1,0.50186265,0.502,-1.01,3.6876,4.851,1.0,7.325,7.801,6.673,nan,2
0.005152576102673465,13.0,-2.1,0.55124182,0.551,-0.803,3.7078,4.765,1.0,6.776,7.201,6.17,nan,2
0.002330209529209282,13.0,-2.1,0.60062087,0.6,-0.589,3.7335,4.691,1.0,6.22,6.586,5.67,nan,2
0.0005985486710288478,13.0,-2.1,0.60437244,0.604,-0.572,3.7357,4.686,1.0,6.176,6.538,5.631,nan,2
0.000880570510223544,13.0,-2.1,0.61404794,0.614,-0.527,3.7416,4.672,1.0,6.062,6.411,5.529,nan,2
0.0008592660927786586,13.0,-2.1,0.62344122,0.623,-0.484,3.7472,4.657,1.0,5.951,6.288,5.431,nan,2
0.0008388071045719903,13.0,-2.1,0.63450778,0.634,-0.431,3.7538,4.639,1.0,5.821,6.144,5.315,nan,2
0.0008191473101038661,13.0,-2.1,0.64431936,0.644,-0.384,3.7595,4.621,1.0,5.704,6.015,5.212,nan,2
0.0003816882243909647,13.0,-2.1,0.64999998,0.65,-0.357,3.7628,4.61,1.0,5.636,5.94,5.151,nan,2
0.0005285438486089468,13.0,-2.1,0.65385866,0.654,-0.338,3.7649,4.603,1.0,5.589,5.89,5.109,nan,2
0.0007820560986710576,13.0,-2.1,0.66336286,0.663,-0.29,3.7701,4.582,1.0,5.472,5.762,5.003,nan,2
0.0007645471745957678,13.0,-2.1,0.67243612,0.672,-0.243,3.775,4.561,1.0,5.357,5.638,4.898,nan,2
0.0005926605821034403,13.0,-2.1,0.68048805,0.68,-0.2,3.7794,4.54,1.0,5.251,5.525,4.802,nan,2
0.0007394804768618452,13.0,-2.1,0.6882894,0.688,-0.157,3.7835,4.519,1.0,5.145,5.411,4.705,nan,2
0.00042364247516362373,13.0,-2.1,0.69752342,0.697,-0.103,3.7884,4.49,1.0,5.014,5.27,4.585,nan,2
0.00015318285378061784,13.0,-2.1,0.69999999,0.7,-0.088,3.7897,4.482,1.0,4.977,5.231,4.551,nan,2
0.00035387892760147075,13.0,-2.1,0.70180374,0.701,-0.077,3.7906,4.476,1.0,4.95,5.203,4.526,nan,2
0.00053333756427075,13.0,-2.1,0.70999479,0.71,-0.025,3.7947,4.445,1.0,4.821,5.066,4.406,nan,2
0.0006932701359031975,13.0,-2.1,0.7170282,0.717,0.022,3.7981,4.415,1.0,4.703,4.942,4.296,nan,2
0.0004624911626872062,13.0,-2.1,0.72384065,0.723,0.072,3.8014,4.383,1.0,4.58,4.814,4.181,nan,2
0.0004932365336761741,13.0,-2.1,0.73065239,0.73,0.125,3.8044,4.346,1.0,4.448,4.676,4.055,nan,2
0.0006650706949807478,13.0,-2.1,0.73852164,0.738,0.192,3.8077,4.296,1.0,4.279,4.501,3.894,nan,2
0.0003740108150393568,13.0,-2.1,0.74587548,0.745,0.263,3.8103,4.24,1.0,4.102,4.32,3.723,nan,2
0.00021820945605419687,13.0,-2.1,0.75,0.749,0.306,3.8113,4.204,1.0,3.994,4.209,3.618,nan,2
0.00021427941778866323,13.0,-2.1,0.75264007,0.752,0.334,3.8122,4.181,1.0,3.923,4.138,3.55,nan,2
0.0001763428601796852,13.0,-2.1,0.75670952,0.756,0.381,3.8127,4.139,1.0,3.805,4.018,3.433,nan,2
0.00017071161804110724,13.0,-2.1,0.75816172,0.757,0.399,3.8124,4.12,1.0,3.757,3.971,3.385,nan,2
0.00021004995654859423,13.0,-2.1,0.76210821,0.761,0.454,3.8106,4.06,1.0,3.619,3.834,3.244,nan,2
0.00010492775945092521,13.0,-2.1,0.76487035,0.764,0.498,3.8079,4.007,1.0,3.509,3.728,3.128,nan,2
3.602742549768187e-05,13.0,-2.1,0.76545942,0.764,0.507,3.8072,3.995,1.0,3.484,3.704,3.102,nan,2
7.752877243326074e-05,13.0,-2.1,0.76603234,0.765,0.518,3.806,3.979,2.0,3.456,3.678,3.072,nan,2
0.00010553026021690949,13.0,-2.1,0.76795995,0.767,0.558,3.8007,3.919,2.0,3.354,3.585,2.959,nan,2
8.162793501214998e-05,13.0,-2.1,0.769436,0.768,0.594,3.7942,3.858,2.0,3.263,3.504,2.855,nan,2
6.416236403434465e-05,13.0,-2.1,0.77059269,0.769,0.627,3.7865,3.795,2.0,3.179,3.433,2.755,nan,2
5.268935910294044e-05,13.0,-2.1,0.77152568,0.77,0.657,3.7783,3.732,2.0,3.103,3.371,2.661,nan,2
4.525705279854724e-05,13.0,-2.1,0.77230871,0.771,0.686,3.7704,3.672,2.0,3.031,3.312,2.573,nan,2
4.0039454639807213e-05,13.0,-2.1,0.77299964,0.771,0.716,3.7629,3.613,2.0,2.957,3.252,2.484,nan,2
3.747379523802845e-05,13.0,-2.1,0.77361274,0.772,0.749,3.7564,3.554,2.0,2.876,3.183,2.389,nan,2
3.336861737759026e-05,13.0,-2.1,0.77422011,0.773,0.791,3.7505,3.49,2.0,2.774,3.091,2.275,nan,2
2.4785203234852562e-05,13.0,-2.1,0.77469951,0.773,0.83,3.7467,3.435,2.0,2.676,3.001,2.168,nan,2
1.902597951546757e-05,13.0,-2.1,0.77502733,0.773,0.861,3.7445,3.396,2.0,2.602,2.931,2.089,nan,2
2.0510351925630654e-05,13.0,-2.1,0.77531916,0.773,0.89,3.7429,3.36,3.0,2.528,2.86,2.012,nan,2
2.3357516821764113e-05,13.0,-2.1,0.77570182,0.774,0.931,3.7409,3.311,3.0,2.426,2.762,1.907,nan,2
2.2949736396069133e-05,13.0,-2.1,0.77608728,0.774,0.975,3.739,3.26,3.0,2.318,2.658,1.795,nan,2
2.3161988996471223e-05,13.0,-2.1,0.77645653,0.774,1.019,3.7374,3.209,3.0,2.209,2.551,1.682,nan,2
2.194594580308392e-05,13.0,-2.1,0.77684897,0.775,1.07,3.7357,3.152,3.0,2.084,2.43,1.555,nan,2
2.0142406873363338e-05,13.0,-2.1,0.77717823,0.775,1.115,3.7342,3.101,3.0,1.972,2.32,1.44,nan,2
2.0071554644296662e-05,13.0,-2.1,0.77751136,0.775,1.165,3.7328,3.046,3.0,1.85,2.2,1.315,nan,2
1.7961800286775335e-05,13.0,-2.1,0.77783829,0.775,1.217,3.7312,2.987,3.0,1.719,2.072,1.181,nan,2
1.5759603535966625e-05,13.0,-2.1,0.77810204,0.775,1.264,3.7297,2.934,3.0,1.603,1.959,1.062,nan,2
1.4690434276662647e-05,13.0,-2.1,0.77835655,0.776,1.313,3.7283,2.879,3.0,1.482,1.841,0.938,nan,2
1.3249366836447962e-05,13.0,-2.1,0.77858514,0.776,1.361,3.7268,2.826,3.0,1.363,1.724,0.817,nan,2
1.1935103600180159e-05,13.0,-2.1,0.77879226,0.776,1.409,3.7253,2.772,3.0,1.245,1.61,0.696,nan,2
1.0969323859706644e-05,13.0,-2.1,0.77897763,0.776,1.456,3.7238,2.719,3.0,1.13,1.497,0.578,nan,2
1.007044321962941e-05,13.0,-2.1,0.77915299,0.776,1.504,3.7223,2.665,3.0,1.01,1.38,0.455,nan,2
8.94471381180882e-06,13.0,-2.1,0.7793088,0.776,1.551,3.7207,2.611,3.0,0.894,1.266,0.336,nan,2
8.022114399763206e-06,13.0,-2.1,0.77944714,0.776,1.597,3.7192,2.559,3.0,0.781,1.156,0.22,nan,2
7.387789293143075e-06,13.0,-2.1,0.77957261,0.775,1.643,3.7177,2.508,3.0,0.669,1.048,0.105,nan,2
6.729745414547811e-06,13.0,-2.1,0.77969009,0.775,1.689,3.7161,2.455,3.0,0.555,0.937,-0.012,nan,2
6.073526056882022e-06,13.0,-2.1,0.77979392,0.775,1.734,3.7144,2.404,3.0,0.445,0.831,-0.126,nan,2
5.5951974889385655e-06,13.0,-2.1,0.77988982,0.775,1.779,3.7129,2.352,3.0,0.334,0.723,-0.24,nan,2
5.05696381745126e-06,13.0,-2.1,0.77997792,0.775,1.823,3.7113,2.301,3.0,0.223,0.617,-0.354,nan,2
4.532711387038804e-06,13.0,-2.1,0.78005612,0.775,1.867,3.7097,2.251,3.0,0.117,0.514,-0.464,nan,2
4.268880478396204e-06,13.0,-2.1,0.78012842,0.774,1.91,3.7081,2.201,3.0,0.011,0.412,-0.573,nan,2
3.880964713189957e-06,13.0,-2.1,0.78019786,0.774,1.955,3.7064,2.15,3.0,-0.098,0.306,-0.687,nan,2
3.44666771516703e-06,13.0,-2.1,0.78025728,0.774,1.996,3.7048,2.101,3.0,-0.2,0.208,-0.792,nan,2
3.2385545212446006e-06,13.0,-2.1,0.7803123,0.773,2.038,3.7032,2.053,3.0,-0.302,0.11,-0.897,nan,2
2.962074185485379e-06,13.0,-2.1,0.78036481,0.773,2.081,3.7016,2.004,3.0,-0.407,0.009,-1.006,nan,2
2.674751483609954e-06,13.0,-2.1,0.78041065,0.773,2.121,3.6999,1.957,3.0,-0.505,-0.084,-1.108,nan,2
2.64071850110213e-06,13.0,-2.1,0.78045362,0.772,2.161,3.6983,1.91,3.0,-0.602,-0.177,-1.209,nan,2
2.836483444729078e-06,13.0,-2.1,0.78049833,0.772,2.2,3.6969,1.865,3.0,-0.696,-0.268,-1.307,nan,2
2.144981428469757e-06,13.0,-2.1,0.7805478,0.771,2.229,3.6957,1.83,3.0,-0.769,-0.337,-1.383,nan,2
8.276339462839329e-07,13.0,-2.1,0.78056955,0.771,2.224,3.6961,1.837,3.0,-0.757,-0.326,-1.37,nan,2
1.1276060752893557e-06,13.0,-2.1,0.78057528,0.771,2.231,3.6958,1.829,3.0,-0.773,-0.341,-1.386,nan,2
1.9187976243759463e-06,13.0,-2.1,0.78060699,0.77,2.271,3.6941,1.781,3.0,-0.872,-0.435,-1.489,nan,2
1.7841715785239246e-06,13.0,-2.1,0.78063899,0.77,2.315,3.6924,1.731,3.0,-0.977,-0.536,-1.599,nan,2
1.6263549162802814e-06,13.0,-2.1,0.78066623,0.769,2.354,3.6906,1.684,3.0,-1.072,-0.626,-1.699,nan,2
1.5564818902508376e-06,13.0,-2.1,0.78069299,0.768,2.395,3.6887,1.635,3.0,-1.172,-0.72,-1.803,nan,2
1.409206417275505e-06,13.0,-2.1,0.78071791,0.768,2.437,3.687,1.587,3.0,-1.272,-0.815,-1.907,nan,2
1.310420414945102e-06,13.0,-2.1,0.78073978,0.767,2.475,3.6852,1.54,3.0,-1.365,-0.902,-2.005,nan,2
1.2297050228128296e-06,13.0,-2.1,0.78076142,0.766,2.517,3.6833,1.491,3.0,-1.464,-0.995,-2.11,nan,2
1.1164625323386345e-06,13.0,-2.1,0.78078061,0.765,2.556,3.6816,1.444,3.0,-1.559,-1.082,-2.211,nan,2
1.0538177503844305e-06,13.0,-2.1,0.78079849,0.764,2.595,3.6798,1.398,3.0,-1.653,-1.167,-2.311,nan,2
1.0682742385349103e-06,13.0,-2.1,0.7808156,0.763,2.634,3.6779,1.35,3.0,-1.747,-1.253,-2.413,nan,2
9.981000356508864e-07,13.0,-2.1,0.78083396,0.762,2.68,3.6758,1.295,3.0,-1.856,-1.35,-2.53,nan,2
9.02928155374822e-07,13.0,-2.1,0.78084874,0.761,2.72,3.6738,1.247,3.0,-1.95,-1.433,-2.632,nan,2
8.38476312393449e-07,13.0,-2.1,0.78086394,0.759,2.764,3.6716,1.193,3.0,-2.053,-1.524,-2.745,nan,2
7.646879874885238e-07,13.0,-2.1,0.78087658,0.758,2.803,3.6698,1.146,3.0,-2.145,-1.604,-2.846,nan,2
7.053561507273908e-07,13.0,-2.1,0.78088933,0.756,2.845,3.6674,1.093,3.0,-2.242,-1.686,-2.953,nan,2
6.571678569102917e-07,13.0,-2.1,0.7809,0.754,2.883,3.6657,1.048,3.0,-2.329,-1.761,-3.05,nan,2
6.767443512743242e-07,13.0,-2.1,0.78091115,0.752,2.925,3.6633,0.995,3.0,-2.425,-1.84,-3.157,nan,2
6.174125145131912e-07,13.0,-2.1,0.78092247,0.75,2.971,3.661,0.938,3.0,-2.528,-1.923,-3.275,nan,2
5.135065059692355e-07,13.0,-2.1,0.78093165,0.748,3.011,3.6588,0.888,3.0,-2.616,-1.991,-3.376,nan,2
4.83087645509062e-07,13.0,-2.1,0.78093952,0.746,3.047,3.6568,0.843,3.0,-2.696,-2.056,-3.467,nan,2
4.972429568116489e-07,13.0,-2.1,0.78094769,0.743,3.087,3.6546,0.793,3.0,-2.783,-2.128,-3.564,nan,2
4.6290879746261894e-07,13.0,-2.1,0.78095603,0.74,3.13,3.6522,0.738,3.0,-2.878,-2.207,-3.67,nan,2
4.23755808747929e-07,13.0,-2.1,0.78096306,0.736,3.169,3.65,0.688,3.0,-2.963,-2.276,-3.765,nan,2
4.074922595769675e-07,13.0,-2.1,0.7809701,0.733,3.209,3.6477,0.636,3.0,-3.051,-2.348,-3.864,nan,2
2.511814815126008e-07,13.0,-2.1,0.78097659,0.729,3.247,3.6455,0.588,3.0,-3.132,-2.414,-3.955,nan,2
5.571771472685673e-08,13.0,-2.1,0.78097844,0.728,3.257,3.645,0.575,3.0,-3.153,-2.431,-3.978,nan,2
3.9454165555895197e-08,13.0,-2.1,0.78097844,0.721,1.644,3.956,3.428,4.0,0.747,0.761,0.715,nan,2
1.3896299229114726e-06,13.0,-2.1,0.78097975,0.721,1.652,3.9515,3.402,4.0,0.711,0.728,0.674,nan,2
2.7358903813915686e-06,13.0,-2.1,0.78102458,0.721,1.669,3.9428,3.35,4.0,0.638,0.661,0.589,nan,2
2.814798712510046e-06,13.0,-2.1,0.78107059,0.721,1.67,3.9425,3.348,4.0,0.635,0.658,0.585,nan,2
2.865095244175458e-06,13.0,-2.1,0.78111804,0.721,1.67,3.9427,3.349,4.0,0.636,0.659,0.587,nan,2
2.8738293724366617e-06,13.0,-2.1,0.78116572,0.721,1.67,3.9428,3.349,4.0,0.636,0.659,0.587,nan,2
2.8918999826214176e-06,13.0,-2.1,0.78121346,0.721,1.67,3.9425,3.348,4.0,0.635,0.658,0.585,nan,2
2.9316553250118304e-06,13.0,-2.1,0.78126174,0.721,1.67,3.9419,3.345,4.0,0.633,0.656,0.582,nan,2
2.949424758355381e-06,13.0,-2.1,0.7813108,0.721,1.671,3.941,3.341,4.0,0.628,0.653,0.577,nan,2
2.868408189375216e-06,13.0,-2.1,0.78135967,0.721,1.671,3.9399,3.336,4.0,0.623,0.648,0.569,nan,2
2.8111845904824578e-06,13.0,-2.1,0.78140604,0.721,1.673,3.9382,3.328,4.0,0.615,0.642,0.559,nan,2
2.795222218146014e-06,13.0,-2.1,0.78145301,0.721,1.674,3.9362,3.319,4.0,0.606,0.634,0.547,nan,2
2.7753445469474635e-06,13.0,-2.1,0.78149885,0.721,1.676,3.9338,3.308,4.0,0.595,0.625,0.532,nan,2
2.7413115644396393e-06,13.0,-2.1,0.78154516,0.721,1.678,3.931,3.295,4.0,0.582,0.614,0.515,nan,2
2.7340833203710867e-06,13.0,-2.1,0.78158987,0.721,1.68,3.9277,3.279,4.0,0.568,0.603,0.495,nan,2
2.7572739367693953e-06,13.0,-2.1,0.78163594,0.721,1.683,3.9239,3.261,4.0,0.552,0.591,0.472,nan,2
2.8632881831616636e-06,13.0,-2.1,0.78168142,0.722,1.686,3.9195,3.241,4.0,0.534,0.577,0.446,nan,2
2.875937610291661e-06,13.0,-2.1,0.78173101,0.722,1.689,3.9144,3.216,4.0,0.515,0.563,0.416,nan,2
2.7985351633390852e-06,13.0,-2.1,0.78177691,0.722,1.693,3.9089,3.191,4.0,0.495,0.549,0.385,nan,2
2.79853516335246e-06,13.0,-2.1,0.78182393,0.722,1.698,3.9029,3.162,4.0,0.474,0.535,0.351,nan,2
2.7557680525834313e-06,13.0,-2.1,0.78186983,0.722,1.702,3.8964,3.132,4.0,0.453,0.522,0.316,nan,2
1.6408114044240735e-06,13.0,-2.1,0.78191543,0.722,1.707,3.8895,3.099,4.0,0.433,0.511,0.279,nan,2
9.405752599169229e-07,13.0,-2.1,0.78192431,0.722,1.708,3.8882,3.093,4.0,0.429,0.509,0.272,nan,2
2.0714942803993493e-06,13.0,-2.1,0.78194666,0.722,1.711,3.8848,3.077,4.0,0.421,0.506,0.255,nan,2
2.7340833203710867e-06,13.0,-2.1,0.78199309,0.722,1.716,3.8777,3.043,4.0,0.403,0.499,0.219,nan,2
2.698243276849468e-06,13.0,-2.1,0.78203744,0.722,1.721,3.8703,3.009,4.0,0.387,0.493,0.183,nan,2
2.6907138559330228e-06,13.0,-2.1,0.78208268,0.722,1.727,3.8624,2.971,4.0,0.371,0.489,0.147,nan,2
2.656680873425198e-06,13.0,-2.1,0.78212678,0.722,1.733,3.8542,2.933,4.0,0.355,0.486,0.111,nan,2
2.67836560564423e-06,13.0,-2.1,0.78217089,0.722,1.739,3.8461,2.894,4.0,0.341,0.484,0.076,nan,2
2.7036644598975385e-06,13.0,-2.1,0.78221571,0.722,1.745,3.8376,2.854,4.0,0.326,0.482,0.041,nan,2
2.6855938497194704e-06,13.0,-2.1,0.78226066,0.722,1.752,3.8291,2.814,4.0,0.311,0.481,0.005,nan,2
2.67836560564423e-06,13.0,-2.1,0.78230488,0.722,1.758,3.8211,2.775,4.0,0.297,0.48,-0.027,nan,2
2.7699233638927055e-06,13.0,-2.1,0.78234959,0.722,1.765,3.8129,2.735,4.0,0.282,0.478,-0.062,nan,2
2.7518527537146374e-06,13.0,-2.1,0.78239685,0.722,1.775,3.8035,2.688,4.0,0.264,0.477,-0.103,nan,2
2.4485676795094563e-06,13.0,-2.1,0.78244096,0.722,1.785,3.7947,2.643,4.0,0.244,0.472,-0.144,nan,2
1.8329622260167467e-06,13.0,-2.1,0.78247815,0.722,1.797,3.7856,2.594,4.0,0.22,0.464,-0.19,nan,2
1.2173567725173498e-06,13.0,-2.1,0.78250182,0.722,1.812,3.7769,2.544,4.0,0.188,0.447,-0.242,nan,2
8.041421530511064e-07,13.0,-2.1,0.78251857,0.722,1.825,3.7702,2.505,4.0,0.161,0.433,-0.284,nan,2
5.222406342304393e-07,13.0,-2.1,0.78252852,0.722,1.84,3.764,2.464,4.0,0.128,0.411,-0.332,nan,2
3.824945821648645e-07,13.0,-2.1,0.78253591,0.722,1.852,3.7592,2.434,4.0,0.102,0.395,-0.368,nan,2
2.963580069644593e-07,13.0,-2.1,0.78254122,0.722,1.867,3.7543,2.399,4.0,0.069,0.371,-0.412,nan,2
2.421461764235666e-07,13.0,-2.1,0.78254575,0.722,1.883,3.7494,2.363,4.0,0.033,0.344,-0.458,nan,2
1.776943334421935e-07,13.0,-2.1,0.78254926,0.722,1.906,3.7435,2.317,4.0,-0.019,0.303,-0.523,nan,2
1.16856612501784e-07,13.0,-2.1,0.78255165,0.722,1.929,3.7382,2.272,4.0,-0.072,0.261,-0.588,nan,2
6.987302603613114e-08,13.0,-2.1,0.78255314,0.722,1.956,3.7332,2.226,4.0,-0.134,0.209,-0.661,nan,2
4.8489470651616884e-08,13.0,-2.1,0.78255397,0.722,1.978,3.7298,2.189,7.0,-0.188,0.163,-0.722,nan,2
4.6682409631135044e-08,13.0,-2.1,0.78255475,0.722,2.01,3.7261,2.143,7.0,-0.263,0.096,-0.805,nan,2
4.6682409631135044e-08,13.0,-2.1,0.78255552,0.722,2.047,3.7224,2.092,7.0,-0.351,0.016,-0.901,nan,2
4.8489470658304354e-08,13.0,-2.1,0.7825563,0.722,2.084,3.7191,2.041,7.0,-0.442,-0.068,-1.0,nan,2
5.903065991992763e-08,13.0,-2.1,0.78255713,0.722,2.123,3.716,1.989,7.0,-0.535,-0.154,-1.1,nan,2
1.0059306334419742e-07,13.0,-2.1,0.78255826,0.722,2.157,3.7135,1.946,7.0,-0.617,-0.23,-1.188,nan,2
1.704660893669536e-07,13.0,-2.1,0.78256047,0.722,2.155,3.7139,1.949,7.0,-0.612,-0.226,-1.182,nan,2
7.646879874952111e-07,13.0,-2.1,0.78256392,0.722,2.143,3.7147,1.965,7.0,-0.583,-0.199,-1.151,nan,2
1.0827307266720153e-06,13.0,-2.1,0.78258586,0.723,2.153,3.7135,1.95,7.0,-0.605,-0.218,-1.176,nan,2
1.0429753842749148e-06,13.0,-2.1,0.78259987,0.723,2.186,3.7109,1.907,7.0,-0.685,-0.292,-1.262,nan,2
1.1309190204891143e-06,13.0,-2.1,0.78262049,0.723,2.238,3.7073,1.84,7.0,-0.811,-0.409,-1.397,nan,2
9.64067053149749e-07,13.0,-2.1,0.78263742,0.723,2.28,3.7046,1.787,7.0,-0.913,-0.503,-1.505,nan,2
8.562457457369995e-07,13.0,-2.1,0.7826525,0.723,2.322,3.7021,1.735,7.0,-1.013,-0.597,-1.611,nan,2
7.592668044337657e-07,13.0,-2.1,0.78266585,0.723,2.363,3.6996,1.684,7.0,-1.113,-0.691,-1.718,nan,2
6.713231682195661e-07,13.0,-2.1,0.78267771,0.723,2.405,3.6972,1.633,7.0,-1.213,-0.784,-1.823,nan,2
5.924148370944007e-07,13.0,-2.1,0.78268814,0.723,2.446,3.6948,1.582,7.0,-1.313,-0.877,-1.929,nan,2
5.330830003332678e-07,13.0,-2.1,0.78269738,0.723,2.487,3.6925,1.532,7.0,-1.41,-0.968,-2.032,nan,2
4.882076517226147e-07,13.0,-2.1,0.78270584,0.723,2.529,3.6902,1.481,7.0,-1.509,-1.061,-2.137,nan,2
4.505605471805138e-07,13.0,-2.1,0.78271359,0.723,2.569,3.6879,1.431,7.0,-1.606,-1.151,-2.24,nan,2
4.201416867069654e-07,13.0,-2.1,0.7827208,0.723,2.61,3.6855,1.381,7.0,-1.704,-1.241,-2.344,nan,2
3.9695107030196924e-07,13.0,-2.1,0.78272754,0.723,2.651,3.6832,1.331,7.0,-1.801,-1.329,-2.45,nan,2
3.806875211443827e-07,13.0,-2.1,0.78273398,0.723,2.692,3.6809,1.281,7.0,-1.899,-1.416,-2.555,nan,2
3.6261691096631426e-07,13.0,-2.1,0.78274018,0.723,2.733,3.6786,1.231,7.0,-1.995,-1.501,-2.661,nan,2
3.3370393467204235e-07,13.0,-2.1,0.78274602,0.723,2.774,3.6762,1.18,7.0,-2.093,-1.586,-2.768,nan,2
2.8521446402042545e-07,13.0,-2.1,0.78275126,0.723,2.817,3.6738,1.128,7.0,-2.191,-1.671,-2.877,nan,2
2.3702617021001383e-07,13.0,-2.1,0.78275549,0.723,2.858,3.6714,1.077,7.0,-2.286,-1.751,-2.983,nan,2
2.029931876955017e-07,13.0,-2.1,0.78275913,0.723,2.898,3.669,1.026,7.0,-2.38,-1.83,-3.088,nan,2
1.8853669955839698e-07,13.0,-2.1,0.78276223,0.723,2.937,3.6667,0.979,7.0,-2.466,-1.9,-3.186,nan,2
1.758872724283991e-07,13.0,-2.1,0.78276539,0.723,2.977,3.6642,0.929,7.0,-2.556,-1.971,-3.289,nan,2
1.650449063188831e-07,13.0,-2.1,0.78276807,0.723,3.014,3.6619,0.883,7.0,-2.638,-2.034,-3.384,nan,2
8.97506972279939e-08,13.0,-2.1,0.78277087,0.723,3.056,3.6594,0.83,7.0,-2.729,-2.102,-3.491,nan,2
1.2649427123310396e-08,13.0,-2.1,0.78277105,0.723,3.062,3.659,0.823,7.0,-2.743,-2.112,-3.507,nan,2
1.2649427129997866e-08,13.0,-2.1,0.78277129,0.723,3.078,3.6579,0.802,7.0,-2.778,-2.138,-3.548,nan,2
1.0842366109516036e-08,13.0,-2.1,0.78277147,0.723,3.1,3.6566,0.775,7.0,-2.825,-2.176,-3.601,nan,2
1.2649427129997866e-08,13.0,-2.1,0.78277165,0.723,3.129,3.6547,0.739,7.0,-2.887,-2.226,-3.671,nan,2
1.957649435734496e-08,13.0,-2.1,0.78277189,0.723,3.166,3.6522,0.691,7.0,-2.967,-2.29,-3.763,nan,2
2.499767741879045e-08,13.0,-2.1,0.7827723,0.723,3.211,3.6491,0.635,7.0,-3.062,-2.365,-3.87,nan,2
1.4456488137104757e-08,13.0,-2.1,0.78277272,0.723,3.225,3.6455,0.606,8.0,-3.078,-2.362,-3.899,nan,2
5.421183061445488e-09,13.0,-2.1,0.78277278,0.721,2.999,3.6601,0.889,8.0,-2.594,-1.978,-3.348,nan,2
9.035305089034206e-09,13.0,-2.1,0.7827729,0.718,2.84,3.6702,1.087,8.0,-2.239,-1.699,-2.94,nan,2
1.4456488143792226e-08,13.0,-2.1,0.78277308,0.713,2.624,3.6839,1.354,8.0,-1.736,-1.266,-2.382,nan,2
1.957649435734496e-08,13.0,-2.1,0.78277338,0.706,2.628,3.6835,1.345,8.0,-1.744,-1.272,-2.391,nan,2
2.4997677425477917e-08,13.0,-2.1,0.78277373,0.697,2.704,3.6784,1.242,8.0,-1.924,-1.429,-2.59,nan,2
2.8912976287584452e-08,13.0,-2.1,0.78277421,0.686,2.891,3.6662,1.0,8.0,-2.351,-1.784,-3.072,nan,2
3.2225921487342826e-08,13.0,-2.1,0.78277469,0.673,3.06,3.6551,0.778,8.0,-2.719,-2.064,-3.499,nan,2
3.764710454210085e-08,13.0,-2.1,0.78277528,0.659,3.172,3.6476,0.628,8.0,-2.957,-2.253,-3.77,nan,2
1.9877671198550246e-08,13.0,-2.1,0.78277594,0.644,3.231,3.6435,0.542,8.0,-3.079,-2.346,-3.911,nan,2
0.00042752083294650954,13.0,-2.1,0.84765,0.55,-4.01921,3.6973,3.37194,10.0,14.7859,15.25213,14.15437,3.9,2
0.0010366449226462589,13.0,-2.1,0.87056,0.552,-4.07981,3.68327,3.31537,10.0,14.95409,15.45535,14.29164,4.725,2
0.0007979386817813516,13.0,-2.1,0.89347,0.554,-4.13201,3.67116,3.2665,10.0,15.09581,15.62759,14.40823,5.475,2
0.000960697914804977,13.0,-2.1,0.91638,0.556,-4.17716,3.66062,3.22393,10.0,15.21592,15.77435,14.50778,6.125,2
0.0009224204565333109,13.0,-2.1,0.93929,0.558,-4.21635,3.65151,3.18706,10.0,15.3158,15.89671,14.59125,6.7,2
0.0007120481067916451,13.0,-2.1,0.9622,0.56,-4.25099,3.6435,3.15455,10.0,15.40081,16.00135,14.6629,7.225,2
0.000859613147048049,13.0,-2.1,0.98511,0.562,-4.28249,3.63624,3.12505,10.0,15.47546,16.09333,14.72622,7.7,2
0.000664643102334637,13.0,-2.1,1.00802,0.564,-4.31208,3.62942,3.09731,10.0,15.54312,16.17627,14.7838,8.125,2
0.0008036236761482168,13.0,-2.1,1.03093,0.566,-4.33988,3.623,3.07119,10.0,15.6045,16.251,14.83605,8.5,2
0.0007750910983092287,13.0,-2.1,1.05384,0.568,-4.36721,3.61669,3.04546,10.0,15.66283,16.32176,14.88569,8.85,2
0.0006006423153978419,13.0,-2.1,1.07675,0.57,-4.39122,3.61118,3.02296,10.0,15.7128,16.382,14.9285,9.15,2
0.0007278008286500625,13.0,-2.1,1.09966,0.572,-4.41354,3.60609,3.00211,10.0,15.75838,16.43661,14.96791,9.425,2
0.0005647273648308834,13.0,-2.1,1.12257,0.574,-4.43389,3.60148,2.98321,10.0,15.7993,16.48531,15.00372,9.675,2
0.0006851313169483984,13.0,-2.1,1.14548,0.576,-4.45449,3.59682,2.96406,10.0,15.84002,16.53355,15.03967,9.925,2
0.0005322542537199645,13.0,-2.1,1.16838,0.578,-4.47073,3.59324,2.94923,10.0,15.87177,16.57084,15.06799,10.125,2
0.0006464742579750488,13.0,-2.1,1.19129,0.58,-4.4848,3.59019,2.93654,10.0,15.89905,16.60268,15.09253,10.3,2
0.0006265410355234105,13.0,-2.1,1.2142,0.582,-4.49428,3.58828,2.92839,10.0,15.91753,16.62393,15.10938,10.425,2
0.0004875578049273767,13.0,-2.1,1.23711,0.584,-4.50386,3.58634,2.92013,10.0,15.93609,16.64523,15.12634,10.55,2
0.00059314384564308,13.0,-2.1,1.26002,0.586,-4.51114,3.58497,2.91414,10.0,15.95033,16.66135,15.13951,10.65,2
0.0004620234113311568,13.0,-2.1,1.28293,0.588,-4.51853,3.58358,2.90804,10.0,15.9647,16.67762,15.15282,10.75,2
0.0005626117914549802,13.0,-2.1,1.30584,0.59,-4.52601,3.58216,2.90184,10.0,15.9792,16.69401,15.16627,10.85,2
0.0005467630286290775,13.0,-2.1,1.32875,0.592,-4.5336,3.58071,2.89553,10.0,15.99385,16.71056,15.17987,10.95,2
0.0004264917226712323,13.0,-2.1,1.35166,0.594,-4.53893,3.57983,2.89146,10.0,16.00436,16.72219,15.1898,11.025,2
0.0005200446208639942,13.0,-2.1,1.37457,0.596,-4.54681,3.57831,2.88486,10.0,16.01943,16.73919,15.20384,11.125,2
0.00040598507734327706,13.0,-2.1,1.39748,0.598,-4.55242,3.57736,2.8805,10.0,16.03041,16.75134,15.21421,11.2,2
0.0004954335826327399,13.0,-2.1,1.42039,0.6,-4.55819,3.57637,2.87599,10.0,16.04164,16.76377,15.22482,11.275,2
0.00038430812197644043,13.0,-2.1,1.4433,0.602,-4.56169,3.57594,2.87372,10.0,16.04881,16.77141,15.23178,11.325,2
0.007376737219314172,13.0,-2.1,1.46621,0.604,-4.56786,3.57485,2.86881,10.0,16.06073,16.78463,15.24304,11.4,2
0.0028655003844634793,13.0,-2.1,2.77205,0.718,-4.67086,3.57491,2.83011,10.0,16.29926,17.01806,15.48573,12.675,2
8.51543953418922e-05,13.0,-2.1,2.79496,0.72,-4.67036,3.5755,2.83168,10.0,16.29931,17.01732,15.48621,12.675,2
5.532926913553761e-05,13.0,-2.1,2.82873,0.722,-4.67305,3.57528,2.83003,10.0,16.30512,17.0233,15.49195,12.7,2
4.0763076840142114e-05,13.0,-2.1,2.83978,0.724,-4.67257,3.57587,2.83158,10.0,16.30522,17.02262,15.49248,12.7,2
2.683303572727783e-05,13.0,-2.1,2.85083,0.726,-4.67213,3.57645,2.8331,10.0,16.30537,17.022,15.49306,12.7,2
2.6563480466792498e-05,13.0,-2.1,2.86188,0.728,-4.67169,3.57703,2.83461,10.0,16.30552,17.02138,15.49365,12.7,2
2.629756060749206e-05,13.0,-2.1,2.87293,0.73,-4.67126,3.57761,2.83611,10.0,16.3057,17.02078,15.49426,12.7,2
2.6035214697138842e-05,13.0,-2.1,2.88398,0.732,-4.67084,3.57818,2.83761,10.0,16.30588,17.02018,15.49487,12.7,2
3.856859361695705e-05,13.0,-2.1,2.89503,0.734,-4.67042,3.57876,2.83911,10.0,16.30605,17.01957,15.49549,12.7,2
2.5394593843206493e-05,13.0,-2.1,2.90608,0.736,-4.67002,3.57933,2.84058,10.0,16.30627,17.01901,15.49614,12.7,2
2.5144290562046464e-05,13.0,-2.1,2.91713,0.738,-4.67282,3.57909,2.8388,10.0,16.31231,17.02525,15.50209,12.725,2
2.489729971138149e-05,13.0,-2.1,2.92818,0.74,-4.67244,3.57966,2.84025,10.0,16.31255,17.02472,15.50277,12.725,2
2.465356634526859e-05,13.0,-2.1,2.93923,0.742,-4.67205,3.58024,2.84171,10.0,16.31278,17.02416,15.50343,12.725,2
3.6530342942314945e-05,13.0,-2.1,2.95028,0.744,-4.67168,3.5808,2.84314,10.0,16.31303,17.02364,15.50413,12.725,2
2.4058133649251607e-05,13.0,-2.1,2.96133,0.746,-4.6713,3.58137,2.84458,10.0,16.31327,17.02309,15.50481,12.725,2
2.382538435346788e-05,13.0,-2.1,2.97238,0.748,-4.67092,3.58194,2.84602,10.0,16.3135,17.02253,15.50548,12.725,2
2.359565846852631e-05,13.0,-2.1,2.98343,0.75,-4.67055,3.5825,2.84744,10.0,16.31374,17.02198,15.50617,12.725,2
2.3368906763067556e-05,13.0,-2.1,2.99448,0.752,-4.67015,3.58308,2.84889,10.0,16.31392,17.02136,15.50681,12.725,2
3.463458816022708e-05,13.0,-2.1,3.00552,0.754,-4.6698,3.58364,2.85029,10.0,16.31418,17.02084,15.50752,12.725,2
2.281472508131092e-05,13.0,-2.1,3.01657,0.756,-4.66943,3.5842,2.8517,10.0,16.31439,17.02026,15.50819,12.725,2
2.259800900943563e-05,13.0,-2.1,3.02762,0.758,-4.67241,3.58393,2.84974,10.0,16.32078,17.02691,15.51445,12.75,2
2.2384057177550178e-05,13.0,-2.1,3.03867,0.76,-4.67206,3.58449,2.85112,10.0,16.32104,17.02637,15.51516,12.75,2
3.318086429219701e-05,13.0,-2.1,3.04972,0.762,-4.67168,3.58505,2.85252,10.0,16.32124,17.02578,15.51583,12.75,2
2.1860983169095803e-05,13.0,-2.1,3.06077,0.764,-4.67135,3.5856,2.85388,10.0,16.32152,17.02527,15.51656,12.75,2
2.1656363625364723e-05,13.0,-2.1,3.07182,0.766,-4.67099,3.58617,2.85526,10.0,16.32173,17.02468,15.51723,12.75,2
2.1454315982171386e-05,13.0,-2.1,3.08287,0.768,-4.67065,3.58672,2.8566,10.0,16.322,17.02415,15.51796,12.75,2
2.125479971253042e-05,13.0,-2.1,3.09392,0.77,-4.67031,3.58727,2.85794,10.0,16.32223,17.02359,15.51865,12.75,2
3.151354628096912e-05,13.0,-2.1,3.10497,0.772,-4.66996,3.58783,2.85928,10.0,16.32246,17.02302,15.51935,12.75,2
2.0766824714602265e-05,13.0,-2.1,3.11602,0.774,-4.66965,3.58837,2.86059,10.0,16.32274,17.02251,15.52009,12.75,2
2.057586002426744e-05,13.0,-2.1,3.12707,0.776,-4.66935,3.58891,2.86187,10.0,16.32304,17.02203,15.52085,12.75,2
2.0387253586956467e-05,13.0,-2.1,3.13812,0.778,-4.66904,3.58945,2.86316,10.0,16.32333,17.02153,15.5216,12.75,2
2.020096889074765e-05,13.0,-2.1,3.14917,0.78,-4.66877,3.58999,2.8644,10.0,16.32367,17.0211,15.5224,12.75,2
2.9957160320366044e-05,13.0,-2.1,3.16022,0.782,-4.67201,3.58965,2.86216,10.0,16.33059,17.02838,15.52912,12.775,2
1.974518124461238e-05,13.0,-2.1,3.17127,0.784,-4.67178,3.59017,2.86335,10.0,16.33102,17.02805,15.52999,12.775,2
1.956674478133633e-05,13.0,-2.1,3.18232,0.786,-4.67157,3.59068,2.86452,10.0,16.33148,17.02775,15.5309,12.775,2
1.9390473948345565e-05,13.0,-2.1,3.19337,0.788,-4.67137,3.5912,2.86568,10.0,16.33195,17.02747,15.53181,12.775,2
1.9216335791001115e-05,13.0,-2.1,3.20442,0.79,-4.67119,3.5917,2.8668,10.0,16.33247,17.02724,15.53277,12.775,2
2.8502580397888207e-05,13.0,-2.1,3.21547,0.792,-4.67105,3.5922,2.86789,10.0,16.33304,17.02708,15.53378,12.775,2
1.8790109989551417e-05,13.0,-2.1,3.22652,0.794,-4.67092,3.59269,2.86896,10.0,16.33363,17.02693,15.53481,12.775,2
1.8623185260844024e-05,13.0,-2.1,3.23757,0.796,-4.67081,3.59318,2.87,10.0,16.33426,17.02683,15.53588,12.775,2
1.8458252183510577e-05,13.0,-2.1,3.24862,0.798,-4.67073,3.59366,2.87101,10.0,16.33494,17.02678,15.53698,12.775,2
2.7382412298214334e-05,13.0,-2.1,3.25967,0.8,-4.67067,3.59414,2.872,10.0,16.33565,17.02678,15.53812,12.775,2
1.805443874274607e-05,13.0,-2.1,3.27072,0.802,-4.67066,3.5946,2.87294,10.0,16.33645,17.02687,15.53935,12.775,2
1.789624528701373e-05,13.0,-2.1,3.28177,0.804,-4.67068,3.59506,2.87385,10.0,16.3373,17.02703,15.54062,12.775,2
1.7739913543804474e-05,13.0,-2.1,3.29282,0.806,-4.67071,3.59551,2.87474,10.0,16.33818,17.02721,15.54192,12.775,2
1.758541603994802e-05,13.0,-2.1,3.30387,0.808,-4.67444,3.59506,2.87202,10.0,16.34608,17.03567,15.5495,12.8,2
2.609238734492057e-05,13.0,-2.1,3.31492,0.81,-4.67453,3.5955,2.87285,10.0,16.34708,17.036,15.55091,12.8,2
1.7207021151814522e-05,13.0,-2.1,3.32597,0.812,-4.67473,3.59592,2.87358,10.0,16.34827,17.03654,15.55248,12.8,2
1.7058734075324322e-05,13.0,-2.1,3.33702,0.814,-4.67491,3.59633,2.87432,10.0,16.34943,17.03705,15.55404,12.8,2
1.69121634924076e-05,13.0,-2.1,3.34807,0.816,-4.67515,3.59674,2.87501,10.0,16.35068,17.03767,15.55567,12.8,2
1.676728448732469e-05,13.0,-2.1,3.35912,0.818,-4.67544,3.59713,2.87565,10.0,16.35203,17.0384,15.55741,12.8,2
2.4882918780731404e-05,13.0,-2.1,3.37017,0.82,-4.67571,3.59753,2.8763,10.0,16.35335,17.0391,15.55912,12.8,2
1.6412328014005058e-05,13.0,-2.1,3.38122,0.822,-4.67612,3.5979,2.87682,10.0,16.35493,17.04009,15.56106,12.8,2
1.6273179512799653e-05,13.0,-2.1,3.39227,0.824,-4.67652,3.59826,2.87734,10.0,16.3565,17.04108,15.56299,12.8,2
1.6135615719189773e-05,13.0,-2.1,3.40331,0.826,-4.67698,3.59862,2.87782,10.0,16.35816,17.04217,15.56502,12.8,2
1.599961400057548e-05,13.0,-2.1,3.41436,0.828,-4.67749,3.59896,2.87824,10.0,16.35994,17.04338,15.56714,12.8,2
2.3747780169613823e-05,13.0,-2.1,3.42541,0.83,-4.67806,3.59929,2.87861,10.0,16.36182,17.04472,15.56936,12.8,2
1.566629873881794e-05,13.0,-2.1,3.43646,0.832,-4.67866,3.59962,2.87896,10.0,16.36375,17.04612,15.57163,12.8,2
1.5535591587872144e-05,13.0,-2.1,3.44751,0.834,-4.67934,3.59992,2.87922,10.0,16.36584,17.0477,15.57404,12.8,2
1.5406349360173452e-05,13.0,-2.1,3.45856,0.836,-4.68005,3.60022,2.87946,10.0,16.36799,17.04935,15.57651,12.8,2
2.2870348796973424e-05,13.0,-2.1,3.46961,0.838,-4.68084,3.6005,2.87963,10.0,16.37029,17.05118,15.57912,12.8,2
1.5089518559630082e-05,13.0,-2.1,3.48066,0.84,-4.6817,3.60077,2.87972,10.0,16.37274,17.05317,15.58186,12.8,2
1.4965243678817985e-05,13.0,-2.1,3.49171,0.842,-4.68636,3.6001,2.87609,10.0,16.38256,17.06392,15.5911,12.825,2
1.484234375802259e-05,13.0,-2.1,3.50276,0.844,-4.68733,3.60034,2.87608,10.0,16.38521,17.06616,15.59402,12.825,2
1.4720799718571961e-05,13.0,-2.1,3.51381,0.846,-4.68837,3.60057,2.876,10.0,16.38801,17.06857,15.59707,12.825,2
2.1856224402573274e-05,13.0,-2.1,3.52486,0.848,-4.68946,3.60078,2.87588,10.0,16.39091,17.0711,15.60021,12.825,2
1.4422749250551137e-05,13.0,-2.1,3.53591,0.85,-4.69065,3.60097,2.87567,10.0,16.39398,17.07383,15.60351,12.825,2
1.430580508811392e-05,13.0,-2.1,3.54696,0.852,-4.69188,3.60115,2.87541,10.0,16.39716,17.07669,15.6069,12.825,2
1.4190134801133695e-05,13.0,-2.1,3.55801,0.854,-4.69321,3.60131,2.87506,10.0,16.40052,17.07975,15.61045,12.825,2
1.407572098573304e-05,13.0,-2.1,3.56906,0.856,-4.6946,3.60145,2.87464,10.0,16.40401,17.08297,15.61412,12.825,2
2.0901762048665946e-05,13.0,-2.1,3.58011,0.858,-4.69605,3.60158,2.87418,10.0,16.4076,17.08631,15.61788,12.825,2
1.379507186081611e-05,13.0,-2.1,3.59116,0.86,-4.6976,3.60169,2.87361,10.0,16.41141,17.08991,15.62183,12.825,2
1.368492271629874e-05,13.0,-2.1,3.60221,0.862,-4.69923,3.60177,2.87297,10.0,16.41535,17.09367,15.6259,12.825,2
1.3575955183597685e-05,13.0,-2.1,3.61326,0.864,-4.70094,3.60184,2.87224,10.0,16.41947,17.09763,15.63013,12.825,2
1.3468153364130291e-05,13.0,-2.1,3.62431,0.866,-4.70272,3.60189,2.87145,10.0,16.42371,17.10174,15.63446,12.825,2
2.0002613201885542e-05,13.0,-2.1,3.63536,0.868,-4.70458,3.60192,2.87058,10.0,16.42812,17.10606,15.63895,12.825,2
2.6303450209765175e-05,13.0,-2.1,3.64641,0.87,-4.70652,3.60194,2.86963,10.0,16.43269,17.11055,15.64357,12.825,2
3.2302359059421915e-05,13.0,-2.1,3.67665,0.872,-4.70858,3.60192,2.86857,10.0,16.43747,17.1153,15.64838,12.825,2
3.1676908400586773e-05,13.0,-2.1,3.7006,0.874,-4.71451,3.60094,2.86363,10.0,16.44978,17.12902,15.6598,12.85,2
3.106766388257024e-05,13.0,-2.1,3.72455,0.876,-4.71672,3.60088,2.8624,10.0,16.45486,17.13413,15.66487,12.85,2
3.0474100864519963e-05,13.0,-2.1,3.7485,0.878,-4.719,3.60081,2.8611,10.0,16.4601,17.13943,15.67008,12.85,2
2.39621308339664e-05,13.0,-2.1,3.77246,0.88,-4.7214,3.60071,2.85968,10.0,16.46555,17.14497,15.67548,12.85,2
2.944360746642618e-05,13.0,-2.1,3.79641,0.882,-4.72385,3.60059,2.85821,10.0,16.47109,17.15063,15.68096,12.85,2
2.8891331125518598e-05,13.0,-2.1,3.82036,0.884,-4.72641,3.60045,2.85662,10.0,16.47685,17.15655,15.68664,12.85,2
2.8352920438840176e-05,13.0,-2.1,3.84431,0.886,-4.72906,3.60029,2.85494,10.0,16.48279,17.16268,15.69247,12.85,2
2.7827940385743843e-05,13.0,-2.1,3.86826,0.888,-4.73178,3.6001,2.85319,10.0,16.48888,17.16897,15.69843,12.85,2
2.189312436790884e-05,13.0,-2.1,3.89222,0.89,-4.73458,3.5999,2.85136,10.0,16.4951,17.17543,15.70452,12.85,2
2.691549505170704e-05,13.0,-2.1,3.91617,0.892,-4.7375,3.59967,2.8494,10.0,16.50156,17.18217,15.71081,12.85,2
2.6425942837519766e-05,13.0,-2.1,3.94012,0.894,-4.74048,3.59942,2.84739,10.0,16.50812,17.18904,15.7172,12.85,2
2.5948311260058736e-05,13.0,-2.1,3.96407,0.896,-4.74358,3.59915,2.84526,10.0,16.51492,17.19617,15.7238,12.85,2
2.042253298681865e-05,13.0,-2.1,3.98802,0.898,-4.75083,3.59783,2.83898,10.0,16.52967,17.2127,15.73746,12.875,2
2.5117464816518998e-05,13.0,-2.1,4.01198,0.9,-4.75415,3.59751,2.83663,10.0,16.53686,17.22029,15.74442,12.875,2
2.4671322761406674e-05,13.0,-2.1,4.03593,0.902,-4.75755,3.59716,2.8342,10.0,16.54423,17.22808,15.75154,12.875,2
2.423579126497085e-05,13.0,-2.1,4.05988,0.904,-4.76103,3.59679,2.83169,10.0,16.55174,17.23603,15.7588,12.875,2
2.38105548730308e-05,13.0,-2.1,4.08383,0.906,-4.76466,3.59638,2.82902,10.0,16.55954,17.24433,15.76632,12.875,2
1.874899751377448e-05,13.0,-2.1,4.10778,0.908,-4.76838,3.59596,2.82627,10.0,16.5675,17.2528,15.77399,12.875,2
2.3070108838462204e-05,13.0,-2.1,4.13174,0.91,-4.7722,3.5955,2.82342,10.0,16.57565,17.26149,15.78182,12.875,2
2.267211436082787e-05,13.0,-2.1,4.15569,0.912,-4.77614,3.59503,2.82046,10.0,16.58402,17.27042,15.78986,12.875,2
2.2283314820952988e-05,13.0,-2.1,4.17964,0.914,-4.78018,3.59452,2.81741,10.0,16.59256,17.27956,15.79807,12.875,2
2.1903444618177863e-05,13.0,-2.1,4.20359,0.916,-4.78436,3.59398,2.8142,10.0,16.60139,17.28903,15.80655,12.875,2
1.7255085743283293e-05,13.0,-2.1,4.22754,0.918,-4.78867,3.59342,2.81087,10.0,16.61045,17.29875,15.81523,12.875,2
2.1241367358629196e-05,13.0,-2.1,4.2515,0.92,-4.79307,3.59283,2.80746,10.0,16.61967,17.30866,15.82407,12.875,2
2.088516312086229e-05,13.0,-2.1,4.27545,0.922,-4.79766,3.59219,2.80386,10.0,16.62924,17.31895,15.83323,12.875,2
2.0536959664169933e-05,13.0,-2.1,4.2994,0.924,-4.80236,3.59153,2.80015,10.0,16.63901,17.32948,15.84259,12.875,2
2.019653226632694e-05,13.0,-2.1,4.32335,0.926,-4.80719,3.59084,2.79632,10.0,16.64903,17.34027,15.85218,12.875,2
1.5917204776051964e-05,13.0,-2.1,4.34731,0.928,-4.8172,3.58886,2.78734,10.0,16.66868,17.36222,15.87055,12.9,2
1.9602670088633547e-05,13.0,-2.1,4.37126,0.93,-4.82242,3.58807,2.78312,10.0,16.67939,17.37379,15.88081,12.9,2
1.9282883374098062e-05,13.0,-2.1,4.39521,0.932,-4.82781,3.58724,2.77874,10.0,16.69041,17.38569,15.89135,12.9,2
1.8970085268141228e-05,13.0,-2.1,4.41916,0.934,-4.83335,3.58637,2.77421,10.0,16.70171,17.39791,15.90217,12.9,2
1.866408475512844e-05,13.0,-2.1,4.44311,0.936,-4.83908,3.58546,2.76949,10.0,16.71334,17.41049,15.91329,12.9,2
1.4715397311701243e-05,13.0,-2.1,4.46707,0.938,-4.84499,3.58451,2.76459,10.0,16.72531,17.42345,15.92475,12.9,2
1.8129827859945552e-05,13.0,-2.1,4.49102,0.94,-4.85106,3.58351,2.75953,10.0,16.73756,17.43671,15.93647,12.9,2
1.784189674634757e-05,13.0,-2.1,4.51497,0.942,-4.85733,3.58247,2.75428,10.0,16.75017,17.45037,15.94854,12.9,2
1.756009242895899e-05,13.0,-2.1,4.53892,0.944,-4.86382,3.58137,2.74881,10.0,16.76316,17.46446,15.96098,12.9,2
1.384918780011644e-05,13.0,-2.1,4.56287,0.946,-4.8705,3.58022,2.74314,10.0,16.77651,17.47894,15.97375,12.9,2
1.7067766971018838e-05,13.0,-2.1,4.58683,0.948,-4.87739,3.57902,2.73725,10.0,16.79025,17.49384,15.9869,12.9,2
1.6802266598625953e-05,13.0,-2.1,4.61078,0.95,-4.88447,3.57777,2.73118,10.0,16.80431,17.5091,16.00037,12.9,2
6.6478110871552495e-06,13.0,-2.1,4.63473,0.952,-4.89184,3.57645,2.72481,10.0,16.8189,17.52494,16.01434,12.9,2
0.00010688020823662738,13.0,-2.1,0.84765,0.55,-4.02144,3.70322,3.39562,11.0,14.74071,15.12959,14.17561,3.9,2
0.0001568417568914444,13.0,-2.1,0.87056,0.552,-4.24522,3.64777,3.17336,11.0,15.35118,15.8594,14.67799,4.725,2
0.008018951687676365,13.0,-1.5,0.09,0.09,-3.182,3.4752,5.427,1.0,13.613,15.498,12.347,nan,2
0.01664632177530344,13.0,-1.5,0.09447845,0.094,-3.049,3.4942,5.391,1.0,13.177,14.759,11.982,nan,2
0.031070619168522568,13.0,-1.5,0.1,0.1,-2.893,3.5164,5.348,1.0,12.668,13.981,11.554,nan,2
0.06286891121498574,13.0,-1.5,0.12,0.12,-2.607,3.5475,5.266,1.0,11.792,12.846,10.781,nan,2
0.0396693921842276,13.0,-1.5,0.14,0.14,-2.425,3.5629,5.212,1.0,11.264,12.222,10.298,nan,2
0.047889269214289154,13.0,-1.5,0.16,0.16,-2.282,3.573,5.168,1.0,10.862,11.765,9.924,nan,2
0.05484417074533002,13.0,-1.5,0.20000002,0.2,-2.06,3.5862,5.096,1.0,10.256,11.095,9.353,nan,2
0.04603868790883703,13.0,-1.5,0.25,0.25,-1.857,3.5973,5.034,1.0,9.707,10.497,8.833,nan,2
0.026098950852322018,13.0,-1.5,0.30000004,0.3,-1.702,3.6059,4.993,1.0,9.291,10.046,8.438,nan,2
0.016369235489457522,13.0,-1.5,0.32258883,0.323,-1.643,3.6094,4.979,1.0,9.132,9.873,8.288,nan,2
0.020388708165999858,13.0,-1.5,0.34999999,0.35,-1.577,3.6132,4.964,1.0,8.954,9.679,8.119,nan,2
0.013066670351527086,13.0,-1.5,0.3935113,0.393,-1.45,3.6233,4.928,1.0,8.605,9.291,7.795,nan,2
0.014310558911072002,13.0,-1.5,0.40000001,0.4,-1.432,3.6247,4.923,1.0,8.556,9.237,7.75,nan,2
0.02111653478965969,13.0,-1.5,0.45000002,0.45,-1.257,3.6437,4.874,1.0,8.058,8.67,7.301,nan,2
0.018305015761645664,13.0,-1.5,0.5,0.5,-1.058,3.6701,4.828,1.0,7.487,8.01,6.798,nan,2
0.01587105172678721,13.0,-1.5,0.55000007,0.55,-0.839,3.6953,4.751,1.0,6.881,7.334,6.252,nan,2
0.007177550653379783,13.0,-1.5,0.60000002,0.6,-0.624,3.7239,4.687,1.0,6.301,6.688,5.733,nan,2
0.002746183197675354,13.0,-1.5,0.60791248,0.608,-0.588,3.729,4.677,1.0,6.207,6.583,5.65,nan,2
0.002679202185923761,13.0,-1.5,0.61848569,0.618,-0.54,3.7356,4.664,1.0,6.082,6.444,5.538,nan,2
0.0026149004656804494,13.0,-1.5,0.62831348,0.628,-0.495,3.7417,4.65,1.0,5.966,6.316,5.435,nan,2
0.0025531303559293743,13.0,-1.5,0.6374492,0.637,-0.453,3.7472,4.636,1.0,5.859,6.198,5.34,nan,2
0.0015649281921697557,13.0,-1.5,0.64635187,0.646,-0.411,3.7525,4.622,1.0,5.754,6.082,5.246,nan,2
0.001195664406618941,13.0,-1.5,0.64999998,0.65,-0.394,3.7546,4.615,1.0,5.711,6.034,5.208,nan,2
0.0024366448967247482,13.0,-1.5,0.6560533,0.656,-0.366,3.7579,4.604,1.0,5.639,5.956,5.144,nan,2
0.002381682327044202,13.0,-1.5,0.66690457,0.667,-0.313,3.7637,4.582,1.0,5.509,5.813,5.026,nan,2
0.0023287554412879264,13.0,-1.5,0.67725039,0.677,-0.261,3.7692,4.559,1.0,5.381,5.675,4.91,nan,2
0.0022777602242757956,13.0,-1.5,0.68688899,0.687,-0.212,3.7741,4.535,1.0,5.259,5.543,4.799,nan,2
0.0014609583339091161,13.0,-1.5,0.69584793,0.696,-0.164,3.7786,4.51,1.0,5.14,5.416,4.691,nan,2
0.0010895651888036288,13.0,-1.5,0.69999999,0.7,-0.141,3.7807,4.498,1.0,5.084,5.355,4.638,nan,2
0.0015166215695508003,13.0,-1.5,0.70573205,0.705,-0.108,3.7834,4.48,1.0,5.003,5.27,4.564,nan,2
0.002158099993862074,13.0,-1.5,0.71390641,0.713,-0.059,3.7872,4.451,1.0,4.882,5.142,4.451,nan,2
0.0014602721106248915,13.0,-1.5,0.72092664,0.72,-0.014,3.7904,4.423,1.0,4.772,5.026,4.348,nan,2
0.002091240758951277,13.0,-1.5,0.72772729,0.727,0.031,3.7933,4.394,1.0,4.659,4.908,4.242,nan,2
0.0015014494447939928,13.0,-1.5,0.73452818,0.734,0.079,3.796,4.361,1.0,4.54,4.783,4.129,nan,2
0.00202776387831174,13.0,-1.5,0.74238586,0.742,0.139,3.7989,4.317,1.0,4.391,4.629,3.988,nan,2
0.0007565440803573308,13.0,-1.5,0.74972981,0.749,0.199,3.8012,4.27,1.0,4.24,4.474,3.842,nan,2
0.0001615560539861025,13.0,-1.5,0.75,0.749,0.201,3.8013,4.268,1.0,4.234,4.468,3.837,nan,2
0.0006706099034926964,13.0,-1.5,0.75135577,0.751,0.213,3.8017,4.259,1.0,4.206,4.439,3.809,nan,2
0.0009053041872282688,13.0,-1.5,0.7568171,0.756,0.262,3.803,4.218,1.0,4.082,4.313,3.689,nan,2
0.0004981255100626874,13.0,-1.5,0.76055866,0.76,0.298,3.8036,4.187,1.0,3.993,4.222,3.601,nan,2
0.0006479358753757329,13.0,-1.5,0.76193136,0.761,0.312,3.8036,4.173,1.0,3.956,4.185,3.564,nan,2
0.0009084781709495234,13.0,-1.5,0.767277,0.766,0.372,3.8023,4.111,1.0,3.804,4.035,3.411,nan,2
0.0004555088515058756,13.0,-1.5,0.77135122,0.77,0.425,3.7995,4.05,1.0,3.672,3.907,3.273,nan,2
0.0001308669802248588,13.0,-1.5,0.77204663,0.771,0.434,3.7988,4.038,1.0,3.648,3.883,3.247,nan,2
0.0002832850392689719,13.0,-1.5,0.77273494,0.772,0.445,3.7978,4.023,2.0,3.621,3.858,3.218,nan,2
0.0003843879434187822,13.0,-1.5,0.77504194,0.774,0.483,3.7931,3.968,2.0,3.524,3.769,3.112,nan,2
0.00029307883216841155,13.0,-1.5,0.77679926,0.775,0.516,3.7878,3.914,2.0,3.44,3.694,3.017,nan,2
0.00023178517381664034,13.0,-1.5,0.77817094,0.777,0.546,3.7814,3.86,2.0,3.365,3.629,2.928,nan,2
0.00018977908117921144,13.0,-1.5,0.77927387,0.778,0.572,3.775,3.809,2.0,3.299,3.575,2.849,nan,2
0.0001626180074328805,13.0,-1.5,0.78019708,0.779,0.596,3.7682,3.758,2.0,3.239,3.527,2.774,nan,2
0.0001422074502410328,13.0,-1.5,0.78101003,0.779,0.621,3.7614,3.706,2.0,3.177,3.477,2.698,nan,2
0.00013283963696614372,13.0,-1.5,0.78173,0.78,0.649,3.7552,3.654,2.0,3.11,3.422,2.618,nan,2
0.00011810328185903209,13.0,-1.5,0.78244197,0.781,0.684,3.7493,3.595,2.0,3.023,3.347,2.519,nan,2
8.760361885264194e-05,13.0,-1.5,0.78300309,0.781,0.72,3.7453,3.544,2.0,2.936,3.267,2.424,nan,2
5.1705727935159166e-05,13.0,-1.5,0.78338629,0.782,0.748,3.7429,3.506,2.0,2.868,3.203,2.351,nan,2
5.9540997386469865e-05,13.0,-1.5,0.78356045,0.782,0.763,3.742,3.488,2.0,2.832,3.169,2.313,nan,2
9.087187060225358e-05,13.0,-1.5,0.78402811,0.782,0.804,3.7397,3.439,3.0,2.731,3.073,2.208,nan,2
8.783554134410965e-05,13.0,-1.5,0.78454,0.783,0.852,3.7375,3.382,3.0,2.612,2.958,2.085,nan,2
7.893250074209552e-05,13.0,-1.5,0.78497493,0.783,0.896,3.7358,3.331,3.0,2.503,2.852,1.973,nan,2
7.70599995911485e-05,13.0,-1.5,0.78539085,0.784,0.942,3.7341,3.279,3.0,2.392,2.743,1.858,nan,2
7.456251462872289e-05,13.0,-1.5,0.78581357,0.784,0.991,3.7326,3.223,3.0,2.269,2.624,1.732,nan,2
6.780974899633514e-05,13.0,-1.5,0.78620231,0.784,1.04,3.7311,3.168,3.0,2.148,2.505,1.608,nan,2
6.0158329834394845e-05,13.0,-1.5,0.78655154,0.785,1.088,3.7296,3.115,3.0,2.029,2.389,1.487,nan,2
5.542523747184901e-05,13.0,-1.5,0.78685701,0.785,1.134,3.7283,3.064,3.0,1.918,2.28,1.373,nan,2
5.360771530271401e-05,13.0,-1.5,0.78715473,0.785,1.182,3.7268,3.01,3.0,1.799,2.164,1.251,nan,2
4.82791960617168e-05,13.0,-1.5,0.78744042,0.785,1.233,3.7252,2.953,3.0,1.674,2.042,1.123,nan,2
4.211726296454916e-05,13.0,-1.5,0.78768015,0.785,1.279,3.7238,2.901,3.0,1.559,1.93,1.006,nan,2
3.899494732720015e-05,13.0,-1.5,0.78789878,0.785,1.325,3.7223,2.849,3.0,1.446,1.819,0.89,nan,2
3.5621780551255924e-05,13.0,-1.5,0.78810453,0.786,1.372,3.7208,2.796,3.0,1.33,1.706,0.77,nan,2
3.2620755574331064e-05,13.0,-1.5,0.78828645,0.786,1.418,3.7192,2.744,3.0,1.218,1.598,0.655,nan,2
2.9925713854389008e-05,13.0,-1.5,0.78845954,0.786,1.465,3.7175,2.69,3.0,1.102,1.485,0.536,nan,2
2.6502928171881667e-05,13.0,-1.5,0.78861213,0.786,1.511,3.7158,2.637,3.0,0.99,1.376,0.42,nan,2
2.437758500851623e-05,13.0,-1.5,0.78874797,0.786,1.556,3.7141,2.586,3.0,0.881,1.271,0.308,nan,2
2.2662976127002708e-05,13.0,-1.5,0.78887743,0.786,1.602,3.7125,2.533,3.0,0.768,1.162,0.192,nan,2
2.025370255401358e-05,13.0,-1.5,0.78899461,0.786,1.647,3.7106,2.48,3.0,0.657,1.054,0.077,nan,2
1.8194517932643892e-05,13.0,-1.5,0.78909785,0.785,1.691,3.7089,2.43,3.0,0.55,0.951,-0.034,nan,2
1.7142413340333924e-05,13.0,-1.5,0.78919262,0.785,1.735,3.7071,2.379,3.0,0.443,0.849,-0.144,nan,2
1.5821999105198886e-05,13.0,-1.5,0.78928441,0.785,1.78,3.7052,2.325,3.0,0.332,0.743,-0.26,nan,2
1.4179061977628005e-05,13.0,-1.5,0.78936481,0.785,1.823,3.7033,2.275,3.0,0.227,0.641,-0.369,nan,2
1.3221600855151801e-05,13.0,-1.5,0.78943872,0.785,1.866,3.7014,2.224,3.0,0.122,0.542,-0.478,nan,2
1.2093230165729135e-05,13.0,-1.5,0.7895087,0.785,1.91,3.6995,2.173,3.0,0.017,0.441,-0.588,nan,2
1.1112797327280202e-05,13.0,-1.5,0.78957033,0.784,1.95,3.6976,2.125,3.0,-0.081,0.348,-0.69,nan,2
1.1112797327280202e-05,13.0,-1.5,0.78962964,0.784,1.989,3.6958,2.078,3.0,-0.175,0.258,-0.788,nan,2
1.0723197024092185e-05,13.0,-1.5,0.78969127,0.784,2.025,3.6941,2.036,3.0,-0.261,0.177,-0.878,nan,2
9.27230344217247e-06,13.0,-1.5,0.78974634,0.784,2.05,3.693,2.006,3.0,-0.323,0.118,-0.942,nan,2
5.039075619569445e-06,13.0,-1.5,0.78979218,0.783,2.037,3.694,2.023,3.0,-0.29,0.148,-0.907,nan,2
5.044588831373521e-06,13.0,-1.5,0.78980118,0.783,2.045,3.6936,2.014,3.0,-0.309,0.13,-0.927,nan,2
8.110853481721325e-06,13.0,-1.5,0.78984708,0.783,2.087,3.6915,1.963,3.0,-0.412,0.033,-1.035,nan,2
7.644987081461412e-06,13.0,-1.5,0.78988945,0.783,2.129,3.6894,1.912,3.0,-0.512,-0.062,-1.141,nan,2
6.912648775664849e-06,13.0,-1.5,0.78993028,0.782,2.173,3.6872,1.859,3.0,-0.616,-0.16,-1.25,nan,2
6.206038791845068e-06,13.0,-1.5,0.78996468,0.782,2.213,3.685,1.811,3.0,-0.711,-0.248,-1.35,nan,2
5.761306370269455e-06,13.0,-1.5,0.78999782,0.781,2.254,3.6828,1.76,3.0,-0.811,-0.34,-1.456,nan,2
5.202624524669796e-06,13.0,-1.5,0.79002738,0.781,2.294,3.6806,1.711,3.0,-0.906,-0.428,-1.557,nan,2
4.861304686183263e-06,13.0,-1.5,0.79005498,0.78,2.333,3.6784,1.663,3.0,-1.0,-0.514,-1.658,nan,2
4.9477723785979644e-06,13.0,-1.5,0.79008079,0.78,2.373,3.6762,1.614,3.0,-1.094,-0.6,-1.759,nan,2
4.567314531961148e-06,13.0,-1.5,0.79010934,0.779,2.421,3.6734,1.554,3.0,-1.207,-0.701,-1.88,nan,2
4.144077932252397e-06,13.0,-1.5,0.79013097,0.779,2.459,3.671,1.506,3.0,-1.297,-0.783,-1.978,nan,2
4.18321594040268e-06,13.0,-1.5,0.79015487,0.778,2.505,3.6683,1.448,3.0,-1.404,-0.877,-2.094,nan,2
3.933824911753748e-06,13.0,-1.5,0.79017693,0.777,2.552,3.6654,1.39,3.0,-1.51,-0.97,-2.211,nan,2
3.52060036061996e-06,13.0,-1.5,0.79019809,0.776,2.599,3.6625,1.331,3.0,-1.62,-1.064,-2.33,nan,2
3.190202756999434e-06,13.0,-1.5,0.79021561,0.775,2.642,3.6597,1.276,3.0,-1.716,-1.146,-2.438,nan,2
2.994512716248022e-06,13.0,-1.5,0.79023314,0.773,2.688,3.6567,1.217,3.0,-1.818,-1.233,-2.551,nan,2
2.695971630873843e-06,13.0,-1.5,0.79024851,0.772,2.731,3.6538,1.162,3.0,-1.914,-1.316,-2.656,nan,2
2.5121140111986412e-06,13.0,-1.5,0.79026276,0.771,2.775,3.6509,1.106,3.0,-2.009,-1.398,-2.761,nan,2
2.2836572660108895e-06,13.0,-1.5,0.79027611,0.769,2.819,3.6479,1.049,3.0,-2.104,-1.48,-2.865,nan,2
2.116182998563963e-06,13.0,-1.5,0.79028785,0.768,2.86,3.6451,0.996,3.0,-2.192,-1.555,-2.963,nan,2
1.9641818971553196e-06,13.0,-1.5,0.79029936,0.766,2.903,3.642,0.939,3.0,-2.284,-1.63,-3.065,nan,2
1.7739529738672267e-06,13.0,-1.5,0.79030943,0.764,2.943,3.6392,0.886,3.0,-2.369,-1.701,-3.161,nan,2
1.7038686336807993e-06,13.0,-1.5,0.79031885,0.762,2.984,3.6363,0.833,3.0,-2.453,-1.768,-3.255,nan,2
1.5618795808875396e-06,13.0,-1.5,0.79032815,0.759,3.026,3.6332,0.777,3.0,-2.54,-1.838,-3.353,nan,2
1.4535674188014534e-06,13.0,-1.5,0.79033601,0.757,3.064,3.6305,0.727,3.0,-2.618,-1.9,-3.441,nan,2
1.3944053134608235e-06,13.0,-1.5,0.79034412,0.754,3.106,3.6275,0.671,3.0,-2.702,-1.967,-3.536,nan,2
1.280632033992259e-06,13.0,-1.5,0.79035133,0.751,3.145,3.6245,0.618,3.0,-2.781,-2.029,-3.626,nan,2
1.226020859803694e-06,13.0,-1.5,0.79035819,0.748,3.185,3.6217,0.566,3.0,-2.861,-2.092,-3.716,nan,2
1.1495652160043758e-06,13.0,-1.5,0.7903648,0.744,3.225,3.6187,0.511,3.0,-2.941,-2.154,-3.807,nan,2
1.1559365196576875e-06,13.0,-1.5,0.79037082,0.74,3.264,3.6159,0.459,3.0,-3.016,-2.209,-3.893,nan,2
6.080044055941551e-07,13.0,-1.5,0.7903775,0.735,3.305,3.6129,0.403,3.0,-3.095,-2.266,-3.984,nan,2
2.7669661574321544e-07,13.0,-1.5,0.7903775,0.721,1.709,3.7858,2.682,4.0,0.428,0.674,0.017,nan,2
4.876777852181125e-06,13.0,-1.5,0.79038054,0.721,1.728,3.7804,2.641,4.0,0.382,0.637,-0.041,nan,2
9.254773647084594e-06,13.0,-1.5,0.79043108,0.721,1.726,3.7818,2.649,4.0,0.386,0.639,-0.034,nan,2
9.413146052146549e-06,13.0,-1.5,0.79048222,0.721,1.727,3.7825,2.651,4.0,0.383,0.635,-0.035,nan,2
9.472308157466968e-06,13.0,-1.5,0.7905345,0.721,1.728,3.7838,2.656,4.0,0.381,0.63,-0.034,nan,2
9.146461485018717e-06,13.0,-1.5,0.79058629,0.721,1.727,3.7859,2.664,4.0,0.38,0.626,-0.03,nan,2
8.7832971768608e-06,13.0,-1.5,0.79063499,0.721,1.727,3.7883,2.674,4.0,0.38,0.622,-0.025,nan,2
8.761452707189416e-06,13.0,-1.5,0.79068279,0.721,1.726,3.7911,2.686,4.0,0.38,0.617,-0.018,nan,2
9.02267615693477e-06,13.0,-1.5,0.79073125,0.721,1.725,3.7943,2.701,4.0,0.381,0.612,-0.009,nan,2
9.157383719844304e-06,13.0,-1.5,0.79078192,0.721,1.724,3.7981,2.717,4.0,0.382,0.606,0.0,nan,2
9.222006942587624e-06,13.0,-1.5,0.79083186,0.721,1.723,3.8017,2.732,4.0,0.382,0.6,0.009,nan,2
9.31575612488605e-06,13.0,-1.5,0.79088324,0.721,1.722,3.805,2.747,4.0,0.383,0.594,0.018,nan,2
9.222917128838246e-06,13.0,-1.5,0.79093421,0.722,1.721,3.8079,2.759,4.0,0.383,0.59,0.025,nan,2
9.027227088086833e-06,13.0,-1.5,0.79098457,0.722,1.721,3.8101,2.768,4.0,0.383,0.586,0.03,nan,2
6.385866631381345e-06,13.0,-1.5,0.79103339,0.722,1.721,3.8111,2.772,4.0,0.383,0.584,0.032,nan,2
2.956284894368573e-06,13.0,-1.5,0.79105473,0.722,1.72,3.8119,2.775,4.0,0.383,0.582,0.034,nan,2
5.48478225777528e-06,13.0,-1.5,0.79106587,0.722,1.72,3.8119,2.775,4.0,0.382,0.582,0.034,nan,2
8.989909452437798e-06,13.0,-1.5,0.79111499,0.722,1.721,3.8119,2.775,4.0,0.381,0.581,0.033,nan,2
8.961693679113104e-06,13.0,-1.5,0.79116464,0.722,1.722,3.8111,2.771,4.0,0.379,0.58,0.029,nan,2
8.826075929952945e-06,13.0,-1.5,0.79121345,0.722,1.723,3.8095,2.763,4.0,0.376,0.58,0.022,nan,2
8.745979541191554e-06,13.0,-1.5,0.79126161,0.722,1.725,3.8071,2.752,4.0,0.373,0.581,0.013,nan,2
8.69136836704341e-06,13.0,-1.5,0.79130954,0.722,1.727,3.8039,2.737,4.0,0.369,0.583,0.002,nan,2
8.663152593718712e-06,13.0,-1.5,0.7913571,0.722,1.73,3.8,2.719,4.0,0.365,0.585,-0.012,nan,2
4.746621220443865e-06,13.0,-1.5,0.79140472,0.722,1.733,3.7957,2.698,4.0,0.36,0.588,-0.028,nan,2
1.1177086977580282e-06,13.0,-1.5,0.79140925,0.722,1.733,3.7952,2.696,4.0,0.359,0.588,-0.029,nan,2
4.883149155834437e-06,13.0,-1.5,0.791417,0.722,1.734,3.7945,2.693,4.0,0.358,0.588,-0.032,nan,2
8.246287297663274e-06,13.0,-1.5,0.7914629,0.722,1.737,3.7903,2.672,4.0,0.352,0.59,-0.048,nan,2
8.424683799895367e-06,13.0,-1.5,0.7915076,0.722,1.741,3.786,2.652,4.0,0.345,0.59,-0.065,nan,2
8.495678326312206e-06,13.0,-1.5,0.79155546,0.722,1.746,3.7818,2.63,4.0,0.337,0.59,-0.083,nan,2
8.110669548503114e-06,13.0,-1.5,0.79160094,0.722,1.75,3.778,2.61,4.0,0.328,0.588,-0.101,nan,2
8.062429678008282e-06,13.0,-1.5,0.79164457,0.722,1.755,3.7744,2.591,4.0,0.319,0.585,-0.118,nan,2
8.110669548482906e-06,13.0,-1.5,0.79168952,0.722,1.761,3.771,2.572,4.0,0.307,0.581,-0.138,nan,2
8.072441726603456e-06,13.0,-1.5,0.79173368,0.722,1.767,3.768,2.554,4.0,0.295,0.574,-0.157,nan,2
8.116130665905804e-06,13.0,-1.5,0.79177821,0.722,1.772,3.7656,2.539,4.0,0.283,0.566,-0.175,nan,2
8.147987184172363e-06,13.0,-1.5,0.79182285,0.722,1.778,3.7632,2.523,4.0,0.269,0.557,-0.194,nan,2
4.904083439295617e-06,13.0,-1.5,0.79186773,0.723,1.786,3.7607,2.506,4.0,0.252,0.544,-0.216,nan,2
5.007844670169008e-06,13.0,-1.5,0.79187673,0.723,1.788,3.7602,2.502,4.0,0.248,0.542,-0.221,nan,2
8.317281824039693e-06,13.0,-1.5,0.79192275,0.723,1.797,3.7572,2.48,4.0,0.227,0.526,-0.25,nan,2
7.600055070149251e-06,13.0,-1.5,0.79196811,0.723,1.811,3.7538,2.453,4.0,0.197,0.503,-0.287,nan,2
5.35462562605823e-06,13.0,-1.5,0.79200625,0.723,1.842,3.7467,2.394,4.0,0.123,0.443,-0.376,nan,2
2.734199452773502e-06,13.0,-1.5,0.79202694,0.723,1.884,3.7389,2.32,4.0,0.026,0.362,-0.491,nan,2
1.2314819772265925e-06,13.0,-1.5,0.79203629,0.723,1.928,3.7318,2.248,4.0,-0.076,0.274,-0.609,nan,2
5.588543488689091e-07,13.0,-1.5,0.79204047,0.723,1.97,3.7258,2.182,4.0,-0.177,0.187,-0.722,nan,2
2.493910286691432e-07,13.0,-1.5,0.79204243,0.723,2.011,3.7209,2.122,4.0,-0.272,0.102,-0.829,nan,2
1.6292333621402051e-07,13.0,-1.5,0.79204321,0.723,2.035,3.7183,2.087,7.0,-0.33,0.05,-0.892,nan,2
1.7930668848271615e-07,13.0,-1.5,0.79204422,0.723,2.076,3.7145,2.03,7.0,-0.427,-0.038,-0.998,nan,2
1.6292333625444093e-07,13.0,-1.5,0.79204518,0.723,2.112,3.7113,1.982,7.0,-0.512,-0.116,-1.09,nan,2
1.5655203256070897e-07,13.0,-1.5,0.79204601,0.723,2.132,3.7097,1.956,7.0,-0.56,-0.159,-1.142,nan,2
2.066122755769986e-07,13.0,-1.5,0.7920469,0.723,2.147,3.7085,1.936,7.0,-0.595,-0.191,-1.18,nan,2
3.476911421398454e-07,13.0,-1.5,0.79204828,0.723,2.151,3.7081,1.931,7.0,-0.605,-0.2,-1.191,nan,2
6.016331019408435e-07,13.0,-1.5,0.79205072,0.723,2.149,3.7084,1.934,7.0,-0.599,-0.195,-1.185,nan,2
2.6531928777816985e-06,13.0,-1.5,0.79205489,0.723,2.145,3.7087,1.939,7.0,-0.591,-0.187,-1.175,nan,2
3.651667178607844e-06,13.0,-1.5,0.79207987,0.723,2.155,3.7077,1.924,7.0,-0.614,-0.209,-1.201,nan,2
3.0591359390115507e-06,13.0,-1.5,0.79209501,0.723,2.169,3.7063,1.906,7.0,-0.646,-0.237,-1.236,nan,2
3.390443728902911e-06,13.0,-1.5,0.79211348,0.723,2.21,3.7028,1.85,7.0,-0.744,-0.325,-1.342,nan,2
3.2448139311475786e-06,13.0,-1.5,0.79213226,0.723,2.252,3.6995,1.796,7.0,-0.842,-0.415,-1.448,nan,2
2.8971227889875225e-06,13.0,-1.5,0.79214913,0.723,2.294,3.6962,1.74,7.0,-0.94,-0.504,-1.554,nan,2
2.565814999136583e-06,13.0,-1.5,0.79216409,0.723,2.336,3.693,1.686,7.0,-1.038,-0.594,-1.66,nan,2
2.2618127963192953e-06,13.0,-1.5,0.79217732,0.723,2.377,3.6899,1.631,7.0,-1.136,-0.683,-1.766,nan,2
1.9905772980191888e-06,13.0,-1.5,0.79218894,0.723,2.419,3.6868,1.577,7.0,-1.232,-0.77,-1.869,nan,2
1.7848752086928134e-06,13.0,-1.5,0.79219919,0.723,2.46,3.6837,1.523,7.0,-1.329,-0.858,-1.975,nan,2
1.6337842935145825e-06,13.0,-1.5,0.79220855,0.723,2.503,3.6805,1.468,7.0,-1.429,-0.946,-2.084,nan,2
1.508178592949598e-06,13.0,-1.5,0.79221714,0.723,2.545,3.6773,1.413,7.0,-1.527,-1.031,-2.192,nan,2
1.398956244653309e-06,13.0,-1.5,0.79222512,0.723,2.588,3.674,1.357,7.0,-1.626,-1.117,-2.302,nan,2
1.3188598558919182e-06,13.0,-1.5,0.79223251,0.723,2.631,3.6707,1.3,7.0,-1.725,-1.2,-2.413,nan,2
1.2642486817235635e-06,13.0,-1.5,0.79223961,0.723,2.675,3.6673,1.243,7.0,-1.824,-1.283,-2.524,nan,2
1.209637507575419e-06,13.0,-1.5,0.7922464,0.723,2.718,3.6639,1.186,7.0,-1.921,-1.363,-2.633,nan,2
1.1231698151607166e-06,13.0,-1.5,0.7922529,0.723,2.761,3.6605,1.13,7.0,-2.016,-1.441,-2.742,nan,2
9.766298311547612e-07,13.0,-1.5,0.79225874,0.723,2.803,3.6571,1.074,7.0,-2.107,-1.514,-2.845,nan,2
8.191676123636391e-07,13.0,-1.5,0.79226363,0.723,2.843,3.6539,1.022,7.0,-2.192,-1.584,-2.94,nan,2
6.944720980088573e-07,13.0,-1.5,0.79226774,0.723,2.883,3.6507,0.969,7.0,-2.275,-1.653,-3.034,nan,2
6.234775716324376e-07,13.0,-1.5,0.79227126,0.723,2.923,3.6473,0.915,7.0,-2.359,-1.72,-3.13,nan,2
6.070942193637421e-07,13.0,-1.5,0.79227459,0.723,2.969,3.6435,0.854,7.0,-2.454,-1.796,-3.238,nan,2
5.752377011376047e-07,13.0,-1.5,0.79227793,0.723,3.019,3.6394,0.788,7.0,-2.555,-1.876,-3.353,nan,2
3.695356117708089e-07,13.0,-1.5,0.79228091,0.723,3.063,3.6356,0.729,7.0,-2.642,-1.943,-3.453,nan,2
1.1377327948877455e-07,13.0,-1.5,0.79228199,0.723,3.093,3.6329,0.688,7.0,-2.702,-1.989,-3.522,nan,2
4.2778753112354824e-08,13.0,-1.5,0.79228216,0.723,3.101,3.6323,0.678,7.0,-2.717,-2.0,-3.539,nan,2
6.553340899394157e-08,13.0,-1.5,0.79228246,0.723,3.112,3.6314,0.663,7.0,-2.739,-2.017,-3.564,nan,2
6.007229157104306e-08,13.0,-1.5,0.79228288,0.723,3.135,3.6293,0.631,7.0,-2.784,-2.051,-3.617,nan,2
2.7305587074072257e-08,13.0,-1.5,0.79228312,0.723,3.41,3.6097,0.278,8.0,-3.323,-2.458,-4.232,nan,2
1.0922234825586864e-08,13.0,-1.5,0.79228318,0.723,3.262,3.6189,0.463,8.0,-3.031,-2.237,-3.9,nan,2
1.6383352248485392e-08,13.0,-1.5,0.79228324,0.723,3.116,3.6321,0.661,8.0,-2.754,-2.035,-3.578,nan,2
3.1856518266557765e-08,13.0,-1.5,0.79228336,0.723,2.925,3.6494,0.921,8.0,-2.375,-1.743,-3.14,nan,2
4.277875307193443e-08,13.0,-1.5,0.79228359,0.722,2.932,3.6488,0.912,8.0,-2.388,-1.753,-3.155,nan,2
4.9150056745456185e-08,13.0,-1.5,0.79228383,0.722,3.031,3.6399,0.777,8.0,-2.587,-1.909,-3.385,nan,2
6.007229157104306e-08,13.0,-1.5,0.79228413,0.722,3.182,3.6261,0.571,8.0,-2.88,-2.128,-3.724,nan,2
7.099452639662991e-08,13.0,-1.5,0.79228449,0.721,3.311,3.6144,0.394,8.0,-3.118,-2.293,-4.005,nan,2
7.554545758911542e-08,13.0,-1.5,0.79228491,0.72,3.396,3.6066,0.278,8.0,-3.267,-2.389,-4.184,nan,2
3.73176356692461e-08,13.0,-1.5,0.79228532,0.72,3.443,3.6024,0.214,8.0,-3.348,-2.438,-4.281,nan,2
0.0013168568729053094,13.0,-1.5,0.84765,0.55,-3.97214,3.70863,3.41724,10.0,14.65498,15.09316,14.04807,3.425,2
0.0031930911570803356,13.0,-1.5,0.87056,0.552,-4.04961,3.69048,3.34421,10.0,14.86997,15.3532,14.22337,4.3,2
0.0024578241720263623,13.0,-1.5,0.89347,0.554,-4.10456,3.67779,3.29302,10.0,15.02145,15.53652,14.34737,5.1,2
0.002959157903902709,13.0,-1.5,0.91638,0.556,-4.15193,3.66677,3.2485,10.0,15.14898,15.69192,14.45267,5.775,2
0.0028412550320005663,13.0,-1.5,0.93929,0.558,-4.19491,3.65674,3.20796,10.0,15.26166,15.82977,14.54634,6.4,2
0.0021932625757798106,13.0,-1.5,0.9622,0.56,-4.23196,3.64815,3.17315,10.0,15.35434,15.94349,14.62408,6.95,2
0.0026477948990888535,13.0,-1.5,0.98511,0.562,-4.2648,3.64057,3.14237,10.0,15.43384,16.04148,14.69129,7.45,2
0.0020472448823283,13.0,-1.5,1.00802,0.564,-4.29512,3.63358,3.11396,10.0,15.50468,16.12864,14.75148,7.9,2
0.0024753351874611845,13.0,-1.5,1.03093,0.566,-4.32367,3.627,3.08718,10.0,15.56911,16.20738,14.80636,8.3,2
0.002387448660458468,13.0,-1.5,1.05384,0.568,-4.35014,3.62091,3.06235,10.0,15.6268,16.27749,14.85545,8.65,2
0.0018501085800615707,13.0,-1.5,1.07675,0.57,-4.37577,3.61501,3.03828,10.0,15.68103,16.34312,14.90169,8.975,2
0.0022417843750644276,13.0,-1.5,1.09966,0.572,-4.40004,3.60944,3.0155,10.0,15.7312,16.40352,14.94476,9.275,2
0.0017394827441971667,13.0,-1.5,1.12257,0.574,-4.42255,3.60429,2.99445,10.0,15.77688,16.45815,14.98439,9.55,2
0.002110353026185856,13.0,-1.5,1.14548,0.576,-4.44071,3.60023,2.97771,10.0,15.81327,16.50129,15.0164,9.775,2
0.0016394585202165275,13.0,-1.5,1.16838,0.578,-4.45911,3.59611,2.96074,10.0,15.84956,16.54415,15.04856,10.0,2
0.0019912809018065272,13.0,-1.5,1.19129,0.58,-4.47308,3.59309,2.94815,10.0,15.87692,16.57616,15.07306,10.175,2
0.0019298822541577597,13.0,-1.5,1.2142,0.582,-4.48251,3.59119,2.94006,10.0,15.89547,16.59753,15.08991,10.3,2
0.0015017837655587963,13.0,-1.5,1.23711,0.584,-4.49204,3.58927,2.93185,10.0,15.9141,16.61896,15.10687,10.425,2
0.0018270116671818511,13.0,-1.5,1.26002,0.586,-4.50165,3.58732,2.92356,10.0,15.93278,16.64043,15.12392,10.55,2
0.001423132296176815,13.0,-1.5,1.28293,0.588,-4.50901,3.58594,2.91749,10.0,15.94719,16.65676,15.13723,10.65,2
0.0017329663194395877,13.0,-1.5,1.30584,0.59,-4.51646,3.58453,2.91133,10.0,15.96172,16.67322,15.15066,10.75,2
0.0016841486931487367,13.0,-1.5,1.32875,0.592,-4.52401,3.58309,2.90506,10.0,15.97638,16.68982,15.16424,10.85,2
0.0013136869900960057,13.0,-1.5,1.35166,0.594,-4.53171,3.58162,2.89864,10.0,15.99126,16.70665,15.17805,10.95,2
0.0016018502033744643,13.0,-1.5,1.37457,0.596,-4.53712,3.58072,2.89449,10.0,16.00194,16.71848,15.18811,11.025,2
0.0012505220756420519,13.0,-1.5,1.39748,0.598,-4.54269,3.57978,2.89018,10.0,16.01288,16.73061,15.19843,11.1,2
0.0015260428687451889,13.0,-1.5,1.42039,0.6,-4.54839,3.57881,2.88574,10.0,16.02405,16.74299,15.20896,11.175,2
0.0011837523524878776,13.0,-1.5,1.4433,0.602,-4.55429,3.57778,2.88109,10.0,16.03555,16.75576,15.2198,11.25,2
0.0014150294668856102,13.0,-1.5,1.46621,0.604,-4.56039,3.57671,2.87625,10.0,16.04739,16.7689,15.23097,11.325,2
0.0013474964247142391,13.0,-1.5,1.48912,0.606,-4.56419,3.57621,2.87369,10.0,16.05511,16.77718,15.23841,11.375,2
0.01995942438137241,13.0,-1.5,1.51203,0.608,-4.57073,3.57503,2.86839,10.0,16.06773,16.79122,15.25031,11.45,2
0.008417271153573122,13.0,-1.5,2.72623,0.714,-4.66558,3.57531,2.83331,10.0,16.28783,17.00632,15.47441,12.625,2
0.0002296460219244177,13.0,-1.5,2.74914,0.716,-4.66818,3.57512,2.83175,10.0,16.29348,17.01212,15.48001,12.65,2
0.00017944538930796428,13.0,-1.5,2.77205,0.718,-4.6677,3.57571,2.83331,10.0,16.29355,17.01141,15.48051,12.65,2
0.0002622940032915234,13.0,-1.5,2.79496,0.72,-4.66719,3.5763,2.83489,10.0,16.29359,17.01066,15.48099,12.65,2
0.00017042614702960333,13.0,-1.5,2.82873,0.722,-4.66987,3.57609,2.83324,10.0,16.29939,17.01662,15.48672,12.675,2
0.00012555911609674612,13.0,-1.5,2.83978,0.724,-4.66939,3.57667,2.8348,10.0,16.29947,17.01592,15.48724,12.675,2
8.265156875478068e-05,13.0,-1.5,2.85083,0.726,-4.66895,3.57725,2.83632,10.0,16.29961,17.01528,15.48781,12.675,2
8.182128009971924e-05,13.0,-1.5,2.86188,0.728,-4.6685,3.57784,2.83784,10.0,16.29975,17.01464,15.48839,12.675,2
8.100218926864014e-05,13.0,-1.5,2.87293,0.73,-4.66807,3.57841,2.83934,10.0,16.29991,17.01402,15.48899,12.675,2
8.01941069753254e-05,13.0,-1.5,2.88398,0.732,-4.66764,3.57899,2.84085,10.0,16.30007,17.0134,15.48959,12.675,2
0.00011879963189802353,13.0,-1.5,2.89503,0.734,-4.66721,3.57957,2.84235,10.0,16.30023,17.01277,15.49019,12.675,2
7.822085582727472e-05,13.0,-1.5,2.90608,0.736,-4.67002,3.57933,2.84058,10.0,16.30627,17.01901,15.49614,12.7,2
7.744986744330615e-05,13.0,-1.5,2.91713,0.738,-4.66959,3.57991,2.84207,10.0,16.30643,17.01839,15.49675,12.7,2
7.668908206355929e-05,13.0,-1.5,2.92818,0.74,-4.6692,3.58048,2.84353,10.0,16.30666,17.01783,15.49741,12.7,2
7.593833044261484e-05,13.0,-1.5,2.93923,0.742,-4.6688,3.58106,2.84499,10.0,16.30685,17.01723,15.49805,12.7,2
0.00011252137782767239,13.0,-1.5,2.95028,0.744,-4.66842,3.58162,2.84643,10.0,16.30708,17.01668,15.49873,12.7,2
7.410426861994663e-05,13.0,-1.5,2.96133,0.746,-4.66803,3.58219,2.84788,10.0,16.30729,17.01609,15.49939,12.7,2
7.338735031749979e-05,13.0,-1.5,2.97238,0.748,-4.66764,3.58276,2.84932,10.0,16.30749,17.0155,15.50004,12.7,2
7.267974477607016e-05,13.0,-1.5,2.98343,0.75,-4.66726,3.58333,2.85075,10.0,16.3077,17.01491,15.50071,12.7,2
7.198130035239522e-05,13.0,-1.5,2.99448,0.752,-4.66685,3.58391,2.85221,10.0,16.30785,17.01425,15.50131,12.7,2
0.0001066820420064684,13.0,-1.5,3.00552,0.754,-4.66649,3.58447,2.85361,10.0,16.30808,17.01369,15.502,12.7,2
7.02743005988867e-05,13.0,-1.5,3.01657,0.756,-4.66943,3.5842,2.8517,10.0,16.31439,17.02026,15.50819,12.725,2
6.960676810286508e-05,13.0,-1.5,3.02762,0.758,-4.66906,3.58477,2.8531,10.0,16.31461,17.01967,15.50887,12.725,2
6.894775006543464e-05,13.0,-1.5,3.03867,0.76,-4.66869,3.58533,2.85449,10.0,16.31483,17.0191,15.50955,12.725,2
0.0001022042572544879,13.0,-1.5,3.04972,0.762,-4.66831,3.5859,2.8559,10.0,16.315,17.01846,15.51019,12.725,2
6.733656869136237e-05,13.0,-1.5,3.06077,0.764,-4.66796,3.58645,2.85727,10.0,16.31525,17.01791,15.51089,12.725,2
6.6706296125144e-05,13.0,-1.5,3.07182,0.766,-4.66758,3.58702,2.85865,10.0,16.31542,17.01728,15.51154,12.725,2
6.60839455702957e-05,13.0,-1.5,3.08287,0.768,-4.66724,3.58757,2.86,10.0,16.31565,17.01671,15.51223,12.725,2
6.546939219491433e-05,13.0,-1.5,3.09392,0.77,-4.66688,3.58813,2.86136,10.0,16.31586,17.01611,15.5129,12.725,2
9.706855622379922e-05,13.0,-1.5,3.10497,0.772,-4.66652,3.58868,2.8627,10.0,16.31605,17.0155,15.51357,12.725,2
6.396632338444528e-05,13.0,-1.5,3.11602,0.774,-4.6662,3.58923,2.86402,10.0,16.3163,17.01495,15.51428,12.725,2
6.337811072772754e-05,13.0,-1.5,3.12707,0.776,-4.66935,3.58891,2.86187,10.0,16.32304,17.02203,15.52085,12.75,2
6.279716200170787e-05,13.0,-1.5,3.13812,0.778,-4.66904,3.58945,2.86316,10.0,16.32333,17.02153,15.5216,12.75,2
6.22233647417499e-05,13.0,-1.5,3.14917,0.78,-4.66877,3.58999,2.8644,10.0,16.32367,17.0211,15.5224,12.75,2
9.227454996453017e-05,13.0,-1.5,3.16022,0.782,-4.66849,3.59052,2.86564,10.0,16.32401,17.02065,15.52319,12.75,2
6.081943995459536e-05,13.0,-1.5,3.17127,0.784,-4.66825,3.59104,2.86684,10.0,16.32441,17.02029,15.52404,12.75,2
6.0269816953951105e-05,13.0,-1.5,3.18232,0.786,-4.66803,3.59156,2.86801,10.0,16.32484,17.01995,15.52492,12.75,2
5.972686456420014e-05,13.0,-1.5,3.19337,0.788,-4.66782,3.59207,2.86917,10.0,16.32528,17.01963,15.52582,12.75,2
5.9190481277908234e-05,13.0,-1.5,3.20442,0.79,-4.66764,3.59258,2.87029,10.0,16.32577,17.01937,15.52676,12.75,2
8.779412837921605e-05,13.0,-1.5,3.21547,0.792,-4.66749,3.59307,2.87138,10.0,16.32632,17.01917,15.52775,12.75,2
5.787761338283929e-05,13.0,-1.5,3.22652,0.794,-4.66734,3.59357,2.87246,10.0,16.32688,17.01899,15.52875,12.75,2
5.7363449020973696e-05,13.0,-1.5,3.23757,0.796,-4.66723,3.59406,2.8735,10.0,16.32749,17.01886,15.5298,12.75,2
5.6855419377227305e-05,13.0,-1.5,3.24862,0.798,-4.66714,3.59454,2.87452,10.0,16.32814,17.01878,15.53089,12.75,2
8.434376772498011e-05,13.0,-1.5,3.25967,0.8,-4.67067,3.59414,2.872,10.0,16.33565,17.02678,15.53812,12.775,2
5.5611586413164914e-05,13.0,-1.5,3.27072,0.802,-4.67066,3.5946,2.87294,10.0,16.33645,17.02687,15.53935,12.775,2
5.51243162654296e-05,13.0,-1.5,3.28177,0.804,-4.67068,3.59506,2.87385,10.0,16.3373,17.02703,15.54062,12.775,2
5.4642780595975726e-05,13.0,-1.5,3.29282,0.806,-4.67071,3.59551,2.87474,10.0,16.33818,17.02721,15.54192,12.775,2
5.416689478148128e-05,13.0,-1.5,3.30387,0.808,-4.67079,3.59595,2.87558,10.0,16.33913,17.02748,15.54328,12.775,2
8.037021112831994e-05,13.0,-1.5,3.31492,0.81,-4.67088,3.59639,2.87641,10.0,16.34011,17.02778,15.54468,12.775,2
5.300135647150805e-05,13.0,-1.5,3.32597,0.812,-4.67107,3.59681,2.87715,10.0,16.34127,17.0283,15.54624,12.775,2
5.254460012002612e-05,13.0,-1.5,3.33702,0.814,-4.67125,3.59722,2.87789,10.0,16.34241,17.02878,15.54778,12.775,2
5.2093130940970304e-05,13.0,-1.5,3.34807,0.816,-4.67148,3.59763,2.87858,10.0,16.34364,17.02937,15.54941,12.775,2
5.164687218845944e-05,13.0,-1.5,3.35912,0.818,-4.67176,3.59803,2.87922,10.0,16.34497,17.03007,15.55113,12.775,2
7.664478567866779e-05,13.0,-1.5,3.37017,0.82,-4.67203,3.59843,2.87988,10.0,16.34628,17.03074,15.55283,12.775,2
5.055352927870779e-05,13.0,-1.5,3.38122,0.822,-4.67244,3.59879,2.8804,10.0,16.34784,17.03171,15.55476,12.775,2
5.012492172079322e-05,13.0,-1.5,3.39227,0.824,-4.67284,3.59916,2.88093,10.0,16.34939,17.03267,15.55668,12.775,2
4.9701195405914964e-05,13.0,-1.5,3.40331,0.826,-4.67329,3.59952,2.88141,10.0,16.35104,17.03374,15.5587,12.775,2
4.928228062075742e-05,13.0,-1.5,3.41436,0.828,-4.67749,3.59896,2.87824,10.0,16.35994,17.04338,15.56714,12.8,2
7.314831260284599e-05,13.0,-1.5,3.42541,0.83,-4.67806,3.59929,2.87861,10.0,16.36182,17.04472,15.56936,12.8,2
4.825559733549032e-05,13.0,-1.5,3.43646,0.832,-4.67866,3.59962,2.87896,10.0,16.36375,17.04612,15.57163,12.8,2
4.7852990966873015e-05,13.0,-1.5,3.44751,0.834,-4.67934,3.59992,2.87922,10.0,16.36584,17.0477,15.57404,12.8,2
4.74548968795238e-05,13.0,-1.5,3.45856,0.836,-4.68005,3.60022,2.87946,10.0,16.36799,17.04935,15.57651,12.8,2
7.044563370506975e-05,13.0,-1.5,3.46961,0.838,-4.68084,3.6005,2.87963,10.0,16.37029,17.05118,15.57912,12.8,2
4.647898930943392e-05,13.0,-1.5,3.48066,0.84,-4.6817,3.60077,2.87972,10.0,16.37274,17.05317,15.58186,12.8,2
4.6096195727659226e-05,13.0,-1.5,3.49171,0.842,-4.68261,3.60102,2.87977,10.0,16.37527,17.05527,15.58468,12.8,2
4.571763732089454e-05,13.0,-1.5,3.50276,0.844,-4.68357,3.60127,2.87977,10.0,16.37792,17.05749,15.58759,12.8,2
4.5343255322693166e-05,13.0,-1.5,3.51381,0.846,-4.68461,3.60149,2.8797,10.0,16.38071,17.05989,15.59064,12.8,2
6.732191065853963e-05,13.0,-1.5,3.52486,0.848,-4.6857,3.60171,2.87959,10.0,16.38359,17.0624,15.59378,12.8,2
4.442519524926752e-05,13.0,-1.5,3.53591,0.85,-4.68689,3.6019,2.87938,10.0,16.38666,17.06512,15.59708,12.8,2
4.406498186974579e-05,13.0,-1.5,3.54696,0.852,-4.68812,3.60208,2.87912,10.0,16.38984,17.06796,15.60047,12.8,2
4.370869230287012e-05,13.0,-1.5,3.55801,0.854,-4.68944,3.60224,2.87878,10.0,16.39318,17.07101,15.60401,12.8,2
4.335627294092402e-05,13.0,-1.5,3.56906,0.856,-4.69084,3.60238,2.87837,10.0,16.39667,17.07423,15.60768,12.8,2
6.438195963437631e-05,13.0,-1.5,3.58011,0.858,-4.69228,3.60252,2.87791,10.0,16.40026,17.07756,15.61144,12.8,2
4.2491812777720795e-05,13.0,-1.5,3.59116,0.86,-4.69383,3.60262,2.87735,10.0,16.40406,17.08115,15.61539,12.8,2
4.2152529526884484e-05,13.0,-1.5,3.60221,0.862,-4.69923,3.60177,2.87297,10.0,16.41535,17.09367,15.6259,12.825,2
4.181688589667367e-05,13.0,-1.5,3.61326,0.864,-4.70094,3.60184,2.87224,10.0,16.41947,17.09763,15.63013,12.825,2
4.148483291600618e-05,13.0,-1.5,3.62431,0.866,-4.70272,3.60189,2.87145,10.0,16.42371,17.10174,15.63446,12.825,2
6.16123862068381e-05,13.0,-1.5,3.63536,0.868,-4.70458,3.60192,2.87058,10.0,16.42812,17.10606,15.63895,12.825,2
8.102033052079522e-05,13.0,-1.5,3.64641,0.87,-4.70652,3.60194,2.86963,10.0,16.43269,17.11055,15.64357,12.825,2
9.949827063463137e-05,13.0,-1.5,3.67665,0.872,-4.70858,3.60192,2.86857,10.0,16.43747,17.1153,15.64838,12.825,2
9.757174697712048e-05,13.0,-1.5,3.7006,0.874,-4.7107,3.60189,2.86743,10.0,16.44239,17.12022,15.65331,12.825,2
9.569514174761501e-05,13.0,-1.5,3.72455,0.876,-4.7129,3.60184,2.86621,10.0,16.44747,17.12532,15.65838,12.825,2
9.386683893852191e-05,13.0,-1.5,3.7485,0.878,-4.71519,3.60176,2.86491,10.0,16.4527,17.13061,15.66358,12.825,2
7.380855913076158e-05,13.0,-1.5,3.77246,0.88,-4.71757,3.60166,2.86351,10.0,16.45813,17.13614,15.66896,12.825,2
9.069269581101465e-05,13.0,-1.5,3.79641,0.882,-4.72001,3.60155,2.86205,10.0,16.46366,17.14178,15.67443,12.825,2
8.899156492049233e-05,13.0,-1.5,3.82036,0.884,-4.72255,3.60142,2.86048,10.0,16.4694,17.14767,15.68008,12.825,2
8.733314325174792e-05,13.0,-1.5,3.84431,0.886,-4.72906,3.60029,2.85494,10.0,16.48279,17.16268,15.69247,12.85,2
8.571609084685471e-05,13.0,-1.5,3.86826,0.888,-4.73178,3.6001,2.85319,10.0,16.48888,17.16897,15.69843,12.85,2
6.743557055349073e-05,13.0,-1.5,3.89222,0.89,-4.73458,3.5999,2.85136,10.0,16.4951,17.17543,15.70452,12.85,2
8.290556135523791e-05,13.0,-1.5,3.91617,0.892,-4.7375,3.59967,2.8494,10.0,16.50156,17.18217,15.71081,12.85,2
8.139763437667313e-05,13.0,-1.5,3.94012,0.894,-4.74048,3.59942,2.84739,10.0,16.50812,17.18904,15.7172,12.85,2
7.992642554420238e-05,13.0,-1.5,3.96407,0.896,-4.74358,3.59915,2.84526,10.0,16.51492,17.19617,15.7238,12.85,2
6.290583020358308e-05,13.0,-1.5,3.98802,0.898,-4.74674,3.59886,2.84306,10.0,16.52185,17.20346,15.73051,12.85,2
7.736723832994766e-05,13.0,-1.5,4.01198,0.9,-4.75002,3.59854,2.84075,10.0,16.52898,17.21098,15.73741,12.85,2
7.599302405477976e-05,13.0,-1.5,4.03593,0.902,-4.75338,3.5982,2.83836,10.0,16.53628,17.2187,15.74447,12.85,2
7.465149260122365e-05,13.0,-1.5,4.05988,0.904,-4.75682,3.59784,2.83589,10.0,16.54372,17.22658,15.75165,12.85,2
7.334167230199679e-05,13.0,-1.5,4.08383,0.906,-4.76041,3.59744,2.83326,10.0,16.55145,17.2348,15.75909,12.85,2
5.7750978042250427e-05,13.0,-1.5,4.10778,0.908,-4.76408,3.59703,2.83056,10.0,16.55933,17.24319,15.76668,12.85,2
7.106093795060407e-05,13.0,-1.5,4.13174,0.91,-4.7722,3.5955,2.82342,10.0,16.57565,17.26149,15.78182,12.875,2
6.983502865481845e-05,13.0,-1.5,4.15569,0.912,-4.77614,3.59503,2.82046,10.0,16.58402,17.27042,15.78986,12.875,2
6.863744176124427e-05,13.0,-1.5,4.17964,0.914,-4.78018,3.59452,2.81741,10.0,16.59256,17.27956,15.79807,12.875,2
6.746735916225442e-05,13.0,-1.5,4.20359,0.916,-4.78436,3.59398,2.8142,10.0,16.60139,17.28903,15.80655,12.875,2
5.31494058359865e-05,13.0,-1.5,4.22754,0.918,-4.78867,3.59342,2.81087,10.0,16.61045,17.29875,15.81523,12.875,2
6.542801763210714e-05,13.0,-1.5,4.2515,0.92,-4.79307,3.59283,2.80746,10.0,16.61967,17.30866,15.82407,12.875,2
6.433083133728153e-05,13.0,-1.5,4.27545,0.922,-4.79766,3.59219,2.80386,10.0,16.62924,17.31895,15.83323,12.875,2
6.325828918312623e-05,13.0,-1.5,4.2994,0.924,-4.80236,3.59153,2.80015,10.0,16.63901,17.32948,15.84259,12.875,2
6.220969897645691e-05,13.0,-1.5,4.32335,0.926,-4.80719,3.59084,2.79632,10.0,16.64903,17.34027,15.85218,12.875,2
4.902844233887381e-05,13.0,-1.5,4.34731,0.928,-4.81217,3.59011,2.79234,10.0,16.65932,17.35137,15.86202,12.875,2
6.0380474690790555e-05,13.0,-1.5,4.37126,0.93,-4.81731,3.58934,2.7882,10.0,16.66989,17.36279,15.87214,12.875,2
5.939546226461822e-05,13.0,-1.5,4.39521,0.932,-4.82261,3.58853,2.78391,10.0,16.68075,17.37453,15.88253,12.875,2
5.8431976268340336e-05,13.0,-1.5,4.41916,0.934,-4.82806,3.58769,2.77947,10.0,16.6919,17.38659,15.89319,12.875,2
5.748942833238077e-05,13.0,-1.5,4.44311,0.936,-4.83369,3.5868,2.77485,10.0,16.70337,17.399,15.90415,12.875,2
4.532661473802527e-05,13.0,-1.5,4.46707,0.938,-4.83951,3.58587,2.77005,10.0,16.71517,17.41178,15.91544,12.875,2
5.584380124218782e-05,13.0,-1.5,4.49102,0.94,-4.84548,3.5849,2.7651,10.0,16.72725,17.42487,15.92699,12.875,2
5.495691097475558e-05,13.0,-1.5,4.51497,0.942,-4.85733,3.58247,2.75428,10.0,16.75017,17.45037,15.94854,12.9,2
5.4088892568237434e-05,13.0,-1.5,4.53892,0.944,-4.86382,3.58137,2.74881,10.0,16.76316,17.46446,15.96098,12.9,2
4.2658501605748695e-05,13.0,-1.5,4.56287,0.946,-4.8705,3.58022,2.74314,10.0,16.77651,17.47894,15.97375,12.9,2
5.257242339753889e-05,13.0,-1.5,4.58683,0.948,-4.87739,3.57902,2.73725,10.0,16.79025,17.49384,15.9869,12.9,2
5.175462467710032e-05,13.0,-1.5,4.61078,0.95,-4.88447,3.57777,2.73118,10.0,16.80431,17.5091,16.00037,12.9,2
2.047669971907969e-05,13.0,-1.5,4.63473,0.952,-4.89184,3.57645,2.72481,10.0,16.8189,17.52494,16.01434,12.9,2
0.00032921421822632734,13.0,-1.5,0.84765,0.55,-3.89468,3.73494,3.52249,11.0,14.41768,14.75065,13.91072,3.425,2
0.00048310662219093275,13.0,-1.5,0.87056,0.552,-4.12863,3.67683,3.28963,11.0,15.02566,15.46775,14.40967,4.3,2
0.003803907648101786,13.0,-0.8999999999999999,0.09,0.09,-3.253,3.4371,5.345,1.0,14.261,16.88,12.855,nan,2
0.005404269436793288,13.0,-0.8999999999999999,0.09654367,0.097,-3.099,3.4586,5.308,1.0,13.707,15.903,12.366,nan,2
0.01008715317541249,13.0,-0.8999999999999999,0.1,0.1,-3.022,3.4694,5.29,1.0,13.428,15.425,12.125,nan,2
0.020410547146078147,13.0,-0.8999999999999999,0.12,0.12,-2.742,3.5031,5.223,1.0,12.465,13.946,11.29,nan,2
0.012878766051215528,13.0,-0.8999999999999999,0.14,0.14,-2.556,3.5216,5.178,1.0,11.865,13.137,10.76,nan,2
0.015547369410407234,13.0,-0.8999999999999999,0.16,0.16,-2.413,3.5333,5.141,1.0,11.434,12.604,10.369,nan,2
0.017805295352694015,13.0,-0.8999999999999999,0.20000002,0.2,-2.191,3.5483,5.075,1.0,10.792,11.852,9.774,nan,2
0.014946573623544965,13.0,-0.8999999999999999,0.25,0.25,-1.985,3.5599,5.013,1.0,10.214,11.2,9.231,nan,2
0.011726562795203059,13.0,-0.8999999999999999,0.30000004,0.3,-1.826,3.5689,4.969,1.0,9.773,10.709,8.815,nan,2
0.00955821197770638,13.0,-0.8999999999999999,0.35000002,0.35,-1.693,3.5763,4.932,1.0,9.407,10.307,8.469,nan,2
0.008009956149062655,13.0,-0.8999999999999999,0.40000001,0.4,-1.538,3.5878,4.881,1.0,8.972,9.82,8.064,nan,2
0.00621365440996395,13.0,-0.8999999999999999,0.44999999,0.45,-1.36,3.6044,4.82,1.0,8.465,9.244,7.597,nan,2
0.006584649243609247,13.0,-0.8999999999999999,0.5,0.5,-1.157,3.6308,4.769,1.0,7.872,8.549,7.07,nan,2
0.002664534737783995,13.0,-0.8999999999999999,0.55000007,0.55,-0.927,3.6654,4.719,1.0,7.181,7.727,6.476,nan,2
0.00248804136488947,13.0,-0.8999999999999999,0.55554003,0.555,-0.903,3.6691,4.714,1.0,7.109,7.643,6.415,nan,2
0.002330209529209282,13.0,-0.8999999999999999,0.60000002,0.6,-0.716,3.6971,4.672,1.0,6.566,7.017,5.94,nan,2
0.0008915551509433465,13.0,-0.8999999999999999,0.60295928,0.603,-0.703,3.6991,4.67,1.0,6.529,6.976,5.908,nan,2
0.0012968335568512494,13.0,-0.8999999999999999,0.62048751,0.62,-0.627,3.7109,4.653,1.0,6.317,6.735,5.722,nan,2
0.0012507900009804127,13.0,-0.8999999999999999,0.63759857,0.637,-0.553,3.7221,4.636,1.0,6.114,6.507,5.544,nan,2
0.0012074080885792601,13.0,-0.8999999999999999,0.64999998,0.65,-0.499,3.7301,4.623,1.0,5.969,6.345,5.416,nan,2
0.0007820560986710576,13.0,-0.8999999999999999,0.66193002,0.662,-0.447,3.7371,4.606,1.0,5.832,6.194,5.292,nan,2
0.0011404573790570408,13.0,-0.8999999999999999,0.67415673,0.674,-0.392,3.7441,4.587,1.0,5.691,6.038,5.165,nan,2
0.0007394804768618452,13.0,-0.8999999999999999,0.68613869,0.686,-0.338,3.7507,4.567,1.0,5.551,5.885,5.04,nan,2
0.0005014487621489592,13.0,-0.8999999999999999,0.69680721,0.697,-0.289,3.7564,4.547,1.0,5.425,5.748,4.926,nan,2
0.00012889122940190506,13.0,-0.8999999999999999,0.70000005,0.7,-0.274,3.7581,4.541,1.0,5.387,5.706,4.892,nan,2
0.00031490437624225574,13.0,-0.8999999999999999,0.70040876,0.7,-0.272,3.7583,4.54,1.0,5.383,5.701,4.888,nan,2
0.0007081260807649499,13.0,-0.8999999999999999,0.70889407,0.709,-0.231,3.7626,4.521,1.0,5.279,5.589,4.794,nan,2
0.0006932701359031975,13.0,-0.8999999999999999,0.71704793,0.717,-0.19,3.7666,4.502,1.0,5.177,5.479,4.7,nan,2
0.0006789264722338801,13.0,-0.8999999999999999,0.7278592,0.727,-0.134,3.7718,4.473,1.0,5.037,5.329,4.572,nan,2
0.0006650706949807478,13.0,-0.8999999999999999,0.73801613,0.738,-0.079,3.7763,4.442,1.0,4.9,5.183,4.445,nan,2
0.0003904823499198224,13.0,-0.8999999999999999,0.74736381,0.747,-0.025,3.7802,4.409,1.0,4.766,5.041,4.32,nan,2
0.00014877657931164823,13.0,-0.8999999999999999,0.75,0.749,-0.009,3.7812,4.399,1.0,4.727,5.0,4.283,nan,2
0.0003878849899211155,13.0,-0.8999999999999999,0.75197595,0.751,0.003,3.7819,4.391,1.0,4.698,4.97,4.255,nan,2
0.000632418672089389,13.0,-0.8999999999999999,0.76214546,0.761,0.067,3.785,4.345,1.0,4.537,4.803,4.102,nan,2
0.0006200987185377425,13.0,-0.8999999999999999,0.77167529,0.771,0.131,3.7873,4.296,1.0,4.378,4.64,3.948,nan,2
0.000313031229776056,13.0,-0.8999999999999999,0.78007972,0.779,0.191,3.7887,4.246,1.0,4.227,4.486,3.801,nan,2
0.00015739380996822764,13.0,-0.8999999999999999,0.78196943,0.781,0.205,3.789,4.233,1.0,4.192,4.45,3.766,nan,2
0.00030202735973405663,13.0,-0.8999999999999999,0.78530568,0.784,0.232,3.7889,4.208,1.0,4.124,4.382,3.699,nan,2
0.0003598913311278916,13.0,-0.8999999999999999,0.79199767,0.791,0.291,3.7877,4.148,1.0,3.977,4.236,3.55,nan,2
0.00021098050002644678,13.0,-0.8999999999999999,0.7973699,0.796,0.342,3.7853,4.09,1.0,3.848,4.111,3.416,nan,2
7.698846337092127e-05,13.0,-0.8999999999999999,0.79913759,0.798,0.362,3.7835,4.064,2.0,3.798,4.065,3.363,nan,2
4.257196147238882e-05,13.0,-0.8999999999999999,0.80000001,0.799,0.371,3.7826,4.051,2.0,3.774,4.042,3.337,nan,2
0.00011608019023878078,13.0,-0.8999999999999999,0.80059195,0.799,0.378,3.782,4.042,2.0,3.758,4.027,3.319,nan,2
0.00016693481622973502,13.0,-0.8999999999999999,0.80400294,0.803,0.42,3.7759,3.978,2.0,3.653,3.932,3.202,nan,2
0.00011697456053864069,13.0,-0.8999999999999999,0.80634856,0.805,0.452,3.7685,3.918,2.0,3.575,3.868,3.108,nan,2
9.024025978103935e-05,13.0,-0.8999999999999999,0.80807447,0.807,0.476,3.7599,3.86,2.0,3.516,3.825,3.031,nan,2
7.227690350543049e-05,13.0,-0.8999999999999999,0.80948955,0.808,0.501,3.7506,3.799,2.0,3.46,3.786,2.956,nan,2
5.670528856884381e-05,13.0,-0.8999999999999999,0.81059021,0.809,0.53,3.7425,3.738,2.0,3.393,3.735,2.872,nan,2
4.547012095770829e-05,13.0,-0.8999999999999999,0.81148165,0.81,0.565,3.7364,3.679,2.0,3.312,3.665,2.779,nan,2
3.0057987308441437e-05,13.0,-0.8999999999999999,0.81218761,0.811,0.6,3.7324,3.628,2.0,3.227,3.588,2.687,nan,2
1.3434095145854017e-05,13.0,-0.8999999999999999,0.81253761,0.811,0.62,3.7305,3.601,2.0,3.18,3.544,2.636,nan,2
2.1739067282223182e-05,13.0,-0.8999999999999999,0.81265956,0.811,0.628,3.73,3.591,2.0,3.16,3.526,2.615,nan,2
3.365825079832078e-05,13.0,-0.8999999999999999,0.81330132,0.812,0.672,3.7275,3.537,3.0,3.054,3.424,2.504,nan,2
3.247068760415727e-05,13.0,-0.8999999999999999,0.813842,0.812,0.713,3.7256,3.489,3.0,2.955,3.329,2.402,nan,2
3.2864075028492414e-05,13.0,-0.8999999999999999,0.81444204,0.813,0.762,3.7237,3.433,3.0,2.836,3.214,2.279,nan,2
3.162214352894113e-05,13.0,-0.8999999999999999,0.81499654,0.813,0.81,3.722,3.378,3.0,2.717,3.097,2.157,nan,2
2.9590852167335408e-05,13.0,-0.8999999999999999,0.81555295,0.814,0.864,3.7204,3.318,3.0,2.586,2.97,2.023,nan,2
2.5687373250908225e-05,13.0,-0.8999999999999999,0.8160457,0.814,0.915,3.7189,3.261,3.0,2.459,2.845,1.893,nan,2
2.101899297455858e-05,13.0,-0.8999999999999999,0.81646371,0.814,0.963,3.7175,3.208,3.0,2.342,2.731,1.773,nan,2
1.944716580683409e-05,13.0,-0.8999999999999999,0.81679094,0.815,1.003,3.7163,3.163,3.0,2.243,2.635,1.672,nan,2
1.9986714590588492e-05,13.0,-0.8999999999999999,0.81715322,0.815,1.051,3.7148,3.109,3.0,2.126,2.52,1.552,nan,2
1.861654836399636e-05,13.0,-0.8999999999999999,0.81749958,0.815,1.102,3.7132,3.052,3.0,2.002,2.4,1.425,nan,2
1.657229871180822e-05,13.0,-0.8999999999999999,0.81781328,0.815,1.152,3.7115,2.995,3.0,1.88,2.281,1.299,nan,2
1.4707992668637428e-05,13.0,-0.8999999999999999,0.81808716,0.816,1.2,3.7098,2.94,3.0,1.763,2.168,1.178,nan,2
1.326393110417469e-05,13.0,-0.8999999999999999,0.81833476,0.816,1.248,3.708,2.886,3.0,1.648,2.057,1.06,nan,2
1.2114040674812601e-05,13.0,-0.8999999999999999,0.81855744,0.816,1.294,3.7063,2.833,3.0,1.535,1.948,0.943,nan,2
1.0994610919084828e-05,13.0,-0.8999999999999999,0.81876427,0.816,1.341,3.7044,2.778,3.0,1.421,1.838,0.825,nan,2
9.975588569020607e-06,13.0,-0.8999999999999999,0.81894726,0.816,1.387,3.7025,2.725,3.0,1.311,1.732,0.711,nan,2
9.071075788299752e-06,13.0,-0.8999999999999999,0.81911796,0.816,1.433,3.7005,2.671,3.0,1.2,1.625,0.596,nan,2
8.049233005490802e-06,13.0,-0.8999999999999999,0.81926888,0.816,1.478,3.6985,2.618,3.0,1.093,1.523,0.484,nan,2
7.309433496973267e-06,13.0,-0.8999999999999999,0.81940335,0.816,1.521,3.6966,2.567,3.0,0.989,1.424,0.377,nan,2
6.638734590673445e-06,13.0,-0.8999999999999999,0.81952804,0.816,1.564,3.6945,2.515,3.0,0.886,1.325,0.269,nan,2
6.0656226572736555e-06,13.0,-0.8999999999999999,0.81963873,0.816,1.606,3.6925,2.466,3.0,0.786,1.23,0.165,nan,2
5.596302648821074e-06,13.0,-0.8999999999999999,0.8197431,0.816,1.648,3.6904,2.415,3.0,0.685,1.134,0.059,nan,2
5.130649202949793e-06,13.0,-0.8999999999999999,0.81983715,0.816,1.689,3.6884,2.366,3.0,0.588,1.044,-0.042,nan,2
4.853400664298742e-06,13.0,-0.8999999999999999,0.81992501,0.815,1.729,3.6863,2.318,3.0,0.494,0.955,-0.141,nan,2
4.811376216425432e-06,13.0,-0.8999999999999999,0.82000923,0.815,1.767,3.6843,2.272,3.0,0.404,0.87,-0.236,nan,2
4.6060324893814495e-06,13.0,-0.8999999999999999,0.8200956,0.815,1.801,3.6826,2.23,3.0,0.322,0.793,-0.322,nan,2
4.440862584566889e-06,13.0,-0.8999999999999999,0.82017404,0.815,1.821,3.6816,2.206,3.0,0.275,0.748,-0.371,nan,2
2.646910606571271e-06,13.0,-0.8999999999999999,0.8202545,0.815,1.798,3.6834,2.237,3.0,0.329,0.798,-0.313,nan,2
2.032344412526058e-06,13.0,-0.8999999999999999,0.82026875,0.815,1.793,3.6838,2.243,3.0,0.34,0.807,-0.302,nan,2
3.439782044731742e-06,13.0,-0.8999999999999999,0.82032722,0.814,1.83,3.6818,2.198,3.0,0.254,0.726,-0.392,nan,2
3.54654161096506e-06,13.0,-0.8999999999999999,0.82039183,0.814,1.872,3.6794,2.147,3.0,0.156,0.635,-0.496,nan,2
3.334978805641123e-06,13.0,-0.8999999999999999,0.82045412,0.814,1.914,3.6769,2.094,3.0,0.056,0.542,-0.602,nan,2
3.1016169265938835e-06,13.0,-0.8999999999999999,0.82051116,0.814,1.956,3.6744,2.042,3.0,-0.042,0.452,-0.705,nan,2
2.8651808191937305e-06,13.0,-0.8999999999999999,0.8205651,0.813,1.999,3.6719,1.989,3.0,-0.141,0.36,-0.811,nan,2
2.6220373044888492e-06,13.0,-0.8999999999999999,0.82061368,0.813,2.04,3.6694,1.938,3.0,-0.238,0.272,-0.914,nan,2
2.422212461952842e-06,13.0,-0.8999999999999999,0.82065892,0.812,2.081,3.6668,1.886,3.0,-0.333,0.185,-1.017,nan,2
2.2321692550682712e-06,13.0,-0.8999999999999999,0.82070035,0.812,2.121,3.6642,1.835,3.0,-0.428,0.1,-1.118,nan,2
2.0488334554698116e-06,13.0,-0.8999999999999999,0.82073879,0.812,2.162,3.6616,1.784,3.0,-0.522,0.015,-1.219,nan,2
1.895680988739529e-06,13.0,-0.8999999999999999,0.82077366,0.811,2.202,3.659,1.734,3.0,-0.612,-0.066,-1.317,nan,2
1.7606944167931451e-06,13.0,-0.8999999999999999,0.82080662,0.811,2.242,3.6564,1.683,3.0,-0.703,-0.148,-1.415,nan,2
1.6159262091891187e-06,13.0,-0.8999999999999999,0.82083666,0.81,2.281,3.6537,1.632,3.0,-0.792,-0.226,-1.51,nan,2
1.4910007481843137e-06,13.0,-0.8999999999999999,0.82086444,0.809,2.32,3.651,1.582,3.0,-0.879,-0.305,-1.605,nan,2
1.5292888648637813e-06,13.0,-0.8999999999999999,0.82089001,0.809,2.359,3.6484,1.532,3.0,-0.965,-0.38,-1.698,nan,2
1.427559854126076e-06,13.0,-0.8999999999999999,0.82091916,0.808,2.407,3.645,1.47,3.0,-1.069,-0.471,-1.812,nan,2
1.2875427266840798e-06,13.0,-0.8999999999999999,0.82094109,0.807,2.446,3.6422,1.42,3.0,-1.154,-0.545,-1.904,nan,2
1.3093418004197937e-06,13.0,-0.8999999999999999,0.82096523,0.806,2.493,3.6388,1.359,3.0,-1.253,-0.631,-2.013,nan,2
1.1179012170162488e-06,13.0,-0.8999999999999999,0.82098794,0.805,2.54,3.6353,1.297,3.0,-1.353,-0.717,-2.124,nan,2
1.0094647989551976e-06,13.0,-0.8999999999999999,0.82100523,0.804,2.579,3.6325,1.246,3.0,-1.435,-0.787,-2.214,nan,2
1.0276306937390961e-06,13.0,-0.8999999999999999,0.82102406,0.802,2.624,3.629,1.186,3.0,-1.53,-0.867,-2.318,nan,2
9.762072377527247e-07,13.0,-0.8999999999999999,0.821042,0.8,2.671,3.6255,1.124,3.0,-1.626,-0.948,-2.425,nan,2
8.795087824796029e-07,13.0,-0.8999999999999999,0.82105899,0.799,2.719,3.622,1.061,3.0,-1.725,-1.032,-2.535,nan,2
7.928714381604712e-07,13.0,-0.8999999999999999,0.82107347,0.797,2.764,3.6184,1.002,3.0,-1.814,-1.105,-2.634,nan,2
7.579370251364704e-07,13.0,-0.8999999999999999,0.82108736,0.795,2.809,3.6148,0.94,3.0,-1.905,-1.177,-2.736,nan,2
7.012035383705502e-07,13.0,-0.8999999999999999,0.82110059,0.792,2.856,3.6113,0.878,3.0,-1.998,-1.252,-2.841,nan,2
6.380421196024548e-07,13.0,-0.8999999999999999,0.82111245,0.79,2.901,3.6077,0.817,3.0,-2.085,-1.32,-2.94,nan,2
5.947234474521976e-07,13.0,-0.8999999999999999,0.82112342,0.787,2.946,3.6041,0.757,3.0,-2.172,-1.387,-3.039,nan,2
5.648195898927806e-07,13.0,-0.8999999999999999,0.82113373,0.784,2.991,3.6005,0.695,3.0,-2.259,-1.455,-3.138,nan,2
5.181472140870561e-07,13.0,-0.8999999999999999,0.82114363,0.78,3.037,3.5969,0.632,3.0,-2.348,-1.522,-3.238,nan,2
4.779027702710953e-07,13.0,-0.8999999999999999,0.82115227,0.776,3.08,3.5933,0.573,3.0,-2.428,-1.58,-3.331,nan,2
4.5806002366566857e-07,13.0,-0.8999999999999999,0.82116073,0.772,3.126,3.5896,0.51,3.0,-2.512,-1.642,-3.427,nan,2
4.264793142909294e-07,13.0,-0.8999999999999999,0.82116866,0.767,3.171,3.5859,0.447,3.0,-2.593,-1.697,-3.522,nan,2
3.915449012545174e-07,13.0,-0.8999999999999999,0.82117599,0.761,3.215,3.5822,0.385,3.0,-2.671,-1.748,-3.615,nan,2
3.616410437075117e-07,13.0,-0.8999999999999999,0.82118267,0.755,3.258,3.5784,0.324,3.0,-2.745,-1.792,-3.703,nan,2
3.482262290918488e-07,13.0,-0.8999999999999999,0.82118893,0.748,3.3,3.5748,0.263,3.0,-2.815,-1.833,-3.789,nan,2
2.0988595349620314e-07,13.0,-0.8999999999999999,0.82119513,0.74,3.342,3.5712,0.203,3.0,-2.884,-1.871,-3.872,nan,2
3.661126485793994e-08,13.0,-0.8999999999999999,0.82119644,0.738,3.35,3.5704,0.19,3.0,-2.897,-1.878,-3.888,nan,2
1.311018652247527e-06,13.0,-0.8999999999999999,0.82119644,0.738,1.714,3.7305,2.467,4.0,0.448,0.808,-0.091,nan,2
2.650264310226738e-06,13.0,-0.8999999999999999,0.82124335,0.738,1.727,3.7295,2.449,4.0,0.415,0.777,-0.126,nan,2
2.7033646180284315e-06,13.0,-0.8999999999999999,0.82129127,0.738,1.731,3.7293,2.444,4.0,0.405,0.767,-0.136,nan,2
2.773512919397604e-06,13.0,-0.8999999999999999,0.82134008,0.739,1.733,3.7294,2.444,4.0,0.402,0.763,-0.14,nan,2
2.7802203267023325e-06,13.0,-0.8999999999999999,0.82139051,0.739,1.733,3.7298,2.445,4.0,0.4,0.761,-0.14,nan,2
2.753670172792177e-06,13.0,-0.8999999999999999,0.82143956,0.739,1.732,3.7304,2.448,4.0,0.401,0.761,-0.138,nan,2
2.793635141305584e-06,13.0,-0.8999999999999999,0.82148904,0.739,1.731,3.7311,2.452,4.0,0.403,0.762,-0.135,nan,2
2.806770480612488e-06,13.0,-0.8999999999999999,0.82153952,0.739,1.729,3.7318,2.456,4.0,0.406,0.763,-0.13,nan,2
2.810124184255544e-06,13.0,-0.8999999999999999,0.82158947,0.739,1.728,3.7326,2.461,4.0,0.41,0.765,-0.125,nan,2
2.753670172792177e-06,13.0,-0.8999999999999999,0.82164007,0.739,1.726,3.7334,2.466,4.0,0.413,0.766,-0.12,nan,2
2.7687618392293683e-06,13.0,-0.8999999999999999,0.821688,0.739,1.725,3.7341,2.47,4.0,0.416,0.768,-0.115,nan,2
2.831643782688704e-06,13.0,-0.8999999999999999,0.82173914,0.739,1.723,3.7348,2.475,4.0,0.419,0.769,-0.111,nan,2
2.71510258080395e-06,13.0,-0.8999999999999999,0.82178932,0.739,1.722,3.7354,2.478,4.0,0.421,0.77,-0.107,nan,2
2.696936686038668e-06,13.0,-0.8999999999999999,0.82183629,0.739,1.721,3.7359,2.481,4.0,0.422,0.771,-0.105,nan,2
1.7092709608067735e-06,13.0,-0.8999999999999999,0.82188582,0.739,1.72,3.7364,2.484,4.0,0.424,0.771,-0.102,nan,2
5.98077151101459e-07,13.0,-0.8999999999999999,0.82189745,0.739,1.72,3.7365,2.485,4.0,0.424,0.771,-0.102,nan,2
1.6656728133353454e-06,13.0,-0.8999999999999999,0.82190722,0.739,1.72,3.7366,2.485,4.0,0.424,0.771,-0.102,nan,2
2.8104036595580978e-06,13.0,-0.8999999999999999,0.82195705,0.739,1.72,3.7369,2.487,4.0,0.425,0.771,-0.1,nan,2
2.793635141305584e-06,13.0,-0.8999999999999999,0.82200778,0.739,1.72,3.7372,2.488,4.0,0.424,0.77,-0.1,nan,2
2.739975882892577e-06,13.0,-0.8999999999999999,0.82205701,0.739,1.72,3.7373,2.488,4.0,0.423,0.769,-0.101,nan,2
2.716779432637889e-06,13.0,-0.8999999999999999,0.82210582,0.739,1.721,3.7373,2.488,4.0,0.422,0.767,-0.102,nan,2
2.7788229501771527e-06,13.0,-0.8999999999999999,0.82215422,0.739,1.722,3.7372,2.486,4.0,0.419,0.764,-0.105,nan,2
2.855399183542294e-06,13.0,-0.8999999999999999,0.82220525,0.74,1.723,3.737,2.484,4.0,0.416,0.761,-0.109,nan,2
1.773829756093843e-06,13.0,-0.8999999999999999,0.82225639,0.74,1.725,3.7367,2.48,4.0,0.411,0.757,-0.115,nan,2
9.910194288749506e-07,13.0,-0.8999999999999999,0.82226872,0.74,1.726,3.7366,2.48,4.0,0.41,0.756,-0.116,nan,2
2.0041174068005802e-06,13.0,-0.8999999999999999,0.82229185,0.74,1.727,3.7364,2.477,4.0,0.407,0.754,-0.12,nan,2
2.7204126115897043e-06,13.0,-0.8999999999999999,0.82234043,0.74,1.73,3.7358,2.472,4.0,0.4,0.749,-0.127,nan,2
2.7385785063673972e-06,13.0,-0.8999999999999999,0.82238919,0.74,1.734,3.7351,2.466,4.0,0.392,0.742,-0.137,nan,2
2.766805512092875e-06,13.0,-0.8999999999999999,0.82243842,0.74,1.737,3.7344,2.46,4.0,0.383,0.735,-0.147,nan,2
2.731871099062669e-06,13.0,-0.8999999999999999,0.82248819,0.74,1.742,3.7336,2.452,4.0,0.373,0.726,-0.159,nan,2
2.686875575084678e-06,13.0,-0.8999999999999999,0.82253617,0.74,1.746,3.7328,2.444,4.0,0.362,0.717,-0.172,nan,2
2.7086746488079804e-06,13.0,-0.8999999999999999,0.82258433,0.74,1.752,3.7319,2.435,4.0,0.351,0.707,-0.185,nan,2
2.72041261159591e-06,13.0,-0.8999999999999999,0.82263309,0.74,1.757,3.731,2.426,4.0,0.337,0.696,-0.201,nan,2
2.7486396173213874e-06,13.0,-0.8999999999999999,0.82268167,0.74,1.764,3.73,2.415,4.0,0.322,0.683,-0.218,nan,2
2.741652734714105e-06,13.0,-0.8999999999999999,0.82273144,0.74,1.769,3.7293,2.407,4.0,0.309,0.672,-0.233,nan,2
2.784971406876774e-06,13.0,-0.8999999999999999,0.82277977,0.74,1.767,3.7295,2.411,4.0,0.315,0.677,-0.226,nan,2
2.8036962522533686e-06,13.0,-0.8999999999999999,0.82283109,0.74,1.785,3.7268,2.382,4.0,0.274,0.642,-0.273,nan,2
2.3872780489226353e-06,13.0,-0.8999999999999999,0.82288009,0.74,1.81,3.7232,2.342,4.0,0.214,0.59,-0.341,nan,2
1.5141971984390016e-06,13.0,-0.8999999999999999,0.82291651,0.74,1.847,3.7183,2.285,4.0,0.129,0.516,-0.437,nan,2
7.095877974968068e-07,13.0,-0.8999999999999999,0.82293427,0.74,1.886,3.7132,2.226,4.0,0.04,0.439,-0.538,nan,2
3.197197480638173e-07,13.0,-0.8999999999999999,0.8229419,0.74,1.923,3.7086,2.171,4.0,-0.044,0.366,-0.632,nan,2
1.598598740350115e-07,13.0,-0.8999999999999999,0.82294571,0.74,1.962,3.7039,2.113,4.0,-0.132,0.289,-0.731,nan,2
8.328364066366446e-08,13.0,-0.8999999999999999,0.82294762,0.74,1.999,3.6996,2.058,4.0,-0.217,0.214,-0.826,nan,2
3.996496851340707e-08,13.0,-0.8999999999999999,0.82294869,0.74,2.035,3.6957,2.008,4.0,-0.297,0.144,-0.914,nan,2
3.52138883327601e-08,13.0,-0.8999999999999999,0.82294905,0.74,2.048,3.6943,1.989,7.0,-0.327,0.118,-0.948,nan,2
4.83492276396637e-08,13.0,-0.8999999999999999,0.82294995,0.74,2.088,3.6903,1.932,7.0,-0.419,0.037,-1.049,nan,2
4.639290049696521e-08,13.0,-0.8999999999999999,0.82295078,0.74,2.125,3.6866,1.881,7.0,-0.5,-0.035,-1.139,nan,2
4.6672375811930135e-08,13.0,-0.8999999999999999,0.82295161,0.74,2.151,3.6841,1.845,7.0,-0.56,-0.087,-1.204,nan,2
5.84103385936539e-08,13.0,-0.8999999999999999,0.82295245,0.74,2.159,3.6834,1.834,7.0,-0.578,-0.103,-1.225,nan,2
1.0005215892238334e-07,13.0,-0.8999999999999999,0.8229537,0.74,2.144,3.6849,1.855,7.0,-0.544,-0.074,-1.187,nan,2
1.6992098498279607e-07,13.0,-0.8999999999999999,0.82295603,0.74,2.132,3.6861,1.872,7.0,-0.516,-0.049,-1.156,nan,2
7.529064696594753e-07,13.0,-0.8999999999999999,0.82295978,0.739,2.127,3.6865,1.878,7.0,-0.506,-0.04,-1.145,nan,2
1.116224365176104e-06,13.0,-0.8999999999999999,0.82298297,0.737,2.136,3.6856,1.864,7.0,-0.526,-0.058,-1.168,nan,2
9.644692749772064e-07,13.0,-0.8999999999999999,0.82299972,0.736,2.167,3.6825,1.82,7.0,-0.596,-0.118,-1.245,nan,2
9.77604614271699e-07,13.0,-0.8999999999999999,0.82301748,0.733,2.217,3.6775,1.748,7.0,-0.711,-0.217,-1.373,nan,2
9.043820845620247e-07,13.0,-0.8999999999999999,0.8230347,0.73,2.271,3.6724,1.672,7.0,-0.834,-0.323,-1.509,nan,2
7.962251418159384e-07,13.0,-0.8999999999999999,0.82304984,0.727,2.317,3.668,1.606,7.0,-0.937,-0.412,-1.624,nan,2
7.014830136731039e-07,13.0,-0.8999999999999999,0.82306319,0.723,2.361,3.664,1.543,7.0,-1.035,-0.495,-1.732,nan,2
6.148456693601779e-07,13.0,-0.8999999999999999,0.82307494,0.718,2.404,3.6601,1.482,7.0,-1.128,-0.575,-1.836,nan,2
5.430205161570666e-07,13.0,-0.8999999999999999,0.82308519,0.713,2.445,3.6563,1.423,7.0,-1.216,-0.649,-1.935,nan,2
4.91317584874347e-07,13.0,-0.8999999999999999,0.82309437,0.707,2.486,3.6526,1.363,7.0,-1.302,-0.721,-2.031,nan,2
4.4799891271788394e-07,13.0,-0.8999999999999999,0.82310277,0.7,2.528,3.6488,1.302,7.0,-1.388,-0.793,-2.128,nan,2
3.6331789552903967e-07,13.0,-0.8999999999999999,0.8231104,0.691,2.569,3.6431,1.233,7.0,-1.464,-0.848,-2.218,nan,2
3.3648826631633057e-07,13.0,-0.8999999999999999,0.82311577,0.684,2.6,3.637,1.173,7.0,-1.511,-0.874,-2.281,nan,2
3.6471527205421953e-07,13.0,-0.8999999999999999,0.82312244,0.672,2.641,3.6319,1.105,7.0,-1.586,-0.928,-2.37,nan,2
3.482262290918488e-07,13.0,-0.8999999999999999,0.82312882,0.658,2.681,3.6282,1.04,7.0,-1.666,-0.993,-2.461,nan,2
3.364882663225362e-07,13.0,-0.8999999999999999,0.8231349,0.639,2.721,3.6249,0.974,7.0,-1.746,-1.057,-2.551,nan,2
3.197197480638173e-07,13.0,-0.8999999999999999,0.82314086,0.615,2.762,3.6223,0.906,7.0,-1.831,-1.129,-2.646,nan,2
1.5315246673028284e-07,13.0,-0.8999999999999999,0.82314634,0.583,2.803,3.6219,0.84,7.0,-1.929,-1.22,-2.748,nan,2
0.00042752083294650954,13.0,-0.8999999999999999,0.84765,0.55,-3.79732,3.75103,3.58685,10.0,14.18844,14.52894,13.67389,2.425,2
0.0010366449226462589,13.0,-0.8999999999999999,0.87056,0.552,-3.96613,3.71053,3.42442,10.0,14.63772,15.07127,14.03491,3.4,2
0.0007979386817813516,13.0,-0.8999999999999999,0.89347,0.554,-4.04601,3.69178,3.34899,10.0,14.85931,15.33935,14.21558,4.275,2
0.000960697914804977,13.0,-0.8999999999999999,0.91638,0.556,-4.09937,3.67947,3.29933,10.0,15.00677,15.51764,14.33622,5.05,2
0.0009224204565333109,13.0,-0.8999999999999999,0.93929,0.558,-4.14829,3.6681,3.25339,10.0,15.1387,15.67829,14.44504,5.75,2
0.0007120481067916451,13.0,-0.8999999999999999,0.9622,0.56,-4.18941,3.65853,3.21466,10.0,15.24713,15.81079,14.53509,6.35,2
0.000859613147048049,13.0,-0.8999999999999999,0.98511,0.562,-4.22661,3.6499,3.1797,10.0,15.34094,15.92579,14.61365,6.9,2
0.000664643102334637,13.0,-0.8999999999999999,1.00802,0.564,-4.25952,3.6423,3.14884,10.0,15.42117,16.02462,14.68139,7.4,2
0.0008036236761482168,13.0,-0.8999999999999999,1.03093,0.566,-4.28957,3.63538,3.12071,10.0,15.49196,16.11181,14.7415,7.85,2
0.0007750910983092287,13.0,-0.8999999999999999,1.05384,0.568,-4.31767,3.62892,3.09439,10.0,15.55594,16.19014,14.79599,8.25,2
0.0006006423153978419,13.0,-0.8999999999999999,1.07675,0.57,-4.34373,3.62293,3.06997,10.0,15.61336,16.25998,14.8449,8.6,2
0.0007278008286500625,13.0,-0.8999999999999999,1.09966,0.572,-4.36912,3.6171,3.04614,10.0,15.66757,16.32567,14.89107,8.925,2
0.0005647273648308834,13.0,-0.8999999999999999,1.12257,0.574,-4.39328,3.61155,3.02348,10.0,15.71792,16.38637,14.93418,9.225,2
0.0006851313169483984,13.0,-0.8999999999999999,1.14548,0.576,-4.41576,3.60642,3.00246,10.0,15.76386,16.44142,14.97386,9.5,2
0.0005322542537199645,13.0,-0.8999999999999999,1.16838,0.578,-4.4362,3.60179,2.98345,10.0,15.80499,16.49038,15.00982,9.75,2
0.0006464742579750488,13.0,-0.8999999999999999,1.19129,0.58,-4.44995,3.59882,2.97107,10.0,15.83249,16.52269,15.03426,9.925,2
0.0006265410355234105,13.0,-0.8999999999999999,1.2142,0.582,-4.46157,3.59638,2.96081,10.0,15.8556,16.54964,15.05495,10.075,2
0.0004875578049273767,13.0,-0.8999999999999999,1.23711,0.584,-4.471,3.59448,2.95271,10.0,15.87433,16.5713,15.0719,10.2,2
0.00059314384564308,13.0,-0.8999999999999999,1.26002,0.586,-4.48051,3.59256,2.94452,10.0,15.89312,16.59297,15.08892,10.325,2
0.0004620234113311568,13.0,-0.8999999999999999,1.28293,0.588,-4.49014,3.59062,2.93622,10.0,15.912,16.61473,15.10609,10.45,2
0.0005626117914549802,13.0,-0.8999999999999999,1.30584,0.59,-4.49987,3.58864,2.92779,10.0,15.93099,16.63657,15.12338,10.575,2
0.0005467630286290775,13.0,-0.8999999999999999,1.32875,0.592,-4.50735,3.58723,2.9216,10.0,15.94569,16.65326,15.13692,10.675,2
0.0004264917226712323,13.0,-0.8999999999999999,1.35166,0.594,-4.51497,3.58578,2.91527,10.0,15.96057,16.67016,15.15066,10.775,2
0.0005200446208639942,13.0,-0.8999999999999999,1.37457,0.596,-4.5203,3.5849,2.9112,10.0,15.97121,16.68197,15.16064,10.85,2
0.00040598507734327706,13.0,-0.8999999999999999,1.39748,0.598,-4.52819,3.58338,2.90459,10.0,15.9865,16.69931,15.17479,10.95,2
0.0004954335826327399,13.0,-0.8999999999999999,1.42039,0.6,-4.5338,3.58243,2.90024,10.0,15.99758,16.71163,15.18519,11.025,2
0.00038430812197644043,13.0,-0.8999999999999999,1.4433,0.602,-4.53958,3.58144,2.89571,10.0,16.00897,16.72429,15.19589,11.1,2
0.00045939280780918357,13.0,-0.8999999999999999,1.46621,0.604,-4.54555,3.5804,2.891,10.0,16.02065,16.7373,15.20687,11.175,2
0.0004374680390400326,13.0,-0.8999999999999999,1.48912,0.606,-4.55171,3.57932,2.8861,10.0,16.03266,16.75067,15.21816,11.25,2
0.00033512418269693485,13.0,-0.8999999999999999,1.51203,0.608,-4.5581,3.57817,2.88096,10.0,16.04508,16.76451,15.22983,11.325,2
0.0004014246212771381,13.0,-0.8999999999999999,1.53494,0.61,-4.5622,3.5776,2.8781,10.0,16.05335,16.77344,15.23778,11.375,2
0.00030790299401707984,13.0,-0.8999999999999999,1.55785,0.612,-4.56905,3.57635,2.8725,10.0,16.06655,16.78818,15.25018,11.45,2
0.0003692703178357026,13.0,-0.8999999999999999,1.58076,0.614,-4.57341,3.57571,2.86937,10.0,16.07529,16.79765,15.25857,11.5,2
0.005160294749276489,13.0,-0.8999999999999999,1.60367,0.616,-4.57783,3.57506,2.86617,10.0,16.08413,16.80723,15.26704,11.55,2
0.00241896975967364,13.0,-0.8999999999999999,2.6575,0.708,-4.66097,3.57509,2.83475,10.0,16.27666,16.99569,15.4629,12.575,2
8.031338821834555e-05,13.0,-0.8999999999999999,2.68041,0.71,-4.66353,3.57491,2.83324,10.0,16.28223,17.00138,15.46842,12.6,2
6.271839266481038e-05,13.0,-0.8999999999999999,2.70332,0.712,-4.66297,3.57551,2.83488,10.0,16.28216,17.00051,15.46879,12.6,2
7.654581523659239e-05,13.0,-0.8999999999999999,2.72623,0.714,-4.66243,3.57611,2.83649,10.0,16.28213,16.99969,15.46921,12.6,2
7.455514763679189e-05,13.0,-0.8999999999999999,2.74914,0.716,-4.66503,3.57591,2.83493,10.0,16.28778,17.00548,15.47481,12.625,2
5.8257388394910236e-05,13.0,-0.8999999999999999,2.77205,0.718,-4.66454,3.5765,2.8365,10.0,16.28784,17.00476,15.4753,12.625,2
8.51543953418922e-05,13.0,-0.8999999999999999,2.79496,0.72,-4.66404,3.57709,2.83807,10.0,16.28787,17.004,15.47578,12.625,2
5.532926913553761e-05,13.0,-0.8999999999999999,2.82873,0.722,-4.66671,3.57689,2.83645,10.0,16.29366,17.00994,15.48149,12.65,2
4.0763076840142114e-05,13.0,-0.8999999999999999,2.83978,0.724,-4.66623,3.57748,2.838,10.0,16.29373,17.00923,15.48201,12.65,2
2.683303572727783e-05,13.0,-0.8999999999999999,2.85083,0.726,-4.66578,3.57806,2.83953,10.0,16.29386,17.00857,15.48257,12.65,2
2.6563480466792498e-05,13.0,-0.8999999999999999,2.86188,0.728,-4.66533,3.57864,2.84105,10.0,16.29398,17.00791,15.48314,12.65,2
2.629756060749206e-05,13.0,-0.8999999999999999,2.87293,0.73,-4.66489,3.57922,2.84256,10.0,16.29413,17.00727,15.48373,12.65,2
2.6035214697138842e-05,13.0,-0.8999999999999999,2.88398,0.732,-4.66446,3.5798,2.84407,10.0,16.29427,17.00662,15.48431,12.65,2
3.856859361695705e-05,13.0,-0.8999999999999999,2.89503,0.734,-4.66721,3.57957,2.84235,10.0,16.30023,17.01277,15.49019,12.675,2
2.5394593843206493e-05,13.0,-0.8999999999999999,2.90608,0.736,-4.66681,3.58015,2.84382,10.0,16.30042,17.01217,15.49082,12.675,2
2.5144290562046464e-05,13.0,-0.8999999999999999,2.91713,0.738,-4.66638,3.58073,2.84532,10.0,16.30057,17.01153,15.49142,12.675,2
2.489729971138149e-05,13.0,-0.8999999999999999,2.92818,0.74,-4.66598,3.5813,2.84678,10.0,16.30076,17.01093,15.49206,12.675,2
2.465356634526859e-05,13.0,-0.8999999999999999,2.93923,0.742,-4.66557,3.58187,2.84826,10.0,16.30093,17.01031,15.49268,12.675,2
3.6530342942314945e-05,13.0,-0.8999999999999999,2.95028,0.744,-4.66518,3.58244,2.84971,10.0,16.30114,17.00972,15.49334,12.675,2
2.4058133649251607e-05,13.0,-0.8999999999999999,2.96133,0.746,-4.66478,3.58301,2.85116,10.0,16.30131,17.0091,15.49397,12.675,2
2.382538435346788e-05,13.0,-0.8999999999999999,2.97238,0.748,-4.66438,3.58359,2.85261,10.0,16.30149,17.00847,15.49461,12.675,2
2.359565846852631e-05,13.0,-0.8999999999999999,2.98343,0.75,-4.66726,3.58333,2.85075,10.0,16.3077,17.01491,15.50071,12.7,2
2.3368906763067556e-05,13.0,-0.8999999999999999,2.99448,0.752,-4.66685,3.58391,2.85221,10.0,16.30785,17.01425,15.50131,12.7,2
3.463458816022708e-05,13.0,-0.8999999999999999,3.00552,0.754,-4.66649,3.58447,2.85361,10.0,16.30808,17.01369,15.502,12.7,2
2.281472508131092e-05,13.0,-0.8999999999999999,3.01657,0.756,-4.6661,3.58504,2.85504,10.0,16.30826,17.01307,15.50265,12.7,2
2.259800900943563e-05,13.0,-0.8999999999999999,3.02762,0.758,-4.66572,3.5856,2.85645,10.0,16.30845,17.01245,15.5033,12.7,2
2.2384057177550178e-05,13.0,-0.8999999999999999,3.03867,0.76,-4.66535,3.58617,2.85785,10.0,16.30864,17.01183,15.50395,12.7,2
3.318086429219701e-05,13.0,-0.8999999999999999,3.04972,0.762,-4.66495,3.58674,2.85926,10.0,16.30878,17.01116,15.50456,12.7,2
2.1860983169095803e-05,13.0,-0.8999999999999999,3.06077,0.764,-4.66459,3.58729,2.86063,10.0,16.30898,17.01056,15.50524,12.7,2
2.1656363625364723e-05,13.0,-0.8999999999999999,3.07182,0.766,-4.6642,3.58786,2.86203,10.0,16.30913,17.0099,15.50586,12.7,2
2.1454315982171386e-05,13.0,-0.8999999999999999,3.08287,0.768,-4.66384,3.58842,2.86339,10.0,16.30932,17.00928,15.50653,12.7,2
2.125479971253042e-05,13.0,-0.8999999999999999,3.09392,0.77,-4.66688,3.58813,2.86136,10.0,16.31586,17.01611,15.5129,12.725,2
3.151354628096912e-05,13.0,-0.8999999999999999,3.10497,0.772,-4.66652,3.58868,2.8627,10.0,16.31605,17.0155,15.51357,12.725,2
2.0766824714602265e-05,13.0,-0.8999999999999999,3.11602,0.774,-4.6662,3.58923,2.86402,10.0,16.3163,17.01495,15.51428,12.725,2
2.057586002426744e-05,13.0,-0.8999999999999999,3.12707,0.776,-4.66588,3.58977,2.86531,10.0,16.31657,17.01443,15.51502,12.725,2
2.0387253586956467e-05,13.0,-0.8999999999999999,3.13812,0.778,-4.66556,3.59031,2.86659,10.0,16.31682,17.01389,15.51574,12.725,2
2.020096889074765e-05,13.0,-0.8999999999999999,3.14917,0.78,-4.66528,3.59085,2.86784,10.0,16.31714,17.01342,15.51652,12.725,2
2.9957160320366044e-05,13.0,-0.8999999999999999,3.16022,0.782,-4.66499,3.59138,2.86909,10.0,16.31745,17.01294,15.51729,12.725,2
1.974518124461238e-05,13.0,-0.8999999999999999,3.17127,0.784,-4.66475,3.5919,2.87029,10.0,16.31782,17.01254,15.51812,12.725,2
1.956674478133633e-05,13.0,-0.8999999999999999,3.18232,0.786,-4.66452,3.59242,2.87147,10.0,16.31822,17.01217,15.51898,12.725,2
1.9390473948345565e-05,13.0,-0.8999999999999999,3.19337,0.788,-4.6643,3.59293,2.87263,10.0,16.31864,17.01182,15.51985,12.725,2
1.9216335791001115e-05,13.0,-0.8999999999999999,3.20442,0.79,-4.66764,3.59258,2.87029,10.0,16.32577,17.01937,15.52676,12.75,2
2.8502580397888207e-05,13.0,-0.8999999999999999,3.21547,0.792,-4.66749,3.59307,2.87138,10.0,16.32632,17.01917,15.52775,12.75,2
1.8790109989551417e-05,13.0,-0.8999999999999999,3.22652,0.794,-4.66734,3.59357,2.87246,10.0,16.32688,17.01899,15.52875,12.75,2
1.8623185260844024e-05,13.0,-0.8999999999999999,3.23757,0.796,-4.66723,3.59406,2.8735,10.0,16.32749,17.01886,15.5298,12.75,2
1.8458252183510577e-05,13.0,-0.8999999999999999,3.24862,0.798,-4.66714,3.59454,2.87452,10.0,16.32814,17.01878,15.53089,12.75,2
2.7382412298214334e-05,13.0,-0.8999999999999999,3.25967,0.8,-4.66708,3.59501,2.87551,10.0,16.32882,17.01875,15.53201,12.75,2
1.805443874274607e-05,13.0,-0.8999999999999999,3.27072,0.802,-4.66706,3.59548,2.87645,10.0,16.3296,17.01881,15.53322,12.75,2
1.789624528701373e-05,13.0,-0.8999999999999999,3.28177,0.804,-4.66707,3.59594,2.87736,10.0,16.33043,17.01894,15.53448,12.75,2
1.7739913543804474e-05,13.0,-0.8999999999999999,3.29282,0.806,-4.6671,3.59639,2.87825,10.0,16.33128,17.01909,15.53576,12.75,2
1.758541603994802e-05,13.0,-0.8999999999999999,3.30387,0.808,-4.66717,3.59683,2.8791,10.0,16.33222,17.01933,15.53711,12.75,2
2.609238734492057e-05,13.0,-0.8999999999999999,3.31492,0.81,-4.66726,3.59727,2.87993,10.0,16.33317,17.0196,15.53849,12.75,2
1.7207021151814522e-05,13.0,-0.8999999999999999,3.32597,0.812,-4.66744,3.59769,2.88067,10.0,16.33432,17.02009,15.54004,12.75,2
1.7058734075324322e-05,13.0,-0.8999999999999999,3.33702,0.814,-4.66762,3.59811,2.88141,10.0,16.33544,17.02055,15.54157,12.75,2
1.69121634924076e-05,13.0,-0.8999999999999999,3.34807,0.816,-4.67148,3.59763,2.87858,10.0,16.34364,17.02937,15.54941,12.775,2
1.676728448732469e-05,13.0,-0.8999999999999999,3.35912,0.818,-4.67176,3.59803,2.87922,10.0,16.34497,17.03007,15.55113,12.775,2
2.4882918780731404e-05,13.0,-0.8999999999999999,3.37017,0.82,-4.67203,3.59843,2.87988,10.0,16.34628,17.03074,15.55283,12.775,2
1.6412328014005058e-05,13.0,-0.8999999999999999,3.38122,0.822,-4.67244,3.59879,2.8804,10.0,16.34784,17.03171,15.55476,12.775,2
1.6273179512799653e-05,13.0,-0.8999999999999999,3.39227,0.824,-4.67284,3.59916,2.88093,10.0,16.34939,17.03267,15.55668,12.775,2
1.6135615719189773e-05,13.0,-0.8999999999999999,3.40331,0.826,-4.67329,3.59952,2.88141,10.0,16.35104,17.03374,15.5587,12.775,2
1.599961400057548e-05,13.0,-0.8999999999999999,3.41436,0.828,-4.6738,3.59986,2.88184,10.0,16.3528,17.03493,15.56082,12.775,2
2.3747780169613823e-05,13.0,-0.8999999999999999,3.42541,0.83,-4.67437,3.60019,2.88222,10.0,16.35466,17.03624,15.56303,12.775,2
1.566629873881794e-05,13.0,-0.8999999999999999,3.43646,0.832,-4.67496,3.60052,2.88256,10.0,16.35658,17.03762,15.56529,12.775,2
1.5535591587872144e-05,13.0,-0.8999999999999999,3.44751,0.834,-4.67564,3.60083,2.88284,10.0,16.35866,17.03918,15.5677,12.775,2
1.5406349360173452e-05,13.0,-0.8999999999999999,3.45856,0.836,-4.67635,3.60113,2.88308,10.0,16.36079,17.04081,15.57017,12.775,2
2.2870348796973424e-05,13.0,-0.8999999999999999,3.46961,0.838,-4.67714,3.60141,2.88325,10.0,16.36309,17.04262,15.57277,12.775,2
1.5089518559630082e-05,13.0,-0.8999999999999999,3.48066,0.84,-4.67799,3.60168,2.88335,10.0,16.36552,17.04459,15.5755,12.775,2
1.4965243678817985e-05,13.0,-0.8999999999999999,3.49171,0.842,-4.6789,3.60193,2.88341,10.0,16.36805,17.04667,15.57832,12.775,2
1.484234375802259e-05,13.0,-0.8999999999999999,3.50276,0.844,-4.68357,3.60127,2.87977,10.0,16.37792,17.05749,15.58759,12.8,2
1.4720799718571961e-05,13.0,-0.8999999999999999,3.51381,0.846,-4.68461,3.60149,2.8797,10.0,16.38071,17.05989,15.59064,12.8,2
2.1856224402573274e-05,13.0,-0.8999999999999999,3.52486,0.848,-4.6857,3.60171,2.87959,10.0,16.38359,17.0624,15.59378,12.8,2
1.4422749250551137e-05,13.0,-0.8999999999999999,3.53591,0.85,-4.68689,3.6019,2.87938,10.0,16.38666,17.06512,15.59708,12.8,2
1.430580508811392e-05,13.0,-0.8999999999999999,3.54696,0.852,-4.68812,3.60208,2.87912,10.0,16.38984,17.06796,15.60047,12.8,2
1.4190134801133695e-05,13.0,-0.8999999999999999,3.55801,0.854,-4.68944,3.60224,2.87878,10.0,16.39318,17.07101,15.60401,12.8,2
1.407572098573304e-05,13.0,-0.8999999999999999,3.56906,0.856,-4.69084,3.60238,2.87837,10.0,16.39667,17.07423,15.60768,12.8,2
2.0901762048665946e-05,13.0,-0.8999999999999999,3.58011,0.858,-4.69228,3.60252,2.87791,10.0,16.40026,17.07756,15.61144,12.8,2
1.379507186081611e-05,13.0,-0.8999999999999999,3.59116,0.86,-4.69383,3.60262,2.87735,10.0,16.40406,17.08115,15.61539,12.8,2
1.368492271629874e-05,13.0,-0.8999999999999999,3.60221,0.862,-4.69546,3.60271,2.87671,10.0,16.408,17.0849,15.61947,12.8,2
1.3575955183597685e-05,13.0,-0.8999999999999999,3.61326,0.864,-4.69717,3.60278,2.87599,10.0,16.41212,17.08887,15.6237,12.8,2
1.3468153364130291e-05,13.0,-0.8999999999999999,3.62431,0.866,-4.69895,3.60283,2.87521,10.0,16.41637,17.09298,15.62804,12.8,2
2.0002613201885542e-05,13.0,-0.8999999999999999,3.63536,0.868,-4.70082,3.60286,2.87433,10.0,16.42079,17.0973,15.63253,12.8,2
2.6303450209765175e-05,13.0,-0.8999999999999999,3.64641,0.87,-4.70276,3.60288,2.87339,10.0,16.42536,17.10179,15.63715,12.8,2
3.2302359059421915e-05,13.0,-0.8999999999999999,3.67665,0.872,-4.70481,3.60286,2.87233,10.0,16.43014,17.10655,15.64196,12.8,2
3.1676908400586773e-05,13.0,-0.8999999999999999,3.7006,0.874,-4.7107,3.60189,2.86743,10.0,16.44239,17.12022,15.65331,12.825,2
3.106766388257024e-05,13.0,-0.8999999999999999,3.72455,0.876,-4.7129,3.60184,2.86621,10.0,16.44747,17.12532,15.65838,12.825,2
3.0474100864519963e-05,13.0,-0.8999999999999999,3.7485,0.878,-4.71519,3.60176,2.86491,10.0,16.4527,17.13061,15.66358,12.825,2
2.39621308339664e-05,13.0,-0.8999999999999999,3.77246,0.88,-4.71757,3.60166,2.86351,10.0,16.45813,17.13614,15.66896,12.825,2
2.944360746642618e-05,13.0,-0.8999999999999999,3.79641,0.882,-4.72001,3.60155,2.86205,10.0,16.46366,17.14178,15.67443,12.825,2
2.8891331125518598e-05,13.0,-0.8999999999999999,3.82036,0.884,-4.72255,3.60142,2.86048,10.0,16.4694,17.14767,15.68008,12.825,2
2.8352920438840176e-05,13.0,-0.8999999999999999,3.84431,0.886,-4.72518,3.60125,2.85882,10.0,16.47531,17.15377,15.68588,12.825,2
2.7827940385743843e-05,13.0,-0.8999999999999999,3.86826,0.888,-4.72789,3.60108,2.85708,10.0,16.48136,17.16004,15.69181,12.825,2
2.189312436790884e-05,13.0,-0.8999999999999999,3.89222,0.89,-4.73066,3.60088,2.85527,10.0,16.48754,17.16646,15.69786,12.825,2
2.691549505170704e-05,13.0,-0.8999999999999999,3.91617,0.892,-4.73356,3.60065,2.85335,10.0,16.49396,17.17316,15.70411,12.825,2
2.6425942837519766e-05,13.0,-0.8999999999999999,3.94012,0.894,-4.74048,3.59942,2.84739,10.0,16.50812,17.18904,15.7172,12.85,2
2.5948311260058736e-05,13.0,-0.8999999999999999,3.96407,0.896,-4.74358,3.59915,2.84526,10.0,16.51492,17.19617,15.7238,12.85,2
2.042253298681865e-05,13.0,-0.8999999999999999,3.98802,0.898,-4.74674,3.59886,2.84306,10.0,16.52185,17.20346,15.73051,12.85,2
2.5117464816518998e-05,13.0,-0.8999999999999999,4.01198,0.9,-4.75002,3.59854,2.84075,10.0,16.52898,17.21098,15.73741,12.85,2
2.4671322761406674e-05,13.0,-0.8999999999999999,4.03593,0.902,-4.75338,3.5982,2.83836,10.0,16.53628,17.2187,15.74447,12.85,2
2.423579126497085e-05,13.0,-0.8999999999999999,4.05988,0.904,-4.75682,3.59784,2.83589,10.0,16.54372,17.22658,15.75165,12.85,2
2.38105548730308e-05,13.0,-0.8999999999999999,4.08383,0.906,-4.76041,3.59744,2.83326,10.0,16.55145,17.2348,15.75909,12.85,2
1.874899751377448e-05,13.0,-0.8999999999999999,4.10778,0.908,-4.76408,3.59703,2.83056,10.0,16.55933,17.24319,15.76668,12.85,2
2.3070108838462204e-05,13.0,-0.8999999999999999,4.13174,0.91,-4.76785,3.59659,2.82776,10.0,16.56739,17.25178,15.77443,12.85,2
2.267211436082787e-05,13.0,-0.8999999999999999,4.15569,0.912,-4.77173,3.59612,2.82485,10.0,16.57567,17.26063,15.78238,12.85,2
2.2283314820952988e-05,13.0,-0.8999999999999999,4.17964,0.914,-4.77571,3.59564,2.82185,10.0,16.58411,17.26966,15.79049,12.85,2
2.1903444618177863e-05,13.0,-0.8999999999999999,4.20359,0.916,-4.77983,3.59511,2.8187,10.0,16.59285,17.27902,15.79886,12.85,2
1.7255085743283293e-05,13.0,-0.8999999999999999,4.22754,0.918,-4.78867,3.59342,2.81087,10.0,16.61045,17.29875,15.81523,12.875,2
2.1241367358629196e-05,13.0,-0.8999999999999999,4.2515,0.92,-4.79307,3.59283,2.80746,10.0,16.61967,17.30866,15.82407,12.875,2
2.088516312086229e-05,13.0,-0.8999999999999999,4.27545,0.922,-4.79766,3.59219,2.80386,10.0,16.62924,17.31895,15.83323,12.875,2
2.0536959664169933e-05,13.0,-0.8999999999999999,4.2994,0.924,-4.80236,3.59153,2.80015,10.0,16.63901,17.32948,15.84259,12.875,2
2.019653226632694e-05,13.0,-0.8999999999999999,4.32335,0.926,-4.80719,3.59084,2.79632,10.0,16.64903,17.34027,15.85218,12.875,2
1.5917204776051964e-05,13.0,-0.8999999999999999,4.34731,0.928,-4.81217,3.59011,2.79234,10.0,16.65932,17.35137,15.86202,12.875,2
1.9602670088633547e-05,13.0,-0.8999999999999999,4.37126,0.93,-4.81731,3.58934,2.7882,10.0,16.66989,17.36279,15.87214,12.875,2
1.9282883374098062e-05,13.0,-0.8999999999999999,4.39521,0.932,-4.82261,3.58853,2.78391,10.0,16.68075,17.37453,15.88253,12.875,2
1.8970085268141228e-05,13.0,-0.8999999999999999,4.41916,0.934,-4.82806,3.58769,2.77947,10.0,16.6919,17.38659,15.89319,12.875,2
1.866408475512844e-05,13.0,-0.8999999999999999,4.44311,0.936,-4.83369,3.5868,2.77485,10.0,16.70337,17.399,15.90415,12.875,2
1.4715397311701243e-05,13.0,-0.8999999999999999,4.46707,0.938,-4.83951,3.58587,2.77005,10.0,16.71517,17.41178,15.91544,12.875,2
1.8129827859945552e-05,13.0,-0.8999999999999999,4.49102,0.94,-4.84548,3.5849,2.7651,10.0,16.72725,17.42487,15.92699,12.875,2
1.784189674634757e-05,13.0,-0.8999999999999999,4.51497,0.942,-4.85164,3.58389,2.75996,10.0,16.73967,17.43833,15.93887,12.875,2
1.756009242895899e-05,13.0,-0.8999999999999999,4.53892,0.944,-4.85801,3.58282,2.7546,10.0,16.75248,17.45222,15.95112,12.875,2
1.384918780011644e-05,13.0,-0.8999999999999999,4.56287,0.946,-4.86458,3.5817,2.74906,10.0,16.76564,17.4665,15.96371,12.875,2
1.7067766971018838e-05,13.0,-0.8999999999999999,4.58683,0.948,-4.87136,3.58053,2.74329,10.0,16.77918,17.48118,15.97666,12.875,2
1.6802266598625953e-05,13.0,-0.8999999999999999,4.61078,0.95,-4.88447,3.57777,2.73118,10.0,16.80431,17.5091,16.00037,12.9,2
6.6478110871552495e-06,13.0,-0.8999999999999999,4.63473,0.952,-4.89184,3.57645,2.72481,10.0,16.8189,17.52494,16.01434,12.9,2
0.00010688020823662738,13.0,-0.8999999999999999,0.84765,0.55,-3.63011,3.80064,3.7853,11.0,13.7877,14.01777,13.39895,2.425,2
0.0002591612306615647,13.0,-0.8999999999999999,0.87056,0.552,-3.88582,3.7376,3.53271,11.0,14.3959,14.72431,13.89385,3.4,2
0.00010058523377003858,13.0,-0.8999999999999999,0.89347,0.554,-4.11986,3.67943,3.2996,11.0,15.00162,15.43817,14.39073,4.275,2
0.00019607460599739047,13.0,-0.2999999999999998,0.09,0.09,-3.363,3.3893,5.264,1.0,15.032,18.022,13.554,nan,2
0.000536633496983959,13.0,-0.2999999999999998,0.09985727,0.1,-3.164,3.4182,5.226,1.0,14.515,17.453,13.043,nan,2
0.0005738998597460187,13.0,-0.2999999999999998,0.11957181,0.119,-2.903,3.4503,5.171,1.0,13.505,15.834,12.128,nan,2
0.0002427856286026635,13.0,-0.2999999999999998,0.13646644,0.136,-2.743,3.4672,5.137,1.0,12.923,14.948,11.604,nan,2
0.0002199020921060375,13.0,-0.2999999999999998,0.13928634,0.139,-2.719,3.4699,5.132,1.0,12.834,14.816,11.524,nan,2
0.0005543848184151524,13.0,-0.2999999999999998,0.15900087,0.159,-2.576,3.4834,5.1,1.0,12.337,14.102,11.077,nan,2
0.0006300182428957882,13.0,-0.2999999999999998,0.19842997,0.198,-2.354,3.5014,5.047,1.0,11.614,13.133,10.42,nan,2
0.000525414369511753,13.0,-0.2999999999999998,0.24771631,0.247,-2.142,3.5161,4.99,1.0,10.963,12.322,9.821,nan,2
0.00041032033271757283,13.0,-0.2999999999999998,0.29700267,0.297,-1.976,3.5264,4.944,1.0,10.477,11.745,9.368,nan,2
0.0003333583904733194,13.0,-0.2999999999999998,0.34628904,0.346,-1.834,3.5351,4.903,1.0,10.065,11.268,8.982,nan,2
0.0001451575957014678,13.0,-0.2999999999999998,0.3955754,0.395,-1.686,3.546,4.857,1.0,9.629,10.757,8.578,nan,2
0.00013352511223288348,13.0,-0.2999999999999998,0.40273371,0.402,-1.661,3.5481,4.848,1.0,9.555,10.669,8.51,nan,2
0.00021579654974291173,13.0,-0.2999999999999998,0.44486171,0.444,-1.525,3.5598,4.802,1.0,9.148,10.189,8.136,nan,2
0.00018967763357858423,13.0,-0.2999999999999998,0.49414805,0.494,-1.351,3.578,4.747,1.0,8.615,9.557,7.655,nan,2
9.515059241820277e-05,13.0,-0.2999999999999998,0.53569001,0.535,-1.184,3.5986,4.697,1.0,8.103,8.95,7.196,nan,2
0.0001056985693596977,13.0,-0.2999999999999998,0.54343438,0.543,-1.155,3.6022,4.688,1.0,8.014,8.847,7.116,nan,2
0.00014361554436668008,13.0,-0.2999999999999998,0.59272075,0.592,-0.961,3.632,4.651,1.0,7.411,8.123,6.59,nan,2
7.307760482378511e-05,13.0,-0.2999999999999998,0.62839103,0.628,-0.817,3.6571,4.634,1.0,6.945,7.55,6.199,nan,2
1.9559124420053433e-05,13.0,-0.2999999999999998,0.64200705,0.642,-0.764,3.6664,4.627,1.0,6.776,7.346,6.056,nan,2
4.1315232825467666e-05,13.0,-0.2999999999999998,0.64234704,0.642,-0.763,3.6666,4.627,1.0,6.772,7.341,6.053,nan,2
6.57847936366726e-05,13.0,-0.2999999999999998,0.67516953,0.675,-0.635,3.6875,4.604,1.0,6.38,6.882,5.716,nan,2
2.5303630446425833e-05,13.0,-0.2999999999999998,0.69129348,0.691,-0.573,3.6974,4.592,1.0,6.197,6.67,5.557,nan,2
2.475750297294301e-05,13.0,-0.2999999999999998,0.69774562,0.697,-0.547,3.7012,4.586,1.0,6.124,6.587,5.493,nan,2
2.4230742011191433e-05,13.0,-0.2999999999999998,0.70908326,0.709,-0.503,3.7079,4.575,1.0,5.997,6.442,5.382,nan,2
3.53984819913792e-05,13.0,-0.2999999999999998,0.71992886,0.719,-0.46,3.7142,4.563,1.0,5.877,6.306,5.276,nan,2
2.299249037696692e-05,13.0,-0.2999999999999998,0.73028833,0.73,-0.418,3.72,4.552,1.0,5.762,6.177,5.175,nan,2
1.1591409656206999e-05,13.0,-0.2999999999999998,0.74046314,0.74,-0.377,3.7257,4.54,1.0,5.65,6.052,5.076,nan,2
1.0712530735506843e-05,13.0,-0.2999999999999998,0.74057972,0.74,-0.377,3.7258,4.539,1.0,5.649,6.051,5.075,nan,2
2.2075889252672666e-05,13.0,-0.2999999999999998,0.75007111,0.75,-0.338,3.7305,4.525,1.0,5.545,5.936,4.981,nan,2
2.1640176944061436e-05,13.0,-0.2999999999999998,0.76334733,0.763,-0.284,3.737,4.504,1.0,5.399,5.776,4.85,nan,2
3.167407611724951e-05,13.0,-0.2999999999999998,0.77649289,0.776,-0.228,3.7431,4.48,1.0,5.254,5.617,4.718,nan,2
1.2616635211228341e-05,13.0,-0.2999999999999998,0.78816319,0.787,-0.178,3.7483,4.457,1.0,5.123,5.474,4.599,nan,2
5.018364709198055e-06,13.0,-0.2999999999999998,0.78873527,0.788,-0.175,3.7485,4.456,1.0,5.116,5.467,4.593,nan,2
1.3016391410939918e-05,13.0,-0.2999999999999998,0.79307944,0.792,-0.156,3.7503,4.446,1.0,5.067,5.414,4.547,nan,2
2.003262485796902e-05,13.0,-0.2999999999999998,0.80160844,0.801,-0.117,3.7536,4.425,1.0,4.967,5.307,4.455,nan,2
1.5819476364789925e-05,13.0,-0.2999999999999998,0.81009543,0.809,-0.077,3.7567,4.402,1.0,4.865,5.198,4.36,nan,2
1.9480430431661017e-05,13.0,-0.2999999999999998,0.81770015,0.817,-0.04,3.7593,4.38,1.0,4.771,5.099,4.271,nan,2
1.4225359503049141e-05,13.0,-0.2999999999999998,0.82532471,0.824,-0.003,3.7617,4.355,1.0,4.675,4.998,4.182,nan,2
1.096059521879235e-05,13.0,-0.2999999999999998,0.83257538,0.831,0.034,3.7637,4.331,1.0,4.584,4.902,4.095,nan,2
6.0092084562967455e-06,13.0,-0.2999999999999998,0.8368907,0.836,0.056,3.7646,4.315,1.0,4.529,4.845,4.042,nan,2
8.861088138435715e-06,13.0,-0.2999999999999998,0.83897406,0.838,0.066,3.7651,4.307,1.0,4.502,4.817,4.016,nan,2
8.14187496044243e-06,13.0,-0.2999999999999998,0.84641123,0.845,0.107,3.7664,4.276,1.0,4.4,4.713,3.918,nan,2
7.744040299697946e-06,13.0,-0.2999999999999998,0.84780031,0.846,0.114,3.7666,4.27,1.0,4.381,4.693,3.899,nan,2
1.2964738277648332e-05,13.0,-0.2999999999999998,0.85488105,0.853,0.156,3.7671,4.234,1.0,4.277,4.588,3.797,nan,2
1.796725047236678e-05,13.0,-0.2999999999999998,0.86210579,0.86,0.2,3.7666,4.191,1.0,4.166,4.477,3.685,nan,2
8.689116470206097e-06,13.0,-0.2999999999999998,0.86947018,0.868,0.249,3.7646,4.138,1.0,4.047,4.361,3.562,nan,2
7.81332925590946e-06,13.0,-0.2999999999999998,0.87194765,0.87,0.266,3.7629,4.115,1.0,4.005,4.322,3.516,nan,2
9.23739115643492e-06,13.0,-0.2999999999999998,0.87839669,0.876,0.311,3.7559,4.045,2.0,3.897,4.228,3.394,nan,2
5.721615892354243e-06,13.0,-0.2999999999999998,0.88259196,0.881,0.338,3.7461,3.981,2.0,3.838,4.19,3.314,nan,2
2.4493319791777957e-06,13.0,-0.2999999999999998,0.88504618,0.883,0.352,3.7359,3.928,2.0,3.817,4.189,3.271,nan,2
1.8476514105965236e-06,13.0,-0.2999999999999998,0.8854385,0.883,0.354,3.734,3.918,2.0,3.814,4.19,3.265,nan,2
2.7040403478103194e-06,13.0,-0.2999999999999998,0.88721174,0.885,0.369,3.7233,3.861,2.0,3.793,4.191,3.221,nan,2
2.3072691606880443e-06,13.0,-0.2999999999999998,0.8886078,0.887,0.395,3.7151,3.803,2.0,3.743,4.159,3.154,nan,2
1.419755561281768e-06,13.0,-0.2999999999999998,0.889916,0.888,0.436,3.709,3.738,2.0,3.652,4.082,3.051,nan,2
5.940964537200951e-07,13.0,-0.2999999999999998,0.89027184,0.888,0.45,3.7077,3.719,2.0,3.62,4.053,3.016,nan,2
1.0683685233664219e-06,13.0,-0.2999999999999998,0.89061821,0.888,0.466,3.7066,3.699,2.0,3.584,4.019,2.977,nan,2
1.4081882092171636e-06,13.0,-0.2999999999999998,0.89153463,0.889,0.511,3.704,3.644,3.0,3.478,3.919,2.866,nan,2
1.2515611653454123e-06,13.0,-0.2999999999999998,0.89228266,0.89,0.552,3.7023,3.596,3.0,3.378,3.823,2.763,nan,2
1.205883565287906e-06,13.0,-0.2999999999999998,0.89301395,0.891,0.596,3.7008,3.547,3.0,3.271,3.719,2.653,nan,2
1.093225124397846e-06,13.0,-0.2999999999999998,0.89370799,0.891,0.642,3.6996,3.496,3.0,3.16,3.61,2.539,nan,2
9.871234792191062e-07,13.0,-0.2999999999999998,0.89430612,0.892,0.685,3.6986,3.45,3.0,3.056,3.508,2.433,nan,2
9.425457287646523e-07,13.0,-0.2999999999999998,0.89487475,0.893,0.728,3.6975,3.403,3.0,2.95,3.405,2.325,nan,2
8.525190218974742e-07,13.0,-0.2999999999999998,0.89542019,0.893,0.773,3.6964,3.353,3.0,2.841,3.298,2.213,nan,2
7.662133634426406e-07,13.0,-0.2999999999999998,0.89589089,0.893,0.815,3.6954,3.307,3.0,2.738,3.198,2.109,nan,2
7.231486268961095e-07,13.0,-0.2999999999999998,0.89633346,0.894,0.858,3.6943,3.26,3.0,2.635,3.098,2.003,nan,2
6.841948821497674e-07,13.0,-0.2999999999999998,0.89675283,0.894,0.902,3.6931,3.212,3.0,2.529,2.994,1.894,nan,2
6.239898267328504e-07,13.0,-0.2999999999999998,0.89714897,0.895,0.946,3.6917,3.162,3.0,2.421,2.89,1.783,nan,2
5.440771800149565e-07,13.0,-0.2999999999999998,0.89749658,0.895,0.989,3.6904,3.114,3.0,2.319,2.791,1.678,nan,2
5.044186938172438e-07,13.0,-0.2999999999999998,0.89779747,0.895,1.028,3.6891,3.07,3.0,2.223,2.699,1.579,nan,2
4.7185796080821385e-07,13.0,-0.2999999999999998,0.89809781,0.895,1.072,3.6875,3.02,3.0,2.119,2.598,1.472,nan,2
4.82168999424003e-07,13.0,-0.2999999999999998,0.89835989,0.896,1.113,3.686,2.973,3.0,2.021,2.505,1.371,nan,2
4.92773680311274e-07,13.0,-0.2999999999999998,0.89867252,0.896,1.166,3.684,2.912,3.0,1.895,2.383,1.24,nan,2
3.9365682904386104e-07,13.0,-0.2999999999999998,0.89894724,0.896,1.217,3.6819,2.853,3.0,1.772,2.266,1.113,nan,2
3.5675019041801554e-07,13.0,-0.2999999999999998,0.89914173,0.896,1.257,3.6802,2.806,3.0,1.678,2.176,1.015,nan,2
3.6369692758120503e-07,13.0,-0.2999999999999998,0.89937246,0.896,1.308,3.6779,2.746,3.0,1.558,2.062,0.89,nan,2
2.9484200982687573e-07,13.0,-0.2999999999999998,0.89957523,0.896,1.357,3.6757,2.688,3.0,1.443,1.953,0.77,nan,2
2.711408836350478e-07,13.0,-0.2999999999999998,0.89972389,0.896,1.395,3.6739,2.643,3.0,1.353,1.868,0.676,nan,2
2.817371747430006e-07,13.0,-0.2999999999999998,0.89989841,0.896,1.443,3.6715,2.585,3.0,1.24,1.761,0.558,nan,2
2.735403604813229e-07,13.0,-0.2999999999999998,0.9000597,0.896,1.49,3.6691,2.529,3.0,1.132,1.659,0.444,nan,2
2.930857217263486e-07,13.0,-0.2999999999999998,0.90022445,0.896,1.536,3.6668,2.474,3.0,1.026,1.56,0.332,nan,2
2.3184107295455509e-07,13.0,-0.2999999999999998,0.90041196,0.896,1.571,3.6651,2.432,3.0,0.944,1.484,0.246,nan,2
1.678757340394524e-07,13.0,-0.2999999999999998,0.9005031,0.896,1.556,3.6663,2.452,3.0,0.978,1.515,0.283,nan,2
1.1252175383586425e-07,13.0,-0.2999999999999998,0.90061373,0.896,1.519,3.6687,2.498,3.0,1.06,1.588,0.371,nan,2
1.2298018659053728e-07,13.0,-0.2999999999999998,0.90063834,0.896,1.529,3.6682,2.486,3.0,1.038,1.568,0.348,nan,2
2.0158899539284112e-07,13.0,-0.2999999999999998,0.90076154,0.896,1.577,3.6656,2.428,3.0,0.928,1.466,0.231,nan,2
1.8885084062167383e-07,13.0,-0.2999999999999998,0.90088063,0.896,1.625,3.6629,2.369,3.0,0.816,1.363,0.112,nan,2
1.7308415003327604e-07,13.0,-0.2999999999999998,0.90098852,0.896,1.672,3.6602,2.311,3.0,0.708,1.264,-0.003,nan,2
1.5849892121968924e-07,13.0,-0.2999999999999998,0.90108866,0.896,1.719,3.6575,2.253,3.0,0.601,1.166,-0.117,nan,2
1.4421321792654477e-07,13.0,-0.2999999999999998,0.90117902,0.896,1.766,3.6547,2.195,3.0,0.497,1.071,-0.228,nan,2
1.3176626852271016e-07,13.0,-0.2999999999999998,0.90126199,0.896,1.812,3.6519,2.138,3.0,0.393,0.976,-0.34,nan,2
1.1991005000628108e-07,13.0,-0.2999999999999998,0.90133739,0.895,1.857,3.6491,2.081,3.0,0.29,0.884,-0.449,nan,2
1.0919369249800676e-07,13.0,-0.2999999999999998,0.90140611,0.895,1.902,3.6462,2.025,3.0,0.191,0.795,-0.556,nan,2
9.992504167180853e-08,13.0,-0.2999999999999998,0.90146863,0.895,1.946,3.6434,1.969,3.0,0.093,0.707,-0.661,nan,2
9.204585645425678e-08,13.0,-0.2999999999999998,0.90152621,0.895,1.99,3.6405,1.914,3.0,-0.004,0.62,-0.765,nan,2
8.410843016327545e-08,13.0,-0.2999999999999998,0.90157926,0.894,2.034,3.6376,1.858,3.0,-0.1,0.534,-0.869,nan,2
7.64206084726011e-08,13.0,-0.2999999999999998,0.9016273,0.894,2.077,3.6347,1.803,3.0,-0.194,0.451,-0.969,nan,2
7.00224105504874e-08,13.0,-0.2999999999999998,0.90167111,0.893,2.12,3.6318,1.748,3.0,-0.286,0.368,-1.069,nan,2
6.402357998871705e-08,13.0,-0.2999999999999998,0.90171146,0.893,2.163,3.6288,1.693,3.0,-0.377,0.287,-1.166,nan,2
5.9514056875679056e-08,13.0,-0.2999999999999998,0.90174806,0.893,2.205,3.6259,1.64,3.0,-0.465,0.209,-1.262,nan,2
5.465508732243297e-08,13.0,-0.2999999999999998,0.90178299,0.892,2.248,3.6228,1.584,3.0,-0.556,0.128,-1.359,nan,2
4.958811393535142e-08,13.0,-0.2999999999999998,0.90181375,0.891,2.288,3.6199,1.531,3.0,-0.641,0.053,-1.451,nan,2
4.606868907061654e-08,13.0,-0.2999999999999998,0.90184259,0.891,2.33,3.6169,1.478,3.0,-0.726,-0.021,-1.543,nan,2
4.245774251872063e-08,13.0,-0.2999999999999998,0.90186912,0.89,2.37,3.6139,1.425,3.0,-0.809,-0.09,-1.635,nan,2
3.9520728388096944e-08,13.0,-0.2999999999999998,0.90189362,0.889,2.411,3.6109,1.372,3.0,-0.892,-0.16,-1.727,nan,2
3.600130352336207e-08,13.0,-0.2999999999999998,0.90191662,0.889,2.452,3.6078,1.318,3.0,-0.974,-0.227,-1.819,nan,2
3.3180771539412836e-08,13.0,-0.2999999999999998,0.90193689,0.888,2.491,3.6048,1.267,3.0,-1.051,-0.29,-1.905,nan,2
3.0992571209525356e-08,13.0,-0.2999999999999998,0.9019565,0.887,2.531,3.6018,1.214,3.0,-1.131,-0.355,-1.994,nan,2
2.7822592785368045e-08,13.0,-0.2999999999999998,0.90197414,0.886,2.57,3.5986,1.162,3.0,-1.206,-0.414,-2.079,nan,2
2.6083680736143987e-08,13.0,-0.2999999999999998,0.90198994,0.885,2.607,3.5957,1.112,3.0,-1.277,-0.468,-2.16,nan,2
2.4444610527190513e-08,13.0,-0.2999999999999998,0.90200549,0.884,2.647,3.5925,1.06,3.0,-1.351,-0.526,-2.245,nan,2
2.4702535280791796e-08,13.0,-0.2999999999999998,0.90201932,0.882,2.684,3.5894,1.01,3.0,-1.421,-0.577,-2.325,nan,2
2.316330691210891e-08,13.0,-0.2999999999999998,0.90203518,0.881,2.729,3.5856,0.948,3.0,-1.501,-0.632,-2.42,nan,2
2.1524236703155438e-08,13.0,-0.2999999999999998,0.90204716,0.879,2.766,3.5825,0.898,3.0,-1.565,-0.676,-2.496,nan,2
2.1574157623290732e-08,13.0,-0.2999999999999998,0.90206105,0.877,2.811,3.5785,0.836,3.0,-1.642,-0.722,-2.588,nan,2
1.9286115453502156e-08,13.0,-0.2999999999999998,0.90207309,0.875,2.854,3.5746,0.777,3.0,-1.707,-0.755,-2.671,nan,2
1.794657076499096e-08,13.0,-0.2999999999999998,0.90208423,0.873,2.896,3.5707,0.718,3.0,-1.772,-0.786,-2.754,nan,2
1.6715188069675165e-08,13.0,-0.2999999999999998,0.90209466,0.871,2.937,3.5668,0.66,3.0,-1.83,-0.802,-2.831,nan,2
1.5325722461213415e-08,13.0,-0.2999999999999998,0.90210432,0.868,2.978,3.5629,0.602,3.0,-1.885,-0.813,-2.907,nan,2
1.4227462219714901e-08,13.0,-0.2999999999999998,0.90211308,0.865,3.018,3.5589,0.545,3.0,-1.933,-0.813,-2.976,nan,2
1.3145842284989733e-08,13.0,-0.2999999999999998,0.90212142,0.862,3.058,3.5549,0.487,3.0,-1.974,-0.793,-3.041,nan,2
1.2055902196600772e-08,13.0,-0.2999999999999998,0.90212888,0.859,3.095,3.551,0.432,3.0,-2.011,-0.771,-3.102,nan,2
1.1207246555593982e-08,13.0,-0.2999999999999998,0.90213591,0.855,3.133,3.547,0.377,3.0,-2.04,-0.724,-3.156,nan,2
1.0316990147561455e-08,13.0,-0.2999999999999998,0.90214235,0.851,3.169,3.543,0.323,3.0,-2.061,-0.665,-3.205,nan,2
9.668018186726354e-09,13.0,-0.2999999999999998,0.90214831,0.847,3.204,3.5391,0.27,3.0,-2.08,-0.601,-3.249,nan,2
9.218729906247683e-09,13.0,-0.2999999999999998,0.90215397,0.843,3.239,3.5351,0.217,3.0,-2.09,-0.519,-3.287,nan,2
8.727840858558532e-09,13.0,-0.2999999999999998,0.90215939,0.838,3.274,3.531,0.163,3.0,-2.099,-0.431,-3.324,nan,2
8.187030891473064e-09,13.0,-0.2999999999999998,0.90216446,0.832,3.309,3.527,0.11,3.0,-2.095,-0.318,-3.347,nan,2
8.578078098522138e-09,13.0,-0.2999999999999998,0.90216923,0.826,3.342,3.5231,0.058,3.0,-2.085,-0.191,-3.363,nan,2
6.048751481905626e-09,13.0,-0.2999999999999998,0.90217477,0.818,3.38,3.5185,-0.003,3.0,-2.064,-0.03,-3.373,nan,2
1.4393865285970407e-09,13.0,-0.2999999999999998,0.9021765,0.816,3.391,3.5172,-0.021,3.0,-2.054,0.026,-3.372,nan,2
5.4996213609531497e-08,13.0,-0.2999999999999998,0.9021765,0.809,1.684,3.6884,2.367,4.0,0.585,1.062,-0.059,nan,2
1.087028034506871e-07,13.0,-0.2999999999999998,0.9022426,0.809,1.694,3.6876,2.354,4.0,0.563,1.041,-0.084,nan,2
1.0861128176371081e-07,13.0,-0.2999999999999998,0.90230715,0.809,1.698,3.6874,2.35,4.0,0.554,1.034,-0.093,nan,2
1.0965130093214922e-07,13.0,-0.2999999999999998,0.90237314,0.809,1.699,3.6876,2.35,4.0,0.551,1.03,-0.095,nan,2
1.1029195273950527e-07,13.0,-0.2999999999999998,0.90243894,0.809,1.698,3.688,2.353,4.0,0.553,1.031,-0.093,nan,2
1.1143181374784478e-07,13.0,-0.2999999999999998,0.9025057,0.809,1.695,3.6886,2.357,4.0,0.556,1.033,-0.088,nan,2
1.111322882274025e-07,13.0,-0.2999999999999998,0.90257287,0.809,1.693,3.6892,2.362,4.0,0.561,1.036,-0.082,nan,2
1.1232207015550783e-07,13.0,-0.2999999999999998,0.90263927,0.809,1.69,3.6898,2.367,4.0,0.566,1.039,-0.076,nan,2
1.1570005241368537e-07,13.0,-0.2999999999999998,0.90270787,0.809,1.688,3.6904,2.372,4.0,0.571,1.042,-0.069,nan,2
1.1416082404500247e-07,13.0,-0.2999999999999998,0.90277833,0.81,1.685,3.691,2.377,4.0,0.575,1.045,-0.063,nan,2
1.131707257968841e-07,13.0,-0.2999999999999998,0.90284508,0.81,1.683,3.6915,2.381,4.0,0.579,1.048,-0.058,nan,2
1.1579989425377121e-07,13.0,-0.2999999999999998,0.90291435,0.81,1.681,3.692,2.385,4.0,0.582,1.049,-0.054,nan,2
1.138612985245602e-07,13.0,-0.2999999999999998,0.90298426,0.81,1.68,3.6925,2.388,4.0,0.585,1.051,-0.051,nan,2
1.0102330191349178e-07,13.0,-0.2999999999999998,0.9030512,0.81,1.679,3.6928,2.391,4.0,0.587,1.052,-0.048,nan,2
5.1426867824661327e-08,13.0,-0.2999999999999998,0.90310568,0.81,1.678,3.6931,2.393,4.0,0.588,1.053,-0.046,nan,2
6.183537965901431e-08,13.0,-0.2999999999999998,0.90311301,0.81,1.678,3.6931,2.393,4.0,0.588,1.053,-0.046,nan,2
1.1366161484401901e-07,13.0,-0.2999999999999998,0.90318,0.81,1.677,3.6934,2.395,4.0,0.589,1.053,-0.044,nan,2
1.1480979600602232e-07,13.0,-0.2999999999999998,0.90324962,0.81,1.677,3.6937,2.397,4.0,0.59,1.053,-0.043,nan,2
1.1168141834815177e-07,13.0,-0.2999999999999998,0.90331799,0.81,1.676,3.6938,2.397,4.0,0.59,1.053,-0.042,nan,2
1.1103244638713192e-07,13.0,-0.2999999999999998,0.90338385,0.81,1.677,3.6939,2.398,4.0,0.589,1.052,-0.043,nan,2
1.126715165960854e-07,13.0,-0.2999999999999998,0.90345144,0.81,1.677,3.694,2.397,4.0,0.588,1.05,-0.044,nan,2
1.1198094386859405e-07,13.0,-0.2999999999999998,0.90351927,0.81,1.678,3.6939,2.396,4.0,0.585,1.048,-0.047,nan,2
6.139441153182996e-08,13.0,-0.2999999999999998,0.90358603,0.81,1.68,3.6938,2.394,4.0,0.582,1.045,-0.05,nan,2
2.7473146344790476e-08,13.0,-0.2999999999999998,0.90359306,0.81,1.68,3.6938,2.394,4.0,0.581,1.044,-0.051,nan,2
7.677005491299392e-08,13.0,-0.2999999999999998,0.90361905,0.811,1.681,3.6937,2.393,4.0,0.58,1.043,-0.053,nan,2
1.0955145909187863e-07,13.0,-0.2999999999999998,0.90368533,0.811,1.683,3.6935,2.39,4.0,0.575,1.038,-0.058,nan,2
1.100922690593336e-07,13.0,-0.2999999999999998,0.90375072,0.811,1.686,3.6932,2.386,4.0,0.569,1.033,-0.065,nan,2
1.1004234813919829e-07,13.0,-0.2999999999999998,0.90381765,0.811,1.689,3.6927,2.38,4.0,0.56,1.026,-0.074,nan,2
1.0871112360398139e-07,13.0,-0.2999999999999998,0.90388298,0.811,1.693,3.6922,2.374,4.0,0.551,1.018,-0.084,nan,2
1.0816199348323212e-07,13.0,-0.2999999999999998,0.90394831,0.811,1.698,3.6916,2.367,4.0,0.541,1.009,-0.097,nan,2
1.0850311977033067e-07,13.0,-0.2999999999999998,0.90401298,0.811,1.704,3.691,2.359,4.0,0.528,0.998,-0.111,nan,2
1.0930185449157165e-07,13.0,-0.2999999999999998,0.90407872,0.811,1.71,3.6902,2.35,4.0,0.514,0.986,-0.127,nan,2
1.0821191440336743e-07,13.0,-0.2999999999999998,0.90414435,0.811,1.716,3.6896,2.341,4.0,0.501,0.975,-0.141,nan,2
1.0994250629911244e-07,13.0,-0.2999999999999998,0.90420878,0.811,1.715,3.6898,2.343,4.0,0.504,0.977,-0.138,nan,2
1.1272143751622069e-07,13.0,-0.2999999999999998,0.90427649,0.811,1.729,3.6881,2.323,4.0,0.473,0.951,-0.173,nan,2
1.0717189523511377e-07,13.0,-0.2999999999999998,0.90434426,0.811,1.753,3.6855,2.288,4.0,0.42,0.906,-0.232,nan,2
7.419080737624212e-08,13.0,-0.2999999999999998,0.9044053,0.811,1.791,3.6814,2.234,4.0,0.337,0.834,-0.325,nan,2
3.545217340261281e-08,13.0,-0.2999999999999998,0.90443343,0.811,1.827,3.6776,2.183,4.0,0.26,0.767,-0.411,nan,2
1.8495700885555472e-08,13.0,-0.2999999999999998,0.90444791,0.811,1.862,3.674,2.133,4.0,0.184,0.703,-0.495,nan,2
9.726259260155948e-09,13.0,-0.2999999999999998,0.90445566,0.811,1.899,3.6701,2.081,4.0,0.104,0.634,-0.585,nan,2
5.258336913958943e-09,13.0,-0.2999999999999998,0.9044596,0.811,1.936,3.6663,2.029,4.0,0.025,0.567,-0.672,nan,2
3.269820264427901e-09,13.0,-0.2999999999999998,0.90446198,0.811,1.972,3.6627,1.978,4.0,-0.053,0.499,-0.76,nan,2
1.980196496236742e-09,13.0,-0.2999999999999998,0.90446353,0.811,2.011,3.6589,1.924,4.0,-0.135,0.429,-0.852,nan,2
1.1897819281053142e-09,13.0,-0.2999999999999998,0.90446436,0.811,2.035,3.6566,1.891,7.0,-0.187,0.385,-0.909,nan,2
1.4893074489170792e-09,13.0,-0.2999999999999998,0.90446496,0.811,2.058,3.6544,1.859,7.0,-0.235,0.344,-0.963,nan,2
2.0301174160025472e-09,13.0,-0.2999999999999998,0.90446615,0.811,2.103,3.6501,1.796,7.0,-0.332,0.261,-1.069,nan,2
3.278140417906946e-09,13.0,-0.2999999999999998,0.9044674,0.811,2.141,3.6465,1.745,7.0,-0.41,0.194,-1.156,nan,2
5.108574153737805e-09,13.0,-0.2999999999999998,0.90447009,0.811,2.152,3.6456,1.73,7.0,-0.433,0.174,-1.181,nan,2
2.7864193552024295e-08,13.0,-0.2999999999999998,0.90447354,0.811,2.117,3.6489,1.778,7.0,-0.36,0.236,-1.101,nan,2
5.1726393344918856e-08,13.0,-0.2999999999999998,0.90450358,0.809,2.105,3.65,1.793,7.0,-0.336,0.257,-1.074,nan,2
4.5977167383824985e-08,13.0,-0.2999999999999998,0.90453571,0.808,2.137,3.6469,1.748,7.0,-0.403,0.201,-1.148,nan,2
3.30310087791917e-08,13.0,-0.2999999999999998,0.90455884,0.806,2.177,3.6431,1.692,7.0,-0.485,0.131,-1.239,nan,2
3.015223572181287e-08,13.0,-0.2999999999999998,0.90457541,0.805,2.208,3.6402,1.649,7.0,-0.549,0.075,-1.309,nan,2
3.154170133045936e-08,13.0,-0.2999999999999998,0.90459508,0.803,2.246,3.6367,1.596,7.0,-0.626,0.01,-1.394,nan,2
2.8862611953252222e-08,13.0,-0.2999999999999998,0.90461332,0.801,2.284,3.6331,1.542,7.0,-0.704,-0.057,-1.481,nan,2
2.6083680736143987e-08,13.0,-0.2999999999999998,0.90462977,0.798,2.323,3.6296,1.487,7.0,-0.783,-0.124,-1.568,nan,2
2.3504433199207434e-08,13.0,-0.2999999999999998,0.90464467,0.796,2.363,3.626,1.432,7.0,-0.862,-0.189,-1.657,nan,2
2.1074948422492022e-08,13.0,-0.2999999999999998,0.90465802,0.793,2.403,3.6225,1.376,7.0,-0.941,-0.253,-1.746,nan,2
1.8994910086354182e-08,13.0,-0.2999999999999998,0.90467,0.789,2.442,3.6189,1.32,7.0,-1.019,-0.316,-1.834,nan,2
1.7255998037314864e-08,13.0,-0.2999999999999998,0.90468085,0.785,2.482,3.6153,1.264,7.0,-1.096,-0.378,-1.922,nan,2
1.5966374268938962e-08,13.0,-0.2999999999999998,0.90469074,0.781,2.521,3.6115,1.207,7.0,-1.171,-0.436,-2.008,nan,2
1.4976276020635847e-08,13.0,-0.2999999999999998,0.90470004,0.776,2.561,3.6071,1.147,7.0,-1.241,-0.485,-2.091,nan,2
1.4285703293144497e-08,13.0,-0.2999999999999998,0.90470874,0.77,2.6,3.6002,1.078,7.0,-1.292,-0.504,-2.162,nan,2
1.3936256852566925e-08,13.0,-0.2999999999999998,0.90471721,0.763,2.639,3.5952,1.014,7.0,-1.353,-0.539,-2.239,nan,2
1.3137522131510688e-08,13.0,-0.2999999999999998,0.90472549,0.755,2.68,3.591,0.952,7.0,-1.422,-0.584,-2.322,nan,2
1.2297186643798197e-08,13.0,-0.2999999999999998,0.904733,0.745,2.719,3.587,0.891,7.0,-1.486,-0.623,-2.401,nan,2
1.1107404715323395e-08,13.0,-0.2999999999999998,0.90474027,0.733,2.761,3.5828,0.825,7.0,-1.554,-0.662,-2.486,nan,2
8.48655641191534e-09,13.0,-0.2999999999999998,0.90474635,0.721,2.803,3.5785,0.758,7.0,-1.619,-0.695,-2.568,nan,2
6.098672401671432e-09,13.0,-0.2999999999999998,0.90475047,0.71,2.842,3.5744,0.697,7.0,-1.674,-0.716,-2.641,nan,2
5.108574153737805e-09,13.0,-0.2999999999999998,0.90475368,0.699,2.88,3.5703,0.636,7.0,-1.727,-0.733,-2.711,nan,2
4.667606026553437e-09,13.0,-0.2999999999999998,0.90475661,0.687,2.919,3.5659,0.572,7.0,-1.772,-0.729,-2.779,nan,2
4.110155752325134e-09,13.0,-0.2999999999999998,0.90475929,0.674,2.959,3.5614,0.506,7.0,-1.816,-0.724,-2.847,nan,2
3.918792225447747e-09,13.0,-0.2999999999999998,0.90476155,0.659,2.995,3.5574,0.443,7.0,-1.85,-0.7,-2.905,nan,2
4.3680805061111606e-09,13.0,-0.2999999999999998,0.904764,0.637,3.035,3.5532,0.372,7.0,-1.889,-0.673,-2.969,nan,2
3.818950385177158e-09,13.0,-0.2999999999999998,0.9047668,0.603,3.08,3.5506,0.293,7.0,-1.959,-0.697,-3.057,nan,2
1.539228368867629e-09,13.0,-0.2999999999999998,0.90476859,0.575,3.101,3.5525,0.259,7.0,-2.036,-0.797,-3.124,nan,2
9.984184008584384e-11,13.0,-0.2999999999999998,0.90476865,0.574,3.098,3.5532,0.264,7.0,-2.038,-0.809,-3.122,nan,2
1.4144260692683718e-10,13.0,-0.2999999999999998,0.90476871,0.573,3.093,3.5542,0.271,7.0,-2.041,-0.827,-3.12,nan,2
1.9136352687738684e-10,13.0,-0.2999999999999998,0.90476882,0.57,3.106,3.5539,0.255,7.0,-2.067,-0.847,-3.148,nan,2
1.9968368017168768e-10,13.0,-0.2999999999999998,0.90476894,0.567,3.087,3.5571,0.285,7.0,-2.066,-0.893,-3.127,nan,2
2.4960460049172637e-10,13.0,-0.2999999999999998,0.90476906,0.565,3.096,3.5569,0.274,7.0,-2.086,-0.91,-3.149,nan,2
3.4944644039282573e-10,13.0,-0.2999999999999998,0.90476924,0.562,3.107,3.5567,0.259,7.0,-2.11,-0.929,-3.175,nan,2
4.992092007987083e-10,13.0,-0.2999999999999998,0.90476948,0.558,3.124,3.5564,0.238,7.0,-2.145,-0.958,-3.212,nan,2
5.990510406998075e-10,13.0,-0.2999999999999998,0.90476984,0.549,3.148,3.5576,0.212,7.0,-2.217,-1.043,-3.279,nan,2
5.40809967454957e-10,13.0,-0.2999999999999998,0.9047702,0.538,3.165,3.5634,0.209,7.0,-2.334,-1.228,-3.366,nan,2
2.41284447012681e-10,13.0,-0.2999999999999998,0.90477049,0.528,3.177,3.5742,0.232,7.0,-2.479,-1.475,-3.466,nan,2
1.3536610500450061e-05,13.0,-0.2999999999999998,0.89347,0.554,-3.03549,3.93803,4.33401,10.0,12.54775,12.63662,12.36257,0.775,2
3.287327491056756e-05,13.0,-0.2999999999999998,0.91638,0.556,-3.66983,3.78348,3.71537,10.0,13.87905,14.15594,13.43292,1.95,2
3.1563492314757824e-05,13.0,-0.2999999999999998,0.93929,0.558,-3.8962,3.7288,3.49619,10.0,14.44504,14.83485,13.88209,3.0,2
2.436494636179432e-05,13.0,-0.2999999999999998,0.9622,0.56,-4.01025,3.70167,3.38722,10.0,14.7581,15.21366,14.13598,3.925,2
2.941434436795371e-05,13.0,-0.2999999999999998,0.98511,0.562,-4.07441,3.68676,3.32715,10.0,14.936,15.42873,14.28118,4.75,2
2.2742836310719363e-05,13.0,-0.2999999999999998,1.00802,0.564,-4.12338,3.67547,3.28154,10.0,15.0699,15.59097,14.39111,5.475,2
2.7498490028495673e-05,13.0,-0.2999999999999998,1.03093,0.566,-4.16806,3.66508,3.23948,10.0,15.18971,15.737,14.49014,6.125,2
2.6522158904264355e-05,13.0,-0.2999999999999998,1.05384,0.568,-4.20698,3.65603,3.20282,10.0,15.29101,15.86084,14.57444,6.7,2
2.0552849811276378e-05,13.0,-0.2999999999999998,1.07675,0.57,-4.24223,3.64786,3.16968,10.0,15.37882,15.96864,14.64816,7.225,2
2.4903974862076418e-05,13.0,-0.2999999999999998,1.09966,0.572,-4.27365,3.64061,3.1402,10.0,15.45465,16.06216,14.7123,7.7,2
1.9323907783618554e-05,13.0,-0.2999999999999998,1.12257,0.574,-4.30069,3.63442,3.11494,10.0,15.51782,16.13987,14.76604,8.1,2
2.344390446236785e-05,13.0,-0.2999999999999998,1.14548,0.576,-4.32943,3.62778,3.08792,10.0,15.58283,16.21942,14.82141,8.5,2
1.8212739025677258e-05,13.0,-0.2999999999999998,1.16838,0.578,-4.35408,3.62214,3.06484,10.0,15.63678,16.28493,14.86736,8.825,2
2.2121132644836728e-05,13.0,-0.2999999999999998,1.19129,0.58,-4.37564,3.61724,3.04476,10.0,15.68275,16.34046,14.90662,9.1,2
2.143905528065381e-05,13.0,-0.2999999999999998,1.2142,0.582,-4.389,3.61437,3.03278,10.0,15.71089,16.374,14.93097,9.275,2
1.6683310652781164e-05,13.0,-0.2999999999999998,1.23711,0.584,-4.4026,3.61144,3.02055,10.0,15.73924,16.40771,14.95557,9.45,2
2.0296266286051488e-05,13.0,-0.2999999999999998,1.26002,0.586,-4.41638,3.60847,3.00812,10.0,15.76765,16.44141,14.98032,9.625,2
1.5809571751689065e-05,13.0,-0.2999999999999998,1.28293,0.588,-4.42802,3.60602,2.99781,10.0,15.79153,16.46953,15.00132,9.775,2
1.925151684354489e-05,13.0,-0.2999999999999998,1.30584,0.59,-4.43975,3.60355,2.98741,10.0,15.81539,16.49754,15.02241,9.925,2
1.870920200207462e-05,13.0,-0.2999999999999998,1.32875,0.592,-4.44925,3.60163,2.97921,10.0,15.83471,16.52001,15.03969,10.05,2
1.4593744225310484e-05,13.0,-0.2999999999999998,1.35166,0.594,-4.45885,3.59969,2.97092,10.0,15.85409,16.54251,15.05709,10.175,2
1.779494836406966e-05,13.0,-0.2999999999999998,1.37457,0.596,-4.46856,3.59773,2.96251,10.0,15.87358,16.56511,15.07462,10.3,2
1.3892045409303139e-05,13.0,-0.2999999999999998,1.39748,0.598,-4.47845,3.59572,2.95393,10.0,15.89328,16.58791,15.09238,10.425,2
1.6952804946099663e-05,13.0,-0.2999999999999998,1.42039,0.6,-4.48611,3.59426,2.94755,10.0,15.90861,16.60544,15.10636,10.525,2
1.315030078592402e-05,13.0,-0.2999999999999998,1.4433,0.602,-4.49392,3.59276,2.94101,10.0,15.92417,16.62323,15.12058,10.625,2
1.57195574491431e-05,13.0,-0.2999999999999998,1.46621,0.604,-4.50191,3.59123,2.9343,10.0,15.93998,16.64129,15.13505,10.725,2
1.4969333117444367e-05,13.0,-0.2999999999999998,1.48912,0.606,-4.50766,3.59024,2.92981,10.0,15.95152,16.65423,15.14578,10.8,2
1.14673189326241e-05,13.0,-0.2999999999999998,1.51203,0.608,-4.516,3.58862,2.92275,10.0,15.96789,16.6729,15.16079,10.9,2
1.3735995184076841e-05,13.0,-0.2999999999999998,1.53494,0.61,-4.52211,3.58755,2.91789,10.0,15.98003,16.68652,15.1721,10.975,2
1.0535861077792636e-05,13.0,-0.2999999999999998,1.55785,0.612,-4.52838,3.58644,2.91288,10.0,15.99245,16.70044,15.18366,11.05,2
1.2635735424688592e-05,13.0,-0.2999999999999998,1.58076,0.614,-4.53477,3.5853,2.90773,10.0,16.00506,16.71458,15.19542,11.125,2
1.2075398299723532e-05,13.0,-0.2999999999999998,1.60367,0.616,-4.53872,3.58477,2.90501,10.0,16.01313,16.72332,15.20313,11.175,2
9.279112948310566e-06,13.0,-0.2999999999999998,1.62658,0.618,-4.54534,3.58357,2.89964,10.0,16.0261,16.73787,15.21524,11.25,2
1.1148248954936218e-05,13.0,-0.2999999999999998,1.64948,0.62,-4.54944,3.583,2.89676,10.0,16.03444,16.74691,15.22321,11.3,2
8.576048975748911e-06,13.0,-0.2999999999999998,1.67239,0.622,-4.55628,3.58175,2.89116,10.0,16.04778,16.76187,15.23568,11.375,2
1.0314505026170419e-05,13.0,-0.2999999999999998,1.6953,0.624,-4.56056,3.58113,2.88808,10.0,16.05644,16.77127,15.24395,11.425,2
7.94290546847904e-06,13.0,-0.2999999999999998,1.71821,0.626,-4.56491,3.5805,2.88494,10.0,16.06521,16.78081,15.25233,11.475,2
9.562631627854607e-06,13.0,-0.2999999999999998,1.74112,0.628,-4.56934,3.57985,2.88172,10.0,16.07412,16.7905,15.26084,11.525,2
9.176610654736568e-06,13.0,-0.2999999999999998,1.76403,0.63,-4.57383,3.57918,2.87843,10.0,16.08315,16.80032,15.26946,11.575,2
7.0773129963509555e-06,13.0,-0.2999999999999998,1.78694,0.632,-4.57838,3.5785,2.87507,10.0,16.09229,16.81027,15.27819,11.625,2
8.533014949603668e-06,13.0,-0.2999999999999998,1.80985,0.634,-4.58304,3.57779,2.87161,10.0,16.10161,16.82042,15.28708,11.675,2
6.5869299109509095e-06,13.0,-0.2999999999999998,1.83276,0.636,-4.58485,3.57779,2.87096,10.0,16.10578,16.82452,15.29133,11.7,2
7.948780291768059e-06,13.0,-0.2999999999999998,1.85567,0.638,-4.58962,3.57705,2.86739,10.0,16.1153,16.83489,15.30041,11.75,2
7.647341213962963e-06,13.0,-0.2999999999999998,1.87858,0.64,-4.59446,3.5763,2.86373,10.0,16.12497,16.84544,15.30963,11.8,2
5.9110839738429835e-06,13.0,-0.2999999999999998,1.90149,0.642,-4.59638,3.57627,2.86297,10.0,16.12934,16.84976,15.31405,11.825,2
7.1424135808194935e-06,13.0,-0.2999999999999998,1.9244,0.644,-4.60132,3.57549,2.85919,10.0,16.1392,16.86052,15.32346,11.875,2
5.525224704883104e-06,13.0,-0.2999999999999998,1.94731,0.646,-4.6033,3.57544,2.85837,10.0,16.14368,16.86496,15.32798,11.9,2
6.681390962284073e-06,13.0,-0.2999999999999998,1.97022,0.648,-4.60527,3.5754,2.85754,10.0,16.14816,16.86941,15.3325,11.925,2
4.169672825366176e-05,13.0,-0.2999999999999998,1.99313,0.65,-4.60731,3.57534,2.85665,10.0,16.15274,16.87397,15.33712,11.95,2
3.7542804724415075e-05,13.0,-0.2999999999999998,2.33677,0.68,-4.63653,3.57482,2.84416,10.0,16.21937,16.93994,15.40447,12.3,2
6.843479555163586e-06,13.0,-0.2999999999999998,2.4055,0.686,-4.64033,3.57523,2.84362,10.0,16.22903,16.94885,15.4146,12.35,2
2.92511420194404e-06,13.0,-0.2999999999999998,2.42841,0.688,-4.6427,3.5751,2.84233,10.0,16.23425,16.95414,15.4198,12.375,2
3.5603835813061184e-06,13.0,-0.2999999999999998,2.45132,0.69,-4.64194,3.57574,2.84417,10.0,16.23379,16.95282,15.41982,12.375,2
3.4575803568289696e-06,13.0,-0.2999999999999998,2.47423,0.692,-4.64432,3.5756,2.84287,10.0,16.23904,16.95815,15.42505,12.4,2
2.6947130948882175e-06,13.0,-0.2999999999999998,2.49714,0.694,-4.64674,3.57545,2.84152,10.0,16.24435,16.96356,15.43033,12.425,2
3.2823840445670083e-06,13.0,-0.2999999999999998,2.52005,0.696,-4.64604,3.57608,2.8433,10.0,16.244,16.96236,15.43046,12.425,2
2.5593634173153133e-06,13.0,-0.2999999999999998,2.54296,0.698,-4.64848,3.57593,2.84193,10.0,16.24936,16.96782,15.43579,12.45,2
3.1189400979410705e-06,13.0,-0.2999999999999998,2.56586,0.7,-4.64783,3.57655,2.84366,10.0,16.2491,16.96673,15.43599,12.45,2
3.0328532797359563e-06,13.0,-0.2999999999999998,2.58877,0.702,-4.65029,3.57639,2.84226,10.0,16.2545,16.97224,15.44136,12.475,2
2.3664358042466363e-06,13.0,-0.2999999999999998,2.61168,0.704,-4.64968,3.577,2.84395,10.0,16.25432,16.97124,15.44164,12.475,2
2.88578921433092e-06,13.0,-0.2999999999999998,2.63459,0.706,-4.65219,3.57683,2.84251,10.0,16.2598,16.97684,15.44708,12.5,2
2.252645515896144e-06,13.0,-0.2999999999999998,2.6575,0.708,-4.6516,3.57744,2.84417,10.0,16.25967,16.97589,15.4474,12.5,2
2.748173020066113e-06,13.0,-0.2999999999999998,2.68041,0.71,-4.65102,3.57805,2.84582,10.0,16.25956,16.97496,15.44775,12.5,2
2.1461053805220087e-06,13.0,-0.2999999999999998,2.70332,0.712,-4.65358,3.57787,2.84432,10.0,16.26514,16.98068,15.45328,12.525,2
2.619253762028647e-06,13.0,-0.2999999999999998,2.72623,0.714,-4.65305,3.57847,2.84593,10.0,16.2651,16.97984,15.4537,12.525,2
2.551136862579473e-06,13.0,-0.2999999999999998,2.74914,0.716,-4.65563,3.57828,2.84441,10.0,16.27073,16.9856,15.45927,12.55,2
1.993458208625718e-06,13.0,-0.2999999999999998,2.77205,0.718,-4.65514,3.57887,2.84597,10.0,16.27076,16.98484,15.45975,12.55,2
2.9138231745672503e-06,13.0,-0.2999999999999998,2.79496,0.72,-4.65463,3.57946,2.84755,10.0,16.27078,16.98404,15.46022,12.55,2
1.893263477377838e-06,13.0,-0.2999999999999998,2.82873,0.722,-4.65727,3.57927,2.84597,10.0,16.27651,16.98993,15.46588,12.575,2
1.3948357860635164e-06,13.0,-0.2999999999999998,2.83978,0.724,-4.65678,3.57986,2.84753,10.0,16.27655,16.98917,15.46638,12.575,2
9.181759911771546e-07,13.0,-0.2999999999999998,2.85083,0.726,-4.65632,3.58044,2.84906,10.0,16.27663,16.98845,15.46691,12.575,2
9.089523173823353e-07,13.0,-0.2999999999999998,2.86188,0.728,-4.65586,3.58103,2.85059,10.0,16.27672,16.98773,15.46745,12.575,2
8.998530401753715e-07,13.0,-0.2999999999999998,2.87293,0.73,-4.65856,3.58081,2.84894,10.0,16.28258,16.99377,15.47324,12.6,2
8.908760567763231e-07,13.0,-0.2999999999999998,2.88398,0.732,-4.65811,3.5814,2.85046,10.0,16.28268,16.99307,15.47379,12.6,2
1.3197446994996036e-06,13.0,-0.2999999999999998,2.89503,0.734,-4.65766,3.58198,2.85197,10.0,16.28278,16.99237,15.47435,12.6,2
8.689552166035455e-07,13.0,-0.2999999999999998,2.90608,0.736,-4.65723,3.58256,2.85347,10.0,16.28291,16.99169,15.47494,12.6,2
8.603903093150135e-07,13.0,-0.2999999999999998,2.91713,0.738,-4.65679,3.58314,2.85498,10.0,16.283,16.99096,15.47549,12.6,2
8.519387471650604e-07,13.0,-0.2999999999999998,2.92818,0.74,-4.65636,3.58372,2.85646,10.0,16.28312,16.99027,15.47608,12.6,2
8.435986500069086e-07,13.0,-0.2999999999999998,2.93923,0.742,-4.65592,3.5843,2.85795,10.0,16.28321,16.98955,15.47664,12.6,2
1.2499995967658672e-06,13.0,-0.2999999999999998,2.95028,0.744,-4.65872,3.58407,2.8562,10.0,16.28926,16.99581,15.48259,12.625,2
8.232240635679652e-07,13.0,-0.2999999999999998,2.96133,0.746,-4.6583,3.58464,2.85767,10.0,16.28939,16.99512,15.48318,12.625,2
8.152598206278806e-07,13.0,-0.2999999999999998,2.97238,0.748,-4.65788,3.58522,2.85913,10.0,16.28951,16.99442,15.48377,12.625,2
8.07399033117698e-07,13.0,-0.2999999999999998,2.98343,0.75,-4.65747,3.58579,2.86058,10.0,16.28963,16.99373,15.48437,12.625,2
7.996400164329382e-07,13.0,-0.2999999999999998,2.99448,0.752,-4.65702,3.58637,2.86206,10.0,16.28968,16.99295,15.4849,12.625,2
1.185130435342478e-06,13.0,-0.2999999999999998,3.00552,0.754,-4.65662,3.58694,2.86348,10.0,16.28983,16.99228,15.48552,12.625,2
7.806769620804315e-07,13.0,-0.2999999999999998,3.01657,0.756,-4.6562,3.58751,2.86492,10.0,16.28992,16.99154,15.48609,12.625,2
7.732613458929632e-07,13.0,-0.2999999999999998,3.02762,0.758,-4.65909,3.58726,2.86307,10.0,16.29615,16.99802,15.4922,12.65,2
7.659403167965092e-07,13.0,-0.2999999999999998,3.03867,0.76,-4.65869,3.58783,2.86449,10.0,16.29627,16.99732,15.4928,12.65,2
1.1353867400337322e-06,13.0,-0.2999999999999998,3.04972,0.762,-4.65826,3.5884,2.86592,10.0,16.29635,16.99657,15.49336,12.65,2
7.480417084894601e-07,13.0,-0.2999999999999998,3.06077,0.764,-4.65788,3.58896,2.8673,10.0,16.29649,16.99589,15.49398,12.65,2
7.410400127331908e-07,13.0,-0.2999999999999998,3.07182,0.766,-4.65747,3.58953,2.8687,10.0,16.29658,16.99515,15.49456,12.65,2
7.341263225738079e-07,13.0,-0.2999999999999998,3.08287,0.768,-4.65709,3.59009,2.87007,10.0,16.29671,16.99446,15.49517,12.65,2
7.272992512541312e-07,13.0,-0.2999999999999998,3.09392,0.77,-4.6567,3.59065,2.87144,10.0,16.29682,16.99375,15.49577,12.65,2
1.0783342550623643e-06,13.0,-0.2999999999999998,3.10497,0.772,-4.65631,3.59121,2.87281,10.0,16.29692,16.99303,15.49636,12.65,2
7.106016650418905e-07,13.0,-0.2999999999999998,3.11602,0.774,-4.65935,3.59092,2.87079,10.0,16.30347,16.99988,15.50274,12.675,2
7.040672126746628e-07,13.0,-0.2999999999999998,3.12707,0.776,-4.65901,3.59146,2.87208,10.0,16.30368,16.99929,15.50343,12.675,2
6.97613455288414e-07,13.0,-0.2999999999999998,3.13812,0.778,-4.65867,3.59201,2.87338,10.0,16.30388,16.99867,15.5041,12.675,2
6.912391435138881e-07,13.0,-0.2999999999999998,3.14917,0.78,-4.65837,3.59254,2.87463,10.0,16.30414,16.99814,15.50484,12.675,2
1.0250776561238324e-06,13.0,-0.2999999999999998,3.16022,0.782,-4.65807,3.59308,2.87588,10.0,16.30439,16.99759,15.50557,12.675,2
6.756429479134356e-07,13.0,-0.2999999999999998,3.17127,0.784,-4.65781,3.5936,2.87709,10.0,16.30471,16.99712,15.50636,12.675,2
6.695371879019404e-07,13.0,-0.2999999999999998,3.18232,0.786,-4.65756,3.59412,2.87827,10.0,16.30505,16.99668,15.50717,12.675,2
6.635055316837665e-07,13.0,-0.2999999999999998,3.19337,0.788,-4.65733,3.59464,2.87944,10.0,16.30542,16.99627,15.50801,12.675,2
6.575468516131787e-07,13.0,-0.2999999999999998,3.20442,0.79,-4.65712,3.59514,2.88057,10.0,16.30584,16.99591,15.5089,12.675,2
9.753046682427118e-07,13.0,-0.2999999999999998,3.21547,0.792,-4.66044,3.5948,2.87827,10.0,16.31295,17.00344,15.51577,12.7,2
6.429622067116882e-07,13.0,-0.2999999999999998,3.22652,0.794,-4.66028,3.59529,2.87935,10.0,16.31346,17.0032,15.51674,12.7,2
6.372503565956358e-07,13.0,-0.2999999999999998,3.23757,0.796,-4.66016,3.59578,2.8804,10.0,16.31403,17.00301,15.51776,12.7,2
6.316066570419328e-07,13.0,-0.2999999999999998,3.24862,0.798,-4.66006,3.59626,2.88142,10.0,16.31463,17.00287,15.51881,12.7,2
9.369746236791172e-07,13.0,-0.2999999999999998,3.25967,0.8,-4.65998,3.59674,2.88241,10.0,16.31527,17.00278,15.51991,12.7,2
6.17788920950012e-07,13.0,-0.2999999999999998,3.27072,0.802,-4.65995,3.59721,2.88336,10.0,16.31601,17.00278,15.52108,12.7,2
6.123758385656315e-07,13.0,-0.2999999999999998,3.28177,0.804,-4.65996,3.59766,2.88427,10.0,16.3168,17.00286,15.52232,12.7,2
6.070264604806282e-07,13.0,-0.2999999999999998,3.29282,0.806,-4.65998,3.59812,2.88516,10.0,16.31761,17.00295,15.52357,12.7,2
6.017398466148108e-07,13.0,-0.2999999999999998,3.30387,0.808,-4.66004,3.59856,2.88601,10.0,16.3185,17.00315,15.52491,12.7,2
8.928323972023094e-07,13.0,-0.2999999999999998,3.31492,0.81,-4.66367,3.59814,2.88341,10.0,16.32628,17.01146,15.53235,12.725,2
5.887918855641293e-07,13.0,-0.2999999999999998,3.32597,0.812,-4.66386,3.59856,2.88415,10.0,16.3274,17.01192,15.53389,12.725,2
5.837177808366965e-07,13.0,-0.2999999999999998,3.33702,0.814,-4.66403,3.59898,2.8849,10.0,16.32851,17.01236,15.53542,12.725,2
5.787024112894423e-07,13.0,-0.2999999999999998,3.34807,0.816,-4.66425,3.59939,2.8856,10.0,16.3297,17.01289,15.53702,12.725,2
5.737449243526388e-07,13.0,-0.2999999999999998,3.35912,0.818,-4.66453,3.59978,2.88624,10.0,16.331,17.01355,15.53873,12.725,2
8.514466587786439e-07,13.0,-0.2999999999999998,3.37017,0.82,-4.66479,3.60018,2.8869,10.0,16.33227,17.01417,15.54041,12.725,2
5.615989817530959e-07,13.0,-0.2999999999999998,3.38122,0.822,-4.66519,3.60055,2.88744,10.0,16.3338,17.01509,15.54232,12.725,2
5.568375818759583e-07,13.0,-0.2999999999999998,3.39227,0.824,-4.66559,3.60092,2.88797,10.0,16.33532,17.016,15.54424,12.725,2
5.521304077108138e-07,13.0,-0.2999999999999998,3.40331,0.826,-4.66604,3.60128,2.88846,10.0,16.33694,17.01702,15.54624,12.725,2
5.474766848126801e-07,13.0,-0.2999999999999998,3.41436,0.828,-4.66655,3.60163,2.8889,10.0,16.33868,17.01817,15.54835,12.725,2
8.126043514832821e-07,13.0,-0.2999999999999998,3.42541,0.83,-4.66711,3.60196,2.88928,10.0,16.34051,17.01944,15.55055,12.725,2
5.360712637507766e-07,13.0,-0.2999999999999998,3.43646,0.832,-4.6677,3.60229,2.88964,10.0,16.34241,17.02078,15.55281,12.725,2
5.315987109955326e-07,13.0,-0.2999999999999998,3.44751,0.834,-4.67198,3.60172,2.88641,10.0,16.35153,17.03071,15.56142,12.75,2
5.271762851572754e-07,13.0,-0.2999999999999998,3.45856,0.836,-4.67269,3.60202,2.88666,10.0,16.35365,17.03232,15.56388,12.75,2
7.825803009639054e-07,13.0,-0.2999999999999998,3.46961,0.838,-4.67348,3.60231,2.88683,10.0,16.35594,17.03411,15.56649,12.75,2
5.163349313395026e-07,13.0,-0.2999999999999998,3.48066,0.84,-4.67433,3.60257,2.88694,10.0,16.35836,17.03606,15.56921,12.75,2
5.120824787647061e-07,13.0,-0.2999999999999998,3.49171,0.842,-4.67524,3.60283,2.88701,10.0,16.36087,17.03812,15.57203,12.75,2
5.078770747344348e-07,13.0,-0.2999999999999998,3.50276,0.844,-4.67619,3.60308,2.88702,10.0,16.36349,17.04031,15.57493,12.75,2
5.037180664124354e-07,13.0,-0.2999999999999998,3.51381,0.846,-4.67722,3.60331,2.88697,10.0,16.36626,17.04267,15.57797,12.75,2
7.478788724535745e-07,13.0,-0.2999999999999998,3.52486,0.848,-4.6783,3.60353,2.88687,10.0,16.36913,17.04514,15.5811,12.75,2
4.935193402348515e-07,13.0,-0.2999999999999998,3.53591,0.85,-4.67947,3.60372,2.88668,10.0,16.37218,17.04783,15.58439,12.75,2
4.89517731048716e-07,13.0,-0.2999999999999998,3.54696,0.852,-4.6807,3.60391,2.88644,10.0,16.37533,17.05065,15.58778,12.75,2
4.855597114836823e-07,13.0,-0.2999999999999998,3.55801,0.854,-4.68201,3.60407,2.88612,10.0,16.37866,17.05367,15.59132,12.75,2
4.816446860118135e-07,13.0,-0.2999999999999998,3.56906,0.856,-4.6834,3.60422,2.88572,10.0,16.38214,17.05686,15.59499,12.75,2
7.152189667035423e-07,13.0,-0.2999999999999998,3.58011,0.858,-4.68484,3.60436,2.88528,10.0,16.38572,17.06018,15.59875,12.75,2
4.720414010513405e-07,13.0,-0.2999999999999998,3.59116,0.86,-4.6901,3.60355,2.88105,10.0,16.39677,17.07243,15.60902,12.775,2
4.682723045923163e-07,13.0,-0.2999999999999998,3.60221,0.862,-4.69172,3.60364,2.88043,10.0,16.40071,17.07618,15.61309,12.775,2
4.645436406662213e-07,13.0,-0.2999999999999998,3.61326,0.864,-4.69343,3.60371,2.87971,10.0,16.40483,17.08014,15.61733,12.775,2
4.608548652534732e-07,13.0,-0.2999999999999998,3.62431,0.866,-4.69521,3.60376,2.87892,10.0,16.40908,17.08426,15.62167,12.775,2
6.844517850846124e-07,13.0,-0.2999999999999998,3.63536,0.868,-4.69708,3.60379,2.87806,10.0,16.4135,17.08858,15.62617,12.775,2
9.000545712827615e-07,13.0,-0.2999999999999998,3.64641,0.87,-4.69903,3.60381,2.87711,10.0,16.41808,17.09309,15.6308,12.775,2
1.1053259440412161e-06,13.0,-0.2999999999999998,3.67665,0.872,-4.70108,3.60379,2.87605,10.0,16.42287,17.09785,15.63562,12.775,2
1.0839241993990856e-06,13.0,-0.2999999999999998,3.7006,0.874,-4.7032,3.60376,2.87492,10.0,16.42779,17.10277,15.64055,12.775,2
1.0630769984008622e-06,13.0,-0.2999999999999998,3.72455,0.876,-4.7054,3.60371,2.87371,10.0,16.43287,17.10787,15.64562,12.775,2
1.042766388823788e-06,13.0,-0.2999999999999998,3.7485,0.878,-4.71141,3.60271,2.86869,10.0,16.44536,17.12185,15.65716,12.8,2
8.19939027876283e-07,13.0,-0.2999999999999998,3.77246,0.88,-4.71379,3.60261,2.86729,10.0,16.45078,17.12737,15.66253,12.8,2
1.0075048438084243e-06,13.0,-0.2999999999999998,3.79641,0.882,-4.71621,3.6025,2.86584,10.0,16.45629,17.13299,15.66797,12.8,2
9.886069866345148e-07,13.0,-0.2999999999999998,3.82036,0.884,-4.71875,3.60237,2.86429,10.0,16.46201,17.13886,15.6736,12.8,2
9.70183586057487e-07,13.0,-0.2999999999999998,3.84431,0.886,-4.72136,3.60221,2.86264,10.0,16.46789,17.14493,15.67938,12.8,2
9.522197564893721e-07,13.0,-0.2999999999999998,3.86826,0.888,-4.72405,3.60204,2.86093,10.0,16.47391,17.15116,15.68527,12.8,2
7.491415198331233e-07,13.0,-0.2999999999999998,3.89222,0.89,-4.7268,3.60185,2.85914,10.0,16.48006,17.15755,15.69128,12.8,2
9.209975940963731e-07,13.0,-0.2999999999999998,3.91617,0.892,-4.72967,3.60163,2.85724,10.0,16.48644,17.1642,15.69749,12.8,2
9.042460385115749e-07,13.0,-0.2999999999999998,3.94012,0.894,-4.73259,3.6014,2.85529,10.0,16.49291,17.17097,15.70379,12.8,2
8.879023846846257e-07,13.0,-0.2999999999999998,3.96407,0.896,-4.73958,3.60015,2.84926,10.0,16.50723,17.18705,15.717,12.825,2
6.988206499668627e-07,13.0,-0.2999999999999998,3.98802,0.898,-4.74271,3.59986,2.84709,10.0,16.5141,17.19428,15.72366,12.825,2
8.59472382780756e-07,13.0,-0.2999999999999998,4.01198,0.9,-4.74595,3.59955,2.84482,10.0,16.52117,17.20174,15.7305,12.825,2
8.442062411551127e-07,13.0,-0.2999999999999998,4.03593,0.902,-4.74927,3.59922,2.84246,10.0,16.52841,17.20939,15.73748,12.825,2
8.293031728816147e-07,13.0,-0.2999999999999998,4.05988,0.904,-4.75266,3.59888,2.84003,10.0,16.53578,17.2172,15.74459,12.825,2
8.14752383711784e-07,13.0,-0.2999999999999998,4.08383,0.906,-4.75621,3.59849,2.83745,10.0,16.54343,17.22534,15.75196,12.825,2
6.415554151514674e-07,13.0,-0.2999999999999998,4.10778,0.908,-4.75983,3.59809,2.8348,10.0,16.55123,17.23364,15.75946,12.825,2
7.89415713697512e-07,13.0,-0.2999999999999998,4.13174,0.91,-4.76355,3.59766,2.83205,10.0,16.55921,17.24215,15.76713,12.825,2
7.757970915744305e-07,13.0,-0.2999999999999998,4.15569,0.912,-4.76738,3.59721,2.82919,10.0,16.5674,17.2509,15.77499,12.825,2
7.624931029194705e-07,13.0,-0.2999999999999998,4.17964,0.914,-4.7713,3.59673,2.82625,10.0,16.57575,17.25983,15.783,12.825,2
7.494946593778347e-07,13.0,-0.2999999999999998,4.20359,0.916,-4.77983,3.59511,2.8187,10.0,16.59285,17.27902,15.79886,12.85,2
5.904365654416095e-07,13.0,-0.2999999999999998,4.22754,0.918,-4.78408,3.59456,2.81544,10.0,16.60179,17.28863,15.80743,12.85,2
7.268396213791349e-07,13.0,-0.2999999999999998,4.2515,0.92,-4.78841,3.59399,2.81209,10.0,16.6109,17.29842,15.81616,12.85,2
7.146509826281101e-07,13.0,-0.2999999999999998,4.27545,0.922,-4.79293,3.59337,2.80856,10.0,16.62035,17.30859,15.8252,12.85,2
7.027361155504798e-07,13.0,-0.2999999999999998,4.2994,0.924,-4.79755,3.59272,2.80493,10.0,16.63001,17.31899,15.83443,12.85,2
6.910873305745557e-07,13.0,-0.2999999999999998,4.32335,0.926,-4.80231,3.59205,2.80117,10.0,16.63989,17.32964,15.84389,12.85,2
5.446567962179616e-07,13.0,-0.2999999999999998,4.34731,0.928,-4.80721,3.59134,2.79727,10.0,16.65004,17.3406,15.85359,12.85,2
6.707664843174196e-07,13.0,-0.2999999999999998,4.37126,0.93,-4.81226,3.59059,2.79322,10.0,16.66047,17.35187,15.86356,12.85,2
6.598239846849453e-07,13.0,-0.2999999999999998,4.39521,0.932,-4.81747,3.58981,2.78902,10.0,16.67119,17.36346,15.8738,12.85,2
6.491206220876495e-07,13.0,-0.2999999999999998,4.41916,0.934,-4.82283,3.58899,2.78467,10.0,16.68218,17.37535,15.88431,12.85,2
6.386498603299473e-07,13.0,-0.2999999999999998,4.44311,0.936,-4.82837,3.58813,2.78015,10.0,16.69348,17.38759,15.89511,12.85,2
5.035332062149654e-07,13.0,-0.2999999999999998,4.46707,0.938,-4.83408,3.58722,2.77545,10.0,16.70512,17.4002,15.90623,12.85,2
6.203685946817559e-07,13.0,-0.2999999999999998,4.49102,0.94,-4.83995,3.58628,2.7706,10.0,16.71703,17.4131,15.91761,12.85,2
6.105161337710504e-07,13.0,-0.2999999999999998,4.51497,0.942,-4.85164,3.58389,2.75996,10.0,16.73967,17.43833,15.93887,12.875,2
6.008733202979098e-07,13.0,-0.2999999999999998,4.53892,0.944,-4.85801,3.58282,2.7546,10.0,16.75248,17.45222,15.95112,12.875,2
4.7389314666486617e-07,13.0,-0.2999999999999998,4.56287,0.946,-4.86458,3.5817,2.74906,10.0,16.76564,17.4665,15.96371,12.875,2
5.840268695302685e-07,13.0,-0.2999999999999998,4.58683,0.948,-4.87136,3.58053,2.74329,10.0,16.77918,17.48118,15.97666,12.875,2
5.749419463759373e-07,13.0,-0.2999999999999998,4.61078,0.95,-4.87832,3.57932,2.73735,10.0,16.79303,17.49622,15.98992,12.875,2
5.660463920684137e-07,13.0,-0.2999999999999998,4.63473,0.952,-4.88557,3.57803,2.73111,10.0,16.80741,17.51184,16.00368,12.875,2
2.2396927647666047e-07,13.0,-0.2999999999999998,4.65868,0.954,-4.893,3.57669,2.72469,10.0,16.82212,17.52781,16.01775,12.875,2
3.3841526251125153e-06,13.0,-0.2999999999999998,0.89347,0.554,-2.98028,3.96158,4.4282,11.0,12.47554,12.53435,12.33014,0.775,2
8.21831872764189e-06,13.0,-0.2999999999999998,0.91638,0.556,-3.49473,3.83562,3.92391,11.0,13.48832,13.67279,13.15849,1.95,2
7.890873078689456e-06,13.0,-0.2999999999999998,0.93929,0.558,-3.77189,3.76729,3.65016,11.0,14.11951,14.39981,13.67209,3.0,2
6.09123659044858e-06,13.0,-0.2999999999999998,0.9622,0.56,-4.01803,3.70617,3.40525,11.0,14.73102,15.1147,14.17143,3.925,2
4.445846887529046e-06,13.0,-0.2999999999999998,0.98511,0.562,-4.2429,3.65045,3.18189,11.0,15.34223,15.84428,14.67411,4.75,2
