# z[pc], Q_thin.d, Q_mol.g, Q_atom.gas, Q_thick.d, Q_DM, Q_st.halo with Q = Kz[km^2/s^2/kpc]
1.000000000000000000e+00 4.397336975102747125e+00 1.678007765414912367e+00 2.754806730086063027e+00 3.921491114350952878e-01 1.537440183917128333e+00 9.717632856627120286e-02
3.000000000000000000e+00 8.353001099362572290e+00 3.331232868677910908e+00 5.508831607675862330e+00 4.819281019901386354e-01 3.040781718073020112e+00 9.717632856627120286e-02
5.000000000000000000e+00 1.240505312405911198e+01 4.995744540524126975e+00 8.262948742360020304e+00 7.196415828119780977e-01 4.560979441199444651e+00 9.717632856627121674e-02
7.000000000000000000e+00 1.648934038865955287e+01 6.659116814014867103e+00 1.101628390930265233e+01 9.594613526857382890e-01 6.080990781959946467e+00 9.717632856627123061e-02
9.000000000000000000e+00 2.059993137982313627e+01 8.320953510402944175e+00 1.376925094902769864e+01 1.199281541408956819e+00 7.601222010513821736e+00 9.717632856627120286e-02
1.100000000000000000e+01 2.471872253470571223e+01 9.980802776509847263e+00 1.652214161193927566e+01 1.439114756686795671e+00 9.121948134502600780e+00 9.717632856627111959e-02
1.300000000000000000e+01 2.883417828120322213e+01 1.163888260674013253e+01 1.927302990481512168e+01 1.678926469980149383e+00 1.064117617314765774e+01 1.031344968887194791e-01
1.500000000000000000e+01 3.295155128162649305e+01 1.329288972570515881e+01 2.202470603369113178e+01 1.918712655554859703e+00 1.216282293366519340e+01 1.178715053706888283e-01
1.700000000000000000e+01 3.706577172670217379e+01 1.494643603485640249e+01 2.477477967653410218e+01 2.158635854837388734e+00 1.368196286348123181e+01 1.325780811263444769e-01
1.900000000000000000e+01 4.117819178327465579e+01 1.659477484880583020e+01 2.752331918318251169e+01 2.398412853874838824e+00 1.520230341912853333e+01 1.473077534092029628e-01
2.100000000000000000e+01 4.528928387963335211e+01 1.824043900989033062e+01 3.027101032272722492e+01 2.638266154233869010e+00 1.672198208938413444e+01 1.620285979033190826e-01
2.300000000000000000e+01 4.939383451536290437e+01 1.988172349897015678e+01 3.301443522964469679e+01 2.877911185973621500e+00 1.824251557754863029e+01 1.767687209513259250e-01
2.500000000000000000e+01 5.351028826283662454e+01 2.151728287369376602e+01 3.576498333363473847e+01 3.118038346287308027e+00 1.976248738734486921e+01 1.914755865118996092e-01
2.700000000000000000e+01 5.760875795945171518e+01 2.315057542217812525e+01 3.850442795764673320e+01 3.357657831221073419e+00 2.128122275519040940e+01 2.062124881062083470e-01
2.900000000000000000e+01 6.171517540617906405e+01 2.477278464305921801e+01 4.124790215150130024e+01 3.597467509706816280e+00 2.280650294633197461e+01 2.209630087324193637e-01
3.100000000000000000e+01 6.581267309393246023e+01 2.640132486645740428e+01 4.398705607960800990e+01 3.837439988559102400e+00 2.432016835232785823e+01 2.356331020938286225e-01
3.300000000000000000e+01 6.991193601703622562e+01 2.801156944607621568e+01 4.672562851987198229e+01 4.077167609255996972e+00 2.584520670537735398e+01 2.504148336655398488e-01
3.500000000000000000e+01 7.399328401823395041e+01 2.962675554173581816e+01 4.945173857873425050e+01 4.316004583128579597e+00 2.736606838437721123e+01 2.651575806135432201e-01
3.700000000000000000e+01 7.810696480247301565e+01 3.122304130853817128e+01 5.220227490113932589e+01 4.557563505020942429e+00 2.888368291158776557e+01 2.798416902749611967e-01
3.900000000000000000e+01 8.218469940724591538e+01 3.282353083757659107e+01 5.492607820995508661e+01 4.796597680369471206e+00 3.040408682125956830e+01 2.945782040660295253e-01
4.100000000000000000e+01 8.625688608751960373e+01 3.441628062990412218e+01 5.764580761279427179e+01 5.035523039865078765e+00 3.192495805042786472e+01 3.093202859349907241e-01
4.300000000000000000e+01 9.036455718852843688e+01 3.598732725371169749e+01 6.039302449845591525e+01 5.277344509276038487e+00 3.343619692657748033e+01 3.239487085621306495e-01
4.500000000000000000e+01 9.440559774220191969e+01 3.757563898778601441e+01 6.309165425224391299e+01 5.514813196606580092e+00 3.497187987196011250e+01 3.388399697263784760e-01
4.700000000000000000e+01 9.851311633427644665e+01 3.913582832369851872e+01 6.583063604365834465e+01 5.756087268780714084e+00 3.648612788740590673e+01 3.534940299251991824e-01
4.900000000000000000e+01 1.025712474264644385e+02 4.069326794821589743e+01 6.854455191134969994e+01 5.995602888824021370e+00 3.800494300235729384e+01 3.682149980289876057e-01
5.100000000000000000e+01 1.066247782290832049e+02 4.223991451070407521e+01 7.125636928053971531e+01 6.234839894524382586e+00 3.952374958044517683e+01 3.829369341660339154e-01
5.300000000000000000e+01 1.107278483245605543e+02 4.377609409947806540e+01 7.399089403485551486e+01 6.476834221774710798e+00 4.103475859603882725e+01 3.975844939606462680e-01
5.500000000000000000e+01 1.147509859127566330e+02 4.532573800541764086e+01 7.667580086656261074e+01 6.714714679867590519e+00 4.257612768084037924e+01 4.124698297600435937e-01
5.700000000000000000e+01 1.188166778537849666e+02 4.682988870192026098e+01 7.939639273416138110e+01 6.955157191509304226e+00 4.407421711607138093e+01 4.270474789081770139e-01
5.900000000000000000e+01 1.228177011534560421e+02 4.834818798350862323e+01 8.206660783421303051e+01 7.192609198054099373e+00 4.561707395227709583e+01 4.419417724421382254e-01
6.100000000000000000e+01 1.269323239625272635e+02 4.986035609848801897e+01 8.480546379760957620e+01 7.436289577154961528e+00 4.712486723656660814e+01 4.565547301633771649e-01
6.300000000000000000e+01 1.309498618184545364e+02 5.134781615646766539e+01 8.749414386815287514e+01 7.674836041869504299e+00 4.864158853862260656e+01 4.712551081409706577e-01
6.500000000000000000e+01 1.349741533075892335e+02 5.282782803494450974e+01 9.017899805897216936e+01 7.914171336195714446e+00 5.016389923096422621e+01 4.860097827811373228e-01
6.700000000000000000e+01 1.389949951385027305e+02 5.429577029176276426e+01 9.286089601913703007e+01 8.153705793050571415e+00 5.168816974219424054e+01 5.007835201071929587e-01
6.900000000000000000e+01 1.430004263669955833e+02 5.574651070422060428e+01 9.553226927905755872e+01 8.392766701051082023e+00 5.321017160491803111e+01 5.155373100959459443e-01
7.100000000000000000e+01 1.470323889586190376e+02 5.722907851268590917e+01 9.823365270382142000e+01 8.630796039474063264e+00 5.472524789021176161e+01 5.302254928915959287e-01
7.300000000000000000e+01 1.510918304218755566e+02 5.865480365816608099e+01 1.009286737425345990e+02 8.876493598169284738e+00 5.622860125391681407e+01 5.447991660339202014e-01
7.500000000000000000e+01 1.550351939455346155e+02 6.005979372247018233e+01 1.035562780728682100e+02 9.113235586705910052e+00 5.778010385450025410e+01 5.597405358795201069e-01
7.700000000000000000e+01 1.590605806782038769e+02 6.151547134303821451e+01 1.062544651686422839e+02 9.350386250840070801e+00 5.928523624617516674e+01 5.744306016110672930e-01
7.900000000000000000e+01 1.630522273620234159e+02 6.288429913744243294e+01 1.088989243590413025e+02 9.595368282437354068e+00 6.080235570832300596e+01 5.890292846359299617e-01
8.100000000000000000e+01 1.670484040254643787e+02 6.429905770212431548e+01 1.115781243230326396e+02 9.830247936184594693e+00 6.232552523626654306e+01 6.039048146402727912e-01
8.300000000000000000e+01 1.709564983674121947e+02 6.568175332948500511e+01 1.141604331926049269e+02 1.007284762015121338e+01 6.385500978612680711e+01 6.186162766641652988e-01
8.500000000000000000e+01 1.750616345262452000e+02 6.702979449534691980e+01 1.169192462759343698e+02 1.031360279483317477e+01 6.534143470198328885e+01 6.330195009678174500e-01
8.700000000000000000e+01 1.789663821938985961e+02 6.837488629478826851e+01 1.195167030382092008e+02 1.054932079078795759e+01 6.689887094472358342e+01 6.482468888634965731e-01
8.900000000000000000e+01 1.828889176853629976e+02 6.975545045599739069e+01 1.221274052703232371e+02 1.078880697211998552e+01 6.841866810783521657e+01 6.628469959817570034e-01
9.100000000000000000e+01 1.868287139545314801e+02 7.108049738588573518e+01 1.247478848235612361e+02 1.103438374971217151e+01 6.992528962240643864e+01 6.774516094050930803e-01
9.300000000000000000e+01 1.908528683596117901e+02 7.239371637677557203e+01 1.274054942791696874e+02 1.127244837608952110e+01 7.143867868885544681e+01 6.921179425703248844e-01
9.500000000000000000e+01 1.947915009412276390e+02 7.369557761757478431e+01 1.300479513045360989e+02 1.151129357930959074e+01 7.295748721996636732e+01 7.068410389821645490e-01
9.700000000000000000e+01 1.987123250771344374e+02 7.498474554952451854e+01 1.326540938120389228e+02 1.175065800116252390e+01 7.447992026845651026e+01 7.215964796708987938e-01
9.900000000000000000e+01 2.026268696378368759e+02 7.625844354630520172e+01 1.352567324804439579e+02 1.199032206519994403e+01 7.600478807367800016e+01 7.363792769762921298e-01
1.010000000000000000e+02 2.065326792298068881e+02 7.751522256190754945e+01 1.378507506506702214e+02 1.222995608558411362e+01 7.752983587106268715e+01 7.511611749993160059e-01
1.030000000000000000e+02 2.104216263768166186e+02 7.880226900681635982e+01 1.404514719444322282e+02 1.246931475693767588e+01 7.905373160583842207e+01 7.659361689333058498e-01
1.050000000000000000e+02 2.144131105901136323e+02 8.004756461967352266e+01 1.431016270666922594e+02 1.270804076758056844e+01 8.057403800654353176e+01 7.806728813558166946e-01
1.070000000000000000e+02 2.183235635887876356e+02 8.125858618501189312e+01 1.456862784954190033e+02 1.294581039826066871e+01 8.208893162942803201e+01 7.953629193809520492e-01
1.090000000000000000e+02 2.221911892082100337e+02 8.244415869828321775e+01 1.482488223246143093e+02 1.318821838797515156e+01 8.359611618588185422e+01 8.099728722333198183e-01
1.110000000000000000e+02 2.260220018578673944e+02 8.366599194022860786e+01 1.507869590373662447e+02 1.343364612974495387e+01 8.509287502490792576e+01 8.244901404684183976e-01
1.130000000000000000e+02 2.298086566423575334e+02 8.487933211501898256e+01 1.533111456712520067e+02 1.367014249850734942e+01 8.665686926281421165e+01 8.394313681516514247e-01
1.150000000000000000e+02 2.338917809259995124e+02 8.599786906409042331e+01 1.560338066436102622e+02 1.390427935934232195e+01 8.819280079829579222e+01 8.545400894506672840e-01
1.170000000000000000e+02 2.376783504353633987e+02 8.720160002583921255e+01 1.585140419746005591e+02 1.414583593109110637e+01 8.967087206722011672e+01 8.688719090142461576e-01
1.190000000000000000e+02 2.413734837499425510e+02 8.833612927970027329e+01 1.609514424204077727e+02 1.439379146509341822e+01 9.116767171353838251e+01 8.831460462182456617e-01
1.210000000000000000e+02 2.454554289271320897e+02 8.944315849672287300e+01 1.637136789549860509e+02 1.462321015647691880e+01 9.277415403514162051e+01 8.989605729595053774e-01
1.230000000000000000e+02 2.491655666569818379e+02 9.060695761714173102e+01 1.661103683412336238e+02 1.486720968861952485e+01 9.421592375773192884e+01 9.129414075019337549e-01
1.250000000000000000e+02 2.529611094332552170e+02 9.166132335198096825e+01 1.686742041438770912e+02 1.511060918766660066e+01 9.577007089055830136e+01 9.277527227244460883e-01
1.270000000000000000e+02 2.568988153161992045e+02 9.280020490676774614e+01 1.712263216520251206e+02 1.533690125072120303e+01 9.729784344139375207e+01 9.428261414996836898e-01
1.290000000000000000e+02 2.605266914869738457e+02 9.384980237019568960e+01 1.736714294034479167e+02 1.559656334175013725e+01 9.876556675497607785e+01 9.567805256301706862e-01
1.310000000000000000e+02 2.645530101748432799e+02 9.490504735542063486e+01 1.762795877449229351e+02 1.581323889400085925e+01 1.003645520743109927e+02 9.725682410333249539e-01
1.330000000000000000e+02 2.681376945062257278e+02 9.600254725595938510e+01 1.786973412182799734e+02 1.607849684856145345e+01 1.017955763302967540e+02 9.861450176935088185e-01
1.350000000000000000e+02 2.720994262682963836e+02 9.696251845330461094e+01 1.812489902954818604e+02 1.629276558682470011e+01 1.034054327941105385e+02 1.002059249021169718e+00
1.370000000000000000e+02 2.757803467158806825e+02 9.806100611733415917e+01 1.837419103866539274e+02 1.655739321024672250e+01 1.048550661591823570e+02 1.015803269952933796e+00
1.390000000000000000e+02 2.795038221773500027e+02 9.905880799608752341e+01 1.861131836600150677e+02 1.677771107718982435e+01 1.064091116388432567e+02 1.031188119563451577e+00
1.410000000000000000e+02 2.834407788366174827e+02 1.000002981041788530e+02 1.887932712096873331e+02 1.702840404329445434e+01 1.079392542461068416e+02 1.045700159867167134e+00
1.430000000000000000e+02 2.869235065031262479e+02 1.010253582950392826e+02 1.910786946131628952e+02 1.726618548379606821e+01 1.093616804633088293e+02 1.059833227359578967e+00
1.450000000000000000e+02 2.909074849067199011e+02 1.020275425693361200e+02 1.936108191020406082e+02 1.749048111188264443e+01 1.110435970141341073e+02 1.075786850171389863e+00
1.470000000000000000e+02 2.946178304258872913e+02 1.029456441205197308e+02 1.961373710294847683e+02 1.775723447482925721e+01 1.124557451502090260e+02 1.089479387526226084e+00
1.490000000000000000e+02 2.981271072246523204e+02 1.038576961935616225e+02 1.984417697814999997e+02 1.798130277030278279e+01 1.139540646186756305e+02 1.104378308938400277e+00
1.510000000000000000e+02 3.020350742459648359e+02 1.048045273537555033e+02 2.008974430908587010e+02 1.820989360739146790e+01 1.155879882907293137e+02 1.119838757916064909e+00
1.530000000000000000e+02 3.058167768760052354e+02 1.057811878624220014e+02 2.034853660548520224e+02 1.847613419645846022e+01 1.170227819962993578e+02 1.133751882201640138e+00
1.550000000000000000e+02 3.093497738067064802e+02 1.066636794886402697e+02 2.058013171511935582e+02 1.870359216868836683e+01 1.184663655566872507e+02 1.148037516393852542e+00
1.570000000000000000e+02 3.128986560300546671e+02 1.075380523965106505e+02 2.081215580710770894e+02 1.893218448080320826e+01 1.201594111361676340e+02 1.164273797611782735e+00
1.590000000000000000e+02 3.168850517377358074e+02 1.084037261616510648e+02 2.105907625118801150e+02 1.918082343076643070e+01 1.216254676491982138e+02 1.178373626832055043e+00
1.610000000000000000e+02 3.205482846261448344e+02 1.092607622262036244e+02 2.131242040931532813e+02 1.943058180120814171e+01 1.230873839471033051e+02 1.192543390942547799e+00
1.630000000000000000e+02 3.241048597662795032e+02 1.101088445288060740e+02 2.154455628392915401e+02 1.966187272221115023e+01 1.245559955645588985e+02 1.206773884161177257e+00
1.650000000000000000e+02 3.276716825495560670e+02 1.109472213886098189e+02 2.177696148141178298e+02 1.989413918030666650e+01 1.262042674677373810e+02 1.223228165802118905e+00
1.670000000000000000e+02 3.312387946430419561e+02 1.118205667279903679e+02 2.200968438358032415e+02 2.012753787148429652e+01 1.277226798084007982e+02 1.237488763317777574e+00
1.690000000000000000e+02 3.350393051398442026e+02 1.126341487204249887e+02 2.224250893960238500e+02 2.038814280254684164e+01 1.292046690078065865e+02 1.251850184122201615e+00
1.710000000000000000e+02 3.387822997806557623e+02 1.134322704135698956e+02 2.249522300667170214e+02 2.062681606538891899e+01 1.306916898387831623e+02 1.266268697967036561e+00
1.730000000000000000e+02 3.423413814600701244e+02 1.142191261919685843e+02 2.273124920023619495e+02 2.086179528403177130e+01 1.321846122821822291e+02 1.280748136192646047e+00
1.750000000000000000e+02 3.459038325224947812e+02 1.149945292244715205e+02 2.296247918537612804e+02 2.109766903085404977e+01 1.336833867427160953e+02 1.295605301540576848e+00
1.770000000000000000e+02 3.494691427300376176e+02 1.157585009797367377e+02 2.319342108237872822e+02 2.133420745090963777e+01 1.353155394945889611e+02 1.311310359393920821e+00
1.790000000000000000e+02 3.530324178580825674e+02 1.165105210755741894e+02 2.342409702430349228e+02 2.157139908745246970e+01 1.368347926870817446e+02 1.325844235517929848e+00
1.810000000000000000e+02 3.565931041580134320e+02 1.172500880699167567e+02 2.365455215378418927e+02 2.180937504918039949e+01 1.383377713577488350e+02 1.340418606726472062e+00
1.830000000000000000e+02 3.601525991939985261e+02 1.179770002467572567e+02 2.388458635462441748e+02 2.205246664715247817e+01 1.398443617967731711e+02 1.355021446216018610e+00
1.850000000000000000e+02 3.637192287514795908e+02 1.186913061921484314e+02 2.411403551280644706e+02 2.230292062177269230e+01 1.413534956540957808e+02 1.369655639013703796e+00
1.870000000000000000e+02 3.672717353431244192e+02 1.194005838710981351e+02 2.434297361204808396e+02 2.254068943673316738e+01 1.428656751442430846e+02 1.384326050151794885e+00
1.890000000000000000e+02 3.708170810261563020e+02 1.201431712879877693e+02 2.457136322659976315e+02 2.277896081250194982e+01 1.443811367133056933e+02 1.399020909932069845e+00
1.910000000000000000e+02 3.743575159887628843e+02 1.208279760345925524e+02 2.479899438310702635e+02 2.301750529116628741e+01 1.458985387448833535e+02 1.413729946871217003e+00
1.930000000000000000e+02 3.778917445104356148e+02 1.214992064850972042e+02 2.502571893611433325e+02 2.325618312582424707e+01 1.474170330373304125e+02 1.428459914469337733e+00
1.950000000000000000e+02 3.814163958597976034e+02 1.221565323916396864e+02 2.525162288105389052e+02 2.349509249403803679e+01 1.489373564927412303e+02 1.443210411632085410e+00
1.970000000000000000e+02 3.849293927183426831e+02 1.227996130317354613e+02 2.547663357355831977e+02 2.373422966993439687e+01 1.504592626465079661e+02 1.457968557027172096e+00
1.990000000000000000e+02 3.884327472929491591e+02 1.234282386517826637e+02 2.570054412706006133e+02 2.397336783040146813e+01 1.519813607367404131e+02 1.472724846753012296e+00
2.010000000000000000e+02 3.919248787382360319e+02 1.240423426512686689e+02 2.592320514674568699e+02 2.421238022378075527e+01 1.535028734279974856e+02 1.487487232688429417e+00
2.030000000000000000e+02 3.954024978296231438e+02 1.246419018326801336e+02 2.614466717747025655e+02 2.445134209623864052e+01 1.550245413763366855e+02 1.502252845514985724e+00
2.050000000000000000e+02 3.988634168780116624e+02 1.253133125129590155e+02 2.636487399623786700e+02 2.469024287005871088e+01 1.565459542606005527e+02 1.517008571262974836e+00
2.070000000000000000e+02 4.023088172138144500e+02 1.259484938528952682e+02 2.658363838255227733e+02 2.492885923994256103e+01 1.580657357708517736e+02 1.531744660085804455e+00
2.090000000000000000e+02 4.057375891948370850e+02 1.265136901640350402e+02 2.680079306047861678e+02 2.516702993732549842e+01 1.595830226033064321e+02 1.546466957247322416e+00
2.110000000000000000e+02 4.091468264004675461e+02 1.270637664174436452e+02 2.701629817588143965e+02 2.540479988799000566e+01 1.610982604508200495e+02 1.561173281510538802e+00
2.130000000000000000e+02 4.125340123514487232e+02 1.275986661284231474e+02 2.723016914956623964e+02 2.564220507141808270e+01 1.626112470016146290e+02 1.575851474913004813e+00
2.150000000000000000e+02 4.159056772405435822e+02 1.281720724057922496e+02 2.744225903498586945e+02 2.588447397598524802e+01 1.641207072522422550e+02 1.590490505722431003e+00
2.170000000000000000e+02 4.192540313247243375e+02 1.288205031350590843e+02 2.767015597180057398e+02 2.613878247861866200e+01 1.656255281351733402e+02 1.605090110833547357e+00
2.190000000000000000e+02 4.225734017911394744e+02 1.293193086879555551e+02 2.789657495552775686e+02 2.637736118388733075e+01 1.671254854811231212e+02 1.619652309650362554e+00
2.210000000000000000e+02 4.262965558967102311e+02 1.298026754421345572e+02 2.810613864407643518e+02 2.661532785701997739e+01 1.686210127846551643e+02 1.634167459953095314e+00
2.230000000000000000e+02 4.297333869597546254e+02 1.302706515378892220e+02 2.831361089375449751e+02 2.685247033305967079e+01 1.701378113727180335e+02 1.648622193663139779e+00
2.250000000000000000e+02 4.330253137889293384e+02 1.309472140486982141e+02 2.851881032664340410e+02 2.708857244303403888e+01 1.718192351035598051e+02 1.664517085838248311e+00
2.270000000000000000e+02 4.362888839316817098e+02 1.314023920561671446e+02 2.872158546043555702e+02 2.732355796949493154e+01 1.733185139327812863e+02 1.679726085895193455e+00
2.290000000000000000e+02 4.395175484407044451e+02 1.318333871845882470e+02 2.892182844492561458e+02 2.755742288018984354e+01 1.748115750520740619e+02 1.694222164928957941e+00
2.310000000000000000e+02 4.427116991418499765e+02 1.322989773378476173e+02 2.915831440401283885e+02 2.779012403804025055e+01 1.762973745120226283e+02 1.708641506744584593e+00
2.330000000000000000e+02 4.460989122126114808e+02 1.329152437504812383e+02 2.937283195614805322e+02 2.803752092204766555e+01 1.777746082041979889e+02 1.722974000444134290e+00
2.350000000000000000e+02 4.499013407113296807e+02 1.333090034637881445e+02 2.956933795411663368e+02 2.830279023395234361e+01 1.792421703710888039e+02 1.737217255118548742e+00
2.370000000000000000e+02 4.530529310182263316e+02 1.336875488665461091e+02 2.976296325682045563e+02 2.853526654636969084e+01 1.806993086292596047e+02 1.751371061413036445e+00
2.390000000000000000e+02 4.561686370196464395e+02 1.342772135777840674e+02 2.995362314009908005e+02 2.876625670317710970e+01 1.824604180632335044e+02 1.767398970578825557e+00
2.410000000000000000e+02 4.592447701491648218e+02 1.346963808647721521e+02 3.017952133145323614e+02 2.899557788259239288e+01 1.839791167248649515e+02 1.783182893932369728e+00
2.430000000000000000e+02 4.624660566078179613e+02 1.350377943604283075e+02 3.040019157286312748e+02 2.922303145199518326e+01 1.854333136670055922e+02 1.797294669296009673e+00
2.450000000000000000e+02 4.664024462850522355e+02 1.355604209749808717e+02 3.058610115671059475e+02 2.947297064933060895e+01 1.868748635882547831e+02 1.811292940316887812e+00
2.470000000000000000e+02 4.694344433709223381e+02 1.359949203817538432e+02 3.076866798309594628e+02 2.974407530825778778e+01 1.883032479591483366e+02 1.825170936606208993e+00
2.490000000000000000e+02 4.724010907462621844e+02 1.362995701994203159e+02 3.095999606388036796e+02 2.997039509064572727e+01 1.898985604175106516e+02 1.839490336406250259e+00
2.510000000000000000e+02 4.753302500145748581e+02 1.368133100255108729e+02 3.121061158825860389e+02 3.019451392145659341e+01 1.916256058960108248e+02 1.857399284951557261e+00
2.530000000000000000e+02 4.792861375537158892e+02 1.372045638039602693e+02 3.138762611852669693e+02 3.041624168964298036e+01 1.930451531068456745e+02 1.871178762169625198e+00
2.550000000000000000e+02 4.824416476367694031e+02 1.374730448311354962e+02 3.156095591783223995e+02 3.067403523384092523e+01 1.944487473547961258e+02 1.884812995345203079e+00
2.570000000000000000e+02 4.853053042440142235e+02 1.380341652859389967e+02 3.175254941276128875e+02 3.094305606326819458e+01 1.958356358141384135e+02 1.898292774112815717e+00
2.590000000000000000e+02 4.881002925803716721e+02 1.383259120003844203e+02 3.199707616198402889e+02 3.116267061128638716e+01 1.976395422004164004e+02 1.914522203230681896e+00
2.610000000000000000e+02 4.922443687795765186e+02 1.386321108879403994e+02 3.216391574426685906e+02 3.137952389096657768e+01 1.991905393761692835e+02 1.930843421639593549e+00
2.630000000000000000e+02 4.951517891928585868e+02 1.391485183930792857e+02 3.232673438691028309e+02 3.160685792905364266e+01 2.005622998516335826e+02 1.944164567482830508e+00
2.650000000000000000e+02 4.978941602313549311e+02 1.393601949633096524e+02 3.255635305676523785e+02 3.191052799957348540e+01 2.019144681473746914e+02 1.957300293358317234e+00
2.670000000000000000e+02 5.010807705381196229e+02 1.398021084285079780e+02 3.275583289953989947e+02 3.212433385901434946e+01 2.036512067323968438e+02 1.972789682716838300e+00
2.690000000000000000e+02 5.049029061722945926e+02 1.401310943435394165e+02 3.291133520343970531e+02 3.233494470439367063e+01 2.052899154585140877e+02 1.990068256161620308e+00
2.710000000000000000e+02 5.075269439645290959e+02 1.403737705400775440e+02 3.309815648253533027e+02 3.256779090314815051e+01 2.066213578641017818e+02 2.003007398806862405e+00
2.730000000000000000e+02 5.101098737516184656e+02 1.408718393022291480e+02 3.333504391735998524e+02 3.286910655401993608e+01 2.079305143702593170e+02 2.015728248215647778e+00
2.750000000000000000e+02 5.144485753669994210e+02 1.410292904841501525e+02 3.348276965004903332e+02 3.307594071867139718e+01 2.098467798170217975e+02 2.032839240251221202e+00
2.770000000000000000e+02 5.170268305651562741e+02 1.414895822045378964e+02 3.364470977977596249e+02 3.327898978703914423e+01 2.113213445080518511e+02 2.048633427186910883e+00
2.790000000000000000e+02 5.195050306409847281e+02 1.417195896140322873e+02 3.390072543048034390e+02 3.355790018533635077e+01 2.126026695783728542e+02 2.061097890904040941e+00
2.810000000000000000e+02 5.235611168705887621e+02 1.420334612533798406e+02 3.403994417129022736e+02 3.381479747115108125e+01 2.140796407205654077e+02 2.073892049138436722e+00
2.830000000000000000e+02 5.263871086161714175e+02 1.423803538162836730e+02 3.419542177437962778e+02 3.401324347225743594e+01 2.160082715358204553e+02 2.094151447564681412e+00
2.850000000000000000e+02 5.287166909480235972e+02 1.425676924168948005e+02 3.445115931703180081e+02 3.423488101498465852e+01 2.172589135719746878e+02 2.106308105011274634e+00
2.870000000000000000e+02 5.327885518808219558e+02 1.430117640540806008e+02 3.458146240012654289e+02 3.455079955427559923e+01 2.184814084294677343e+02 2.118195230616970459e+00
2.890000000000000000e+02 5.355519578598710950e+02 1.430921492260434604e+02 3.475040379691306498e+02 3.474371787562054692e+01 2.205906406123098407e+02 2.137009767002213234e+00
2.910000000000000000e+02 5.377397110556274811e+02 1.436142046155040362e+02 3.498551216231425656e+02 3.493194656840046264e+01 2.218875532054073005e+02 2.151275398643343273e+00
2.930000000000000000e+02 5.421255532307030762e+02 1.436834191504039779e+02 3.510617897046607823e+02 3.527551575437744447e+01 2.230723577503692070e+02 2.162806944338786508e+00
2.950000000000000000e+02 5.445172522088813594e+02 1.441114323506376422e+02 3.530904383461028146e+02 3.546939147311130114e+01 2.250419502746229341e+02 2.180169818097846157e+00
2.970000000000000000e+02 5.468634242663418945e+02 1.442391904044829687e+02 3.550205766337643354e+02 3.565125447181583951e+01 2.264846427490552401e+02 2.195921379865987344e+00
2.990000000000000000e+02 5.512635312967200889e+02 1.446058834602792160e+02 3.561261561893340399e+02 3.598688791673384912e+01 2.276266192192564688e+02 2.207036646213029307e+00
3.010000000000000000e+02 5.532552814695543475e+02 1.447672244608106951e+02 3.587140137125939532e+02 3.618859155352267720e+01 2.295807514283661988e+02 2.224176950534470620e+00
3.030000000000000000e+02 5.563496982527465207e+02 1.450900323951348128e+02 3.599994627346593461e+02 3.636307227619433746e+01 2.310373327803205541e+02 2.240169136271928707e+00
3.050000000000000000e+02 5.599135448130660961e+02 1.452680934981021039e+02 3.615380392316732809e+02 3.671244483901235611e+01 2.321320822214244401e+02 2.250833561271311289e+00
3.070000000000000000e+02 5.617509251708053171e+02 1.455638721613674420e+02 3.638287163360790260e+02 3.690028034019645276e+01 2.342131235405736334e+02 2.269097583194774614e+00
3.090000000000000000e+02 5.659576144033512719e+02 1.457424454223699115e+02 3.647751265582060682e+02 3.708084345926834402e+01 2.355407699522167775e+02 2.283922054926231127e+00
3.110000000000000000e+02 5.683002973351385663e+02 1.460273420581881396e+02 3.672071804291903163e+02 3.743869030136326614e+01 2.365826697589578487e+02 2.294070765261342348e+00
3.130000000000000000e+02 5.708965131968977857e+02 1.461908459652076431e+02 3.685072510447879495e+02 3.760258701872320586e+01 2.389365764661781100e+02 2.314899502569791601e+00
3.150000000000000000e+02 5.747536072461857657e+02 1.464801656679711357e+02 3.700537398645519716e+02 3.782821968547017377e+01 2.399807940453363244e+02 2.327090577003993133e+00
3.170000000000000000e+02 5.764052628301382128e+02 1.466138527161627394e+02 3.721912232753157923e+02 3.813951130673758882e+01 2.413345003750549438e+02 2.338161993969139374e+00
3.190000000000000000e+02 5.806431387124640651e+02 1.469223004473235505e+02 3.729656927060637486e+02 3.829416953384694011e+01 2.433870404202459952e+02 2.360175887623955138e+00
3.210000000000000000e+02 5.827729653407625392e+02 1.470122250669513733e+02 3.757633924908422500e+02 3.859109664233197634e+01 2.443515163247627697e+02 2.369578339345791651e+00
3.230000000000000000e+02 5.856678116055936698e+02 1.473537989275363600e+02 3.765389061101756170e+02 3.882895198363003431e+01 2.462036208185878934e+02 2.385363266199156396e+00
3.250000000000000000e+02 5.890424273635608188e+02 1.473867974517098958e+02 3.786271109031732180e+02 3.897807589719320731e+01 2.477407178139243626e+02 2.402501322358512326e+00
3.270000000000000000e+02 5.907177762630724374e+02 1.477746493201617000e+02 3.800590110226726210e+02 3.936398432323820629e+01 2.486729067445458838e+02 2.411261064410243460e+00
3.290000000000000000e+02 5.953174149347864841e+02 1.477746493201682085e+02 3.814968412931300463e+02 3.950476598873500222e+01 2.511328494063076846e+02 2.433533696905213706e+00
3.310000000000000000e+02 5.966205912164822394e+02 1.481483519991241451e+02 3.835227270785126734e+02 3.976374080858510496e+01 2.520069948283923225e+02 2.444007912660874915e+00
3.330000000000000000e+02 6.006653422562087599e+02 1.481845853773902206e+02 3.843706803795861902e+02 4.003672863150649164e+01 2.536896618600490285e+02 2.457982554446571211e+00
3.350000000000000000e+02 6.026996008833507403e+02 1.484667654405363635e+02 3.869262312025146571e+02 4.016266339916020200e+01 2.553771320896753139e+02 2.476741834065836478e+00
3.370000000000000000e+02 6.057946139440130082e+02 1.485836077796498103e+02 3.873882454294387117e+02 4.056844929974079861e+01 2.562354382233764341e+02 2.484534612615805660e+00
3.390000000000000000e+02 6.087670833245236963e+02 1.487638432599424618e+02 3.901285449585704441e+02 4.069310307231073409e+01 2.587441621358350972e+02 2.507596625433493820e+00
3.410000000000000000e+02 6.109036805087725952e+02 1.489718256190161867e+02 3.906656307500581988e+02 4.097195289729752687e+01 2.595133922807593763e+02 2.517001345960252046e+00
3.430000000000000000e+02 6.147636841759732533e+02 1.490405308919627885e+02 3.930137409429486866e+02 4.122002049815895219e+01 2.614019456759685909e+02 2.532795368960202964e+00
3.450000000000000000e+02 6.160294270950627151e+02 1.493492784868728904e+02 3.938791574623328415e+02 4.138289726667834856e+01 2.628505192556976908e+02 2.549442085345008380e+00
3.470000000000000000e+02 6.206923158694588665e+02 1.493492784868750789e+02 3.959010321699824999e+02 4.174649378144211198e+01 2.640257886393033573e+02 2.558241646413116577e+00
3.490000000000000000e+02 6.214399003416856431e+02 1.496642783057038741e+02 3.970252285191450596e+02 4.185280299178373298e+01 2.661825995499324904e+02 2.581817358244889782e+00
3.510000000000000000e+02 6.263006390557915211e+02 1.497157275978482005e+02 3.987890909253316067e+02 4.221704152729775927e+01 2.668319422157415488e+02 2.588186476583601348e+00
3.530000000000000000e+02 6.271948901044981994e+02 1.498920795257397174e+02 4.001022757115554214e+02 4.237276680894483860e+01 2.693492051540234229e+02 2.609879172700584338e+00
3.550000000000000000e+02 6.315042998207042046e+02 1.500712165443764832e+02 4.016794547027566296e+02 4.264013174729833366e+01 2.701208824666071564e+02 2.620180751654541229e+00
3.570000000000000000e+02 6.328600313429316202e+02 1.501024258348518003e+02 4.031097432317075686e+02 4.289140787318746106e+01 2.720515412861241202e+02 2.636105651337511180e+00
3.590000000000000000e+02 6.367355763549347785e+02 1.504159058395146076e+02 4.045715881476671143e+02 4.306774195184397058e+01 2.734020973204406459e+02 2.652092706517770182e+00
3.610000000000000000e+02 6.384423460440741565e+02 1.504159058395211161e+02 4.060449810692773553e+02 4.340866650516029068e+01 2.747820140342957416e+02 2.662590030083923587e+00
3.630000000000000000e+02 6.419951314725736893e+02 1.506303397906657722e+02 4.074635994067050433e+02 4.349968998368153450e+01 2.766723939837296484e+02 2.683882817016566502e+00
3.650000000000000000e+02 6.439375205108140108e+02 1.507498865215787305e+02 4.089050593772229831e+02 4.392386835937340805e+01 2.775389811492459557e+02 2.689322447113057901e+00
3.670000000000000000e+02 6.472953317619113704e+02 1.507982441081769878e+02 4.103541242104438993e+02 4.399650848625736188e+01 2.799280947753980513e+02 2.715556646019619436e+00
3.690000000000000000e+02 6.493294819151233241e+02 1.510729641906538916e+02 4.116887937966224627e+02 4.437596509713733184e+01 2.803583592300836926e+02 2.719817215120714060e+00
3.710000000000000000e+02 6.526311244388484738e+02 1.510729641906625602e+02 4.132445180252564683e+02 4.450271560765003898e+01 2.831338803072026735e+02 2.743629652327575830e+00
3.730000000000000000e+02 6.546059748753493750e+02 1.512641962547745038e+02 4.143953344877375571e+02 4.482090885981725847e+01 2.835570312792468144e+02 2.750947892149428142e+00
3.750000000000000000e+02 6.579868248752545696e+02 1.513852240274198664e+02 4.161342386403872524e+02 4.500653940406329667e+01 2.859752814545401520e+02 2.771194472126639052e+00
3.770000000000000000e+02 6.597872492762027150e+02 1.513940457931010997e+02 4.170225478151642733e+02 4.527036887384198138e+01 2.867386833099120054e+02 2.781896614691264702e+00
3.790000000000000000e+02 6.633665001521840168e+02 1.516868706790286865e+02 4.190214180394436312e+02 4.550734399532047547e+01 2.888442735573528921e+02 2.799017388894047276e+00
3.810000000000000000e+02 6.648689722774208803e+02 1.516868706790286865e+02 4.195680324670276491e+02 4.572408037569982753e+01 2.898992611444390946e+02 2.812649665798113041e+00
3.830000000000000000e+02 6.687663417215027266e+02 1.518030950099172856e+02 4.219046676035009682e+02 4.600468633483801995e+01 2.917401181665082390e+02 2.827129836164536503e+00
3.850000000000000000e+02 6.698448609972169834e+02 1.519780440335533456e+02 4.220299806748789706e+02 4.618216289543474318e+01 2.930376485948092977e+02 2.843212494000666446e+00
3.870000000000000000e+02 6.741835513062617338e+02 1.519780440335533456e+02 4.247851456381547450e+02 4.649865206302994380e+01 2.946664038994909447e+02 2.855539210596466759e+00
3.890000000000000000e+02 6.747103453716885042e+02 1.521803663579032388e+02 4.247851456381720823e+02 4.664513365653895960e+01 2.961541930765216080e+02 2.873556446885772608e+00
3.910000000000000000e+02 6.796222225688003391e+02 1.522586092666828392e+02 4.272852261752793765e+02 4.698897736067153375e+01 2.976232009648883263e+02 2.884228537093818989e+00
3.930000000000000000e+02 6.797583758001985643e+02 1.522586092666871593e+02 4.276622989873284837e+02 4.711280615284360351e+01 2.992456173224291547e+02 2.903643369234986338e+00
3.950000000000000000e+02 6.847893636279162592e+02 1.525270837841961225e+02 4.295732939761184639e+02 4.747501112128152556e+01 3.006087298048581147e+02 2.913186440426122736e+00
3.970000000000000000e+02 6.852137215838370139e+02 1.525286907128270570e+02 4.305342976601775717e+02 4.758490421160032469e+01 3.023081959622335830e+02 2.933469319237683948e+00
3.990000000000000000e+02 6.894535908185789594e+02 1.525850303971164408e+02 4.317731269171518989e+02 4.795639854999289753e+01 3.036221729922628469e+02 2.942445149049726094e+00
4.010000000000000000e+02 6.906906930793104493e+02 1.527885279345615572e+02 4.333997428809676080e+02 4.806153931942408519e+01 3.053413655574287304e+02 2.963028596285335770e+00
4.030000000000000000e+02 6.939918157541967503e+02 1.527885279345615857e+02 4.338838167520666502e+02 4.843322454550050082e+01 3.066672378899265823e+02 2.972013169170914182e+00
4.050000000000000000e+02 6.961867149797665206e+02 1.528855270005978184e+02 4.362595828165443663e+02 4.854325709397565447e+01 3.083443882776793430e+02 2.992287591390728974e+00
4.070000000000000000e+02 6.984021121293455963e+02 1.530383043340513041e+02 4.362595828165518128e+02 4.890507150164466310e+01 3.097440733719482182e+02 3.001872864140000097e+00
4.090000000000000000e+02 7.017059160117141801e+02 1.530383043340513325e+02 4.387583713956130964e+02 4.902986939075157125e+01 3.113138407827200353e+02 3.021209462250249000e+00
4.110000000000000000e+02 7.026814561180229930e+02 1.531599223434211865e+02 4.391132492681786630e+02 4.937130000919748340e+01 3.128508273139360085e+02 3.032012054870862450e+00
4.130000000000000000e+02 7.072487134553041415e+02 1.532779566475531112e+02 4.406809596993292644e+02 4.952108820452122728e+01 3.142460514702402179e+02 3.049786654973587030e+00
4.150000000000000000e+02 7.074322610928099948e+02 1.532779566475531396e+02 4.419589660318305278e+02 4.983152458376213900e+01 3.159865997721817052e+02 3.062463754207993105e+00
4.170000000000000000e+02 7.122052715662214268e+02 1.534095763311166820e+02 4.425106089864113414e+02 5.001701622696894134e+01 3.171395671488181733e+02 3.078009126510603544e+00
4.190000000000000000e+02 7.129772172890036472e+02 1.535076447473472570e+02 4.447953403872347735e+02 5.028568443184111203e+01 3.191552173027480990e+02 3.093237660509476239e+00
4.210000000000000000e+02 7.162452579804207744e+02 1.535076447473473138e+02 4.447953403872600688e+02 5.051822847297010810e+01 3.199936253527311010e+02 3.105846431149642317e+00
4.230000000000000000e+02 7.185347136353810811e+02 1.536360761235713426e+02 4.470740623726624676e+02 5.073343619775254609e+01 3.223569148997528941e+02 3.124315454938631387e+00
4.250000000000000000e+02 7.201457119322058134e+02 1.537276323811468046e+02 4.476231002698653469e+02 5.102453557834223119e+01 3.228053226599086543e+02 3.133261625645037185e+00
4.270000000000000000e+02 7.241083802870089130e+02 1.537276323811467762e+02 4.487064383955525386e+02 5.117419007622881111e+01 3.255897651852773720e+02 3.155684121751225479e+00
4.290000000000000000e+02 7.243442619571271734e+02 1.538410092477527940e+02 4.504416585804881379e+02 5.153563726467886141e+01 3.255897651852513377e+02 3.160228066752105658e+00
4.310000000000000000e+02 7.292571937154699526e+02 1.539381385586881095e+02 4.504416585804881379e+02 5.160740356832628351e+01 3.288337840377797079e+02 3.187377445377750362e+00
4.330000000000000000e+02 7.299766081028037661e+02 1.539381385586881663e+02 4.530511803060462626e+02 5.205162664850259091e+01 3.288527820437395803e+02 3.187377445377705065e+00
4.350000000000000000e+02 7.328805668506718121e+02 1.540258226854790848e+02 4.532493101511377063e+02 5.205162664850071508e+01 3.315830447140388628e+02 3.218766945152322645e+00
4.370000000000000000e+02 7.355922042502895692e+02 1.541391789455478261e+02 4.544805226338416446e+02 5.255416318050728108e+01 3.321499114609295020e+02 3.219406403128822536e+00
4.390000000000000000e+02 7.363568720563637271e+02 1.541391789455434207e+02 4.560446865105100187e+02 5.257310914346358999e+01 3.342826790908746943e+02 3.245119990449369052e+00
4.410000000000000000e+02 7.412073851684127703e+02 1.541919523067929845e+02 4.560446865105359961e+02 5.297680505303459597e+01 3.354814824290007209e+02 3.251751973268866003e+00
4.430000000000000000e+02 7.413480629144793284e+02 1.543309441258064965e+02 4.585966450383746178e+02 5.309989463489483086e+01 3.369288277654649164e+02 3.270947329845399931e+00
4.450000000000000000e+02 7.451637358459711322e+02 1.543309441258107597e+02 4.588282889515879788e+02 5.339070667016113703e+01 3.388454895732803038e+02 3.284400269528572558e+00
4.470000000000000000e+02 7.470243549161199326e+02 1.543408888690818515e+02 4.598197941873584114e+02 5.363167011217446145e+01 3.395180371027275896e+02 3.296233947159649347e+00
4.490000000000000000e+02 7.482882531653698379e+02 1.545137104066920415e+02 4.615995081675827123e+02 5.379543092998108023e+01 3.422408568316478750e+02 3.317385832721385874e+00
4.510000000000000000e+02 7.527196090414779519e+02 1.545137104066877498e+02 4.615995081675870892e+02 5.416851830794156086e+01 3.422408568316489550e+02 3.320958366830639275e+00
4.530000000000000000e+02 7.528025341048587507e+02 1.545137104066876361e+02 4.637026689141954421e+02 5.419056071580814660e+01 3.454776276710045977e+02 3.350721010241596076e+00
4.550000000000000000e+02 7.568951696567230556e+02 1.546481308172670879e+02 4.643567285934947222e+02 5.471107603063065028e+01 3.456716496273292591e+02 3.350721010241447750e+00
4.570000000000000000e+02 7.585141033107055364e+02 1.546877223682421061e+02 4.647161816534329546e+02 5.471107603063296665e+01 3.479808637797577830e+02 3.378762896405790084e+00
4.590000000000000000e+02 7.596933685531799938e+02 1.546877223682464546e+02 4.670986260478729832e+02 5.512399481098702836e+01 3.491382992670809244e+02 3.384386056729870695e+00
4.610000000000000000e+02 7.642384733407319573e+02 1.547585043873596931e+02 4.670986260478821350e+02 5.525915293874851386e+01 3.504190140967660909e+02 3.402596628348770302e+00
4.630000000000000000e+02 7.643870043871785356e+02 1.548530762247737584e+02 4.683585591691614809e+02 5.550431546264710647e+01 3.526387195828821177e+02 3.418366180425226553e+00
4.650000000000000000e+02 7.679043190997282409e+02 1.548530762247782206e+02 4.698254732926667998e+02 5.581242281101751956e+01 3.527887723554011927e+02 3.425774549032446714e+00
4.670000000000000000e+02 7.700563088132645362e+02 1.548530762247781638e+02 4.698254732926620818e+02 5.587361277366569823e+01 3.561717406686503296e+02 3.452696660780123050e+00
4.690000000000000000e+02 7.703635477240546834e+02 1.550130886973470581e+02 4.718721717634696802e+02 5.637095715957472208e+01 3.561717406686329355e+02 3.452696660780123050e+00
4.710000000000000000e+02 7.759080420921951600e+02 1.550099872674875883e+02 4.725366364357816451e+02 5.637095715957905639e+01 3.586551899876188259e+02 3.482963118525949753e+00
4.730000000000000000e+02 7.760407393663217590e+02 1.550099872674876735e+02 4.725366364357950602e+02 5.679570681368829099e+01 3.597415471467983821e+02 3.487391310877764106e+00
4.750000000000000000e+02 7.782702904875495733e+02 1.550912249980839022e+02 4.752547369169180911e+02 5.693542517334579145e+01 3.609148306960610739e+02 3.505099523773889114e+00
4.770000000000000000e+02 7.817237771064366143e+02 1.551587326126821154e+02 4.752306091216441928e+02 5.714734126588329843e+01 3.633486814078983684e+02 3.522429641060649708e+00
4.790000000000000000e+02 7.819652046343474012e+02 1.551587326126865776e+02 4.758283927897840044e+02 5.750563686643536698e+01 3.633486814079016654e+02 3.526484236344705092e+00
4.810000000000000000e+02 7.859478384112568392e+02 1.551587326126821154e+02 4.779061330958472809e+02 5.750563686643535277e+01 3.667396122854112264e+02 3.557795917979866385e+00
4.830000000000000000e+02 7.877308134096889489e+02 1.553003873665596188e+02 4.779061330958484177e+02 5.806214934320416177e+01 3.669909736441646260e+02 3.557795917980000944e+00
4.850000000000000000e+02 7.879509046387792068e+02 1.552995709483981557e+02 4.789625484749940370e+02 5.808125230791715410e+01 3.688753962900574948e+02 3.582802828187088728e+00
4.870000000000000000e+02 7.934249132416103976e+02 1.552995709483894871e+02 4.805632560729404759e+02 5.839372213311275317e+01 3.706671560822771880e+02 3.593526139294028976e+00
4.890000000000000000e+02 7.936284819448191001e+02 1.553524467212945979e+02 4.805632560729491161e+02 5.866233092561190432e+01 3.709266836058114336e+02 3.602945660321869692e+00
4.910000000000000000e+02 7.952760139764587848e+02 1.554326742880851384e+02 4.819630598164278581e+02 5.871176776373828687e+01 3.743815320409185006e+02 3.629635683992488371e+00
4.930000000000000000e+02 7.994522629611371940e+02 1.554326742880849679e+02 4.832013185706655918e+02 5.924957525918446066e+01 3.743815320408971843e+02 3.629635683992214368e+00
4.950000000000000000e+02 7.995277631957414997e+02 1.554326742880894585e+02 4.832013185706930471e+02 5.924957525918348011e+01 3.766430207955837091e+02 3.658712598540417194e+00
4.970000000000000000e+02 8.025440053200300099e+02 1.555229819244973157e+02 4.848287633718446727e+02 5.960900324479896284e+01 3.781347642307812293e+02 3.666103297575509679e+00
4.990000000000000000e+02 8.053476017149824884e+02 1.555582755612734616e+02 4.858189436852123322e+02 5.984279632392594550e+01 3.785530564021848363e+02 3.677479569078705435e+00
5.010000000000000000e+02 8.054265114204072233e+02 1.555582755612779806e+02 4.858189436852226208e+02 5.990424489244477257e+01 3.819245963119296334e+02 3.702912267837317639e+00
5.030000000000000000e+02 8.096456453222012897e+02 1.555582755612691415e+02 4.875584879515358807e+02 6.044163995860310479e+01 3.819245963119338967e+02 3.702912267837243032e+00
5.050000000000000000e+02 8.112666477158705902e+02 1.556730309929889131e+02 4.884149619272196787e+02 6.044163995860112237e+01 3.841932566065018477e+02 3.732505511948783550e+00
5.070000000000000000e+02 8.114451647589069125e+02 1.556766416662813128e+02 4.884149619271971119e+02 6.078868584225884319e+01 3.857496584914500204e+02 3.740099287380144411e+00
5.090000000000000000e+02 8.164219665958626138e+02 1.556766416662857182e+02 4.901522198093623501e+02 6.104615261654454628e+01 3.859447829339500231e+02 3.749768451397748503e+00
5.110000000000000000e+02 8.171904642368712075e+02 1.556930368419540400e+02 4.909892056302200558e+02 6.105841829016651445e+01 3.896143719972205304e+02 3.777681406065174663e+00
5.130000000000000000e+02 8.174855456510767908e+02 1.557880334305660597e+02 4.909892056302079482e+02 6.165707113727196997e+01 3.896143719972142208e+02 3.777681406065213743e+00
5.150000000000000000e+02 8.230321458042324139e+02 1.557880334305660597e+02 4.926100752451062590e+02 6.165707113727414423e+01 3.914977042843332811e+02 3.803994389124540465e+00
5.170000000000000000e+02 8.231898856471220824e+02 1.557880334305660597e+02 4.935409905899249452e+02 6.192880076553216639e+01 3.935195295773959856e+02 3.815636584220087002e+00
5.190000000000000000e+02 8.238890225147126785e+02 1.558142501616264326e+02 4.935409905899335854e+02 6.227420825068836052e+01 3.935195295773873454e+02 3.819601345559758609e+00
5.210000000000000000e+02 8.289954380669448710e+02 1.558926876456256991e+02 4.949318621133396050e+02 6.227420825069378196e+01 3.970218533831323953e+02 3.853947092305681998e+00
5.230000000000000000e+02 8.292391549420611909e+02 1.558926876456256991e+02 4.960690896847925728e+02 6.279410138168746158e+01 3.974627854258245065e+02 3.853947092305411104e+00
5.250000000000000000e+02 8.300883994219649367e+02 1.558926876456256991e+02 4.960690896848186071e+02 6.289719502164370368e+01 3.985292572328789902e+02 3.872822693457635523e+00
5.270000000000000000e+02 8.349379494799634358e+02 1.559199585415057641e+02 4.971176967226084571e+02 6.302450691208008493e+01 4.014426634454427472e+02 3.892650291618035219e+00
5.290000000000000000e+02 8.352757583005655988e+02 1.559908469687693469e+02 4.985724456692091167e+02 6.352606401360382904e+01 4.014426634454427472e+02 3.892650291618238168e+00
5.310000000000000000e+02 8.360909552623829768e+02 1.559908469687607067e+02 4.985724456692091167e+02 6.352606401359948762e+01 4.039411827252981197e+02 3.925727107312077191e+00
5.330000000000000000e+02 8.409869472303046223e+02 1.559908469687607067e+02 4.991682851924160786e+02 6.387167903147825143e+01 4.054637016821099564e+02 3.931765012744328214e+00
5.350000000000000000e+02 8.412084666346299855e+02 1.560117527940087143e+02 5.010506920476685764e+02 6.416158728753639195e+01 4.054637016820926760e+02 3.938758218995905391e+00
5.370000000000000000e+02 8.418854099958997494e+02 1.560827585973638350e+02 5.010506920476859136e+02 6.416158728754072627e+01 4.093159541085356068e+02 3.971268410810443683e+00
5.390000000000000000e+02 8.470394057666467234e+02 1.560827585973638350e+02 5.010506920476859136e+02 6.471266716357197879e+01 4.095268331323793518e+02 3.971268410810579130e+00
5.410000000000000000e+02 8.471757463058008852e+02 1.560827585973551379e+02 5.035370722457182069e+02 6.480358007418529098e+01 4.105439420934095551e+02 3.990471823071139568e+00
5.430000000000000000e+02 8.474448143315677271e+02 1.560911554437677751e+02 5.035031231750974712e+02 6.489810741484944856e+01 4.136296195540386975e+02 4.011141699222464219e+00
5.450000000000000000e+02 8.530916183613633166e+02 1.561686740554190749e+02 5.035031231750801339e+02 6.545165809659350487e+01 4.136296195540386975e+02 4.011141699222260826e+00
5.470000000000000000e+02 8.531536163044220302e+02 1.561686740554363837e+02 5.052934967407842919e+02 6.545165809659566492e+01 4.157849846332835000e+02 4.041719875535982887e+00
5.490000000000000000e+02 8.532846543338648644e+02 1.561686740554146979e+02 5.059286814275247934e+02 6.571722867089674480e+01 4.177704741253462544e+02 4.051422878579218789e+00
5.510000000000000000e+02 8.586372753227111616e+02 1.561686740554277151e+02 5.059286814275594111e+02 6.610583908914594531e+01 4.177704741253722887e+02 4.051422878579490572e+00
5.530000000000000000e+02 8.591330159763089114e+02 1.562398130702802348e+02 5.069172462965689760e+02 6.610583908914485107e+01 4.209735971222316948e+02 4.092510341369344218e+00
5.550000000000000000e+02 8.593251025934364407e+02 1.562488785480410627e+02 5.083264451797263632e+02 6.652789072120580727e+01 4.219540502932179038e+02 4.092132675066300962e+00
5.570000000000000000e+02 8.637564642130843140e+02 1.562488785480323656e+02 5.083264451797436436e+02 6.676693122134938108e+01 4.219540502932439381e+02 4.101663498144345610e+00
5.590000000000000000e+02 8.651163449176294762e+02 1.562488785480323656e+02 5.084101167849956937e+02 6.676693122134504677e+01 4.261096409364540705e+02 4.133247418989101085e+00
5.610000000000000000e+02 8.653633059796145517e+02 1.562932273095011340e+02 5.106958730572221725e+02 6.732986796972440402e+01 4.261814320206339630e+02 4.133247418989439481e+00
5.630000000000000000e+02 8.686657193473819234e+02 1.563236160570611162e+02 5.106958730572221725e+02 6.743475308894267073e+01 4.269171536487592675e+02 4.150944634140758538e+00
5.650000000000000000e+02 8.710904066010931501e+02 1.563236160570654931e+02 5.106958730572221725e+02 6.744773682660623138e+01 4.304500856286592807e+02 4.174747225686277652e+00
5.670000000000000000e+02 8.713999243928805072e+02 1.563236160570611162e+02 5.121144794187522393e+02 6.810890447964385430e+01 4.304500856286505837e+02 4.174747225685940144e+00
5.690000000000000000e+02 8.733468747507079115e+02 1.563385703494835468e+02 5.130362442161591616e+02 6.810890447964925443e+01 4.318863159344550127e+02 4.199603281275091859e+00
5.710000000000000000e+02 8.770639513324133532e+02 1.563931068178109740e+02 5.130362442161072067e+02 6.822259606083669325e+01 4.347583090114937932e+02 4.216670702366964285e+00
5.730000000000000000e+02 8.774305791586306214e+02 1.563931068178196711e+02 5.133220087441201258e+02 6.878938733728429611e+01 4.347583090115111872e+02 4.216670702367236068e+00
5.750000000000000000e+02 8.777903056774122206e+02 1.563931068178109740e+02 5.153466887715917437e+02 6.878938733728429611e+01 4.367856374146508642e+02 4.247637886187381362e+00
5.770000000000000000e+02 8.830686139349675159e+02 1.563931068178196711e+02 5.153466887715742359e+02 6.898612861204034630e+01 4.391108692523415016e+02 4.259040590840070806e+00
5.790000000000000000e+02 8.834208833483839953e+02 1.564415014096084917e+02 5.153466887715917437e+02 6.947704678475064100e+01 4.391108692523327477e+02 4.259040590840205809e+00
5.810000000000000000e+02 8.834756527991718258e+02 1.564575831406681630e+02 5.166845055713451984e+02 6.947704678474629247e+01 4.416146863984657216e+02 4.294990427711968373e+00
5.830000000000000000e+02 8.875932620693228046e+02 1.564575831406725115e+02 5.176264430605328926e+02 6.973827111800886769e+01 4.435090125169335806e+02 4.301832377493630233e+00
5.850000000000000000e+02 8.894014754264956082e+02 1.564575831406681630e+02 5.176264430605328926e+02 7.017170573040287707e+01 4.435090125169161865e+02 4.301832377493224335e+00
5.870000000000000000e+02 8.894640089233188291e+02 1.564694018266199578e+02 5.176264430605502866e+02 7.017170573040071702e+01 4.463673351496125292e+02 4.341582714101950735e+00
5.890000000000000000e+02 8.915622712114786736e+02 1.565173586633508762e+02 5.198623718425005791e+02 7.047787441794972096e+01 4.479501066651566816e+02 4.345025037248045230e+00
5.910000000000000000e+02 8.953858757114928721e+02 1.565173586633508762e+02 5.198748223979483782e+02 7.087294740588077957e+01 4.479501066651826591e+02 4.345025037248316124e+00
5.930000000000000000e+02 8.954530739495714897e+02 1.565173586633378591e+02 5.198748223979309842e+02 7.087294740587427100e+01 4.510358367646426245e+02 4.387399612383992675e+00
5.950000000000000000e+02 8.955906887702786889e+02 1.565173586633508762e+02 5.206403777160278423e+02 7.120384300338730554e+01 4.524323296053924537e+02 4.388657747769010520e+00
5.970000000000000000e+02 9.010533284583312934e+02 1.565480402976500329e+02 5.220911004544768730e+02 7.158075698268997655e+01 4.524323296053664194e+02 4.388657747768875517e+00
5.990000000000000000e+02 9.014388708530369740e+02 1.565726702750132233e+02 5.220911004544248044e+02 7.158075698268997655e+01 4.556178601404850497e+02 4.432420349050666175e+00
6.010000000000000000e+02 9.015750631412975054e+02 1.565726702750132233e+02 5.220911004544942671e+02 7.191578178709478664e+01 4.569605599209683078e+02 4.432755391790880850e+00
6.030000000000000000e+02 9.045004719465307517e+02 1.565726702750045547e+02 5.234852584885124998e+02 7.229601733125221585e+01 4.569605599209769480e+02 4.432755391791015853e+00
6.050000000000000000e+02 9.074181767641223360e+02 1.565726702750219204e+02 5.242746108488973960e+02 7.229601733125872443e+01 4.601106216961699147e+02 4.476567242701976923e+00
6.070000000000000000e+02 9.075441180911699348e+02 1.566144994730092037e+02 5.242746108488627215e+02 7.261321945882005480e+01 4.615362177463021567e+02 4.477292593329655901e+00
6.090000000000000000e+02 9.078637171361489209e+02 1.566237066401819504e+02 5.242746108488973960e+02 7.301855670924229003e+01 4.615362177463194939e+02 4.477292593329791792e+00
6.110000000000000000e+02 9.132231059489112113e+02 1.566237066401732818e+02 5.261505291637852224e+02 7.301855670923795572e+01 4.645071018349704559e+02 4.519765605143926557e+00
6.130000000000000000e+02 9.134996121131571272e+02 1.566237066401819504e+02 5.264247680761974379e+02 7.329501197887374531e+01 4.661565694390537260e+02 4.522247143162347882e+00
6.150000000000000000e+02 9.138492034303775426e+02 1.566237066401819504e+02 5.264247680761800439e+02 7.374794114270530088e+01 4.661565694390537260e+02 4.522247143162347882e+00
6.170000000000000000e+02 9.161439651309807459e+02 1.566702245395495368e+02 5.265222941991734160e+02 7.374794114270314083e+01 4.687998743652804592e+02 4.561998535457646220e+00
6.190000000000000000e+02 9.194415856296326410e+02 1.566706733085749192e+02 5.285407831394015830e+02 7.396006221687453319e+01 4.708196680734775441e+02 4.567658749616865244e+00
6.210000000000000000e+02 9.198342231401248910e+02 1.566706733085576104e+02 5.285407831393667948e+02 7.448413803099168717e+01 4.708196680734341726e+02 4.567658749616730240e+00
6.230000000000000000e+02 9.198742187111320163e+02 1.566706733085749192e+02 5.285407831394015830e+02 7.448413803099384722e+01 4.729852354438783664e+02 4.603231780061178391e+00
6.250000000000000000e+02 9.243269685234843109e+02 1.566734951248278094e+02 5.288698157164193390e+02 7.460764045814394763e+01 4.755305012025048654e+02 4.613554567065301981e+00
6.270000000000000000e+02 9.257798188715320293e+02 1.567138910711814219e+02 5.306219378176448345e+02 7.522806872618023988e+01 4.755305012025135625e+02 4.613554567065708767e+00
6.290000000000000000e+02 9.258388014544310636e+02 1.567138910711727249e+02 5.306219378176275541e+02 7.522806872618239993e+01 4.770595350668538117e+02 4.643390651669896840e+00
6.310000000000000000e+02 9.267227322891471886e+02 1.567138910711814219e+02 5.306219378176448345e+02 7.522806872618023988e+01 4.802906752331310827e+02 4.659908339475260952e+00
6.330000000000000000e+02 9.316869650733879098e+02 1.567138910711640563e+02 5.310457332793547494e+02 7.598884956520976175e+01 4.802906752331051052e+02 4.659908339475260952e+00
6.350000000000000000e+02 9.317928280024982541e+02 1.567138910711814219e+02 5.326677814085702494e+02 7.597956796696155379e+01 4.810168595248582619e+02 4.682403179269585713e+00
6.370000000000000000e+02 9.319052395352921394e+02 1.567552522799362578e+02 5.326677814086050375e+02 7.597956796695936532e+01 4.850973519715008138e+02 4.706696628320234055e+00
6.390000000000000000e+02 9.345205711648463875e+02 1.567535818755658568e+02 5.326677814085702494e+02 7.660680618835641553e+01 4.850973519714921736e+02 4.706696628320369058e+00
6.410000000000000000e+02 9.377592484207725647e+02 1.567535818755658568e+02 5.330535134122349064e+02 7.673818389384614136e+01 4.850973519715008138e+02 4.720219799338556399e+00
6.430000000000000000e+02 9.378541915217936094e+02 1.567535818755658568e+02 5.346779233543486498e+02 7.673818389384179284e+01 4.897009109734902381e+02 4.753959629001072607e+00
6.450000000000000000e+02 9.380196971474517795e+02 1.567535818755658568e+02 5.346779233544007184e+02 7.720455625979342074e+01 4.899484546604104480e+02 4.753959629001072607e+00
6.470000000000000000e+02 9.419795157437872604e+02 1.567869492261585265e+02 5.346779233543832106e+02 7.750386511868029515e+01 4.899484546603757735e+02 4.756796084593502449e+00
6.490000000000000000e+02 9.437910342169737987e+02 1.567899009753855069e+02 5.348969593977139994e+02 7.750386511868029515e+01 4.934503042335752525e+02 4.801726903755581866e+00
6.510000000000000000e+02 9.438760949379704925e+02 1.567899009753768098e+02 5.366515160613871558e+02 7.778151041725085690e+01 4.948490768706334393e+02 4.801726903755040077e+00
6.530000000000000000e+02 9.442720003653604408e+02 1.567899009753855069e+02 5.366515160613871558e+02 7.827757213915015200e+01 4.948490768706334393e+02 4.801726903755581866e+00
6.550000000000000000e+02 9.489915176693747298e+02 1.567899009753855069e+02 5.366515160614218303e+02 7.827757213914799195e+01 4.970653255241541615e+02 4.840332951350721835e+00
6.570000000000000000e+02 9.497993552875708474e+02 1.568128582863856195e+02 5.366515160613524813e+02 7.833677754927326475e+01 4.998010241329120618e+02 4.849971299754622933e+00
6.590000000000000000e+02 9.501427774446246985e+02 1.568230224968051232e+02 5.385162156015463779e+02 7.905914740783877903e+01 4.998010241329987480e+02 4.849971299755164722e+00
6.610000000000000000e+02 9.502342097949411936e+02 1.568230224968051232e+02 5.385878671149840784e+02 7.905914740784095329e+01 5.005389356830049792e+02 4.874724521576611735e+00
6.630000000000000000e+02 9.557478427942294275e+02 1.568230224968051232e+02 5.385878671149667980e+02 7.905914740783877903e+01 5.048013506532902284e+02 4.898668102530255197e+00
6.650000000000000000e+02 9.559512084573023003e+02 1.568230224968051232e+02 5.385878671149492902e+02 7.965833994870962442e+01 5.048013506532728911e+02 4.898668102530255197e+00
6.670000000000000000e+02 9.561857436428551864e+02 1.568340016557152978e+02 5.400052938979785040e+02 7.984812046754217363e+01 5.048013506532902284e+02 4.907686532211950947e+00
6.690000000000000000e+02 9.566970601993500622e+02 1.568532543485059989e+02 5.404867489137293433e+02 7.984812046754434789e+01 5.089107262729735908e+02 4.947857946985148025e+00
6.710000000000000000e+02 9.617323345353748891e+02 1.568532543485146675e+02 5.404867489137293433e+02 8.017431267057142463e+01 5.098478446922266585e+02 4.947857946985148025e+00
6.730000000000000000e+02 9.621275109465465221e+02 1.568532543485233361e+02 5.404867489137641314e+02 8.064442011471162175e+01 5.098478446922266585e+02 4.947857946985148025e+00
6.750000000000000000e+02 9.621591228352978078e+02 1.568532543485059989e+02 5.413426785114139648e+02 8.064442011470728744e+01 5.121286612640509475e+02 4.988871043218660262e+00
6.770000000000000000e+02 9.628152882816146985e+02 1.568532543485146675e+02 5.423479778806499780e+02 8.066529166351512004e+01 5.149457024402823890e+02 4.997572945086603546e+00
6.790000000000000000e+02 9.679333723032596026e+02 1.568787763924026706e+02 5.423479778805979095e+02 8.144904657524966751e+01 5.149457024402648813e+02 4.997572945086196761e+00
6.810000000000000000e+02 9.680600345869806915e+02 1.568807968803723156e+02 5.423479778806153035e+02 8.144904657524749325e+01 5.151854440115649822e+02 5.019307217293691892e+00
6.830000000000000000e+02 9.681643916129924037e+02 1.568807968803549784e+02 5.425334767754017093e+02 8.144904657524966751e+01 5.200969419560246934e+02 5.047785031551640600e+00
6.850000000000000000e+02 9.687092987167135334e+02 1.568807968803636470e+02 5.441706989067762379e+02 8.194324960736268793e+01 5.200969419560246934e+02 5.047785031551640600e+00
6.870000000000000000e+02 9.739806439146102548e+02 1.568807968803636470e+02 5.441706989067762379e+02 8.226185135613935984e+01 5.200969419560246934e+02 5.047785031551640600e+00
6.890000000000000000e+02 9.740302640710802962e+02 1.568903200302104608e+02 5.441706989067936320e+02 8.226185135613935984e+01 5.232769468889799782e+02 5.098805508786229623e+00
6.910000000000000000e+02 9.741053178691032599e+02 1.569057726538529494e+02 5.441706989067762379e+02 8.238946227844164127e+01 5.252985068072979402e+02 5.098468167792602479e+00
6.930000000000000000e+02 9.744841829607798900e+02 1.569057726538529494e+02 5.453667166039482481e+02 8.308234465610827613e+01 5.252985068072806598e+02 5.098468167792874262e+00
6.950000000000000000e+02 9.798049630044789637e+02 1.569057726538616180e+02 5.459542671225336790e+02 8.308234465611478470e+01 5.260413305660169954e+02 5.126423028085804745e+00
6.970000000000000000e+02 9.800015153096659333e+02 1.569057726538529494e+02 5.459542671224816104e+02 8.308234465610395603e+01 5.305480449647668593e+02 5.149663376492926048e+00
6.990000000000000000e+02 9.801660293216187938e+02 1.569057726538529494e+02 5.459542671224990045e+02 8.363559963330425262e+01 5.305480449648014201e+02 5.149663376493467837e+00
7.010000000000000000e+02 9.804728998763696382e+02 1.569221185718314757e+02 5.462415018930508950e+02 8.391043441911047296e+01 5.305480449648014201e+02 5.152285102660250971e+00
7.030000000000000000e+02 9.849646049567446653e+02 1.569283227227657846e+02 5.476986795676166366e+02 8.391043441911480727e+01 5.339239855579534151e+02 5.201405466952418344e+00
7.050000000000000000e+02 9.859046277415072836e+02 1.569283227227484474e+02 5.476986795675819621e+02 8.403210101415575650e+01 5.358508513668771229e+02 5.201405466952283341e+00
7.070000000000000000e+02 9.862776848946393784e+02 1.569283227227657846e+02 5.476986795675993562e+02 8.474716108854140373e+01 5.358508513669119111e+02 5.201405466952418344e+00
7.090000000000000000e+02 9.863695808509588687e+02 1.569283227227571444e+02 5.476986795675819621e+02 8.474716108853489516e+01 5.363673282472378787e+02 5.228589925011047690e+00
7.110000000000000000e+02 9.898087773538674128e+02 1.569283227227571444e+02 5.486918230976009454e+02 8.474716108853708363e+01 5.412091705612326678e+02 5.253665447042560110e+00
7.130000000000000000e+02 9.918935095990703985e+02 1.569478095585826622e+02 5.494039655798767399e+02 8.524335735067556641e+01 5.412091705611978796e+02 5.253665447042560110e+00
7.150000000000000000e+02 9.922529270701329551e+02 1.569487256315640309e+02 5.494039655798247850e+02 8.559238668032382691e+01 5.412091705611978796e+02 5.253665447042289216e+00
7.170000000000000000e+02 9.922856357228143906e+02 1.569487256315726995e+02 5.494039655798421791e+02 8.559238668032600117e+01 5.440249017102729567e+02 5.304000799085165418e+00
7.190000000000000000e+02 9.942911644116014713e+02 1.569487256315640309e+02 5.494039655798421791e+02 8.559238668032817543e+01 5.466198324611746102e+02 5.306415904283919183e+00
7.210000000000000000e+02 9.979447985577238569e+02 1.569487256315640309e+02 5.509396400541975254e+02 8.643936582398026758e+01 5.466198324612092847e+02 5.306415904284055074e+00
7.230000000000000000e+02 9.981197933995504172e+02 1.569500083655351261e+02 5.510693169158766977e+02 8.644560126805541245e+01 5.466198324611746102e+02 5.325194353724012508e+00
7.250000000000000000e+02 9.982016107463667822e+02 1.569671552399329357e+02 5.510693169158766977e+02 8.644560126805974676e+01 5.515797099410121973e+02 5.359698193087845119e+00
7.270000000000000000e+02 9.984253479872246544e+02 1.569671552399242671e+02 5.510693169158766977e+02 8.675726571061650816e+01 5.520803392796736944e+02 5.359698193087709228e+00
7.290000000000000000e+02 1.003962496496421522e+03 1.569671552399242671e+02 5.513652956908726992e+02 8.730669089539178174e+01 5.520803392797257629e+02 5.359698193087845119e+00
7.310000000000000000e+02 1.003966932104211310e+03 1.569671552399329357e+02 5.526941615704994319e+02 8.730669089538960748e+01 5.535131377181270409e+02 5.398173554256406881e+00
7.330000000000000000e+02 1.004093835992519416e+03 1.569671552399242671e+02 5.526941615704647575e+02 8.730669089538309890e+01 5.575960803288343186e+02 5.413549973520240144e+00
7.350000000000000000e+02 1.004250277434455711e+03 1.569682465634401751e+02 5.526941615704994319e+02 8.791088330702308440e+01 5.575960803288691068e+02 5.413549973520918712e+00
7.370000000000000000e+02 1.007924698370140732e+03 1.569837042076325986e+02 5.526941615704994319e+02 8.817673661374453786e+01 5.575960803288343186e+02 5.415723075127755415e+00
7.390000000000000000e+02 1.009829579879224980e+03 1.569837042076499642e+02 5.532656700390006108e+02 8.817673661375104643e+01 5.607973239417016202e+02 5.467941313676846882e+00
7.410000000000000000e+02 1.009928104628628944e+03 1.569837042076325986e+02 5.542787159038344953e+02 8.817673661374453786e+01 5.631695411655729231e+02 5.467941313676440096e+00
7.430000000000000000e+02 1.010220234531651727e+03 1.569837042076412956e+02 5.542787159038344953e+02 8.904664565591910730e+01 5.631695411656249917e+02 5.467941313676575987e+00
7.450000000000000000e+02 1.011376576728455007e+03 1.569837042076412956e+02 5.542787159038171012e+02 8.905561251824336466e+01 5.631695411655381349e+02 5.485977847800459273e+00
7.470000000000000000e+02 1.015674823725259216e+03 1.569837042076412956e+02 5.542787159038691698e+02 8.905561251824985902e+01 5.679631614942046554e+02 5.522843375758545115e+00
7.490000000000000000e+02 1.015739245806861959e+03 1.569976200996563875e+02 5.549828338719322574e+02 8.927531013899672985e+01 5.687974350667562931e+02 5.522843375758274220e+00
7.510000000000000000e+02 1.016156198448492091e+03 1.569984816133206209e+02 5.558232207914653600e+02 8.994278774650081232e+01 5.687974350667909675e+02 5.522843375758545115e+00
7.530000000000000000e+02 1.016232243335835165e+03 1.569984816133206209e+02 5.558232207915001482e+02 8.994278774650081232e+01 5.693174149573599152e+02 5.554996228169248873e+00
7.550000000000000000e+02 1.019758839152705377e+03 1.569984816133032552e+02 5.558232207914480796e+02 8.994278774650081232e+01 5.744771128549443802e+02 5.578297785338765635e+00
7.570000000000000000e+02 1.021556453644422731e+03 1.569984816133206209e+02 5.558232207915001482e+02 9.036142351324764377e+01 5.744771128549270998e+02 5.578297785339037418e+00
7.590000000000000000e+02 1.022026696281449404e+03 1.569984816133119239e+02 5.565239535902654779e+02 9.083812536444818875e+01 5.744771128549443802e+02 5.578297785338494741e+00
7.610000000000000000e+02 1.022026696281484192e+03 1.570076783756827012e+02 5.573269697311394566e+02 9.083812536445903163e+01 5.761601171639165386e+02 5.622767684073585848e+00
7.630000000000000000e+02 1.022543457025040311e+03 1.570117253525162084e+02 5.573269697311394566e+02 9.083812536444818875e+01 5.802140533107957481e+02 5.634345212607165365e+00
7.650000000000000000e+02 1.027407857676921594e+03 1.570117253525335457e+02 5.573269697311221762e+02 9.142542240895157590e+01 5.802140533108304226e+02 5.634345212607300368e+00
7.670000000000000000e+02 1.027796784607761538e+03 1.570117253525162084e+02 5.573269697311394566e+02 9.174274734376122353e+01 5.802140533107957481e+02 5.634345212607165365e+00
7.690000000000000000e+02 1.027806941983303432e+03 1.570117253525335457e+02 5.578960267783526206e+02 9.174274734376989215e+01 5.828621396355288198e+02 5.689200969362481430e+00
7.710000000000000000e+02 1.027935143337187355e+03 1.570117253525248771e+02 5.587894915148536938e+02 9.174274734376555784e+01 5.860109980788258781e+02 5.690954774617529743e+00
7.730000000000000000e+02 1.030260882219868790e+03 1.570155372461815091e+02 5.587894915148536938e+02 9.246663190229809004e+01 5.860109980788084840e+02 5.690954774617258849e+00
7.750000000000000000e+02 1.033543514754255284e+03 1.570235800707995963e+02 5.587894915149056487e+02 9.265654152846528291e+01 5.860109980788605526e+02 5.697022185610915557e+00
7.770000000000000000e+02 1.033568567187712006e+03 1.570235800707909277e+02 5.587894915148536938e+02 9.265654152846310865e+01 5.894147696720169733e+02 5.748096155103600502e+00
7.790000000000000000e+02 1.033683285046770834e+03 1.570235800707995963e+02 5.591068500127373682e+02 9.265654152846528291e+01 5.918645408643091059e+02 5.748096155104007288e+00
7.810000000000000000e+02 1.033913230833322132e+03 1.570235800707995963e+02 5.602112089508199233e+02 9.348306237643919303e+01 5.918645408642744314e+02 5.748096155103600502e+00
7.830000000000000000e+02 1.037725444682134821e+03 1.570235800707995963e+02 5.602112089508545978e+02 9.357895528569038390e+01 5.918645408643091059e+02 5.759901205147654579e+00
7.850000000000000000e+02 1.039301683949387552e+03 1.570235800707909277e+02 5.602112089508372037e+02 9.357895528568387533e+01 5.958048088137644527e+02 5.805811185544519581e+00
7.870000000000000000e+02 1.039408188786693017e+03 1.570322217285711588e+02 5.602112089508516419e+02 9.357895528568700172e+01 5.977718752989821951e+02 5.805811185545119990e+00
7.890000000000000000e+02 1.039667243874439464e+03 1.570341127232058511e+02 5.602112089508227655e+02 9.447298114393412050e+01 5.977718752989663926e+02 5.805811185544731856e+00
7.910000000000000000e+02 1.039925125654352087e+03 1.570341127232234442e+02 5.615461562718735422e+02 9.450982759129975364e+01 5.977718752989829909e+02 5.821193651255605062e+00
7.930000000000000000e+02 1.044505676087309212e+03 1.570341127232147755e+02 5.615925648418811988e+02 9.450982759129975364e+01 6.020260177211702057e+02 5.864143711601168540e+00
7.950000000000000000e+02 1.045106697741306562e+03 1.570341127232145197e+02 5.615925648418493665e+02 9.450982759129438193e+01 6.037385641653739867e+02 5.864143711601242259e+00
7.970000000000000000e+02 1.045374347364428786e+03 1.570341127232152871e+02 5.615925648419103027e+02 9.543611907322649301e+01 6.037385641654595929e+02 5.864143711601564668e+00
7.990000000000000000e+02 1.045628321624941918e+03 1.570358644593318047e+02 5.615925648418493665e+02 9.545032157068257561e+01 6.037385641653739867e+02 5.880833649546240771e+00
8.010000000000000000e+02 1.045665136179777392e+03 1.570434036629250727e+02 5.624191597370862610e+02 9.545032157069233847e+01 6.080734041011628506e+02 5.923061889918283640e+00
8.030000000000000000e+02 1.050951461210535399e+03 1.570434036629248169e+02 5.629330063222663512e+02 9.545032157068257561e+01 6.097676208279696084e+02 5.923061889918082912e+00
8.050000000000000000e+02 1.051031524953054486e+03 1.570434036629342529e+02 5.629330063222930676e+02 9.637095718529523936e+01 6.097676208280214496e+02 5.923061889918143308e+00
8.070000000000000000e+02 1.051303215084259364e+03 1.570434036629161483e+02 5.629330063222490708e+02 9.640034058292742714e+01 6.097676208279696084e+02 5.938694257619408390e+00
8.090000000000000000e+02 1.051332285367951499e+03 1.570434036629337413e+02 5.629330063222984109e+02 9.640034058293507258e+01 6.139355662633516886e+02 5.982533870825122335e+00
8.110000000000000000e+02 1.051924105175380873e+03 1.570434036629250727e+02 5.631563469080807636e+02 9.640034058293507258e+01 6.158555165466234484e+02 5.982533870825122335e+00
8.130000000000000000e+02 1.056638369840149153e+03 1.570468908930735665e+02 5.642321919699751334e+02 9.727541301936054197e+01 6.158555165466405015e+02 5.982533870824783051e+00
8.150000000000000000e+02 1.056949883095107452e+03 1.570516447335639612e+02 5.642321919700018498e+02 9.735930936827296023e+01 6.158555165466585777e+02 5.994670161406972397e+00
8.170000000000000000e+02 1.056964951917944973e+03 1.570516447335545536e+02 5.642321919699577393e+02 9.735930936825636195e+01 6.196000186788058954e+02 6.042601621572143422e+00
8.190000000000000000e+02 1.057096426108205151e+03 1.570516447335634780e+02 5.642321919700071930e+02 9.735930936827057280e+01 6.219992817906028222e+02 6.042601621572758042e+00
8.210000000000000000e+02 1.057664406441909250e+03 1.570516447335545536e+02 5.642321919699403452e+02 9.814782723148240962e+01 6.219992817905501852e+02 6.042601621572143422e+00
8.230000000000000000e+02 1.062567963933652436e+03 1.570516447335639612e+02 5.650250576962005198e+02 9.832704166463652484e+01 6.219992817906388609e+02 6.048699386249180243e+00
8.250000000000000000e+02 1.062567963933617648e+03 1.570516447335545536e+02 5.654907303624346468e+02 9.832704166461977024e+01 6.250593104041570314e+02 6.103312334696095576e+00
8.270000000000000000e+02 1.062710403828431481e+03 1.570554551612833620e+02 5.654907303624321457e+02 9.832704166462535511e+01 6.282045572847048334e+02 6.103312334695628394e+00
8.290000000000000000e+02 1.062797065419989849e+03 1.570589509527001155e+02 5.654907303624321457e+02 9.898751443810326123e+01 6.282045572847048334e+02 6.103312334695900176e+00
8.310000000000000000e+02 1.063257669396637539e+03 1.570589509526998597e+02 5.654907303623999724e+02 9.930474189773696025e+01 6.282045572847036965e+02 6.103312334695552899e+00
8.330000000000000000e+02 1.068118757639173964e+03 1.570589509527003713e+02 5.654907303624295309e+02 9.930474189774390936e+01 6.303060743606200731e+02 6.162034898091263813e+00
8.350000000000000000e+02 1.068271419368119041e+03 1.570589509527087841e+02 5.666955237289272418e+02 9.930474189774260196e+01 6.344746442917339664e+02 6.164633199208903847e+00
8.370000000000000000e+02 1.068304002977473374e+03 1.570589509527087841e+02 5.667092479280308908e+02 9.979286937010847680e+01 6.344746442917686409e+02 6.164633199208903847e+00
8.390000000000000000e+02 1.068826314740831322e+03 1.570589509526911911e+02 5.667092479280332782e+02 1.002923308056723783e+02 6.344746442916979277e+02 6.164633199208553016e+00
8.410000000000000000e+02 1.068851367474558401e+03 1.570620368438005698e+02 5.667092479280605630e+02 1.002923308056721226e+02 6.353302872190463404e+02 6.212491998383726788e+00
8.430000000000000000e+02 1.072946947283613554e+03 1.570653684552882510e+02 5.667092479279987174e+02 1.002923308056637097e+02 6.408058888300575973e+02 6.226530775235384674e+00
8.450000000000000000e+02 1.073859437615585875e+03 1.570653684552971754e+02 5.669990475876824121e+02 1.005620329656235015e+02 6.408058888300766966e+02 6.226530775235196380e+00
8.470000000000000000e+02 1.074255005414053130e+03 1.570653684553058156e+02 5.678873903951566717e+02 1.012892096239215789e+02 6.408058888300939770e+02 6.226530775235738169e+00
8.490000000000000000e+02 1.074412181516825740e+03 1.570653684552882510e+02 5.678873903951243847e+02 1.012892096239071549e+02 6.408058888300575973e+02 6.260709829207220523e+00
8.510000000000000000e+02 1.074456152489165788e+03 1.570653684552974028e+02 5.678873903951542843e+02 1.012892096239099970e+02 6.465092296852069467e+02 6.289047090606003643e+00
8.530000000000000000e+02 1.077360234449434529e+03 1.570653684552971754e+02 5.678873903951566717e+02 1.012892096239129103e+02 6.471951520589311713e+02 6.289047090606188384e+00
8.550000000000000000e+02 1.079623668674905275e+03 1.570670344509198344e+02 5.678873903951566717e+02 1.022991432167788588e+02 6.471951520589484517e+02 6.289047090606730173e+00
8.570000000000000000e+02 1.079939521201908065e+03 1.570709534851399951e+02 5.683417900730440806e+02 1.022951656688726132e+02 6.471951520588944504e+02 6.306599583616315563e+00
8.590000000000000000e+02 1.079939521201986736e+03 1.570709534851581282e+02 5.690249739973307896e+02 1.022951656688857156e+02 6.511136016998768810e+02 6.352232862237534583e+00
8.610000000000000000e+02 1.080089529663609710e+03 1.570709534851486922e+02 5.690249739972684893e+02 1.022951656688726132e+02 6.536481459612820117e+02 6.352232862237536359e+00
8.630000000000000000e+02 1.081369968588450320e+03 1.570709534851489195e+02 5.690249739973007763e+02 1.030005080462914577e+02 6.536481459613017932e+02 6.352232862237897848e+00
8.650000000000000000e+02 1.085433114850100083e+03 1.570709534851576166e+02 5.690249739973007763e+02 1.033114447175457968e+02 6.536481459612843992e+02 6.352232862237897848e+00
8.670000000000000000e+02 1.085433114850018455e+03 1.570709534851492037e+02 5.690249739972637144e+02 1.033114447175386488e+02 6.554638010862504416e+02 6.413882580348722051e+00
8.690000000000000000e+02 1.085529349128440344e+03 1.570709534851486922e+02 5.695154204859674110e+02 1.033114447175312591e+02 6.601684764113268784e+02 6.416054306700889498e+00
8.710000000000000000e+02 1.085588012175245467e+03 1.570757099863748181e+02 5.701227649137357503e+02 1.036608422793489126e+02 6.601684764114163499e+02 6.416054306701524546e+00
8.730000000000000000e+02 1.086007638308411288e+03 1.570758519738990060e+02 5.701227649137357503e+02 1.043379868495390639e+02 6.601684764113643951e+02 6.416054306701253651e+00
8.750000000000000000e+02 1.090166240037556236e+03 1.570758519738900816e+02 5.701227649137034632e+02 1.043379868495374723e+02 6.601684764113615529e+02 6.455405270277952745e+00
8.770000000000000000e+02 1.090925921630693438e+03 1.570758519738994607e+02 5.701227649137658773e+02 1.043379868495335785e+02 6.661327398415206744e+02 6.480476335172785873e+00
8.790000000000000000e+02 1.091047863738172509e+03 1.570758519738900816e+02 5.701227649137034632e+02 1.043379868495331380e+02 6.667523614834576620e+02 6.480476335171952762e+00
8.810000000000000000e+02 1.091233595398876787e+03 1.570758519738990060e+02 5.705309821609632763e+02 1.053145425187074835e+02 6.667523614834781256e+02 6.480476335172591362e+00
8.830000000000000000e+02 1.091621908695601178e+03 1.570758519738990060e+02 5.711815463815481735e+02 1.053741688971862516e+02 6.667523614835301942e+02 6.494265967595179490e+00
8.850000000000000000e+02 1.093289869218416015e+03 1.570779844297604484e+02 5.711815463815111116e+02 1.053741688971748971e+02 6.700017578344131834e+02 6.545540955631951263e+00
8.870000000000000000e+02 1.096434657768783609e+03 1.570801510361507667e+02 5.711815463815156590e+02 1.053741688971802688e+02 6.733964867006828854e+02 6.545540955631749647e+00
8.890000000000000000e+02 1.096470239018161010e+03 1.570801510361596911e+02 5.711815463815481735e+02 1.058968167399424516e+02 6.733964867007211978e+02 6.545540955632121793e+00
8.910000000000000000e+02 1.096970583423378230e+03 1.570801510361683313e+02 5.711815463815481735e+02 1.064197505356960534e+02 6.733964867007211978e+02 6.545540955632121793e+00
8.930000000000000000e+02 1.097049502487612017e+03 1.570801510361507667e+02 5.713991959810393837e+02 1.064197505356856794e+02 6.735812540990432353e+02 6.596101957726922649e+00
8.950000000000000000e+02 1.097094621459101063e+03 1.570801510361688713e+02 5.722011966324433843e+02 1.064197505356907953e+02 6.801066279622870070e+02 6.611302593014122486e+00
8.970000000000000000e+02 1.100828795578179324e+03 1.570801510361507667e+02 5.722011966324153036e+02 1.064197505356813309e+02 6.801066279622405091e+02 6.611302593014079854e+00
8.990000000000000000e+02 1.102063697798429530e+03 1.570801510361683313e+02 5.722011966324478180e+02 1.074888278042914607e+02 6.801066279622964430e+02 6.611302593013913764e+00
9.010000000000000000e+02 1.102438713314542383e+03 1.570833970968629103e+02 5.722011966324478180e+02 1.074760188391268798e+02 6.801066279622791626e+02 6.629976187876701843e+00
9.030000000000000000e+02 1.102438713314492361e+03 1.570838809060971357e+02 5.722011966324455443e+02 1.074760188391156390e+02 6.836380044346376508e+02 6.677726489339515403e+00
9.050000000000000000e+02 1.102558563865709175e+03 1.570838809060966526e+02 5.722011966324153036e+02 1.074760188391121005e+02 6.868867129844425108e+02 6.677726489338756899e+00
9.070000000000000000e+02 1.103133422259590589e+03 1.570838809060969083e+02 5.731110922230566302e+02 1.079868291248287022e+02 6.868867129844990131e+02 6.677726489339136151e+00
9.090000000000000000e+02 1.107675911552090156e+03 1.570838809061055770e+02 5.731817135772726033e+02 1.085429352901644222e+02 6.868867129844469446e+02 6.677726489339677940e+00
9.110000000000000000e+02 1.107789996837366743e+03 1.570838809060966526e+02 5.731817135772400889e+02 1.085429352901669375e+02 6.868867129844772990e+02 6.727900459237273978e+00
9.130000000000000000e+02 1.107816155604084315e+03 1.570838809061060601e+02 5.731817135773030714e+02 1.085429352901767572e+02 6.935173420435324942e+02 6.744775846071248360e+00
9.150000000000000000e+02 1.107952378772535894e+03 1.570841710954188670e+02 5.731817135772400889e+02 1.085429352901669375e+02 6.937328293076271848e+02 6.744775846070640846e+00
9.170000000000000000e+02 1.108076669165876865e+03 1.570870788816097843e+02 5.731817135772726033e+02 1.095114310174175785e+02 6.937328293075626107e+02 6.744775846071024539e+00
9.190000000000000000e+02 1.110207107659379517e+03 1.570870788815921912e+02 5.736778470644153458e+02 1.096198513998749604e+02 6.937328293075578358e+02 6.756285136831202465e+00
9.210000000000000000e+02 1.113101383745091653e+03 1.570870788816102674e+02 5.741239863313277283e+02 1.096198513998762962e+02 6.962897399691401006e+02 6.812492565487356266e+00
9.230000000000000000e+02 1.113188189337815629e+03 1.570870788816008599e+02 5.741239863312993066e+02 1.096198513998749604e+02 7.006414803099482924e+02 6.812492565486738094e+00
9.250000000000000000e+02 1.113265301578595654e+03 1.570870788816097843e+02 5.741239863313318210e+02 1.099168331802988945e+02 7.006414803099880828e+02 6.812492565486582663e+00
9.270000000000000000e+02 1.113604027507108412e+03 1.570870788816097843e+02 5.741239863313318210e+02 1.107064979464101384e+02 7.006414803100574318e+02 6.812492565487124452e+00
9.290000000000000000e+02 1.113866756938814660e+03 1.570870788815921912e+02 5.741239863312993066e+02 1.107064979464038572e+02 7.006414803099482924e+02 6.849835820692502075e+00
9.310000000000000000e+02 1.116218626434133739e+03 1.570875064445429814e+02 5.741239863313298883e+02 1.107064979464120853e+02 7.057005972887759526e+02 6.880934970319238175e+00
9.330000000000000000e+02 1.118511174692354643e+03 1.570898494835867893e+02 5.750348252120742245e+02 1.107064979464101384e+02 7.076184977737598274e+02 6.880934970319659172e+00
9.350000000000000000e+02 1.118535916651634352e+03 1.570898494835954295e+02 5.750289205484413060e+02 1.113653690523654802e+02 7.076184977738291764e+02 6.880934970319930954e+00
9.370000000000000000e+02 1.119063936283117073e+03 1.570898494835865051e+02 5.750289205484086779e+02 1.118042031315643072e+02 7.076184977737890449e+02 6.880934970318998367e+00
9.390000000000000000e+02 1.119142692977013212e+03 1.570898494836046382e+02 5.750289205484372133e+02 1.118042031315616924e+02 7.078516368022701499e+02 6.941412483577380499e+00
9.410000000000000000e+02 1.119163212922598404e+03 1.570898494835865051e+02 5.750289205483738897e+02 1.118042031315556386e+02 7.146681489835920047e+02 6.950067328948478007e+00
9.430000000000000000e+02 1.121928362496691079e+03 1.570898494835954295e+02 5.750289205484413060e+02 1.118042031315706595e+02 7.146681489836325909e+02 6.950067328949144141e+00
9.450000000000000000e+02 1.123842725361088014e+03 1.570898494835954295e+02 5.753459610219682645e+02 1.127794619078682103e+02 7.146681489835979164e+02 6.950067328948873246e+00
9.470000000000000000e+02 1.124376448501669302e+03 1.570898494835778649e+02 5.758966460343870040e+02 1.129129520011118757e+02 7.146681489835920047e+02 6.961028298965303840e+00
9.490000000000000000e+02 1.124376448501508776e+03 1.570923944082573200e+02 5.758966460343831386e+02 1.129129520011030223e+02 7.167572912436933166e+02 7.019851070249973901e+00
9.510000000000000000e+02 1.124434902764292019e+03 1.570922553259610481e+02 5.758966460344197458e+02 1.129129520011182990e+02 7.217863884882713137e+02 7.019851070249575109e+00
9.530000000000000000e+02 1.124544942358680373e+03 1.570922553259610481e+02 5.758966460343850713e+02 1.130370989168606712e+02 7.217863884882019647e+02 7.019851070250387792e+00
9.550000000000000000e+02 1.127220036243040795e+03 1.570922553259521237e+02 5.758966460343870040e+02 1.140320698081909541e+02 7.217863884881609238e+02 7.019851070249176317e+00
9.570000000000000000e+02 1.129567613586350717e+03 1.570922553259615881e+02 5.758966460344158804e+02 1.140320698081930431e+02 7.217863884882145840e+02 7.047473551312288365e+00
9.590000000000000000e+02 1.129567613586367997e+03 1.570922553259521237e+02 5.763953669560997923e+02 1.140320698081779369e+02 7.254202212046288878e+02 7.090327899345687968e+00
9.610000000000000000e+02 1.129656330263248492e+03 1.570922553259610481e+02 5.767273594614597414e+02 1.140320698081887656e+02 7.289695308261567561e+02 7.090327899346091201e+00
9.630000000000000000e+02 1.129737692444841286e+03 1.570922553259610481e+02 5.767273594614597414e+02 1.143637303770064051e+02 7.289695308261567561e+02 7.090327899346091201e+00
9.650000000000000000e+02 1.130050136904515512e+03 1.570938989200242588e+02 5.767273594614578087e+02 1.151612571417978188e+02 7.289695308261287892e+02 7.090327899345409968e+00
9.670000000000000000e+02 1.132257968689109020e+03 1.570943151983810253e+02 5.767273594614268859e+02 1.151612571418020821e+02 7.289695308260459115e+02 7.131566552630531852e+00
9.690000000000000000e+02 1.134714010057090718e+03 1.570943151983899497e+02 5.767273594614597414e+02 1.151612571418086191e+02 7.338278967798650001e+02 7.161560232681963178e+00
9.710000000000000000e+02 1.134824934133406941e+03 1.570943151983899497e+02 5.767273594614943022e+02 1.151612571418086191e+02 7.362234549036089675e+02 7.161560232682233185e+00
9.730000000000000000e+02 1.134885571410364037e+03 1.570943151983810253e+02 5.772905099900671075e+02 1.156488186859348275e+02 7.362234549036019189e+02 7.161560232681556393e+00
9.750000000000000000e+02 1.135270908938913408e+03 1.570943151983904329e+02 5.775220334063681094e+02 1.163018830363300964e+02 7.362234549036231783e+02 7.161560232682234961e+00
9.770000000000000000e+02 1.135515428434644946e+03 1.570943151983810253e+02 5.775220334062696566e+02 1.163018830363276237e+02 7.362234549035671307e+02 7.213190107231467252e+00
9.790000000000000000e+02 1.136433903105131776e+03 1.570943151983899497e+02 5.775220334063370728e+02 1.163018830363255631e+02 7.419741282650716130e+02 7.233511369265552382e+00
9.810000000000000000e+02 1.139938687366417980e+03 1.570949602839027364e+02 5.775220334063370728e+02 1.163018830363342317e+02 7.435527857676398753e+02 7.233511369265552382e+00
9.830000000000000000e+02 1.139986944024761669e+03 1.570960524562624698e+02 5.775220334063006931e+02 1.168913078222214494e+02 7.435527857675781433e+02 7.233511369264879143e+00
9.850000000000000000e+02 1.140415004452180710e+03 1.570960524562446210e+02 5.775220334063043310e+02 1.174539583578325903e+02 7.435527857675283485e+02 7.233511369265142044e+00
9.870000000000000000e+02 1.140623055224485142e+03 1.570960524562622425e+02 5.780442419260969018e+02 1.174539583578349209e+02 7.435527857676398753e+02 7.292149643783147894e+00
9.890000000000000000e+02 1.140623055224483096e+03 1.570960524562708827e+02 5.782816557336686856e+02 1.174539583578479380e+02 7.498427759249082101e+02 7.306140900301301144e+00
9.910000000000000000e+02 1.140753273665717415e+03 1.570960524562446210e+02 5.782816557336011556e+02 1.174539583578325903e+02 7.509533426704451813e+02 7.306140900301156371e+00
9.930000000000000000e+02 1.144583276524814437e+03 1.570960524562713942e+02 5.782816557336649339e+02 1.180885121769173054e+02 7.509533426705037300e+02 7.306140900301047125e+00
9.950000000000000000e+02 1.145480912071793455e+03 1.570960524562446210e+02 5.782816557336358301e+02 1.186167811477475880e+02 7.509533426703758323e+02 7.306140900300886365e+00
9.970000000000000000e+02 1.145684309067931054e+03 1.570960524562535454e+02 5.782816557336340111e+02 1.186167811477629925e+02 7.509533426704878138e+02 7.368328173672482606e+00
9.990000000000000000e+02 1.145684309067864660e+03 1.570972029026583527e+02 5.782816557336686856e+02 1.186167811477543239e+02 7.574146980897367030e+02 7.379490236534484104e+00
1.001000000000000000e+03 1.145810875514821191e+03 1.570975374103319098e+02 5.786687309487763287e+02 1.186167811477610599e+02 7.584212444271696540e+02 7.379490236534090641e+00
1.003000000000000000e+03 1.145860735023924917e+03 1.570975374103487354e+02 5.790066091649147211e+02 1.192376267859890646e+02 7.584212444272221774e+02 7.379490236534064884e+00
1.005000000000000000e+03 1.148238896783644577e+03 1.570975374103576598e+02 5.790066091649475766e+02 1.197900204778345312e+02 7.584212444271959157e+02 7.379490236533942316e+00
1.007000000000000000e+03 1.150698083627874894e+03 1.570975374103316540e+02 5.790066091649823647e+02 1.197900204778345312e+02 7.584212444272652647e+02 7.441650154821864760e+00
1.009000000000000000e+03 1.150698083627810547e+03 1.570975374103487354e+02 5.790066091649147211e+02 1.197900204778277242e+02 7.646800031620418849e+02 7.453626090135405668e+00
1.011000000000000000e+03 1.150811587704395151e+03 1.570975374103581714e+02 5.790066091649786131e+02 1.197900204778394624e+02 7.659624075486048014e+02 7.453626090136404869e+00
1.013000000000000000e+03 1.150876037109315121e+03 1.570975374103313982e+02 5.790066091649147211e+02 1.203369376012575458e+02 7.659624075485781987e+02 7.453626090135405668e+00
1.015000000000000000e+03 1.151235275082446606e+03 1.570975374103576598e+02 5.791759164896006951e+02 1.209750857824546557e+02 7.659624075485870662e+02 7.453626090136371118e+00
1.017000000000000000e+03 1.151529708636986243e+03 1.570988185503518650e+02 5.796972961728836253e+02 1.209750857824477777e+02 7.659624075484741752e+02 7.511943657594539303e+00
1.019000000000000000e+03 1.155417848048856285e+03 1.570988125971025795e+02 5.796972961729477447e+02 1.209750857824510462e+02 7.716282055103040420e+02 7.528510798737307219e+00
1.021000000000000000e+03 1.155753539715201441e+03 1.570988125970931435e+02 5.796972961728836253e+02 1.209750857824477777e+02 7.735818334700637706e+02 7.528510798736836485e+00
1.023000000000000000e+03 1.155842266421886961e+03 1.570988125971020679e+02 5.796972961729164808e+02 1.213846370404138924e+02 7.735818334702117909e+02 7.528510798736993692e+00
1.025000000000000000e+03 1.156109182140644862e+03 1.570988125971020679e+02 5.796972961729164808e+02 1.221720161003088378e+02 7.735818334701077674e+02 7.528510798736993692e+00
1.027000000000000000e+03 1.156502382553819643e+03 1.570988125971194052e+02 5.796972961729164808e+02 1.221720161003088378e+02 7.735818334701771164e+02 7.579023300742591118e+00
1.029000000000000000e+03 1.156502382553675943e+03 1.570988125970847022e+02 5.796972961728819200e+02 1.221720161003001692e+02 7.782412652011794307e+02 7.604102048483734499e+00
1.031000000000000000e+03 1.157812022519702850e+03 1.570988125971020679e+02 5.802350700124386549e+02 1.221720161003175065e+02 7.812752040191328433e+02 7.604102048484547183e+00
1.033000000000000000e+03 1.160759149432172535e+03 1.570988125971020679e+02 5.803547308290759474e+02 1.223781189514921266e+02 7.812752040192021923e+02 7.604102048484277176e+00
1.035000000000000000e+03 1.160896531222839030e+03 1.570999510118291198e+02 5.803547308290412730e+02 1.233800812918111376e+02 7.812752040192021923e+02 7.604102048484277176e+00
1.037000000000000000e+03 1.161425617144499938e+03 1.570998890544975097e+02 5.803547308290412730e+02 1.233800812917938003e+02 7.812752040190634943e+02 7.642756607293180515e+00
1.039000000000000000e+03 1.161425617144649323e+03 1.570998890545148470e+02 5.803547308290412730e+02 1.233800812918111376e+02 7.845011550386416275e+02 7.680440852574749400e+00
1.041000000000000000e+03 1.161440568718556278e+03 1.570998890545148470e+02 5.803547308290759474e+02 1.233800812918111376e+02 7.890384352109841757e+02 7.680440852574749400e+00
1.043000000000000000e+03 1.161608575931196810e+03 1.570998890544975097e+02 5.803547308290412730e+02 1.233800812918111376e+02 7.890384352110535247e+02 7.680440852573936716e+00
1.045000000000000000e+03 1.163879021192715300e+03 1.570998890545148470e+02 5.805106838523144006e+02 1.245334352346569347e+02 7.890384352109841757e+02 7.680440852574749400e+00
1.047000000000000000e+03 1.166267430220727874e+03 1.570998890544975097e+02 5.809799397139825032e+02 1.245989175475189370e+02 7.890384352109841757e+02 7.703018655001876880e+00
1.049000000000000000e+03 1.166298121298757451e+03 1.570998890545148470e+02 5.809799397140171777e+02 1.245989175475232713e+02 7.903927401799181780e+02 7.757598426963636662e+00
1.051000000000000000e+03 1.166298121298827027e+03 1.570998890545148470e+02 5.809799397140519659e+02 1.245989175475276056e+02 7.968774708448644333e+02 7.757598426963636662e+00
1.053000000000000000e+03 1.166443642622858533e+03 1.571007179866114427e+02 5.809799397140519659e+02 1.245989175475189370e+02 7.968774708449338959e+02 7.757598426963907556e+00
1.055000000000000000e+03 1.166482652486424968e+03 1.571007805406532327e+02 5.809799397139825032e+02 1.254220338322425903e+02 7.968774708447950843e+02 7.757598426963093985e+00
1.057000000000000000e+03 1.166922438952384709e+03 1.571007805406532327e+02 5.809799397140171777e+02 1.258299741198603527e+02 7.968774708449338959e+02 7.759663624107791868e+00
1.059000000000000000e+03 1.169982252360787925e+03 1.571007805406705700e+02 5.809799397140519659e+02 1.258299741198516699e+02 7.968774708448644333e+02 7.835536160022936514e+00
1.061000000000000000e+03 1.171118872730977046e+03 1.571007805406619013e+02 5.812983564237872542e+02 1.258299741198516699e+02 8.038216353278143060e+02 7.835536160022936514e+00
1.063000000000000000e+03 1.171200887889942578e+03 1.571007805406705700e+02 5.815735406963090099e+02 1.258299741198603527e+02 8.047977077619422062e+02 7.835536160022394725e+00
1.065000000000000000e+03 1.171305008117382158e+03 1.571007805406358955e+02 5.815735406962743355e+02 1.262490983342488846e+02 8.047977077618728572e+02 7.835536160022394725e+00
1.067000000000000000e+03 1.171502109737928095e+03 1.571007805406705700e+02 5.815735406963437981e+02 1.270733206641758670e+02 8.047977077619422062e+02 7.835536160022936514e+00
1.069000000000000000e+03 1.171989867591807752e+03 1.571007805406532327e+02 5.815735406962743355e+02 1.270733206641758670e+02 8.047977077619422062e+02 7.891194907234229561e+00
1.071000000000000000e+03 1.171989867591813208e+03 1.571012444663739984e+02 5.815735406963437981e+02 1.270733206641802298e+02 8.090119481387464475e+02 7.914209763045833235e+00
1.073000000000000000e+03 1.174911076302219499e+03 1.571015313403881066e+02 5.815735406963090099e+02 1.270733206641672126e+02 8.127946884347453533e+02 7.914209763044477874e+00
1.075000000000000000e+03 1.176075583280736964e+03 1.571015313403881066e+02 5.815735406963090099e+02 1.270733206641845499e+02 8.127946884348147023e+02 7.914209763045833235e+00
1.077000000000000000e+03 1.176075583280810633e+03 1.571015313404054723e+02 5.819536944883657270e+02 1.282668419788288077e+02 8.127946884348493768e+02 7.914209763045833235e+00
1.079000000000000000e+03 1.176678382919240676e+03 1.571015313403881066e+02 5.821361364043153799e+02 1.283281978769167040e+02 8.127946884348147023e+02 7.940824721216132254e+00
1.081000000000000000e+03 1.176766994750648337e+03 1.571015313403967752e+02 5.821361364041765682e+02 1.283281978769080069e+02 8.137860710977912504e+02 7.993659742394155110e+00
1.083000000000000000e+03 1.176766994750795675e+03 1.571015313404054723e+02 5.821361364043153799e+02 1.283281978769167040e+02 8.208641188080928259e+02 7.993659742395238688e+00
1.085000000000000000e+03 1.176876565807081988e+03 1.571015313403881066e+02 5.821361364042807054e+02 1.283281978769167040e+02 8.208641188080928259e+02 7.993659742394697787e+00
1.087000000000000000e+03 1.179517012875517139e+03 1.571015313403881066e+02 5.821361364043153799e+02 1.289739782690552659e+02 8.208641188080928259e+02 7.993659742395238688e+00
1.089000000000000000e+03 1.181072277494025457e+03 1.571016065613807484e+02 5.821361364042460309e+02 1.295942076683792550e+02 8.208641188081621749e+02 7.993659742394697787e+00
1.091000000000000000e+03 1.181490831411532554e+03 1.571021686485630937e+02 5.821361364042460309e+02 1.295942076683619177e+02 8.208641188080234770e+02 8.066617622639162377e+00
1.093000000000000000e+03 1.181490831411672389e+03 1.571021686485630937e+02 5.824897940314571088e+02 1.295942076683749349e+02 8.262729553074054820e+02 8.073962031828592956e+00
1.095000000000000000e+03 1.181502590054672737e+03 1.571021686485804594e+02 5.826687407042146560e+02 1.295942076683792550e+02 8.290119588220956075e+02 8.073962031829132968e+00
1.097000000000000000e+03 1.181682124355304040e+03 1.571021686485630937e+02 5.826687407041453071e+02 1.295942076683792550e+02 8.290119588221650702e+02 8.073962031828592956e+00
1.099000000000000000e+03 1.181682124355163069e+03 1.571021686485544251e+02 5.826687407040759581e+02 1.308900670729182139e+02 8.290119588220610467e+02 8.073962031828049390e+00
1.101000000000000000e+03 1.184067526391266256e+03 1.571021686485630937e+02 5.826687407041799815e+02 1.308728383645710949e+02 8.290119588220956075e+02 8.108644174507190883e+00
1.103000000000000000e+03 1.186160275789490925e+03 1.571021686485804594e+02 5.826687407042146560e+02 1.308728383645667463e+02 8.302414131919343845e+02 8.155077087130006674e+00
1.105000000000000000e+03 1.186160275789490925e+03 1.571021686485630937e+02 5.826687407041453071e+02 1.308728383645624262e+02 8.372440200787173126e+02 8.155077087129463109e+00
1.107000000000000000e+03 1.186254419229431278e+03 1.571021686485804594e+02 5.826687407041453071e+02 1.308728383645710949e+02 8.372440200787173126e+02 8.155077087129734892e+00
1.109000000000000000e+03 1.186353213004482086e+03 1.571023945724433872e+02 5.829195473674303685e+02 1.314677185237141828e+02 8.372440200785438265e+02 8.155077087128921320e+00
1.111000000000000000e+03 1.186556364342647157e+03 1.571026985727579017e+02 5.831723752030420656e+02 1.321641927688136207e+02 8.372440200787173126e+02 8.155077087129463109e+00
1.113000000000000000e+03 1.187063555056736959e+03 1.571026985727405645e+02 5.831723752029727166e+02 1.321641927688136207e+02 8.372440200787173126e+02 8.228076206798457193e+00
1.115000000000000000e+03 1.187626785307857062e+03 1.571026985727579017e+02 5.831723752030420656e+02 1.321641927688049805e+02 8.420549239131214563e+02 8.236958572412966362e+00
1.117000000000000000e+03 1.190775299381326477e+03 1.571026985727231988e+02 5.831723752030073911e+02 1.321641927688049805e+02 8.455557039918626288e+02 8.236958572412154567e+00
1.119000000000000000e+03 1.190942137517585934e+03 1.571026985727492047e+02 5.831723752030420656e+02 1.321641927688136207e+02 8.455557039920014404e+02 8.236958572412966362e+00
1.121000000000000000e+03 1.190970093775521946e+03 1.571026985727405645e+02 5.831723752029727166e+02 1.332733702321536953e+02 8.455557039919667659e+02 8.236958572412966362e+00
1.123000000000000000e+03 1.191430950847283157e+03 1.571026985727579017e+02 5.831723752030420656e+02 1.334674814191475321e+02 8.455557039920014404e+02 8.261752902009151356e+00
1.125000000000000000e+03 1.191687188603293407e+03 1.571026985727405645e+02 5.832552587311384968e+02 1.334674814191562291e+02 8.455557039920014404e+02 8.319646371656299166e+00
1.127000000000000000e+03 1.191687188603154709e+03 1.571026985727405645e+02 5.836478566821623417e+02 1.334674814191302232e+02 8.535369293882765760e+02 8.319646371655213812e+00
1.129000000000000000e+03 1.191719903333629873e+03 1.571029303956521233e+02 5.836478566823011533e+02 1.334674814191475321e+02 8.539424989669613524e+02 8.319646371656299166e+00
1.131000000000000000e+03 1.194479197661665921e+03 1.571031287054408381e+02 5.836478566822316907e+02 1.337094889049868982e+02 8.539424989669961406e+02 8.319646371656299166e+00
1.133000000000000000e+03 1.195531872263261221e+03 1.571031287054582037e+02 5.836478566823011533e+02 1.347822705121282638e+02 8.539424989669613524e+02 8.319646371655755601e+00
1.135000000000000000e+03 1.196212561276052156e+03 1.571031287054408381e+02 5.836478566822316907e+02 1.347822705121022580e+02 8.539424989669613524e+02 8.374138015173086202e+00
1.137000000000000000e+03 1.196255277306169546e+03 1.571031287054408381e+02 5.836478566822316907e+02 1.347822705121282638e+02 8.562055815820174303e+02 8.403221356274706011e+00
1.139000000000000000e+03 1.196255277306297330e+03 1.571031287054582037e+02 5.836478566823011533e+02 1.347822705121195952e+02 8.624103690703377652e+02 8.403221356274706011e+00
1.141000000000000000e+03 1.196337964682661777e+03 1.571031287054408381e+02 5.836478566822316907e+02 1.347822705121195952e+02 8.624103690702683025e+02 8.403221356274436005e+00
1.143000000000000000e+03 1.196453513410537198e+03 1.571031287054582037e+02 5.839568388978782423e+02 1.353918411997265139e+02 8.624103690702683025e+02 8.403221356274706011e+00
1.145000000000000000e+03 1.197108394580079676e+03 1.571031287054408381e+02 5.840959680043778235e+02 1.361100865268551843e+02 8.624103690702683025e+02 8.403221356274165998e+00
1.147000000000000000e+03 1.200766959134740773e+03 1.571031287054582037e+02 5.840959680045165214e+02 1.361100865268638529e+02 8.624103690702683025e+02 8.483203687950124916e+00
1.149000000000000000e+03 1.200766959134739636e+03 1.571032897886709350e+02 5.840959680044471725e+02 1.361100865268898872e+02 8.669023277631943074e+02 8.487643071145217988e+00
1.151000000000000000e+03 1.200766959134737590e+03 1.571034850664752867e+02 5.840959680044819606e+02 1.361100865268638529e+02 8.709655602977261424e+02 8.487643071145217988e+00
1.153000000000000000e+03 1.200888491590167177e+03 1.571034850664752867e+02 5.840959680044471725e+02 1.361100865268638529e+02 8.709655602975874444e+02 8.487643071144676199e+00
1.155000000000000000e+03 1.200966878552257640e+03 1.571034850664926239e+02 5.840959680044471725e+02 1.370158885641119184e+02 8.709655602976915816e+02 8.487643071144676199e+00
1.157000000000000000e+03 1.201231861080339058e+03 1.571034850664752867e+02 5.840959680045165214e+02 1.374510680271327772e+02 8.709655602977261424e+02 8.503451291455792926e+00
1.159000000000000000e+03 1.201703439836139978e+03 1.571034850664926239e+02 5.840959680044471725e+02 1.374510680271501144e+02 8.709655602976567934e+02 8.572863058238251455e+00
1.161000000000000000e+03 1.203297368069422419e+03 1.571034850664752867e+02 5.845345605341723285e+02 1.374510680271414742e+02 8.772230804091062737e+02 8.572863058239335032e+00
1.163000000000000000e+03 1.205222313024935147e+03 1.571034850664752867e+02 5.845176843014693304e+02 1.374510680271327772e+02 8.796033315524448426e+02 8.572863058238251455e+00
1.165000000000000000e+03 1.205371287058779671e+03 1.571034850664926239e+02 5.845176843015386794e+02 1.374510680271327772e+02 8.796033315524448426e+02 8.572863058238251455e+00
1.167000000000000000e+03 1.205424137694691581e+03 1.571034850664752867e+02 5.845176843015386794e+02 1.385778962239778025e+02 8.796033315524448426e+02 8.572863058239335032e+00
1.169000000000000000e+03 1.205780267016219113e+03 1.571035333242792831e+02 5.845176843015386794e+02 1.388043943892011782e+02 8.796033315524448426e+02 8.604333548651101893e+00
1.171000000000000000e+03 1.206167651963653952e+03 1.571037839423646005e+02 5.845176843014693304e+02 1.388043943892011782e+02 8.796033315524448426e+02 8.658920457167663898e+00
1.173000000000000000e+03 1.206167651963663729e+03 1.571037839423819378e+02 5.845176843015386794e+02 1.388043943892011782e+02 8.871404818112243902e+02 8.658920457168747475e+00
1.175000000000000000e+03 1.206167651963798107e+03 1.571037839423819378e+02 5.845176843014693304e+02 1.388043943892011782e+02 8.883189460322931836e+02 8.658920457168747475e+00
1.177000000000000000e+03 1.208505653285513745e+03 1.571037839423819378e+02 5.846057436070111635e+02 1.388043943892185155e+02 8.883189460322238347e+02 8.658920457168747475e+00
1.179000000000000000e+03 1.209824169476373982e+03 1.571037839423646005e+02 5.849139816578585851e+02 1.400739315478294316e+02 8.883189460321891602e+02 8.658920457167663898e+00
1.181000000000000000e+03 1.210227072781730385e+03 1.571037839423819378e+02 5.849139816579279341e+02 1.401695946291747816e+02 8.883189460322931836e+02 8.701316032815867629e+00
1.183000000000000000e+03 1.210574176688423904e+03 1.571037839423819378e+02 5.849139816578585851e+02 1.401695946291574160e+02 8.883189460322931836e+02 8.745901302554180745e+00
1.185000000000000000e+03 1.210574176688423904e+03 1.571037839423646005e+02 5.849139816579279341e+02 1.401695946291747816e+02 8.966387648542961415e+02 8.745901302554180745e+00
1.187000000000000000e+03 1.210574176688562602e+03 1.571037839423819378e+02 5.849139816578931459e+02 1.401695946291574160e+02 8.971183590120168674e+02 8.745901302553638956e+00
1.189000000000000000e+03 1.210741370556392667e+03 1.571037839423819378e+02 5.849139816577891224e+02 1.401695946291574160e+02 8.971183590119474047e+02 8.745901302553097167e+00
1.191000000000000000e+03 1.210779533439192619e+03 1.571039461115315703e+02 5.849139816579279341e+02 1.415023529978930128e+02 8.971183590119821929e+02 8.745901302554180745e+00
1.193000000000000000e+03 1.213461858062571309e+03 1.571040285039404409e+02 5.849139816579279341e+02 1.415482322682411223e+02 8.971183590120168674e+02 8.794231912973970111e+00
1.195000000000000000e+03 1.214922295919643147e+03 1.571040285039578066e+02 5.850004265987168992e+02 1.415482322682237566e+02 8.971183590120168674e+02 8.833764255560069500e+00
1.197000000000000000e+03 1.214922295919493536e+03 1.571040285039404409e+02 5.852858240130987042e+02 1.415482322682324252e+02 9.057055190699047671e+02 8.833764255560069500e+00
1.199000000000000000e+03 1.214922295919647468e+03 1.571040285039404409e+02 5.852858240131680532e+02 1.415482322682411223e+02 9.060082707207373005e+02 8.833764255560069500e+00
1.201000000000000000e+03 1.215079382095006167e+03 1.571040285039578066e+02 5.852858240132375158e+02 1.415482322682237566e+02 9.060082707207373005e+02 8.833764255560069500e+00
1.203000000000000000e+03 1.215129373662356784e+03 1.571040285039578066e+02 5.852858240131680532e+02 1.428602466436827569e+02 9.060082707207373005e+02 8.833764255561154854e+00
1.205000000000000000e+03 1.215486649630940974e+03 1.571040285039404409e+02 5.852858240132028413e+02 1.429404843165602017e+02 9.060082707207373005e+02 8.882817859936229965e+00
1.207000000000000000e+03 1.215892884328037553e+03 1.571040285039404409e+02 5.852858240131680532e+02 1.429404843165428645e+02 9.060082707205984889e+02 8.922458658266714693e+00
1.209000000000000000e+03 1.217819055012803346e+03 1.571040285039578066e+02 5.852858240131680532e+02 1.429404843165428645e+02 9.143150519823340119e+02 8.922458658266714693e+00
1.211000000000000000e+03 1.219212702289126810e+03 1.571040285039404409e+02 5.852858240131680532e+02 1.429404843165602017e+02 9.149837963789985906e+02 8.922458658266714693e+00
1.213000000000000000e+03 1.219346415931830734e+03 1.571042134850507352e+02 5.852858240131680532e+02 1.429404843165602017e+02 9.149837963789985906e+02 8.922458658267798270e+00
1.215000000000000000e+03 1.219421731971290455e+03 1.571042226583552122e+02 5.856575116919282209e+02 1.441434728810704655e+02 9.149837963789292417e+02 8.922458658265631115e+00
1.217000000000000000e+03 1.219683057039728510e+03 1.571042226583725494e+02 5.856341402776798759e+02 1.443454979793180826e+02 9.149837963790679396e+02 8.966864806452369052e+00
1.219000000000000000e+03 1.220192394183586202e+03 1.571042226583725494e+02 5.856341402776798759e+02 1.443454979793180826e+02 9.149837963789985906e+02 9.012022777389214312e+00
1.221000000000000000e+03 1.220192394183734905e+03 1.571042226583899151e+02 5.856341402776798759e+02 1.443454979793093855e+02 9.224415887307962976e+02 9.012022777388130734e+00
1.223000000000000000e+03 1.220192394183585066e+03 1.571042226583725494e+02 5.856341402776105269e+02 1.443454979793180826e+02 9.240399661082643661e+02 9.012022777389214312e+00
1.225000000000000000e+03 1.221422766226045951e+03 1.571042226583552122e+02 5.856341402776105269e+02 1.443454979793007453e+02 9.240399661081255545e+02 9.012022777387047157e+00
1.227000000000000000e+03 1.223655754329434103e+03 1.571042226583725494e+02 5.856341402776798759e+02 1.453483442422770509e+02 9.240399661081949034e+02 9.012022777389214312e+00
1.229000000000000000e+03 1.223769633221668300e+03 1.571042226583725494e+02 5.856341402776798759e+02 1.457627635935952810e+02 9.240399661082643661e+02 9.046212697895505528e+00
1.231000000000000000e+03 1.224433089992328632e+03 1.571042226583899151e+02 5.856341402776798759e+02 1.457627635935779153e+02 9.240399661081949034e+02 9.102548041784244148e+00
1.233000000000000000e+03 1.224433089992108535e+03 1.571042226583552122e+02 5.858693520031238222e+02 1.457627635935779153e+02 9.300681573446572656e+02 9.102548041784244148e+00
1.235000000000000000e+03 1.224433089992338410e+03 1.571043847479677709e+02 5.859598341775157451e+02 1.457627635935779153e+02 9.331827125360487116e+02 9.102548041784244148e+00
1.237000000000000000e+03 1.224477542075899692e+03 1.571043806069573350e+02 5.859598341774462824e+02 1.457627635935952810e+02 9.331827125360487116e+02 9.102548041784244148e+00
1.239000000000000000e+03 1.224645739509675650e+03 1.571043806069573350e+02 5.859598341775157451e+02 1.464723847237510483e+02 9.331827125359445745e+02 9.102548041784244148e+00
1.241000000000000000e+03 1.224645739509675650e+03 1.571043806069746722e+02 5.859598341774462824e+02 1.471938804059429060e+02 9.331827125360487116e+02 9.120662029682858218e+00
1.243000000000000000e+03 1.228448431463878933e+03 1.571043806069399693e+02 5.859598341774462824e+02 1.471938804059429060e+02 9.331827125359792490e+02 9.193992262152873352e+00
1.245000000000000000e+03 1.228613608604883439e+03 1.571043806069573350e+02 5.859598341775157451e+02 1.471938804059602717e+02 9.371761465837291780e+02 9.193992262153958706e+00
1.247000000000000000e+03 1.228613608604735873e+03 1.571043806069746722e+02 5.859598341774462824e+02 1.471938804059602717e+02 9.424192100866007422e+02 9.193992262154500494e+00
1.249000000000000000e+03 1.228613608604887759e+03 1.571043806069573350e+02 5.859598341775157451e+02 1.471938804059602717e+02 9.424192100866702049e+02 9.193992262153958706e+00
1.251000000000000000e+03 1.228805682167404939e+03 1.571043806069399693e+02 5.860187593432347057e+02 1.475122664185666963e+02 9.424192100865660677e+02 9.193992262152873352e+00
1.253000000000000000e+03 1.228828015054255502e+03 1.571043806069746722e+02 5.862638020130706309e+02 1.486390666228555517e+02 9.424192100866007422e+02 9.193992262153958706e+00
1.255000000000000000e+03 1.229276819449812592e+03 1.571043806069573350e+02 5.862638020130706309e+02 1.486390666228555517e+02 9.424192100866007422e+02 9.282277401973351161e+00
1.257000000000000000e+03 1.229619194256097444e+03 1.571044956224024247e+02 5.862638020131399799e+02 1.486390666228729174e+02 9.437422269393397301e+02 9.286302500026605955e+00
1.259000000000000000e+03 1.231043320069345100e+03 1.571045114406172161e+02 5.862638020130706309e+02 1.486390666228555517e+02 9.517444294352555971e+02 9.286302500027691309e+00
1.261000000000000000e+03 1.232734809776241946e+03 1.571045114405998504e+02 5.862638020130706309e+02 1.486390666228555517e+02 9.517444294351167855e+02 9.286302500025522377e+00
1.263000000000000000e+03 1.232846562597181901e+03 1.571045114406172161e+02 5.862638020130706309e+02 1.486390666228555517e+02 9.517444294351862482e+02 9.286302500027691309e+00
1.265000000000000000e+03 1.232951213039350478e+03 1.571045114406172161e+02 5.862638020131399799e+02 1.499228297031224315e+02 9.517444294351515737e+02 9.286302500026605955e+00
1.267000000000000000e+03 1.233094288492317901e+03 1.571045114406172161e+02 5.862638020130706309e+02 1.500974362663408499e+02 9.517444294351862482e+02 9.347076670704117518e+00
1.269000000000000000e+03 1.233749739464374898e+03 1.571045114405998504e+02 5.862638020130706309e+02 1.500974362663234842e+02 9.517444294351167855e+02 9.379516013982742706e+00
1.271000000000000000e+03 1.233749739464376944e+03 1.571045114406172161e+02 5.863992731874878928e+02 1.500974362663495185e+02 9.591513489098230139e+02 9.379516013982742706e+00
1.273000000000000000e+03 1.233749739464522236e+03 1.571045114406172161e+02 5.865470927425564014e+02 1.500974362663408499e+02 9.611531595570681930e+02 9.379516013983284495e+00
1.275000000000000000e+03 1.233765020459726202e+03 1.571045114406172161e+02 5.865470927424870524e+02 1.500974362663408499e+02 9.611531595571376556e+02 9.379516013983826284e+00
1.277000000000000000e+03 1.236377967990939396e+03 1.571045114405998504e+02 5.865470927424870524e+02 1.507962454463072959e+02 9.611531595569988440e+02 9.379516013981659128e+00
1.279000000000000000e+03 1.237015358038625891e+03 1.571045647913611560e+02 5.865470927425564014e+02 1.515684394660411840e+02 9.611531595571376556e+02 9.406295198069978269e+00
1.281000000000000000e+03 1.237598821450013475e+03 1.571046166974100800e+02 5.865470927425910759e+02 1.515684394660238183e+02 9.611531595571376556e+02 9.473729863431488596e+00
1.283000000000000000e+03 1.237820734969302521e+03 1.571046166974274172e+02 5.865470927425564014e+02 1.515684394660238183e+02 9.646463674277405289e+02 9.473729863432572174e+00
1.285000000000000000e+03 1.237820734969431442e+03 1.571046166974100800e+02 5.865470927424870524e+02 1.515684394660238183e+02 9.706512956050503362e+02 9.473729863431488596e+00
1.287000000000000000e+03 1.237820734969294790e+03 1.571046166974100800e+02 5.865470927424870524e+02 1.515684394660238183e+02 9.706512956049461991e+02 9.473729863431488596e+00
1.289000000000000000e+03 1.237943075242942086e+03 1.571046166974100800e+02 5.865470927425564014e+02 1.515684394660238183e+02 9.706512956050155481e+02 9.473729863431488596e+00
1.291000000000000000e+03 1.238040842370181053e+03 1.571046166974274172e+02 5.866976887233116713e+02 1.530596002822896651e+02 9.706512956050850107e+02 9.473729863432572174e+00
1.293000000000000000e+03 1.238205171400841891e+03 1.571046166974100800e+02 5.868107348772771275e+02 1.530537096554492109e+02 9.706512956049461991e+02 9.554863412182404758e+00
1.295000000000000000e+03 1.241752133940230806e+03 1.571046166974100800e+02 5.868107348772771275e+02 1.530537096554318452e+02 9.706512956049461991e+02 9.568901048472326920e+00
1.297000000000000000e+03 1.241831222431137803e+03 1.571046166974100800e+02 5.868107348773465901e+02 1.530537096554318452e+02 9.791220648078246995e+02 9.568901048473410498e+00
1.299000000000000000e+03 1.241831222431283095e+03 1.571046166974274172e+02 5.868107348772771275e+02 1.530537096554492109e+02 9.802465061853338284e+02 9.568901048472868709e+00
1.301000000000000000e+03 1.241831222431276501e+03 1.571046166974100800e+02 5.868107348773119156e+02 1.530537096554492109e+02 9.802465061853338284e+02 9.568901048473410498e+00
1.303000000000000000e+03 1.242047157962648726e+03 1.571046904948018721e+02 5.868107348773465901e+02 1.537530495496902745e+02 9.802465061852643657e+02 9.568901048473410498e+00
1.305000000000000000e+03 1.242053120542947909e+03 1.571046982427708087e+02 5.868107348772771275e+02 1.545535090394407973e+02 9.802465061851950168e+02 9.603115882913463963e+00
1.307000000000000000e+03 1.242554833006095805e+03 1.571046982427881744e+02 5.868107348772771275e+02 1.545535090394234317e+02 9.802465061853338284e+02 9.664974266363705269e+00
1.309000000000000000e+03 1.242872671316069273e+03 1.571046982427881744e+02 5.868107348773465901e+02 1.545535090394494659e+02 9.834591802283798643e+02 9.664974266364788846e+00
1.311000000000000000e+03 1.242872671315933758e+03 1.571046982427881744e+02 5.869254713384425486e+02 1.545535090394407973e+02 9.899336169061356259e+02 9.664974266365332412e+00
1.313000000000000000e+03 1.245786083379058255e+03 1.571046982427708087e+02 5.870555360214940492e+02 1.545535090394234317e+02 9.899336169061356259e+02 9.664974266363705269e+00
1.315000000000000000e+03 1.245853051684547154e+03 1.571046982427881744e+02 5.870555360215633982e+02 1.545535090394407973e+02 9.899336169062050885e+02 9.664974266363705269e+00
1.317000000000000000e+03 1.246005073380468957e+03 1.571046982427881744e+02 5.870555360215633982e+02 1.558570100357661943e+02 9.899336169061356259e+02 9.664974266364788846e+00
1.319000000000000000e+03 1.246005073380321392e+03 1.571046982427881744e+02 5.870555360216328609e+02 1.560669174459697217e+02 9.899336169061356259e+02 9.742048697179185979e+00
1.321000000000000000e+03 1.246793370606323833e+03 1.571046982427881744e+02 5.870555360215288374e+02 1.560669174459697217e+02 9.899336169061356259e+02 9.761985625505964492e+00
1.323000000000000000e+03 1.246832162757601054e+03 1.571046982427708087e+02 5.870555360214940492e+02 1.560669174459436874e+02 9.969077925761627057e+02 9.761985625504880915e+00
1.325000000000000000e+03 1.246832162757750666e+03 1.571046982427881744e+02 5.870555360215633982e+02 1.560669174459523845e+02 9.997071673253921062e+02 9.761985625507591635e+00
1.327000000000000000e+03 1.246832162757754986e+03 1.571047677218113847e+02 5.870555360216328609e+02 1.560669174459697217e+02 9.997071673255309179e+02 9.761985625505964492e+00
1.329000000000000000e+03 1.246967489502187846e+03 1.571047632421829121e+02 5.870555360215633982e+02 1.563543133249224582e+02 9.997071673255309179e+02 9.761985625505964492e+00
1.331000000000000000e+03 1.249534068924671146e+03 1.571047632421829121e+02 5.870932783571397522e+02 1.575933432412628008e+02 9.997071673252532946e+02 9.778352046226805427e+00
1.333000000000000000e+03 1.250083996786662510e+03 1.571047632421829121e+02 5.872822872204918667e+02 1.575933432412628008e+02 9.997071673255309179e+02 9.860038057153122537e+00
1.335000000000000000e+03 1.250730975021651375e+03 1.571047632422002778e+02 5.872822872204225177e+02 1.575933432412628008e+02 9.997071673253921062e+02 9.860038057153122537e+00
1.337000000000000000e+03 1.250730975021789163e+03 1.571047632421829121e+02 5.872822872204918667e+02 1.575933432412628008e+02 1.009848364344756419e+03 9.860038057153122537e+00
1.339000000000000000e+03 1.250730975021717768e+03 1.571047632421829121e+02 5.872822872204225177e+02 1.575933432412628008e+02 1.009572999288582650e+03 9.860038057153664326e+00
1.341000000000000000e+03 1.250730975021509494e+03 1.571047632421829121e+02 5.872822872204225177e+02 1.575933432412628008e+02 1.009572999288582650e+03 9.860038057152037183e+00
1.343000000000000000e+03 1.250914533025102401e+03 1.571047632421829121e+02 5.872822872204225177e+02 1.582814469166735023e+02 1.009572999288582650e+03 9.860038057153122537e+00
1.345000000000000000e+03 1.250958696574258965e+03 1.571047632421829121e+02 5.872822872204225177e+02 1.591344522689809651e+02 1.009572999288721462e+03 9.906863053897726701e+00
1.347000000000000000e+03 1.251316203360736154e+03 1.571047632422002778e+02 5.872822872204918667e+02 1.591344522689809651e+02 1.009572999288582650e+03 9.959087797915994855e+00
1.349000000000000000e+03 1.253410200648018645e+03 1.571047632421655749e+02 5.872822872203531688e+02 1.591344522689809651e+02 1.012303123135022133e+03 9.959087797914911278e+00
1.351000000000000000e+03 1.254569184744769473e+03 1.571048160751813043e+02 5.872822872204918667e+02 1.591344522689809651e+02 1.019539295484955801e+03 9.959087797915454843e+00
1.353000000000000000e+03 1.254569184744919085e+03 1.571048163995919538e+02 5.874207943409870722e+02 1.591344522689983023e+02 1.019539295485094613e+03 9.959087797915994855e+00
1.355000000000000000e+03 1.254569184744778113e+03 1.571048163995919538e+02 5.874920566844090217e+02 1.591344522689809651e+02 1.019539295484955801e+03 9.959087797915994855e+00
1.357000000000000000e+03 1.254785266411439352e+03 1.571048163996092910e+02 5.874920566845131589e+02 1.601229024121055033e+02 1.019539295485025264e+03 9.959087797915994855e+00
1.359000000000000000e+03 1.254798728152622743e+03 1.571048163995745881e+02 5.874920566845131589e+02 1.606905535725920799e+02 1.019539295484955801e+03 1.003021012347424090e+01
1.361000000000000000e+03 1.255269478431120888e+03 1.571048163996092910e+02 5.874920566843744609e+02 1.606905535726267544e+02 1.019539295485094613e+03 1.005907709383780357e+01
1.363000000000000000e+03 1.255647331594481784e+03 1.571048163995919538e+02 5.874920566845131589e+02 1.606905535726094172e+02 1.024076211535024413e+03 1.005907709383888715e+01
1.365000000000000000e+03 1.255647331594620482e+03 1.571048163995919538e+02 5.874920566845131589e+02 1.606905535726094172e+02 1.029600736305869077e+03 1.005907709383780357e+01
1.367000000000000000e+03 1.255988309159965638e+03 1.571048163995919538e+02 5.874920566843744609e+02 1.606905535725920799e+02 1.029600736305730152e+03 1.005907709383780357e+01
1.369000000000000000e+03 1.258347348920172635e+03 1.571048163995919538e+02 5.874920566845131589e+02 1.606905535726094172e+02 1.029600736305799728e+03 1.005907709383780357e+01
1.371000000000000000e+03 1.258579923508051024e+03 1.571048163996092910e+02 5.874920566845131589e+02 1.618738911540913534e+02 1.029600736305869077e+03 1.005907709383888715e+01
1.373000000000000000e+03 1.258578971466968142e+03 1.571048163995919538e+02 5.874920566844438099e+02 1.622606917804809825e+02 1.029600736305869077e+03 1.014811848659724092e+01
1.375000000000000000e+03 1.259103274098918519e+03 1.571048447567176254e+02 5.876754213934854079e+02 1.622606917804636453e+02 1.029600736305869077e+03 1.016004075418013919e+01
1.377000000000000000e+03 1.259435298995663970e+03 1.571048584089913902e+02 5.876859178713389156e+02 1.622606917804983482e+02 1.035266309773602643e+03 1.016004075418230634e+01
1.379000000000000000e+03 1.259435298995663970e+03 1.571048584090087274e+02 5.876859178713389156e+02 1.622606917804809825e+02 1.039751603420929769e+03 1.016004075418284991e+01
1.381000000000000000e+03 1.259435298995533685e+03 1.571048584089913902e+02 5.876859178712695666e+02 1.622606917804809825e+02 1.039751603420929769e+03 1.016004075418122277e+01
1.383000000000000000e+03 1.259435298995661697e+03 1.571048584090087274e+02 5.876859178713389156e+02 1.622606917804809825e+02 1.039751603421068467e+03 1.016004075418230634e+01
1.385000000000000000e+03 1.259667401011256970e+03 1.571048584089913902e+02 5.876859178712695666e+02 1.635292133588678212e+02 1.039751603420929769e+03 1.016004075418122277e+01
1.387000000000000000e+03 1.260991355455456642e+03 1.571048584089913902e+02 5.876859178712695666e+02 1.638442319149002628e+02 1.039751603420929769e+03 1.026044585385838914e+01
1.389000000000000000e+03 1.262813875806982423e+03 1.571048584090087274e+02 5.876859178713389156e+02 1.638442319149002628e+02 1.039751603420929769e+03 1.026208782800510022e+01
1.391000000000000000e+03 1.263161928273042577e+03 1.571048584089913902e+02 5.876859178712695666e+02 1.638442319149089315e+02 1.045846497587932163e+03 1.026208782800510022e+01
1.393000000000000000e+03 1.263161928272751993e+03 1.571048584089913902e+02 5.876859178712695666e+02 1.638442319148829256e+02 1.049997668500085638e+03 1.026208782800347485e+01
1.395000000000000000e+03 1.263161928273042577e+03 1.571048584090087274e+02 5.876859178713389156e+02 1.638442319148829256e+02 1.049997668500224336e+03 1.026208782800510022e+01
1.397000000000000000e+03 1.263161928272901832e+03 1.571048584089913902e+02 5.878679001358743790e+02 1.638442319149002628e+02 1.049997668500085638e+03 1.026208782800510022e+01
1.399000000000000000e+03 1.263375889867404794e+03 1.571048584090087274e+02 5.878645667115739570e+02 1.650858818832111297e+02 1.049997668500224336e+03 1.026208782800510022e+01
1.401000000000000000e+03 1.263397409326206571e+03 1.571048934939991852e+02 5.878645667115739570e+02 1.654428701971556563e+02 1.049997668500085638e+03 1.036688359474504928e+01
1.403000000000000000e+03 1.263839508925774453e+03 1.571048900920329743e+02 5.878645667114351454e+02 1.654428701971383191e+02 1.049997668500085638e+03 1.036517384344725912e+01
1.405000000000000000e+03 1.264267833653856087e+03 1.571048900920329743e+02 5.878645667115739570e+02 1.654428701971643534e+02 1.055796986553364604e+03 1.036517384344834447e+01
1.407000000000000000e+03 1.266079261383209086e+03 1.571048900920329743e+02 5.878645667115739570e+02 1.654428701971556563e+02 1.060347648002141113e+03 1.036517384344888448e+01
1.409000000000000000e+03 1.266827353184761705e+03 1.571048900920329743e+02 5.878645667115739570e+02 1.654428701971556563e+02 1.060347648002002416e+03 1.036517384344834447e+01
1.411000000000000000e+03 1.266827353184475442e+03 1.571048900920329743e+02 5.878645667115044944e+02 1.654428701971383191e+02 1.060347648002002416e+03 1.036517384344725912e+01
1.413000000000000000e+03 1.267005031817024701e+03 1.571048900920329743e+02 5.878645667115044944e+02 1.665400389203736040e+02 1.060347648002002416e+03 1.036517384344834447e+01
1.415000000000000000e+03 1.267064684073635362e+03 1.571048900920329743e+02 5.878645667115739570e+02 1.670569653707681823e+02 1.060347648002141113e+03 1.046707861323582733e+01
1.417000000000000000e+03 1.267367148937606089e+03 1.571048900920503399e+02 5.878645667115739570e+02 1.670569653707681823e+02 1.060347648002002416e+03 1.046923850500755648e+01
1.419000000000000000e+03 1.267942992765619238e+03 1.571048900920329743e+02 5.880080248980151509e+02 1.670569653707768509e+02 1.065088952548892621e+03 1.046923850500755648e+01
1.421000000000000000e+03 1.267942992765468489e+03 1.571048900920156370e+02 5.880286737833250754e+02 1.670569653707508451e+02 1.070796077356078740e+03 1.046923850500701469e+01
1.423000000000000000e+03 1.267942992765481449e+03 1.571048900920329743e+02 5.880286737833250754e+02 1.670569653707681823e+02 1.070796077356217438e+03 1.046923850500755648e+01
1.425000000000000000e+03 1.267942992765479175e+03 1.571048971518544590e+02 5.880286737833945381e+02 1.670569653707681823e+02 1.070796077356356363e+03 1.046923850500755648e+01
1.427000000000000000e+03 1.269901001562546071e+03 1.571049147731755227e+02 5.880286737833250754e+02 1.678865852126898517e+02 1.070796077356217438e+03 1.046923850500755648e+01
1.429000000000000000e+03 1.270672776933711248e+03 1.571049147731408482e+02 5.880286737833250754e+02 1.686855258692561392e+02 1.070796077356078740e+03 1.056078003411060706e+01
1.431000000000000000e+03 1.270766232775036769e+03 1.571049147731755227e+02 5.880286737833945381e+02 1.686855258692561392e+02 1.070796077356356363e+03 1.057431516685069006e+01
1.433000000000000000e+03 1.271558987482356770e+03 1.571049147731581854e+02 5.880286737833250754e+02 1.686855258692561392e+02 1.073689201462613028e+03 1.057431516684960648e+01
1.435000000000000000e+03 1.271558987482367456e+03 1.571049147731755227e+02 5.880286737833945381e+02 1.686855258692474422e+02 1.081336971676255416e+03 1.057431516685123185e+01
1.437000000000000000e+03 1.271558987482157136e+03 1.571049147731581854e+02 5.880286737833250754e+02 1.686855258692561392e+02 1.081336971676394342e+03 1.057431516685069006e+01
1.439000000000000000e+03 1.271558987482202610e+03 1.571049147731581854e+02 5.880286737833250754e+02 1.686855258692388020e+02 1.081336971676116718e+03 1.057431516684960648e+01
1.441000000000000000e+03 1.271607273277341392e+03 1.571049147731755227e+02 5.881051556306388193e+02 1.691206240510972805e+02 1.081336971676463463e+03 1.057431516684960648e+01
1.443000000000000000e+03 1.271800472687509455e+03 1.571049147731581854e+02 5.881792645482524904e+02 1.703278717695051796e+02 1.081336971676255416e+03 1.064777735139909254e+01
1.445000000000000000e+03 1.271800472687518095e+03 1.571049147731755227e+02 5.881792645482524904e+02 1.703278717694878139e+02 1.081336971676255416e+03 1.068051924607311243e+01
1.447000000000000000e+03 1.273927393317933138e+03 1.571049147731581854e+02 5.881792645481831414e+02 1.703278717694878139e+02 1.081336971676255416e+03 1.068051924607311243e+01
1.449000000000000000e+03 1.275115017840314977e+03 1.571049147731581854e+02 5.881792645482524904e+02 1.703278717694878139e+02 1.092205940755597339e+03 1.068051924607257064e+01
1.451000000000000000e+03 1.275115017840323617e+03 1.571049188744087814e+02 5.881792645482524904e+02 1.703278717694878139e+02 1.091976014523932008e+03 1.068051924607311243e+01
1.453000000000000000e+03 1.275115017840464589e+03 1.571049346954858663e+02 5.881792645481831414e+02 1.703278717694878139e+02 1.091976014523932008e+03 1.068051924607311243e+01
1.455000000000000000e+03 1.275115017840314977e+03 1.571049346954858663e+02 5.881792645482524904e+02 1.703278717695051796e+02 1.091976014524001357e+03 1.068051924607311243e+01
1.457000000000000000e+03 1.275312006345167674e+03 1.571049346954858663e+02 5.881792645481831414e+02 1.718953058702475687e+02 1.091976014523932008e+03 1.072773367802163591e+01
1.459000000000000000e+03 1.275358390507488139e+03 1.571049346954858663e+02 5.881792645482524904e+02 1.719857273642724635e+02 1.091976014523932008e+03 1.078780562599208181e+01
1.461000000000000000e+03 1.275716845260954642e+03 1.571049346955032036e+02 5.881792645482524904e+02 1.719857273642724635e+02 1.091976014523932008e+03 1.078780562599099824e+01
1.463000000000000000e+03 1.276258987599150487e+03 1.571049346954858663e+02 5.881792645482524904e+02 1.719857273642811322e+02 1.099438742114128218e+03 1.078780562599099824e+01
1.465000000000000000e+03 1.276258987599136390e+03 1.571049346954858663e+02 5.883056727429974444e+02 1.719857273642551263e+02 1.102722475452844265e+03 1.078780562599099824e+01
1.467000000000000000e+03 1.276855077291894077e+03 1.571049346954858663e+02 5.883174002428021367e+02 1.719857273642724635e+02 1.102722475452982962e+03 1.078780562599099824e+01
1.469000000000000000e+03 1.278609824779341125e+03 1.571049346954858663e+02 5.883174002428021367e+02 1.719857273642724635e+02 1.102722475452982962e+03 1.078780562599208181e+01
1.471000000000000000e+03 1.278693257806844031e+03 1.571049346955032036e+02 5.883174002427326741e+02 1.729066319450939204e+02 1.102722475452913386e+03 1.080032284574519252e+01
1.473000000000000000e+03 1.278855071509307209e+03 1.571049346954685006e+02 5.883174002427326741e+02 1.736595039598769290e+02 1.102722475452844265e+03 1.089611137564615717e+01
1.475000000000000000e+03 1.278855071509597792e+03 1.571049346955032036e+02 5.883174002428021367e+02 1.736595039598769290e+02 1.102722475452982962e+03 1.089611137564615717e+01
1.477000000000000000e+03 1.279698058404730546e+03 1.571049346954858663e+02 5.883174002428021367e+02 1.736595039598769290e+02 1.105891679702153397e+03 1.089611137564724253e+01
1.479000000000000000e+03 1.279763702105177572e+03 1.571049480088987309e+02 5.883174002427326741e+02 1.736595039598769290e+02 1.113570745624459278e+03 1.089611137564670074e+01
1.481000000000000000e+03 1.279763702105179846e+03 1.571049501488709552e+02 5.883174002428021367e+02 1.736595039598942662e+02 1.113570745624320352e+03 1.089611137564724253e+01
1.483000000000000000e+03 1.279763702105023413e+03 1.571049501488536180e+02 5.883174002427326741e+02 1.736595039598595633e+02 1.113570745624459278e+03 1.089611137564615717e+01
1.485000000000000000e+03 1.279763702105170978e+03 1.571049501488536180e+02 5.883174002428021367e+02 1.737917212008173351e+02 1.113570745624320352e+03 1.089611137564615717e+01
1.487000000000000000e+03 1.279959491398711862e+03 1.571049501488709552e+02 5.883174002428021367e+02 1.753481728155974224e+02 1.113570745624459278e+03 1.097457095253066228e+01
1.489000000000000000e+03 1.281683510597000804e+03 1.571049501488536180e+02 5.884551469977072884e+02 1.753481728155974224e+02 1.113570745624459278e+03 1.100546823109118222e+01
1.491000000000000000e+03 1.282639676997406468e+03 1.571049501488536180e+02 5.884436589035507268e+02 1.753481728155800567e+02 1.113570745624320352e+03 1.100546823109009686e+01
1.493000000000000000e+03 1.283209316983993403e+03 1.571049501488536180e+02 5.884436589035507268e+02 1.753481728155887254e+02 1.122478135114485212e+03 1.100546823109118222e+01
1.495000000000000000e+03 1.283209316984132101e+03 1.571049501488709552e+02 5.884436589035507268e+02 1.753481728155974224e+02 1.124514564735390422e+03 1.100546823109009686e+01
1.497000000000000000e+03 1.283209316984132101e+03 1.571049501488709552e+02 5.884436589036201894e+02 1.753481728155974224e+02 1.124514564735390422e+03 1.100546823109118222e+01
1.499000000000000000e+03 1.283209316984071393e+03 1.571049501488536180e+02 5.884436589035507268e+02 1.753481728155974224e+02 1.124514564735390422e+03 1.100546823109118222e+01
1.501000000000000000e+03 1.283249749135153479e+03 1.571049501488536180e+02 5.884436589035507268e+02 1.762488415293569801e+02 1.124514564735251724e+03 1.103254963883792783e+01
1.503000000000000000e+03 1.283458782991133148e+03 1.571049501488536180e+02 5.884436589035507268e+02 1.770510074449067872e+02 1.124514564735390422e+03 1.111599823153531830e+01
1.505000000000000000e+03 1.283458782991133148e+03 1.571049529519759176e+02 5.884436589035507268e+02 1.770510074449241245e+02 1.124514564735251724e+03 1.111599823153531830e+01
1.507000000000000000e+03 1.284151583095072056e+03 1.571049614651313959e+02 5.884436589035507268e+02 1.770510074449241245e+02 1.127374932355373858e+03 1.111599823153531830e+01
1.509000000000000000e+03 1.284382976656473829e+03 1.571049614651313959e+02 5.884436589035507268e+02 1.770510074449154843e+02 1.135559509216343940e+03 1.111599823153586186e+01
1.511000000000000000e+03 1.286643032326743423e+03 1.571049614651313959e+02 5.884436589035507268e+02 1.770510074449241245e+02 1.135559509216482638e+03 1.111599823153531830e+01
1.513000000000000000e+03 1.286596246608522961e+03 1.571049614651313959e+02 5.885621111596101400e+02 1.770510074449241245e+02 1.135559509216482638e+03 1.111599823153531830e+01
1.515000000000000000e+03 1.286596246608383808e+03 1.571049614651313959e+02 5.885585859026487014e+02 1.770510074449241245e+02 1.135559509216482638e+03 1.111599823153531830e+01
1.517000000000000000e+03 1.286709681872192050e+03 1.571049614651313959e+02 5.885585859027181641e+02 1.786000026718533036e+02 1.135559509216343940e+03 1.119387585099486593e+01
1.519000000000000000e+03 1.286847627187228227e+03 1.571049614651313959e+02 5.885585859025793525e+02 1.787697576137448152e+02 1.135559509216482638e+03 1.122765568850061157e+01
1.521000000000000000e+03 1.286847627187514490e+03 1.571049614651313959e+02 5.885585859027181641e+02 1.787697576137448152e+02 1.135559509216343940e+03 1.122765568850278051e+01
1.523000000000000000e+03 1.287816165690038588e+03 1.571049614651313959e+02 5.885585859026487014e+02 1.787697576137708495e+02 1.142548558947798028e+03 1.122765568850278051e+01
1.525000000000000000e+03 1.287778982533669478e+03 1.571049614651313959e+02 5.885585859026487014e+02 1.787697576137621525e+02 1.146715420516086851e+03 1.122765568850223694e+01
1.527000000000000000e+03 1.287778982533523958e+03 1.571049614651140303e+02 5.885585859026487014e+02 1.787697576137448152e+02 1.146715420516086851e+03 1.122765568850169515e+01
1.529000000000000000e+03 1.287778982533528279e+03 1.571049614651313959e+02 5.885585859026487014e+02 1.787697576137621525e+02 1.146715420516086851e+03 1.122765568850278051e+01
1.531000000000000000e+03 1.288023115861109773e+03 1.571049614651313959e+02 5.885585859027181641e+02 1.791069980861675788e+02 1.146715420516225549e+03 1.123600495206737371e+01
1.533000000000000000e+03 1.290090746054509736e+03 1.571049645492442153e+02 5.885585859026487014e+02 1.805048900320807661e+02 1.146715420516086851e+03 1.134037493790915363e+01
1.535000000000000000e+03 1.290177373614903672e+03 1.571049700541116181e+02 5.885585859026487014e+02 1.805048900320981033e+02 1.146715420516225549e+03 1.134037493790915363e+01
1.537000000000000000e+03 1.290410906784390136e+03 1.571049700540769152e+02 5.886348158601340401e+02 1.805048900320634004e+02 1.146715420516086851e+03 1.134037493790915363e+01
1.539000000000000000e+03 1.291116898524832095e+03 1.571049700541116181e+02 5.886631124923241032e+02 1.805048900320981033e+02 1.157026334425853520e+03 1.134037493790915363e+01
1.541000000000000000e+03 1.291116898524688622e+03 1.571049700541116181e+02 5.886631124923935658e+02 1.805048900320981033e+02 1.157976546692640568e+03 1.134037493790915363e+01
1.543000000000000000e+03 1.291116898524832095e+03 1.571049700540942524e+02 5.886631124923241032e+02 1.805048900320807661e+02 1.157976546692640568e+03 1.134037493790915363e+01
1.545000000000000000e+03 1.291116898524684302e+03 1.571049700540942524e+02 5.886631124923241032e+02 1.805048900320807661e+02 1.157976546692709917e+03 1.134037493790915363e+01
1.547000000000000000e+03 1.291116898524693170e+03 1.571049700541289553e+02 5.886631124923241032e+02 1.812180585602195322e+02 1.157976546692640568e+03 1.138294748845476612e+01
1.549000000000000000e+03 1.291316472466167625e+03 1.571049700541116181e+02 5.886631124923935658e+02 1.822553378275082423e+02 1.157976546692640568e+03 1.145418592756299425e+01
1.551000000000000000e+03 1.291372347998515352e+03 1.571049700540942524e+02 5.886631124923241032e+02 1.822553378274909051e+02 1.157976546692640568e+03 1.145418592756299425e+01
1.553000000000000000e+03 1.291727368906234688e+03 1.571049700541116181e+02 5.886631124923935658e+02 1.822553378275082423e+02 1.159402537952852754e+03 1.145418592756407783e+01
1.555000000000000000e+03 1.294410599413805357e+03 1.571049700540942524e+02 5.886631124922547542e+02 1.822553378274735394e+02 1.169336342979193660e+03 1.145418592756245246e+01
1.557000000000000000e+03 1.294396456224409803e+03 1.571049700541116181e+02 5.886631124923935658e+02 1.822553378274909051e+02 1.169336342979332358e+03 1.145418592756299425e+01
1.559000000000000000e+03 1.294396456224425037e+03 1.571049700540942524e+02 5.886631124923241032e+02 1.822553378275082423e+02 1.169336342979332358e+03 1.145418592756299425e+01
1.561000000000000000e+03 1.294396456224420717e+03 1.571049713543215489e+02 5.886804060849237885e+02 1.822553378274909051e+02 1.169336342979332358e+03 1.145418592756407783e+01
1.563000000000000000e+03 1.294396456224269059e+03 1.571049768952538557e+02 5.887582344881598146e+02 1.832076067614408998e+02 1.169336342979332358e+03 1.152282293653871292e+01
1.565000000000000000e+03 1.294607679655245875e+03 1.571049768952711929e+02 5.887582344882291636e+02 1.840203263209910745e+02 1.169336342979332358e+03 1.156921757619654478e+01
1.567000000000000000e+03 1.294654005427678385e+03 1.571049768952711929e+02 5.887582344881598146e+02 1.840203263209910745e+02 1.169336342979332358e+03 1.156921757619654478e+01
1.569000000000000000e+03 1.295052432099537100e+03 1.571049768952711929e+02 5.887582344882291636e+02 1.840203263209910745e+02 1.172263952199381492e+03 1.156921757619654478e+01
1.571000000000000000e+03 1.295609384078517678e+03 1.571049768952538557e+02 5.887582344881598146e+02 1.840203263209650402e+02 1.180800258541031553e+03 1.156921757619600299e+01
1.573000000000000000e+03 1.295609384078639096e+03 1.571049768952711929e+02 5.887582344882291636e+02 1.840203263209910745e+02 1.180800258541170251e+03 1.156921757619762836e+01
1.575000000000000000e+03 1.295609384078660696e+03 1.571049768952538557e+02 5.887582344881598146e+02 1.840203263209910745e+02 1.180800258541031553e+03 1.156921757619654478e+01
1.577000000000000000e+03 1.297006810397484060e+03 1.571049768952711929e+02 5.887582344882291636e+02 1.840203263209910745e+02 1.180800258541239600e+03 1.156921757619654478e+01
1.579000000000000000e+03 1.297618054481703439e+03 1.571049768952711929e+02 5.887582344882291636e+02 1.850709576226017248e+02 1.180800258541170251e+03 1.165534172206704788e+01
1.581000000000000000e+03 1.297818777423530037e+03 1.571049768952711929e+02 5.887582344881598146e+02 1.858016278422774974e+02 1.180800258541031553e+03 1.168542370678601294e+01
1.583000000000000000e+03 1.297877540593676031e+03 1.571049768952533441e+02 5.887582344881623158e+02 1.858016278422563801e+02 1.180800258541036101e+03 1.168542370678360243e+01
1.585000000000000000e+03 1.298238456223463118e+03 1.571049768952722445e+02 5.887582344882242751e+02 1.858016278423023948e+02 1.184323612916085722e+03 1.168542370678541964e+01
1.587000000000000000e+03 1.298840188636773519e+03 1.571049768952711929e+02 5.887912411099705423e+02 1.858016278422861376e+02 1.192378724807763319e+03 1.168542370678655651e+01
1.589000000000000000e+03 1.298840188636766925e+03 1.571049768952360068e+02 5.888444142942314556e+02 1.858016278422563801e+02 1.192378724807627805e+03 1.168542370678360243e+01
1.591000000000000000e+03 1.298840188636756238e+03 1.571049807202670650e+02 5.888444142943677662e+02 1.858016278422774974e+02 1.192378724807763319e+03 1.168542370678492937e+01
1.593000000000000000e+03 1.298840188636769199e+03 1.571049821000834754e+02 5.888444142943677662e+02 1.858016278422774974e+02 1.192378724807763319e+03 1.168542370678601294e+01
1.595000000000000000e+03 1.298840188636773519e+03 1.571049821001008127e+02 5.888444142942983035e+02 1.868038084107230645e+02 1.192378724807763319e+03 1.178005174534745336e+01
1.597000000000000000e+03 1.299007607685181256e+03 1.571049821000834754e+02 5.888444142943677662e+02 1.875997672969205325e+02 1.192378724807763319e+03 1.180273582047680847e+01
1.599000000000000000e+03 1.299443414768293223e+03 1.571049821001008127e+02 5.888444142943677662e+02 1.875997672969378982e+02 1.192378724807763319e+03 1.180273582047572312e+01
1.601000000000000000e+03 1.301283951588961827e+03 1.571049821000829638e+02 5.888444142942314556e+02 1.875997672968992163e+02 1.195550943308007618e+03 1.180273582047438197e+01
1.603000000000000000e+03 1.302014807167229947e+03 1.571049821001018643e+02 5.888444142944322266e+02 1.875997672969372161e+02 1.204065848405263068e+03 1.180273582047678183e+01
1.605000000000000000e+03 1.302014807167096478e+03 1.571049821000834754e+02 5.888444142942983035e+02 1.875997672969205325e+02 1.204065848405128008e+03 1.180273582047572312e+01
1.607000000000000000e+03 1.302014807166946184e+03 1.571049821000829638e+02 5.888444142943008046e+02 1.875997672969165819e+02 1.204065848404991357e+03 1.180273582047438197e+01
1.609000000000000000e+03 1.302014807167102845e+03 1.571049821000834754e+02 5.888444142943677662e+02 1.875997672969205325e+02 1.204065848405266934e+03 1.180273582047572312e+01
1.611000000000000000e+03 1.302014807167232902e+03 1.571049821001008127e+02 5.888444142942983035e+02 1.884000471729339949e+02 1.204065848405128008e+03 1.189659223279552869e+01
1.613000000000000000e+03 1.302125497015995506e+03 1.571049821001008127e+02 5.888698585618940342e+02 1.894136387524912664e+02 1.204065848405128008e+03 1.192118189957940722e+01
1.615000000000000000e+03 1.302278398558980598e+03 1.571049821000834754e+02 5.889220767692215759e+02 1.894136387524912664e+02 1.204065848405266934e+03 1.192118189957940722e+01
1.617000000000000000e+03 1.302278398558849858e+03 1.571049821000829638e+02 5.889220767691546143e+02 1.894136387524523855e+02 1.205903421880873566e+03 1.192118189957805185e+01
1.619000000000000000e+03 1.303290088110072475e+03 1.571049821000834754e+02 5.889220767692909249e+02 1.894136387524825693e+02 1.215854790879156099e+03 1.192118189957778007e+01
1.621000000000000000e+03 1.303257703835244229e+03 1.571049857456752932e+02 5.889220767692168010e+02 1.894136387524996508e+02 1.215854790879155189e+03 1.192118189957995078e+01
1.623000000000000000e+03 1.304089327625076749e+03 1.571049857906556326e+02 5.889220767692909249e+02 1.894136387524912664e+02 1.215854790879156099e+03 1.192118189957940722e+01
1.625000000000000000e+03 1.305133982822968846e+03 1.571049857906377838e+02 5.889220767691546143e+02 1.894136387524697227e+02 1.215854790879018083e+03 1.192118189957805185e+01
1.627000000000000000e+03 1.305133982823117094e+03 1.571049857906556326e+02 5.889220767692215759e+02 1.898533730288268089e+02 1.215854790879156099e+03 1.200469868184916855e+01
1.629000000000000000e+03 1.305163425658001870e+03 1.571049857906556326e+02 5.889220767692215759e+02 1.912424177036124604e+02 1.215854790879017401e+03 1.204089800250877929e+01
1.631000000000000000e+03 1.305399696585607444e+03 1.571049857906556326e+02 5.889220767692215759e+02 1.912424177036124604e+02 1.215854790879156099e+03 1.204089800250661035e+01
1.633000000000000000e+03 1.305399696585594484e+03 1.571049857906556326e+02 5.889220767692909249e+02 1.912424177036124604e+02 1.215854790879156099e+03 1.204089800250661035e+01
1.635000000000000000e+03 1.306121518275434937e+03 1.571049857906377838e+02 5.889220767691546143e+02 1.912424177035733805e+02 1.227236378167766816e+03 1.204089800250741149e+01
1.637000000000000000e+03 1.306386749422576486e+03 1.571049857906556326e+02 5.889220767692215759e+02 1.912424177036298261e+02 1.227750852864084663e+03 1.204089800250661035e+01
1.639000000000000000e+03 1.306386749422867297e+03 1.571049857906740215e+02 5.889220767692861500e+02 1.912424177036039339e+02 1.227750852864086255e+03 1.204089800250718056e+01
1.641000000000000000e+03 1.306386749422579896e+03 1.571049857906377838e+02 5.889927537750691044e+02 1.912424177036080835e+02 1.227750852863945056e+03 1.204089800250741149e+01
1.643000000000000000e+03 1.306386749422567846e+03 1.571049857906556326e+02 5.889920229883160800e+02 1.912424177035951232e+02 1.227750852864084663e+03 1.210396728038845282e+01
1.645000000000000000e+03 1.306386749422732692e+03 1.571049857906556326e+02 5.889920229883854290e+02 1.930033153849444716e+02 1.227750852864084663e+03 1.216183755803172595e+01
1.647000000000000000e+03 1.307469256483901290e+03 1.571049857906556326e+02 5.889920229883854290e+02 1.930878958044182525e+02 1.227750852864084663e+03 1.216183755803172595e+01
1.649000000000000000e+03 1.308464336511709689e+03 1.571049857906382670e+02 5.889920229883160800e+02 1.930878958043835780e+02 1.227750852864084663e+03 1.216183755803172595e+01
1.651000000000000000e+03 1.308803334575166900e+03 1.571049883549759159e+02 5.889920229883854290e+02 1.930878958044182525e+02 1.235838458997079442e+03 1.216183755803172595e+01
1.653000000000000000e+03 1.309458750565565424e+03 1.571049885098168204e+02 5.889920229883185812e+02 1.930878958043963110e+02 1.239765072933854981e+03 1.216183755803034394e+01
1.655000000000000000e+03 1.309458750565692299e+03 1.571049885098520065e+02 5.889920229883854290e+02 1.930878958044182525e+02 1.239765072933995953e+03 1.216183755803172595e+01
1.657000000000000000e+03 1.309458750565691162e+03 1.571049885098530581e+02 5.889920229883806542e+02 1.930878958043927867e+02 1.239765072934139198e+03 1.216183755803232458e+01
1.659000000000000000e+03 1.309458750565560877e+03 1.571049885098341576e+02 5.889920229883185812e+02 1.930878958043963110e+02 1.239765072933854981e+03 1.219397068331854861e+01
1.661000000000000000e+03 1.309458750565553601e+03 1.571049885098520065e+02 5.889920229883160800e+02 1.941708844662576325e+02 1.239765072933995953e+03 1.228392912668583037e+01
1.663000000000000000e+03 1.309518741463536344e+03 1.571049885098520065e+02 5.889920229883854290e+02 1.949506588679039680e+02 1.239765072933995953e+03 1.228392912668583037e+01
1.665000000000000000e+03 1.309728335344784455e+03 1.571049885098520065e+02 5.889920229883854290e+02 1.949506588679386709e+02 1.239765072933995953e+03 1.228392912668583037e+01
1.667000000000000000e+03 1.309728335344801735e+03 1.571049885098346692e+02 5.890189142702256504e+02 1.949506588679039680e+02 1.243453905265118237e+03 1.228392912668583037e+01
1.669000000000000000e+03 1.310591622298998573e+03 1.571049885098520065e+02 5.890551401949855972e+02 1.949506588679213053e+02 1.251891418491552031e+03 1.228392912668366144e+01
1.671000000000000000e+03 1.311289196041993819e+03 1.571049885098341576e+02 5.890551401949880983e+02 1.949506588678818275e+02 1.251891418491548393e+03 1.228392912668443415e+01
1.673000000000000000e+03 1.312475968272219006e+03 1.571049885098520065e+02 5.890551401949855972e+02 1.949506588679039680e+02 1.251891418491552031e+03 1.228392912668583037e+01
1.675000000000000000e+03 1.312475968272213777e+03 1.571049885098530581e+02 5.890551401950501713e+02 1.949506588679483059e+02 1.251891418491489731e+03 1.228392912668645565e+01
1.677000000000000000e+03 1.312475968272065302e+03 1.571049885098341576e+02 5.890551401949186356e+02 1.951782542676305923e+02 1.251891418491409695e+03 1.239756951785066974e+01
1.679000000000000000e+03 1.312475968272214686e+03 1.571049885098520065e+02 5.890551401950549462e+02 1.968295610101783382e+02 1.251891418491552031e+03 1.240719854091274676e+01
1.681000000000000000e+03 1.312650245393664136e+03 1.571049897802247131e+02 5.890551401949855972e+02 1.968295610102130411e+02 1.251891418491552031e+03 1.240719854091057783e+01
1.683000000000000000e+03 1.312747764881487456e+03 1.571049906466150219e+02 5.890551401949855972e+02 1.968295610101783382e+02 1.251891418491690729e+03 1.240719854091274676e+01
1.685000000000000000e+03 1.313041164566100406e+03 1.571049906465976562e+02 5.890551401950549462e+02 1.968295610102130411e+02 1.262274813301628228e+03 1.240719854091383034e+01
1.687000000000000000e+03 1.313759062209532885e+03 1.571049906466150219e+02 5.890551401949855972e+02 1.968295610101956754e+02 1.264122748005219819e+03 1.240719854091057783e+01
1.689000000000000000e+03 1.313759062209247077e+03 1.571049906465798074e+02 5.890551401949186356e+02 1.968295610101559703e+02 1.264122748005076119e+03 1.240719854091133634e+01
1.691000000000000000e+03 1.313759062209537205e+03 1.571049906465976562e+02 5.890551401950549462e+02 1.968295610102130411e+02 1.264122748005219819e+03 1.240719854091274676e+01
1.693000000000000000e+03 1.313759062209653848e+03 1.571049906466160451e+02 5.890551401950501713e+02 1.968295610102231024e+02 1.264122748005229596e+03 1.246908983070623655e+01
1.695000000000000000e+03 1.313759062209383501e+03 1.571049906465971446e+02 5.890873600250558866e+02 1.979138215821418783e+02 1.264122748005076119e+03 1.253178926106315316e+01
1.697000000000000000e+03 1.315304890486305112e+03 1.571049906465976562e+02 5.891117842445058841e+02 1.987237262686403199e+02 1.264122748005219819e+03 1.253178926106674673e+01
1.699000000000000000e+03 1.315705153204613225e+03 1.571049906466150219e+02 5.891117842445058841e+02 1.987237262686403199e+02 1.264122748005219819e+03 1.253178926106457780e+01
1.701000000000000000e+03 1.315714216282249708e+03 1.571049906465976562e+02 5.891117842445058841e+02 1.987237262686403199e+02 1.267904138302217234e+03 1.253178926106674673e+01
1.703000000000000000e+03 1.316353795146481616e+03 1.571049906466150219e+02 5.891117842445058841e+02 1.987237262686403199e+02 1.276464191175274891e+03 1.253178926106674673e+01
1.705000000000000000e+03 1.316733362959443184e+03 1.571049906465976562e+02 5.891117842445058841e+02 1.987237262686403199e+02 1.276464191175413816e+03 1.253178926106457780e+01
1.707000000000000000e+03 1.316733362959287206e+03 1.571049906465971446e+02 5.891117842443695736e+02 1.987237262686524275e+02 1.276464191175129827e+03 1.253178926106532209e+01
1.709000000000000000e+03 1.316733362959443184e+03 1.571049906465976562e+02 5.891117842445058841e+02 1.987237262686403199e+02 1.276464191175274891e+03 1.253178926106457780e+01
1.711000000000000000e+03 1.316733362959417491e+03 1.571049906466160451e+02 5.891117842445705719e+02 1.987237262686508359e+02 1.276464191175426549e+03 1.265601169830860862e+01
1.713000000000000000e+03 1.316733362959289479e+03 1.571049921383205685e+02 5.891117842444390362e+02 2.005093446149957970e+02 1.276464191175129827e+03 1.265765442809112784e+01
1.715000000000000000e+03 1.316788132984451750e+03 1.571049922402013692e+02 5.891117842445058841e+02 2.006349620333608357e+02 1.276464191175274891e+03 1.265765442809039776e+01
1.717000000000000000e+03 1.317009262178743029e+03 1.571049922402013692e+02 5.891117842444365351e+02 2.006349620333261328e+02 1.276464191175413816e+03 1.265765442809256491e+01
1.719000000000000000e+03 1.317009262178725749e+03 1.571049922402013692e+02 5.891117842445058841e+02 2.006349620333261328e+02 1.284885540762253868e+03 1.265765442809148134e+01
1.721000000000000000e+03 1.318368697756011215e+03 1.571049922402013692e+02 5.891117842445058841e+02 2.006349620333781729e+02 1.288927409724416293e+03 1.265765442809256491e+01
1.723000000000000000e+03 1.319654113797210357e+03 1.571049922402013692e+02 5.891336492883092433e+02 2.006349620333261328e+02 1.288927409724277595e+03 1.265765442809256491e+01
1.725000000000000000e+03 1.319654113797053924e+03 1.571049922401835204e+02 5.891622715502334131e+02 2.006349620333380415e+02 1.288927409724131167e+03 1.265765442809112784e+01
1.727000000000000000e+03 1.319654113797363152e+03 1.571049922402197581e+02 5.891622715502955998e+02 2.006349620333370751e+02 1.288927409724431982e+03 1.270741399659883264e+01
1.729000000000000000e+03 1.319654113797206037e+03 1.571049922402013692e+02 5.891622715502309120e+02 2.010317065824149267e+02 1.288927409724277595e+03 1.278471955163057849e+01
1.731000000000000000e+03 1.319654113797060290e+03 1.571049922401835204e+02 5.891622715502334131e+02 2.025639176207855314e+02 1.288927409724131167e+03 1.278471955162912543e+01
1.733000000000000000e+03 1.319747142135684726e+03 1.571049922402013692e+02 5.891622715502309120e+02 2.025639176208085530e+02 1.288927409724416293e+03 1.278471955163274565e+01
1.735000000000000000e+03 1.319931932348339160e+03 1.571049922402013692e+02 5.891622715503002610e+02 2.025639176208085530e+02 1.288927409724277595e+03 1.278471955163166207e+01
1.737000000000000000e+03 1.319931932348352120e+03 1.571049922402013692e+02 5.891622715502309120e+02 2.025639176208085530e+02 1.300950796413458193e+03 1.278471955163057849e+01
1.739000000000000000e+03 1.320990421499351214e+03 1.571049922402013692e+02 5.891622715502309120e+02 2.025639176208432559e+02 1.301506234612087610e+03 1.278471955163057849e+01
1.741000000000000000e+03 1.320966986413708355e+03 1.571049922402013692e+02 5.891622715503002610e+02 2.025639176208085530e+02 1.301506234611948685e+03 1.278471955163274565e+01
1.743000000000000000e+03 1.320966986413541008e+03 1.571049922401835204e+02 5.891622715501639505e+02 2.025639176207855314e+02 1.301506234611800892e+03 1.278471955162912543e+01
1.745000000000000000e+03 1.320966986413709492e+03 1.571049932891029641e+02 5.891622715502955998e+02 2.025639176208199217e+02 1.301506234612175604e+03 1.287578868040372981e+01
1.747000000000000000e+03 1.321615322630643504e+03 1.571049933312383757e+02 5.891622715503002610e+02 2.033141015346517975e+02 1.301506234611948685e+03 1.291300812281820320e+01
1.749000000000000000e+03 1.322522256002094764e+03 1.571049933312205269e+02 5.891622715501639505e+02 2.045094063500677635e+02 1.301506234611800892e+03 1.291300812281890487e+01
1.751000000000000000e+03 1.322627205173828997e+03 1.571049933312210101e+02 5.891622715503002610e+02 2.045094063500910124e+02 1.301506234612087610e+03 1.291300812281820320e+01
1.753000000000000000e+03 1.322802293964894488e+03 1.571049933312383757e+02 5.892078489070501064e+02 2.045094063501257153e+02 1.303356845707009825e+03 1.291300812281711963e+01
1.755000000000000000e+03 1.322883742169707148e+03 1.571049933312383757e+02 5.892072548005500039e+02 2.045094063500910124e+02 1.314193211689185318e+03 1.291300812281820320e+01
1.757000000000000000e+03 1.323845942340635702e+03 1.571049933312383757e+02 5.892072548004806549e+02 2.045094063501083497e+02 1.314193211689185318e+03 1.291300812281820320e+01
1.759000000000000000e+03 1.323845942340796228e+03 1.571049933312210101e+02 5.892072548005500039e+02 2.045094063501257153e+02 1.314193211689324016e+03 1.291300812281820320e+01
1.761000000000000000e+03 1.323845942340500642e+03 1.571049933312205269e+02 5.892072548004830423e+02 2.045094063500677635e+02 1.314193211689035934e+03 1.291300812281673593e+01
1.763000000000000000e+03 1.323845942340772126e+03 1.571049933312393989e+02 5.892072548006146917e+02 2.045094063501375388e+02 1.314193211689275813e+03 1.303500759214797533e+01
1.765000000000000000e+03 1.323845942340644342e+03 1.571049933312383757e+02 5.892072548005500039e+02 2.054370265876584369e+02 1.314193211689185318e+03 1.304267126757060957e+01
1.767000000000000000e+03 1.323845942340641614e+03 1.571049933312205269e+02 5.892072548004830423e+02 2.064704991824638114e+02 1.314193211689174632e+03 1.304267126756912809e+01
1.769000000000000000e+03 1.323935408363650140e+03 1.571049933312210101e+02 5.892072548004806549e+02 2.064704991824525848e+02 1.314193211689185318e+03 1.304267126757060957e+01
1.771000000000000000e+03 1.324128127881615683e+03 1.571049933312383757e+02 5.892072548005500039e+02 2.064704991824872593e+02 1.317326596169537879e+03 1.304267126757169493e+01
1.773000000000000000e+03 1.324582678862095236e+03 1.571049933312383757e+02 5.892072548005500039e+02 2.064704991824872593e+02 1.326993276170168656e+03 1.304267126757060957e+01
1.775000000000000000e+03 1.326712446675839374e+03 1.571049933312383757e+02 5.892072548005500039e+02 2.064704991824525848e+02 1.326993276170168656e+03 1.304267126757060957e+01
1.777000000000000000e+03 1.326673387168960517e+03 1.571049938473012446e+02 5.892072548005500039e+02 2.064704991824872593e+02 1.326993276170168656e+03 1.304267126757060957e+01
1.779000000000000000e+03 1.326673387168809768e+03 1.571049941081337806e+02 5.892072548004830423e+02 2.064704991824638114e+02 1.326993276170017907e+03 1.305364505008115827e+01
1.781000000000000000e+03 1.326673387169097623e+03 1.571049941081700183e+02 5.892194591329511013e+02 2.064704991824648346e+02 1.326993276170331683e+03 1.317366195843507981e+01
1.783000000000000000e+03 1.326673387168969157e+03 1.571049941081689667e+02 5.892474840327871561e+02 2.073942162466799175e+02 1.326993276170168656e+03 1.317366195843641918e+01
1.785000000000000000e+03 1.326673387168809768e+03 1.571049941081337806e+02 5.892474840327201946e+02 2.084490152877537525e+02 1.326993276170017907e+03 1.317366195843275456e+01
1.787000000000000000e+03 1.326718984021335018e+03 1.571049941081689667e+02 5.892474840328565051e+02 2.084490152878121307e+02 1.326993276170168656e+03 1.317366195843641918e+01
1.789000000000000000e+03 1.326957539533554154e+03 1.571049941081516295e+02 5.892474840327871561e+02 2.084490152877774278e+02 1.330245777979160948e+03 1.317366195843316667e+01
1.791000000000000000e+03 1.326957539533692852e+03 1.571049941081689667e+02 5.892474840327871561e+02 2.084490152878121307e+02 1.339918727500805062e+03 1.317366195843425203e+01
1.793000000000000000e+03 1.327909413255811160e+03 1.571049941081689667e+02 5.892474840327871561e+02 2.084490152877774278e+02 1.339918727500805062e+03 1.317366195843641918e+01
1.795000000000000000e+03 1.328016603915510132e+03 1.571049941081516295e+02 5.892474840327871561e+02 2.084490152877774278e+02 1.339918727500805062e+03 1.317366195843425203e+01
1.797000000000000000e+03 1.328016603915343921e+03 1.571049941081511179e+02 5.892474840327201946e+02 2.084490152877884270e+02 1.339918727500652722e+03 1.319186180574122602e+01
1.799000000000000000e+03 1.328016603915629958e+03 1.571049941081700183e+02 5.892474840327823813e+02 2.084490152877901323e+02 1.339918727500971045e+03 1.330590253918868981e+01
1.801000000000000000e+03 1.329369818724728020e+03 1.571049941081516295e+02 5.892474840327871561e+02 2.091800291420531437e+02 1.339918727500805062e+03 1.330590253918783006e+01
1.803000000000000000e+03 1.329450305129912749e+03 1.571049941081511179e+02 5.892474840327895436e+02 2.104456699255946148e+02 1.339918727500652722e+03 1.330590253918631838e+01
1.805000000000000000e+03 1.329450305129907520e+03 1.571049941081516295e+02 5.892474840327871561e+02 2.104456699256532204e+02 1.339918727500805062e+03 1.330590253918999899e+01
1.807000000000000000e+03 1.329708852043087745e+03 1.571049941081689667e+02 5.892474840327871561e+02 2.104456699256185175e+02 1.342075913023099702e+03 1.330590253918674648e+01
1.809000000000000000e+03 1.329736371073288865e+03 1.571049941081516295e+02 5.892474840327871561e+02 2.104456699256532204e+02 1.352963263580031480e+03 1.330590253918783006e+01
1.811000000000000000e+03 1.330442912857465217e+03 1.571049947332939212e+02 5.892581161349302192e+02 2.104456699256185175e+02 1.352963263580170178e+03 1.330590253918783006e+01
1.813000000000000000e+03 1.330803964536527701e+03 1.571049947103603586e+02 5.892832223164414245e+02 2.104456699256293177e+02 1.352963263579877776e+03 1.330590253918631838e+01
1.815000000000000000e+03 1.330803964536817830e+03 1.571049947103782358e+02 5.892832223165083860e+02 2.104456699256185175e+02 1.352963263580031480e+03 1.331946199407702736e+01
1.817000000000000000e+03 1.330803964536821240e+03 1.571049947103792590e+02 5.892832223165037249e+02 2.104456699256317052e+02 1.352963263579992372e+03 1.343941396121522658e+01
1.819000000000000000e+03 1.330803964536696185e+03 1.571049947103782358e+02 5.892832223165083860e+02 2.107872903408733407e+02 1.352963263580031480e+03 1.343941396121650556e+01
1.821000000000000000e+03 1.330803964536527701e+03 1.571049947103603586e+02 5.892832223163720755e+02 2.124592348283252363e+02 1.352963263580016473e+03 1.343941396121497966e+01
1.823000000000000000e+03 1.330803964536817830e+03 1.571049947103782358e+02 5.892832223165083860e+02 2.124592348283493948e+02 1.352963263580031480e+03 1.343941396121650556e+01
1.825000000000000000e+03 1.330961314706712301e+03 1.571049947103782358e+02 5.892832223165083860e+02 2.124592348283493948e+02 1.352963263580031480e+03 1.343941396121759091e+01
1.827000000000000000e+03 1.331546134948030613e+03 1.571049947103782358e+02 5.892832223165083860e+02 2.124592348283493948e+02 1.365921488528376585e+03 1.343941396121650556e+01
1.829000000000000000e+03 1.332816676276075441e+03 1.571049947103782358e+02 5.892832223164390371e+02 2.124592348283493948e+02 1.366119107971547237e+03 1.343941396121650556e+01
1.831000000000000000e+03 1.333543161805110685e+03 1.571049947103603586e+02 5.892832223164414245e+02 2.124592348282905334e+02 1.366119107971530866e+03 1.343941396121497966e+01
1.833000000000000000e+03 1.333543161805244836e+03 1.571049947103782358e+02 5.892832223165083860e+02 2.124592348283493948e+02 1.366119107971686162e+03 1.343941396121650556e+01
1.835000000000000000e+03 1.333543161805246882e+03 1.571049947103792590e+02 5.892832223165037249e+02 2.124592348283630088e+02 1.366119107971441736e+03 1.357093807899048166e+01
1.837000000000000000e+03 1.333543161805262116e+03 1.571049947103782358e+02 5.892832223165083860e+02 2.124592348283493948e+02 1.366119107971686162e+03 1.357435528015786197e+01
1.839000000000000000e+03 1.333543161804950159e+03 1.571049947103603586e+02 5.892832223163720755e+02 2.142378900889702891e+02 1.366119107971530866e+03 1.357435528015848725e+01
1.841000000000000000e+03 1.333543161805262116e+03 1.571049947103782358e+02 5.892832223165083860e+02 2.144887262851488572e+02 1.366119107971408539e+03 1.357435528016003090e+01
1.843000000000000000e+03 1.333567911478996166e+03 1.571049947103782358e+02 5.893143642163312279e+02 2.144887262851141543e+02 1.366119107971686162e+03 1.357435528015894555e+01
1.845000000000000000e+03 1.333833594214157529e+03 1.571049951839924290e+02 5.893146944131732425e+02 2.144887262851488572e+02 1.375534657486743299e+03 1.357435528016003090e+01
1.847000000000000000e+03 1.333833594214278719e+03 1.571049951504775777e+02 5.893146944131732425e+02 2.144887262851662229e+02 1.379390976722072310e+03 1.357435528015786197e+01
1.849000000000000000e+03 1.334795452891798504e+03 1.571049951504597288e+02 5.893146944131062810e+02 2.144887262851244998e+02 1.379390976721915649e+03 1.357435528015848725e+01
1.851000000000000000e+03 1.334917847712877801e+03 1.571049951504775777e+02 5.893146944131732425e+02 2.144887262851488572e+02 1.379390976722349933e+03 1.357435528016003090e+01
1.853000000000000000e+03 1.334917847713144738e+03 1.571049951504786009e+02 5.893146944131685814e+02 2.144887262851282514e+02 1.379390976722247387e+03 1.367742348055898738e+01
1.855000000000000000e+03 1.335520281179154381e+03 1.571049951504770661e+02 5.893146944131757436e+02 2.144887262851244998e+02 1.379390976721915649e+03 1.371067943371487274e+01
1.857000000000000000e+03 1.336233717062038295e+03 1.571049951504775777e+02 5.893146944131732425e+02 2.154821754109595418e+02 1.379390976722072310e+03 1.371067943371859954e+01
1.859000000000000000e+03 1.336233717062055575e+03 1.571049951504775777e+02 5.893146944131732425e+02 2.165359709035974447e+02 1.379390976722349933e+03 1.371067943371643061e+01
1.861000000000000000e+03 1.336233717062038295e+03 1.571049951504775777e+02 5.893146944131732425e+02 2.165359709035974447e+02 1.379390976722072310e+03 1.371067943371859954e+01
1.863000000000000000e+03 1.336385965975202453e+03 1.571049951504775777e+02 5.893146944131732425e+02 2.165359709035974447e+02 1.383916499794190941e+03 1.371067943371859954e+01
1.865000000000000000e+03 1.336526110671133210e+03 1.571049951504775777e+02 5.893146944131732425e+02 2.165359709035974447e+02 1.392791819881666925e+03 1.371067943371643061e+01
1.867000000000000000e+03 1.336904885840244560e+03 1.571049951504597288e+02 5.893146944131062810e+02 2.165359709035728315e+02 1.392791819881508673e+03 1.371067943371704168e+01
1.869000000000000000e+03 1.337617876390629590e+03 1.571049951504775777e+02 5.893146944131732425e+02 2.165359709035974447e+02 1.392791819881666925e+03 1.371067943371643061e+01
1.871000000000000000e+03 1.337617876390630045e+03 1.571049951504959665e+02 5.893146944132379303e+02 2.165359709036119966e+02 1.392791819881706033e+03 1.377189024820303942e+01
1.873000000000000000e+03 1.337617876390490437e+03 1.571049951504597288e+02 5.893250384148032026e+02 2.165359709036075344e+02 1.392791819881508673e+03 1.384830547986889115e+01
1.875000000000000000e+03 1.337617876390625270e+03 1.571049951504775777e+02 5.893424034870281503e+02 2.165359709035974447e+02 1.392791819881666925e+03 1.384830547987046501e+01
1.877000000000000000e+03 1.337617876390776928e+03 1.571049951504775777e+02 5.893424034870974992e+02 2.185916377625551945e+02 1.392791819881666925e+03 1.384830547987046501e+01
1.879000000000000000e+03 1.337617876390625270e+03 1.571049953743262790e+02 5.893424034870974992e+02 2.186017521234317940e+02 1.392791819881666925e+03 1.384830547987046501e+01
1.881000000000000000e+03 1.337617876390629590e+03 1.571049954405753795e+02 5.893424034870974992e+02 2.186017521234317940e+02 1.392791819881666925e+03 1.384830547987046501e+01
1.883000000000000000e+03 1.338272351556536250e+03 1.571049954405753795e+02 5.893424034870974992e+02 2.186017521233970911e+02 1.404539721231168187e+03 1.384830547987046501e+01
1.885000000000000000e+03 1.339170768240730013e+03 1.571049954405575306e+02 5.893424034869611887e+02 2.186017521234243191e+02 1.406315206299419970e+03 1.384830547986889115e+01
1.887000000000000000e+03 1.339944540250299497e+03 1.571049954405753795e+02 5.893424034870974992e+02 2.186017521234317940e+02 1.406315206299579813e+03 1.384830547987046501e+01
1.889000000000000000e+03 1.340271090753609542e+03 1.571049954405937683e+02 5.893424034870928381e+02 2.186017521234468290e+02 1.406315206299622105e+03 1.384830547987144556e+01
1.891000000000000000e+03 1.340271090753156614e+03 1.571049954405575306e+02 5.893424034870305377e+02 2.186017521233722789e+02 1.406315206299003648e+03 1.399279257571787127e+01
1.893000000000000000e+03 1.340271090753449926e+03 1.571049954405580422e+02 5.893424034870974992e+02 2.186017521234317940e+02 1.406315206299579813e+03 1.398725162492881857e+01
1.895000000000000000e+03 1.340271090753326462e+03 1.571049954405753795e+02 5.893424034870974992e+02 2.194449286386027040e+02 1.406315206299579813e+03 1.398725162493098750e+01
1.897000000000000000e+03 1.340271090753439239e+03 1.571049954405753795e+02 5.893424034870974992e+02 2.206847993677096724e+02 1.406315206299579813e+03 1.398725162492881857e+01
1.899000000000000000e+03 1.340271090753452199e+03 1.571049954405753795e+02 5.893424034870281503e+02 2.206847993677096724e+02 1.406315206299302190e+03 1.398725162492881857e+01
1.901000000000000000e+03 1.340293230288271388e+03 1.571049954405753795e+02 5.893424034870974992e+02 2.206847993677096724e+02 1.410425356141442535e+03 1.398725162492881857e+01
1.903000000000000000e+03 1.340567591006057000e+03 1.571049954405575306e+02 5.893424034870305377e+02 2.206847993676846045e+02 1.419953027475112322e+03 1.398725162492723051e+01
1.905000000000000000e+03 1.340567591006092243e+03 1.571049954405753795e+02 5.893532683449998331e+02 2.206847993677096724e+02 1.419953027475273529e+03 1.398725162493098750e+01
1.907000000000000000e+03 1.341626379939011031e+03 1.571049954405937683e+02 5.893669502079986842e+02 2.206847993677251907e+02 1.419953027475319004e+03 1.398725162492983287e+01
1.909000000000000000e+03 1.341676638134686755e+03 1.571049954405575306e+02 5.893669502079364975e+02 2.206847993676846045e+02 1.419953027475112322e+03 1.406315116607364146e+01
1.911000000000000000e+03 1.341676638134858649e+03 1.571049954405753795e+02 5.893669502080034590e+02 2.206847993677443753e+02 1.419953027474996134e+03 1.412768511802704374e+01
1.913000000000000000e+03 1.342776208740812308e+03 1.571049954405753795e+02 5.893669502079339964e+02 2.206847993677096724e+02 1.419953027475273529e+03 1.412768511802487481e+01
1.915000000000000000e+03 1.342879639065941774e+03 1.571049956625679442e+02 5.893669502080034590e+02 2.221818740689301990e+02 1.419953027475273529e+03 1.412768511802487481e+01
1.917000000000000000e+03 1.342879639065937226e+03 1.571049956391665319e+02 5.893669502079339964e+02 2.227840726935076248e+02 1.419953027475273529e+03 1.412768511802704374e+01
1.919000000000000000e+03 1.342879639065950414e+03 1.571049956391665319e+02 5.893669502080034590e+02 2.227840726935423277e+02 1.419953027475273529e+03 1.412768511802596016e+01
1.921000000000000000e+03 1.342936517973869968e+03 1.571049956391660203e+02 5.893669502079364975e+02 2.227840726934823294e+02 1.428683535385892583e+03 1.412768511802327076e+01
1.923000000000000000e+03 1.343178278326571444e+03 1.571049956391665319e+02 5.893669502079339964e+02 2.227840726935423277e+02 1.433709754437295715e+03 1.412768511802704374e+01
1.925000000000000000e+03 1.343289992923786031e+03 1.571049956391849207e+02 5.893669502079986842e+02 2.227840726935409634e+02 1.433709754437621768e+03 1.412768511802592108e+01
1.927000000000000000e+03 1.344295340338406504e+03 1.571049956391486546e+02 5.893669502079364975e+02 2.227840726935170039e+02 1.433709754437132688e+03 1.412768511802327076e+01
1.929000000000000000e+03 1.344295340338437654e+03 1.571049956391838691e+02 5.893669502080034590e+02 2.227840726935076248e+02 1.433709754437295715e+03 1.426183600455703449e+01
1.931000000000000000e+03 1.344295340338561346e+03 1.571049956391665319e+02 5.893669502079339964e+02 2.227840726935423277e+02 1.433709754437295715e+03 1.426955901084750700e+01
1.933000000000000000e+03 1.344295340338572259e+03 1.571049956391665319e+02 5.893669502080034590e+02 2.227840726935076248e+02 1.433709754437295715e+03 1.426955901084967593e+01
1.935000000000000000e+03 1.344295340338567939e+03 1.571049956391838691e+02 5.893669502079339964e+02 2.247299553767220743e+02 1.433709754437295715e+03 1.426955901084750700e+01
1.937000000000000000e+03 1.344295340338559072e+03 1.571049956391665319e+02 5.893710680267977295e+02 2.249014014011480072e+02 1.433709754437295715e+03 1.426955901084859235e+01
1.939000000000000000e+03 1.344295340338423784e+03 1.571049956391486546e+02 5.893885210468015430e+02 2.249014014011224560e+02 1.433709754437132688e+03 1.426955901084805411e+01
1.941000000000000000e+03 1.344619885104562172e+03 1.571049956391849207e+02 5.893885210469331923e+02 2.249014014011644633e+02 1.445757093326889390e+03 1.426955901084858525e+01
1.943000000000000000e+03 1.345744483459260664e+03 1.571049956391665319e+02 5.893885210468685045e+02 2.249014014011480072e+02 1.447598998608745660e+03 1.426955901084750700e+01
1.945000000000000000e+03 1.345899542484692574e+03 1.571049956391660203e+02 5.893885210468015430e+02 2.249014014011224560e+02 1.447598998608581041e+03 1.426955901084805411e+01
1.947000000000000000e+03 1.346869055331742402e+03 1.571049956391665319e+02 5.893885210468685045e+02 2.249014014011480072e+02 1.447598998609023056e+03 1.430596927401786544e+01
1.949000000000000000e+03 1.346869055331755362e+03 1.571049956391665319e+02 5.893885210468685045e+02 2.249014014011826816e+02 1.447598998608745660e+03 1.441278895038602847e+01
1.951000000000000000e+03 1.346869055331759682e+03 1.571049958073479615e+02 5.893885210468685045e+02 2.249014014011480072e+02 1.447598998608884358e+03 1.441278895038386132e+01
1.953000000000000000e+03 1.346869055331742402e+03 1.571049957909895056e+02 5.893885210468685045e+02 2.249014014011480072e+02 1.447598998608745660e+03 1.441278895038602847e+01
1.955000000000000000e+03 1.346869055331759682e+03 1.571049957910068713e+02 5.893885210468685045e+02 2.270830395740414076e+02 1.447598998608745660e+03 1.441278895038602847e+01
1.957000000000000000e+03 1.346869055331606660e+03 1.571049957909716568e+02 5.893885210468015430e+02 2.270376390931755566e+02 1.447598998608858665e+03 1.441278895038330710e+01
1.959000000000000000e+03 1.346869055331883828e+03 1.571049957910078945e+02 5.893885210469331923e+02 2.270376390932183028e+02 1.447598998608797274e+03 1.441278895038713870e+01
1.961000000000000000e+03 1.346897092173943520e+03 1.571049957910068713e+02 5.893885210468685045e+02 2.270376390932013351e+02 1.461593221946666517e+03 1.441278895038386132e+01
1.963000000000000000e+03 1.347171515222849621e+03 1.571049957909716568e+02 5.893885210468015430e+02 2.270376390931928938e+02 1.461614204455286426e+03 1.441278895038439245e+01
1.965000000000000000e+03 1.347247424318418325e+03 1.571049957910068713e+02 5.893885210468685045e+02 2.270376390932013351e+02 1.461614204455730032e+03 1.441278895038602847e+01
1.967000000000000000e+03 1.348304639258246652e+03 1.571049957909895056e+02 5.893885210468685045e+02 2.270376390932013351e+02 1.461614204455452409e+03 1.448009129276358742e+01
1.969000000000000000e+03 1.348304639258094994e+03 1.571049957910068713e+02 5.893885210468685045e+02 2.270376390932013351e+02 1.461614204455730032e+03 1.455739018582473321e+01
1.971000000000000000e+03 1.348595960790283243e+03 1.571049957909895056e+02 5.893999860990401203e+02 2.270376390932013351e+02 1.461614204455452409e+03 1.455739018582690214e+01
1.973000000000000000e+03 1.349399375415512623e+03 1.571049957909895056e+02 5.894072678791495719e+02 2.270376390932013351e+02 1.461614204455730032e+03 1.455739018582473321e+01
1.975000000000000000e+03 1.349399375415218628e+03 1.571049957909890225e+02 5.894072678790131476e+02 2.292315296947236902e+02 1.461614204455286426e+03 1.455739018582524835e+01
1.977000000000000000e+03 1.349399375415648137e+03 1.571049957910078945e+02 5.894072678792142597e+02 2.291914722408507998e+02 1.461614204455785057e+03 1.455739018582696076e+01
1.979000000000000000e+03 1.349399375415388931e+03 1.571049957909895056e+02 5.894072678790801092e+02 2.291914722408333489e+02 1.461614204455452409e+03 1.455739018582690214e+01
1.981000000000000000e+03 1.349399375415361646e+03 1.571049957909890225e+02 5.894072678790826103e+02 2.291914722408420175e+02 1.476126443960666847e+03 1.455739018582307942e+01
1.983000000000000000e+03 1.349666347930421580e+03 1.571049957909895056e+02 5.894072678790801092e+02 2.291914722408333489e+02 1.475746921568155130e+03 1.455739018582690214e+01
1.985000000000000000e+03 1.349704021086531156e+03 1.571049957910068713e+02 5.894072678791495719e+02 2.291914722408680518e+02 1.475746921567877507e+03 1.455739018582690214e+01
1.987000000000000000e+03 1.350715672387035511e+03 1.571049958707347685e+02 5.894072678791495719e+02 2.291914722408333489e+02 1.475746921568155130e+03 1.464190288309264254e+01
1.989000000000000000e+03 1.350845888773112165e+03 1.571049958997219846e+02 5.894072678790801092e+02 2.291914722408680518e+02 1.475746921567877507e+03 1.470353842213285844e+01
1.991000000000000000e+03 1.350845888773251090e+03 1.571049958996872817e+02 5.894072678791495719e+02 2.291914722408333489e+02 1.475746921568016205e+03 1.470353842213285844e+01
1.993000000000000000e+03 1.350845888773097613e+03 1.571049958996694329e+02 5.894072678790131476e+02 2.291914722408073146e+02 1.475746921567987329e+03 1.470353842213335582e+01
1.995000000000000000e+03 1.350845888773241541e+03 1.571049958997230362e+02 5.894072678792142597e+02 2.311661399478052772e+02 1.475746921567935715e+03 1.470353842213403439e+01
1.997000000000000000e+03 1.350845888773251090e+03 1.571049958996872817e+02 5.894072678790801092e+02 2.313618031596700746e+02 1.475746921568155130e+03 1.470353842213285844e+01
1.999000000000000000e+03 9.994525287133747042e+02 1.469721017828359493e+02 5.025021393653022415e+02 1.176798615900416394e+02 7.508543064045737765e+02 7.365675966862760049e+00
