N,age,FeH,Mini,Mf,logL,logT,logg,phase,G_EDR3,GBP_EDR3,GRP_EDR3,age_WD,disk_label
0.00012511609859770068,13.0,-2.7,0.1,0.1,-2.779,3.5589,5.405,1.0,12.032,12.986,11.068,nan,2
0.00037250328961605384,13.0,-2.7,0.10982143,0.109,-2.631,3.5742,5.356,1.0,11.631,12.503,10.711,nan,2
0.00041896974935166383,13.0,-2.7,0.12946428,0.129,-2.388,3.5967,5.276,1.0,10.981,11.744,10.121,nan,2
0.0003541063791351764,13.0,-2.7,0.14910716,0.149,-2.224,3.608,5.219,1.0,10.547,11.266,9.714,nan,2
0.00044461490675875426,13.0,-2.7,0.16875,0.168,-2.098,3.6153,5.174,1.0,10.214,10.906,9.398,nan,2
0.0005340228168033317,13.0,-2.7,0.20803572,0.207,-1.894,3.6262,5.106,1.0,9.679,10.335,8.888,nan,2
0.0004706096113202127,13.0,-2.7,0.25714287,0.257,-1.707,3.6363,5.051,1.0,9.186,9.811,8.417,nan,2
0.00038478800850201854,13.0,-2.7,0.30625004,0.306,-1.562,3.6447,5.016,1.0,8.802,9.402,8.051,nan,2
0.0002943236045352361,13.0,-2.7,0.35535714,0.355,-1.44,3.6526,4.99,1.0,8.476,9.054,7.742,nan,2
0.0002839986903050502,13.0,-2.7,0.4044643,0.404,-1.317,3.6611,4.958,1.0,8.15,8.704,7.433,nan,2
0.0002489792122155655,13.0,-2.7,0.45357144,0.453,-1.169,3.6745,4.913,1.0,7.753,8.27,7.065,nan,2
0.00021935806816298208,13.0,-2.7,0.50267857,0.503,-1.003,3.6893,4.852,1.0,7.312,7.789,6.658,nan,2
0.00018947332795100468,13.0,-2.7,0.55178577,0.551,-0.798,3.709,4.765,1.0,6.772,7.196,6.164,nan,2
8.535940962586512e-05,13.0,-2.7,0.60089284,0.6,-0.585,3.7344,4.692,1.0,6.221,6.585,5.671,nan,2
2.1249540388001026e-05,13.0,-2.7,0.6042636,0.604,-0.57,3.7364,4.687,1.0,6.181,6.541,5.636,nan,2
3.218694993291176e-05,13.0,-2.7,0.61392784,0.614,-0.525,3.7423,4.672,1.0,6.067,6.414,5.535,nan,2
3.1379004818616506e-05,13.0,-2.7,0.62331182,0.623,-0.481,3.7479,4.657,1.0,5.957,6.292,5.438,nan,2
3.0603837670259795e-05,13.0,-2.7,0.63436961,0.634,-0.429,3.7545,4.639,1.0,5.826,6.147,5.322,nan,2
2.9859627527345923e-05,13.0,-2.7,0.64417511,0.644,-0.382,3.7602,4.621,1.0,5.71,6.019,5.219,nan,2
1.3905437355893295e-05,13.0,-2.7,0.64999998,0.65,-0.353,3.7635,4.61,1.0,5.64,5.942,5.157,nan,2
1.9055024813389427e-05,13.0,-2.7,0.65371746,0.653,-0.335,3.7655,4.603,1.0,5.595,5.893,5.116,nan,2
2.845742172675399e-05,13.0,-2.7,0.6632337,0.663,-0.287,3.7708,4.582,1.0,5.478,5.766,5.01,nan,2
2.7796380289564195e-05,13.0,-2.7,0.6723181,0.672,-0.24,3.7757,4.56,1.0,5.363,5.642,4.905,nan,2
2.1554812377092087e-05,13.0,-2.7,0.68037981,0.68,-0.197,3.7801,4.54,1.0,5.257,5.529,4.808,nan,2
2.6851002811375123e-05,13.0,-2.7,0.68819046,0.688,-0.153,3.7843,4.518,1.0,5.151,5.414,4.712,nan,2
1.54998336271329e-05,13.0,-2.7,0.69743532,0.697,-0.099,3.7893,4.489,1.0,5.018,5.272,4.59,nan,2
5.564414447484483e-06,13.0,-2.7,0.69999999,0.7,-0.084,3.7906,4.481,1.0,4.98,5.232,4.555,nan,2
1.273540010958722e-05,13.0,-2.7,0.70172268,0.701,-0.073,3.7915,4.475,1.0,4.954,5.204,4.531,nan,2
1.93449890868282e-05,13.0,-2.7,0.70992231,0.709,-0.02,3.7956,4.444,1.0,4.823,5.067,4.41,nan,2
2.511142441234837e-05,13.0,-2.7,0.71696198,0.716,0.028,3.7991,4.414,1.0,4.705,4.942,4.299,nan,2
1.6750707926077416e-05,13.0,-2.7,0.72377968,0.723,0.077,3.8023,4.381,1.0,4.581,4.812,4.183,nan,2
1.785507870013747e-05,13.0,-2.7,0.73059577,0.73,0.131,3.8054,4.343,1.0,4.446,4.672,4.055,nan,2
2.405200785733671e-05,13.0,-2.7,0.73846924,0.738,0.2,3.8087,4.293,1.0,4.274,4.495,3.891,nan,2
1.35771963322337e-05,13.0,-2.7,0.74582607,0.745,0.272,3.8113,4.235,1.0,4.094,4.31,3.717,nan,2
7.890393616335122e-06,13.0,-2.7,0.75,0.749,0.316,3.8124,4.198,1.0,3.981,4.195,3.608,nan,2
7.700453615919394e-06,13.0,-2.7,0.75259757,0.752,0.344,3.8132,4.174,1.0,3.911,4.123,3.539,nan,2
6.314661418940837e-06,13.0,-2.7,0.75667745,0.756,0.393,3.8137,4.131,1.0,3.789,4.0,3.419,nan,2
5.923266663628752e-06,13.0,-2.7,0.75807333,0.757,0.411,3.8134,4.111,1.0,3.742,3.953,3.371,nan,2
7.361030759289256e-06,13.0,-2.7,0.76186705,0.761,0.466,3.8114,4.051,1.0,3.604,3.818,3.23,nan,2
3.6399439840657513e-06,13.0,-2.7,0.76452261,0.763,0.508,3.8087,3.999,1.0,3.495,3.713,3.116,nan,2
1.2725507081442269e-06,13.0,-2.7,0.76508898,0.764,0.518,3.808,3.987,1.0,3.471,3.69,3.091,nan,2
2.7330839496228177e-06,13.0,-2.7,0.76564902,0.764,0.529,3.8068,3.972,2.0,3.443,3.664,3.06,nan,2
3.7194705381613583e-06,13.0,-2.7,0.76753294,0.766,0.569,3.8013,3.91,2.0,3.34,3.569,2.946,nan,2
2.8761482508692843e-06,13.0,-2.7,0.76897502,0.768,0.606,3.7946,3.848,2.0,3.248,3.487,2.84,nan,2
2.282363743459184e-06,13.0,-2.7,0.77010483,0.769,0.639,3.7867,3.784,2.0,3.163,3.416,2.738,nan,2
1.855042058388935e-06,13.0,-2.7,0.77101594,0.769,0.67,3.7783,3.719,2.0,3.085,3.352,2.643,nan,2
1.5930915124212483e-06,13.0,-2.7,0.77178049,0.77,0.699,3.7702,3.658,2.0,3.011,3.292,2.553,nan,2
1.4093209493638539e-06,13.0,-2.7,0.77245498,0.771,0.73,3.7627,3.598,2.0,2.935,3.228,2.461,nan,2
1.3188526938640331e-06,13.0,-2.7,0.77305353,0.771,0.764,3.7561,3.538,2.0,2.851,3.157,2.364,nan,2
1.1742053338090002e-06,13.0,-2.7,0.7736463,0.772,0.806,3.7504,3.473,2.0,2.746,3.062,2.246,nan,2
8.721241678968684e-07,13.0,-2.7,0.77411419,0.772,0.846,3.7466,3.418,2.0,2.646,2.97,2.139,nan,2
6.710061065077214e-07,13.0,-2.7,0.77443409,0.773,0.877,3.7444,3.379,2.0,2.571,2.899,2.059,nan,2
7.323035527517058e-07,13.0,-2.7,0.77472031,0.773,0.907,3.7428,3.343,3.0,2.497,2.828,1.982,nan,2
8.338644651302273e-07,13.0,-2.7,0.77509558,0.773,0.948,3.7409,3.294,3.0,2.395,2.73,1.876,nan,2
8.110847419391427e-07,13.0,-2.7,0.77547354,0.773,0.992,3.739,3.243,3.0,2.287,2.625,1.764,nan,2
8.185922488400473e-07,13.0,-2.7,0.77583563,0.774,1.036,3.7374,3.192,3.0,2.177,2.518,1.651,nan,2
7.756186217456431e-07,13.0,-2.7,0.77622044,0.774,1.086,3.7357,3.135,3.0,2.052,2.396,1.523,nan,2
7.119198916580043e-07,13.0,-2.7,0.77654332,0.774,1.132,3.7343,3.084,3.0,1.94,2.287,1.408,nan,2
7.093114440042653e-07,13.0,-2.7,0.77687001,0.774,1.181,3.7328,3.029,3.0,1.818,2.167,1.283,nan,2
6.347076491477152e-07,13.0,-2.7,0.77719051,0.775,1.234,3.7312,2.97,3.0,1.687,2.038,1.149,nan,2
5.569035739767861e-07,13.0,-2.7,0.77744913,0.775,1.281,3.7297,2.917,3.0,1.571,1.925,1.031,nan,2
5.190810830040195e-07,13.0,-2.7,0.77769864,0.775,1.33,3.7283,2.862,3.0,1.45,1.807,0.907,nan,2
4.6818347417267963e-07,13.0,-2.7,0.77792275,0.775,1.378,3.7268,2.809,3.0,1.331,1.69,0.785,nan,2
4.217465300258885e-07,13.0,-2.7,0.77812582,0.775,1.426,3.7253,2.755,3.0,1.213,1.575,0.664,nan,2
3.876503928432737e-07,13.0,-2.7,0.77830756,0.775,1.472,3.7238,2.702,3.0,1.097,1.462,0.546,nan,2
3.558229475277433e-07,13.0,-2.7,0.77847952,0.775,1.521,3.7223,2.647,3.0,0.977,1.345,0.423,nan,2
3.160386408832086e-07,13.0,-2.7,0.77863222,0.775,1.568,3.7207,2.594,3.0,0.86,1.231,0.303,nan,2
2.8345496494523564e-07,13.0,-2.7,0.77876788,0.775,1.614,3.7192,2.541,3.0,0.747,1.121,0.187,nan,2
2.6104204288226365e-07,13.0,-2.7,0.77889085,0.775,1.66,3.7176,2.49,3.0,0.635,1.012,0.072,nan,2
2.3785097046904685e-07,13.0,-2.7,0.77900606,0.775,1.706,3.7161,2.437,3.0,0.52,0.901,-0.046,nan,2
2.1460509873522917e-07,13.0,-2.7,0.77910787,0.774,1.751,3.7144,2.386,3.0,0.41,0.793,-0.16,nan,2
1.9760634953263292e-07,13.0,-2.7,0.77920187,0.774,1.796,3.7129,2.334,3.0,0.298,0.685,-0.275,nan,2
1.7859098533742432e-07,13.0,-2.7,0.77928817,0.774,1.841,3.7113,2.283,3.0,0.187,0.578,-0.389,nan,2
1.6167991504749746e-07,13.0,-2.7,0.77936482,0.774,1.885,3.7097,2.233,3.0,0.081,0.475,-0.5,nan,2
1.5234211084334216e-07,13.0,-2.7,0.77943569,0.773,1.928,3.7081,2.183,3.0,-0.026,0.372,-0.609,nan,2
1.385655616826838e-07,13.0,-2.7,0.77950382,0.773,1.973,3.7065,2.131,3.0,-0.137,0.265,-0.724,nan,2
1.2294775535523856e-07,13.0,-2.7,0.77956212,0.773,2.015,3.7048,2.082,3.0,-0.239,0.166,-0.83,nan,2
1.1549504777444821e-07,13.0,-2.7,0.779616,0.772,2.057,3.7032,2.034,3.0,-0.342,0.067,-0.936,nan,2
1.0569692927865705e-07,13.0,-2.7,0.7796675,0.772,2.101,3.7017,1.984,3.0,-0.448,-0.036,-1.046,nan,2
9.537273730636293e-08,13.0,-2.7,0.77971244,0.771,2.141,3.7,1.936,3.0,-0.548,-0.131,-1.15,nan,2
9.413427266423883e-08,13.0,-2.7,0.77975452,0.771,2.182,3.6984,1.888,3.0,-0.648,-0.227,-1.254,nan,2
1.0125818432239733e-07,13.0,-2.7,0.77979833,0.77,2.223,3.6969,1.841,3.0,-0.747,-0.322,-1.356,nan,2
7.44722764877894e-08,13.0,-2.7,0.77984691,0.769,2.253,3.6957,1.806,3.0,-0.821,-0.393,-1.433,nan,2
2.716950307759728e-08,13.0,-2.7,0.77986628,0.769,2.249,3.696,1.811,3.0,-0.811,-0.383,-1.422,nan,2
3.90609556148907e-08,13.0,-2.7,0.7798717,0.769,2.255,3.6958,1.804,3.0,-0.827,-0.399,-1.439,nan,2
6.650445529451892e-08,13.0,-2.7,0.77990192,0.768,2.295,3.6941,1.756,3.0,-0.925,-0.492,-1.541,nan,2
6.173691441587076e-08,13.0,-2.7,0.77993238,0.768,2.338,3.6924,1.707,3.0,-1.029,-0.592,-1.649,nan,2
5.6246022506848515e-08,13.0,-2.7,0.77995825,0.767,2.377,3.6907,1.661,3.0,-1.123,-0.681,-1.748,nan,2
5.395541091244858e-08,13.0,-2.7,0.7799837,0.766,2.418,3.6889,1.612,3.0,-1.222,-0.775,-1.85,nan,2
4.8859074110681866e-08,13.0,-2.7,0.78000748,0.765,2.458,3.6873,1.565,3.0,-1.32,-0.869,-1.953,nan,2
4.489065764092763e-08,13.0,-2.7,0.78002828,0.765,2.496,3.6856,1.519,3.0,-1.412,-0.955,-2.05,nan,2
4.217790337194945e-08,13.0,-2.7,0.78004885,0.764,2.537,3.6837,1.471,3.0,-1.51,-1.046,-2.154,nan,2
3.8347494344255397e-08,13.0,-2.7,0.78006715,0.763,2.575,3.6821,1.425,3.0,-1.603,-1.131,-2.253,nan,2
3.614473787809281e-08,13.0,-2.7,0.78008419,0.762,2.613,3.6804,1.38,3.0,-1.695,-1.214,-2.352,nan,2
3.661133161214792e-08,13.0,-2.7,0.78010046,0.76,2.652,3.6786,1.333,3.0,-1.788,-1.297,-2.452,nan,2
3.4224107855620604e-08,13.0,-2.7,0.78011793,0.759,2.697,3.6766,1.28,3.0,-1.895,-1.393,-2.567,nan,2
3.104475985282826e-08,13.0,-2.7,0.780132,0.757,2.736,3.6747,1.232,3.0,-1.986,-1.472,-2.668,nan,2
2.8776897283886372e-08,13.0,-2.7,0.78014654,0.756,2.778,3.6727,1.181,3.0,-2.086,-1.56,-2.778,nan,2
2.619435521974398e-08,13.0,-2.7,0.78015852,0.754,2.816,3.671,1.135,3.0,-2.175,-1.636,-2.876,nan,2
2.4186917060955525e-08,13.0,-2.7,0.78017068,0.752,2.857,3.6688,1.084,3.0,-2.269,-1.714,-2.982,nan,2
2.2505009414377e-08,13.0,-2.7,0.78018081,0.75,2.894,3.6672,1.04,3.0,-2.353,-1.785,-3.076,nan,2
2.322117654133519e-08,13.0,-2.7,0.78019142,0.748,2.934,3.665,0.99,3.0,-2.445,-1.858,-3.181,nan,2
2.121373838206486e-08,13.0,-2.7,0.78020221,0.745,2.978,3.6628,0.935,3.0,-2.544,-1.935,-3.295,nan,2
1.7654604781774595e-08,13.0,-2.7,0.78021097,0.743,3.017,3.6608,0.888,3.0,-2.629,-1.999,-3.394,nan,2
1.6558652057077538e-08,13.0,-2.7,0.78021848,0.74,3.051,3.659,0.844,3.0,-2.704,-2.053,-3.483,nan,2
1.7014394774123232e-08,13.0,-2.7,0.78022623,0.737,3.089,3.6571,0.797,3.0,-2.786,-2.117,-3.578,nan,2
1.58424849298784e-08,13.0,-2.7,0.78023416,0.734,3.13,3.6548,0.745,3.0,-2.876,-2.189,-3.679,nan,2
1.4486107795750726e-08,13.0,-2.7,0.78024083,0.73,3.167,3.6529,0.698,3.0,-2.956,-2.253,-3.77,nan,2
1.4041216095473503e-08,13.0,-2.7,0.78024751,0.726,3.205,3.6508,0.65,3.0,-3.039,-2.319,-3.865,nan,2
8.669962643046104e-09,13.0,-2.7,0.78025377,0.722,3.24,3.6489,0.604,3.0,-3.115,-2.378,-3.951,nan,2
1.8772259541936127e-09,13.0,-2.7,0.7802555,0.721,3.249,3.6484,0.593,3.0,-3.135,-2.394,-3.973,nan,2
1.2912710318302559e-09,13.0,-2.7,0.7802555,0.721,1.636,3.9762,3.516,4.0,0.853,0.856,0.844,nan,2
4.6561714270496754e-08,13.0,-2.7,0.78025669,0.721,1.643,3.9722,3.494,4.0,0.819,0.824,0.805,nan,2
9.164769021855757e-08,13.0,-2.7,0.78029841,0.721,1.663,3.962,3.433,4.0,0.729,0.739,0.704,nan,2
9.424108329946843e-08,13.0,-2.7,0.78034115,0.721,1.664,3.9614,3.43,4.0,0.723,0.734,0.697,nan,2
9.597724603133498e-08,13.0,-2.7,0.78038526,0.721,1.664,3.9612,3.429,4.0,0.722,0.733,0.697,nan,2
9.630277654402677e-08,13.0,-2.7,0.7804296,0.721,1.664,3.9609,3.428,4.0,0.721,0.732,0.695,nan,2
9.688873146590827e-08,13.0,-2.7,0.78047401,0.721,1.664,3.9601,3.424,4.0,0.717,0.729,0.69,nan,2
9.81800024977385e-08,13.0,-2.7,0.78051889,0.721,1.665,3.9591,3.42,4.0,0.712,0.724,0.684,nan,2
9.876595742010186e-08,13.0,-2.7,0.78056449,0.721,1.665,3.9576,3.413,4.0,0.705,0.718,0.674,nan,2
9.61074582364117e-08,13.0,-2.7,0.78060991,0.721,1.666,3.9559,3.405,4.0,0.696,0.71,0.664,nan,2
9.416512617992067e-08,13.0,-2.7,0.78065306,0.721,1.668,3.9538,3.395,4.0,0.685,0.7,0.649,nan,2
9.365512837758697e-08,13.0,-2.7,0.78069669,0.721,1.67,3.9513,3.384,4.0,0.671,0.689,0.633,nan,2
9.293896125038782e-08,13.0,-2.7,0.78073937,0.721,1.672,3.9484,3.37,4.0,0.656,0.675,0.614,nan,2
9.177790242339335e-08,13.0,-2.7,0.78078234,0.721,1.674,3.9452,3.355,4.0,0.64,0.661,0.593,nan,2
9.236385734527483e-08,13.0,-2.7,0.78082395,0.722,1.677,3.9415,3.338,4.0,0.621,0.645,0.569,nan,2
9.383959566795169e-08,13.0,-2.7,0.78086746,0.722,1.68,3.9372,3.318,4.0,0.6,0.628,0.542,nan,2
9.746383537078031e-08,13.0,-2.7,0.78091043,0.722,1.683,3.9326,3.296,4.0,0.578,0.61,0.512,nan,2
9.785447198552859e-08,13.0,-2.7,0.78095728,0.722,1.687,3.9272,3.27,4.0,0.554,0.59,0.479,nan,2
9.520682381932972e-08,13.0,-2.7,0.78100061,0.722,1.691,3.9214,3.242,4.0,0.53,0.571,0.444,nan,2
9.520682381908878e-08,13.0,-2.7,0.78104502,0.722,1.696,3.9151,3.213,4.0,0.505,0.553,0.408,nan,2
9.385044668472017e-08,13.0,-2.7,0.78108835,0.722,1.701,3.9084,3.181,4.0,0.48,0.535,0.369,nan,2
5.5882737938203633e-08,13.0,-2.7,0.78113151,0.722,1.706,3.9014,3.148,4.0,0.456,0.519,0.329,nan,2
3.168496985999774e-08,13.0,-2.7,0.78113985,0.722,1.707,3.9,3.141,4.0,0.451,0.516,0.321,nan,2
6.959842352122628e-08,13.0,-2.7,0.78116071,0.722,1.71,3.8967,3.126,4.0,0.441,0.51,0.304,nan,2
9.17779024236343e-08,13.0,-2.7,0.78120399,0.722,1.715,3.8897,3.092,4.0,0.42,0.498,0.265,nan,2
9.060599257914852e-08,13.0,-2.7,0.78124529,0.722,1.72,3.8823,3.058,4.0,0.401,0.49,0.228,nan,2
9.042152528902474e-08,13.0,-2.7,0.78128749,0.722,1.726,3.8745,3.02,4.0,0.383,0.483,0.19,nan,2
8.913025425695353e-08,13.0,-2.7,0.78132862,0.722,1.732,3.8663,2.982,4.0,0.365,0.477,0.151,nan,2
8.983557036690233e-08,13.0,-2.7,0.78136963,0.722,1.738,3.8582,2.943,4.0,0.349,0.473,0.114,nan,2
9.080131088652265e-08,13.0,-2.7,0.78141141,0.722,1.745,3.8498,2.903,4.0,0.333,0.471,0.078,nan,2
9.016110087911224e-08,13.0,-2.7,0.78145331,0.722,1.751,3.8414,2.863,4.0,0.318,0.468,0.042,nan,2
8.990067646944069e-08,13.0,-2.7,0.7814945,0.722,1.758,3.8334,2.824,4.0,0.304,0.466,0.008,nan,2
9.293896125062876e-08,13.0,-2.7,0.78153616,0.722,1.765,3.825,2.783,4.0,0.288,0.464,-0.028,nan,2
9.22987512429774e-08,13.0,-2.7,0.78158015,0.722,1.774,3.8149,2.734,4.0,0.269,0.461,-0.07,nan,2
8.220730536278339e-08,13.0,-2.7,0.78162122,0.722,1.784,3.8053,2.686,4.0,0.25,0.458,-0.113,nan,2
6.156867088583154e-08,13.0,-2.7,0.78165591,0.722,1.795,3.795,2.633,4.0,0.228,0.454,-0.16,nan,2
4.081067522033049e-08,13.0,-2.7,0.78167796,0.722,1.81,3.785,2.579,4.0,0.197,0.441,-0.214,nan,2
2.6975628449481475e-08,13.0,-2.7,0.78169352,0.722,1.823,3.7772,2.535,4.0,0.172,0.43,-0.257,nan,2
1.7589498678995295e-08,13.0,-2.7,0.78170282,0.722,1.838,3.77,2.491,4.0,0.14,0.411,-0.305,nan,2
1.2869306251469612e-08,13.0,-2.7,0.78170973,0.722,1.849,3.7643,2.457,4.0,0.115,0.397,-0.342,nan,2
9.896127572578942e-09,13.0,-2.7,0.78171468,0.722,1.863,3.7586,2.42,4.0,0.084,0.376,-0.386,nan,2
8.08400772116463e-09,13.0,-2.7,0.78171885,0.723,1.879,3.753,2.382,4.0,0.05,0.353,-0.433,nan,2
5.94635735729946e-09,13.0,-2.7,0.78172213,0.723,1.901,3.7465,2.334,4.0,0.001,0.316,-0.497,nan,2
3.938919198270069e-09,13.0,-2.7,0.78172433,0.723,1.923,3.7408,2.289,4.0,-0.049,0.277,-0.559,nan,2
2.3980747737776682e-09,13.0,-2.7,0.78172576,0.723,1.948,3.7355,2.243,4.0,-0.107,0.23,-0.628,nan,2
1.5516954417427545e-09,13.0,-2.7,0.78172654,0.723,1.971,3.7317,2.205,7.0,-0.161,0.183,-0.691,nan,2
1.5516954419836954e-09,13.0,-2.7,0.78172719,0.723,2.001,3.728,2.16,7.0,-0.232,0.12,-0.77,nan,2
1.681907646578533e-09,13.0,-2.7,0.78172797,0.723,2.037,3.7241,2.108,7.0,-0.319,0.041,-0.865,nan,2
1.6168015440401731e-09,13.0,-2.7,0.78172874,0.723,2.075,3.7206,2.056,7.0,-0.411,-0.043,-0.965,nan,2
1.9423320567319723e-09,13.0,-2.7,0.78172946,0.723,2.113,3.7174,2.005,7.0,-0.502,-0.127,-1.063,nan,2
3.4289213956954263e-09,13.0,-2.7,0.78173053,0.723,2.146,3.715,1.963,7.0,-0.582,-0.201,-1.148,nan,2
5.826996169473095e-09,13.0,-2.7,0.78173262,0.723,2.147,3.7152,1.963,7.0,-0.583,-0.203,-1.149,nan,2
2.5803718605236646e-08,13.0,-2.7,0.7817359,0.723,2.136,3.716,1.977,7.0,-0.557,-0.178,-1.121,nan,2
3.653537449284109e-08,13.0,-2.7,0.7817564,0.723,2.15,3.7143,1.956,7.0,-0.592,-0.21,-1.16,nan,2
3.537431566560567e-08,13.0,-2.7,0.78176957,0.723,2.186,3.7116,1.909,7.0,-0.677,-0.288,-1.251,nan,2
3.829323925896739e-08,13.0,-2.7,0.781789,0.723,2.238,3.708,1.843,7.0,-0.804,-0.407,-1.387,nan,2
3.2607306311339494e-08,13.0,-2.7,0.78180486,0.723,2.281,3.7053,1.789,7.0,-0.907,-0.503,-1.496,nan,2
2.8972215591019574e-08,13.0,-2.7,0.78181905,0.723,2.323,3.7028,1.737,7.0,-1.008,-0.598,-1.603,nan,2
2.567350640040087e-08,13.0,-2.7,0.78183156,0.723,2.364,3.7003,1.686,7.0,-1.109,-0.692,-1.71,nan,2
2.2700327721751133e-08,13.0,-2.7,0.78184271,0.723,2.406,3.698,1.635,7.0,-1.209,-0.787,-1.816,nan,2
1.9987573452772965e-08,13.0,-2.7,0.78185248,0.723,2.448,3.6956,1.584,7.0,-1.31,-0.881,-1.922,nan,2
1.804524139628193e-08,13.0,-2.7,0.78186113,0.723,2.489,3.6934,1.534,7.0,-1.408,-0.973,-2.026,nan,2
1.649354595453918e-08,13.0,-2.7,0.78186911,0.723,2.53,3.6911,1.484,7.0,-1.507,-1.066,-2.131,nan,2
1.520227492270892e-08,13.0,-2.7,0.78187633,0.723,2.571,3.6889,1.434,7.0,-1.605,-1.157,-2.234,nan,2
1.4290789488135649e-08,13.0,-2.7,0.78188312,0.723,2.612,3.6866,1.384,7.0,-1.703,-1.248,-2.339,nan,2
1.3455261173592028e-08,13.0,-2.7,0.7818895,0.723,2.653,3.6844,1.334,7.0,-1.801,-1.338,-2.444,nan,2
1.2804200148690314e-08,13.0,-2.7,0.78189552,0.723,2.693,3.6822,1.284,7.0,-1.899,-1.425,-2.551,nan,2
1.2283351329347196e-08,13.0,-2.7,0.7819013,0.723,2.734,3.68,1.234,7.0,-1.997,-1.511,-2.657,nan,2
1.12525047071885e-08,13.0,-2.7,0.78190684,0.723,2.776,3.6777,1.184,7.0,-2.094,-1.596,-2.765,nan,2
9.635703162907384e-09,13.0,-2.7,0.78191167,0.723,2.818,3.6754,1.133,7.0,-2.193,-1.679,-2.874,nan,2
8.08400772116463e-09,13.0,-2.7,0.78191572,0.723,2.859,3.6731,1.082,7.0,-2.288,-1.759,-2.981,nan,2
6.857842791631794e-09,13.0,-2.7,0.78191912,0.723,2.9,3.6708,1.032,7.0,-2.382,-1.837,-3.087,nan,2
6.402100074586098e-09,13.0,-2.7,0.78192204,0.723,2.937,3.6686,0.986,7.0,-2.467,-1.905,-3.185,nan,2
5.957208374308873e-09,13.0,-2.7,0.78192502,0.723,2.977,3.6663,0.937,7.0,-2.555,-1.973,-3.287,nan,2
5.566571759560596e-09,13.0,-2.7,0.78192753,0.723,3.014,3.6641,0.892,7.0,-2.636,-2.034,-3.383,nan,2
3.0382847811880896e-09,13.0,-2.7,0.78193015,0.723,3.055,3.6617,0.841,7.0,-2.726,-2.099,-3.49,nan,2
3.9063661474827707e-10,13.0,-2.7,0.78193033,0.723,3.068,3.6609,0.825,7.0,-2.753,-2.117,-3.523,nan,2
3.797855974979232e-10,13.0,-2.7,0.78193051,0.723,3.088,3.6596,0.799,7.0,-2.796,-2.146,-3.575,nan,2
3.7978559773886414e-10,13.0,-2.7,0.78193068,0.723,3.117,3.6578,0.763,7.0,-2.857,-2.187,-3.649,nan,2
4.5574271728663685e-10,13.0,-2.7,0.78193086,0.723,3.15,3.6557,0.722,7.0,-2.928,-2.242,-3.73,nan,2
6.510610244198345e-10,13.0,-2.7,0.7819311,0.723,3.187,3.6533,0.675,7.0,-3.007,-2.303,-3.821,nan,2
7.812732294965541e-10,13.0,-2.7,0.78193146,0.723,3.22,3.6511,0.633,7.0,-3.078,-2.356,-3.903,nan,2
4.5574271728663685e-10,13.0,-2.7,0.78193182,0.723,3.237,3.65,0.612,7.0,-3.115,-2.384,-3.946,nan,2
1.3021220459483772e-10,13.0,-2.7,0.78193188,0.723,3.237,3.6479,0.603,8.0,-3.103,-2.361,-3.942,nan,2
1.953183076150795e-10,13.0,-2.7,0.78193194,0.721,3.015,3.6618,0.88,8.0,-2.628,-2.005,-3.388,nan,2
3.1467949520050426e-10,13.0,-2.7,0.78193206,0.718,2.855,3.6714,1.076,8.0,-2.273,-1.734,-2.975,nan,2
5.099978023337018e-10,13.0,-2.7,0.78193223,0.712,2.635,3.6846,1.346,8.0,-1.757,-1.294,-2.4,nan,2
7.161671269581943e-10,13.0,-2.7,0.78193253,0.705,2.637,3.6842,1.338,8.0,-1.763,-1.299,-2.407,nan,2
8.463793320349141e-10,13.0,-2.7,0.78193289,0.695,2.707,3.6798,1.244,8.0,-1.929,-1.442,-2.589,nan,2
9.657405196203386e-10,13.0,-2.7,0.78193331,0.684,2.893,3.6683,1.006,8.0,-2.355,-1.793,-3.073,nan,2
1.0959527246970585e-09,13.0,-2.7,0.78193378,0.671,3.063,3.6577,0.785,8.0,-2.722,-2.055,-3.513,nan,2
1.302122048839669e-09,13.0,-2.7,0.78193432,0.656,3.174,3.6507,0.636,8.0,-2.961,-2.238,-3.788,nan,2
7.161671269581943e-10,13.0,-2.7,0.78193498,0.64,3.232,3.6468,0.551,8.0,-3.082,-2.326,-3.929,nan,2
0.0,13.0,-2.7,0.84765,0.55,-15.94443,0.71733,7.94649,10.0,14.57393,14.99112,13.98618,3.875,2
1.5333126946478036e-05,13.0,-2.7,0.84765,0.55,-15.94612,0.71693,7.94657,10.0,14.57856,14.9967,13.98991,3.9,2
2.248191930980522e-05,13.0,-2.7,0.87056,0.552,-15.99353,0.70613,7.95235,10.0,14.70896,15.15292,14.09608,4.725,2
1.4654535142662128e-05,13.0,-2.7,0.87056,0.552,-15.99489,0.70581,7.95242,10.0,14.71275,15.15749,14.09914,4.75,2
1.4396796312688945e-05,13.0,-2.7,0.89347,0.554,-16.03419,0.69683,7.9574,10.0,14.8213,15.28818,14.18807,5.45,2
1.41464187471214e-05,13.0,-2.7,0.89347,0.554,-16.03569,0.69647,7.95746,10.0,14.82546,15.29325,14.19146,5.475,2
2.0765564717116313e-05,13.0,-2.7,0.91638,0.556,-16.07381,0.68772,7.9621,10.0,14.93073,15.421,14.27826,6.125,2
1.3550817467496381e-05,13.0,-2.7,0.91638,0.556,-16.07538,0.68733,7.96215,10.0,14.9351,15.42636,14.28184,6.15,2
1.3324018971298135e-05,13.0,-2.7,0.93929,0.558,-16.11179,0.6789,7.9664,10.0,15.03484,15.54786,14.36433,6.7,2
1.9574209411066246e-05,13.0,-2.7,0.93929,0.558,-16.11368,0.67844,7.96644,10.0,15.03999,15.55418,14.36854,6.725,2
1.2783503866859778e-05,13.0,-2.7,0.9622,0.56,-16.15691,0.66824,7.97044,10.0,15.15673,15.69669,14.46483,7.25,2
1.2577305655101745e-05,13.0,-2.7,0.9622,0.56,-16.15454,0.66883,7.97041,10.0,15.15035,15.68883,14.45961,7.225,2
1.8491109137033327e-05,13.0,-2.7,0.98511,0.562,-16.20076,0.65785,7.97424,10.0,15.27226,15.83802,14.56012,7.7,2
1.208503748132071e-05,13.0,-2.7,0.98511,0.562,-16.20347,0.65717,7.97427,10.0,15.27926,15.84666,14.56587,7.725,2
1.1896926279975237e-05,13.0,-2.7,1.00802,0.564,-16.2469,0.64686,7.97799,10.0,15.38865,15.98096,14.65647,8.125,2
1.171357614181939e-05,13.0,-2.7,1.00802,0.564,-16.24997,0.6461,7.97802,10.0,15.39625,15.99037,14.66271,8.15,2
1.7236590865051137e-05,13.0,-2.7,1.03093,0.566,-16.2927,0.63595,7.98167,10.0,15.49917,16.1169,14.74837,8.5,2
1.1274959140237163e-05,13.0,-2.7,1.03093,0.566,-16.29613,0.6351,7.9817,10.0,15.50717,16.12681,14.75501,8.525,2
1.1107012810261174e-05,13.0,-2.7,1.05384,0.568,-16.33974,0.62473,7.98538,10.0,15.60528,16.24734,14.83778,8.85,2
1.6354484413896954e-05,13.0,-2.7,1.05384,0.568,-16.34357,0.62378,7.98542,10.0,15.61353,16.25757,14.84473,8.875,2
1.0704655093907164e-05,13.0,-2.7,1.07675,0.57,-16.38425,0.61415,7.98908,10.0,15.69881,16.36224,14.91762,9.15,2
1.0550369816022778e-05,13.0,-2.7,1.07675,0.57,-16.38842,0.61312,7.98913,10.0,15.70727,16.3727,14.92484,9.175,2
1.0399702944121497e-05,13.0,-2.7,1.09966,0.572,-16.4271,0.60397,7.99276,10.0,15.78487,16.46709,14.99209,9.425,2
1.5324682609071922e-05,13.0,-2.7,1.09966,0.572,-16.43136,0.60292,7.9928,10.0,15.79323,16.47727,14.99933,9.45,2
1.003811038870072e-05,13.0,-2.7,1.12257,0.574,-16.47069,0.59363,7.99646,10.0,15.86911,16.5686,15.06593,9.7,2
9.899217672730843e-06,13.0,-2.7,1.12257,0.574,-16.46634,0.5947,7.99641,10.0,15.86097,16.55872,15.05882,9.675,2
1.459521913204339e-05,13.0,-2.7,1.14548,0.576,-16.50686,0.58511,8.0001,10.0,15.93661,16.64899,15.12586,9.925,2
9.565460678346104e-06,13.0,-2.7,1.14548,0.576,-16.51138,0.58399,8.00014,10.0,15.94487,16.65882,15.13321,9.95,2
9.437100248973464e-06,13.0,-2.7,1.16838,0.578,-16.5399,0.57734,8.00355,10.0,15.99768,16.72,15.18113,10.125,2
9.311544427060377e-06,13.0,-2.7,1.16838,0.578,-16.54461,0.57617,8.00356,10.0,16.00628,16.72996,15.18895,10.15,2
1.3737827348644073e-05,13.0,-2.7,1.19129,0.58,-16.56958,0.57036,8.00681,10.0,16.05257,16.7824,15.23194,10.3,2
9.009378278663792e-06,13.0,-2.7,1.19129,0.58,-16.57449,0.56913,8.00681,10.0,16.06143,16.79248,15.24015,10.325,2
8.892993838891385e-06,13.0,-2.7,1.2142,0.582,-16.59044,0.56558,8.01004,10.0,16.09094,16.82519,15.26793,10.425,2
1.3126607122394851e-05,13.0,-2.7,1.2142,0.582,-16.59549,0.56432,8.01004,10.0,16.09994,16.83532,15.27637,10.45,2
8.612591352860358e-06,13.0,-2.7,1.23711,0.584,-16.61193,0.56064,8.01327,10.0,16.13012,16.86839,15.30519,10.55,2
8.50447232527661e-06,13.0,-2.7,1.23711,0.584,-16.61713,0.55934,8.01327,10.0,16.13933,16.87857,15.31396,10.575,2
1.2558805155768493e-05,13.0,-2.7,1.26002,0.586,-16.63415,0.55552,8.0165,10.0,16.1704,16.91207,15.34402,10.675,2
8.243712795457943e-06,13.0,-2.7,1.26002,0.586,-16.62884,0.55685,8.0165,10.0,16.16098,16.90183,15.33495,10.65,2
8.143064756168006e-06,13.0,-2.7,1.28293,0.588,-16.64622,0.55294,8.01972,10.0,16.19271,16.93567,15.36584,10.75,2
8.044419058278453e-06,13.0,-2.7,1.28293,0.588,-16.65166,0.55158,8.01972,10.0,16.20236,16.94598,15.37526,10.775,2
1.1885913180677227e-05,13.0,-2.7,1.30584,0.59,-16.66412,0.5489,8.02294,10.0,16.22537,16.9699,15.39805,10.85,2
7.80620891042724e-06,13.0,-2.7,1.30584,0.59,-16.66969,0.54751,8.02294,10.0,16.23531,16.98028,15.40787,10.875,2
7.71415078571591e-06,13.0,-2.7,1.32875,0.592,-16.68253,0.54474,8.02616,10.0,16.25921,17.00469,15.43179,10.95,2
1.1402475082444442e-05,13.0,-2.7,1.32875,0.592,-16.68825,0.5433,8.02616,10.0,16.26948,17.01516,15.44208,10.975,2
7.491644726552172e-06,13.0,-2.7,1.35166,0.594,-16.69581,0.54185,8.02937,10.0,16.2838,17.02953,15.45663,11.025,2
7.405577832087583e-06,13.0,-2.7,1.35166,0.594,-16.70169,0.54038,8.02937,10.0,16.29432,17.04013,15.4673,11.05,2
7.321122862832533e-06,13.0,-2.7,1.37457,0.596,-16.7155,0.53737,8.03259,10.0,16.31999,17.06552,15.49356,11.125,2
1.0826755054060207e-05,13.0,-2.7,1.37457,0.596,-16.72159,0.53585,8.03259,10.0,16.33086,17.07627,15.50479,11.15,2
7.116767379728222e-06,13.0,-2.7,1.39748,0.598,-16.73599,0.53269,8.0358,10.0,16.35749,17.1022,15.53251,11.225,2
7.037634701875568e-06,13.0,-2.7,1.39748,0.598,-16.72977,0.53424,8.03579,10.0,16.34637,17.09138,15.52089,11.2,2
1.041120697467122e-05,13.0,-2.7,1.42039,0.6,-16.75082,0.52942,8.039,10.0,16.38489,17.12859,15.56133,11.3,2
6.8460018181652966e-06,13.0,-2.7,1.42039,0.6,-16.74448,0.531,8.039,10.0,16.37353,17.11771,15.54933,11.275,2
6.755956363881577e-06,13.0,-2.7,1.4433,0.602,-16.75947,0.52769,8.0422,10.0,16.40135,17.14425,15.57869,11.35,2
6.621071827856166e-06,13.0,-2.7,1.4433,0.602,-16.76591,0.52608,8.0422,10.0,16.41295,17.15517,15.59107,11.375,2
9.686535159486828e-06,13.0,-2.7,1.46621,0.604,-16.76823,0.52594,8.04538,10.0,16.41799,17.15992,15.59631,11.4,2
6.2993374981860815e-06,13.0,-2.7,1.46621,0.604,-16.77472,0.52431,8.04538,10.0,16.42973,17.17086,15.6089,11.425,2
6.1765296337163556e-06,13.0,-2.7,1.48912,0.606,-16.78356,0.52254,8.04856,10.0,16.44666,17.1866,15.62691,11.475,2
9.04149793696014e-06,13.0,-2.7,1.48912,0.606,-16.79014,0.5209,8.04856,10.0,16.45863,17.19755,15.63985,11.5,2
5.883277185152962e-06,13.0,-2.7,1.51203,0.608,-16.79244,0.52076,8.05174,10.0,16.46368,17.20233,15.64521,11.525,2
5.771218058520801e-06,13.0,-2.7,1.51203,0.608,-16.79907,0.5191,8.05173,10.0,16.47579,17.21329,15.65836,11.55,2
5.662010832121299e-06,13.0,-2.7,1.53494,0.61,-16.8014,0.51895,8.0549,10.0,16.4809,17.21806,15.66372,11.575,2
8.294269109798414e-06,13.0,-2.7,1.53494,0.61,-16.80807,0.51728,8.0549,10.0,16.49316,17.22903,15.67709,11.6,2
5.4008836767145366e-06,13.0,-2.7,1.55785,0.612,-16.81039,0.51714,8.05806,10.0,16.49822,17.23381,15.68248,11.625,2
5.300966819890493e-06,13.0,-2.7,1.55785,0.612,-16.81711,0.51546,8.05806,10.0,16.51062,17.24478,15.69606,11.65,2
7.769489021275152e-06,13.0,-2.7,1.58076,0.614,-16.82617,0.51363,8.06121,10.0,16.52834,17.26051,15.71527,11.7,2
5.061816295165029e-06,13.0,-2.7,1.58076,0.614,-16.81942,0.51532,8.06121,10.0,16.51579,17.24954,15.70147,11.675,2
4.9702180690327595e-06,13.0,-2.7,1.60367,0.616,-16.82854,0.51347,8.06436,10.0,16.5335,17.26533,15.72076,11.725,2
7.288408437762953e-06,13.0,-2.7,1.60367,0.616,-16.83534,0.51177,8.06436,10.0,16.5462,17.27629,15.73478,11.75,2
4.750769537141062e-06,13.0,-2.7,1.62658,0.618,-16.83771,0.51161,8.0675,10.0,16.55147,17.28118,15.74033,11.775,2
4.666638019919511e-06,13.0,-2.7,1.62658,0.618,-16.84457,0.5099,8.06751,10.0,16.56434,17.29214,15.75463,11.8,2
4.5844981483625855e-06,13.0,-2.7,1.64948,0.62,-16.847,0.50972,8.07065,10.0,16.56971,17.29703,15.76026,11.825,2
6.726947295656999e-06,13.0,-2.7,1.64948,0.62,-16.85394,0.50799,8.07067,10.0,16.58278,17.30801,15.77488,11.85,2
4.387480606702968e-06,13.0,-2.7,1.67239,0.622,-16.84942,0.50955,8.07378,10.0,16.575,17.3019,15.76594,11.85,2
4.311861256014687e-06,13.0,-2.7,1.67239,0.622,-16.8564,0.50781,8.0738,10.0,16.58814,17.31293,15.78065,11.875,2
6.329803620514739e-06,13.0,-2.7,1.6953,0.624,-16.85889,0.50762,8.07693,10.0,16.59362,17.31799,15.78653,11.9,2
4.130327200564979e-06,13.0,-2.7,1.6953,0.624,-16.86595,0.50587,8.07697,10.0,16.60696,17.32903,15.80157,11.925,2
4.060591029910717e-06,13.0,-2.7,1.71821,0.626,-16.86848,0.50567,8.08009,10.0,16.61258,17.3341,15.80755,11.95,2
3.992429252952659e-06,13.0,-2.7,1.71821,0.626,-16.86138,0.50744,8.08006,10.0,16.59916,17.323,15.79241,11.925,2
5.864175630608939e-06,13.0,-2.7,1.74112,0.628,-16.87109,0.50545,8.08321,10.0,16.61822,17.33922,15.8136,11.975,2
3.828625062345231e-06,13.0,-2.7,1.74112,0.628,-16.87828,0.50366,8.08326,10.0,16.63186,17.35035,15.82909,12.0,2
3.765633683357314e-06,13.0,-2.7,1.76403,0.63,-16.87367,0.50524,8.08632,10.0,16.62387,17.34436,15.81974,12.0,2
5.5333631254729775e-06,13.0,-2.7,1.76403,0.63,-16.8809,0.50344,8.08637,10.0,16.63759,17.35554,15.83534,12.025,2
3.6141360088910893e-06,13.0,-2.7,1.78694,0.632,-16.87635,0.505,8.08943,10.0,16.62976,17.34966,15.826,12.025,2
3.555831683196263e-06,13.0,-2.7,1.78694,0.632,-16.88362,0.50319,8.08948,10.0,16.64358,17.36089,15.84171,12.05,2
3.4987853867956955e-06,13.0,-2.7,1.80985,0.634,-16.87908,0.50475,8.09254,10.0,16.63572,17.35498,15.83237,12.05,2
5.1438850125171876e-06,13.0,-2.7,1.80985,0.634,-16.88639,0.50293,8.09258,10.0,16.64963,17.36625,15.8482,12.075,2
3.3614536185617277e-06,13.0,-2.7,1.83276,0.636,-16.88921,0.50266,8.09568,10.0,16.65574,17.37173,15.85477,12.1,2
3.3085504023948697e-06,13.0,-2.7,1.83276,0.636,-16.89662,0.50082,8.09573,10.0,16.66989,17.38305,15.87097,12.125,2
4.866060373386119e-06,13.0,-2.7,1.85567,0.638,-16.89955,0.50052,8.09883,10.0,16.67626,17.38877,15.87797,12.15,2
3.1811011914349613e-06,13.0,-2.7,1.85567,0.638,-16.8921,0.50237,8.09878,10.0,16.66201,17.37739,15.86163,12.125,2
3.1319699264512693e-06,13.0,-2.7,1.87858,0.64,-16.89508,0.50206,8.10187,10.0,16.66848,17.38309,15.86859,12.15,2
4.608047240261989e-06,13.0,-2.7,1.87858,0.64,-16.90257,0.5002,8.10192,10.0,16.68284,17.39452,15.88506,12.175,2
3.0135259652732063e-06,13.0,-2.7,1.90149,0.642,-16.89814,0.50173,8.10495,10.0,16.67506,17.38895,15.87573,12.175,2
2.96783483179128e-06,13.0,-2.7,1.90149,0.642,-16.90568,0.49986,8.105,10.0,16.68953,17.40045,15.89235,12.2,2
2.9230705864857885e-06,13.0,-2.7,1.9244,0.644,-16.90131,0.50137,8.10804,10.0,16.68192,17.39494,15.88319,12.2,2
4.302642824620313e-06,13.0,-2.7,1.9244,0.644,-16.9089,0.49948,8.10808,10.0,16.6965,17.40648,15.89995,12.225,2
2.815062621635712e-06,13.0,-2.7,1.94731,0.646,-16.90457,0.50099,8.11112,10.0,16.68888,17.4011,15.8908,12.225,2
2.7733620225281946e-06,13.0,-2.7,1.94731,0.646,-16.91221,0.49909,8.11116,10.0,16.70358,17.41271,15.90771,12.25,2
4.083656945353891e-06,13.0,-2.7,1.97022,0.648,-16.91565,0.49866,8.11424,10.0,16.71095,17.41909,15.91585,12.275,2
2.6726821908683564e-06,13.0,-2.7,1.97022,0.648,-16.90795,0.50057,8.11419,10.0,16.69613,17.40741,15.89878,12.25,2
2.6337863490621862e-06,13.0,-2.7,1.99313,0.65,-16.9192,0.49821,8.1173,10.0,16.71864,17.42572,15.92418,12.3,2
2.5956480171140473e-06,13.0,-2.7,1.99313,0.65,-16.91145,0.50013,8.11726,10.0,16.70369,17.41398,15.90693,12.275,2
3.823574448557015e-06,13.0,-2.7,2.01604,0.652,-16.90739,0.50157,8.12029,10.0,16.69659,17.40893,15.89837,12.275,2
2.5034965717013566e-06,13.0,-2.7,2.01604,0.652,-16.91513,0.49965,8.12033,10.0,16.7115,17.42072,15.9155,12.3,2
2.4678677616436493e-06,13.0,-2.7,2.03895,0.654,-16.91111,0.50108,8.12335,10.0,16.70445,17.4158,15.90709,12.3,2
3.6364776939991775e-06,13.0,-2.7,2.03895,0.654,-16.91891,0.49913,8.12339,10.0,16.7195,17.42767,15.92442,12.325,2
2.38172951311164e-06,13.0,-2.7,2.06186,0.656,-16.91504,0.50053,8.12641,10.0,16.71276,17.42297,15.91611,12.325,2
2.34840620203422e-06,13.0,-2.7,2.06186,0.656,-16.92291,0.49857,8.12645,10.0,16.72795,17.43491,15.93362,12.35,2
2.3157069374630625e-06,13.0,-2.7,2.08477,0.658,-16.91908,0.49995,8.12947,10.0,16.72132,17.43037,15.92562,12.35,2
3.4135785248301256e-06,13.0,-2.7,2.08477,0.658,-16.92702,0.49798,8.12951,10.0,16.73667,17.44238,15.94333,12.375,2
2.2365940835018803e-06,13.0,-2.7,2.10767,0.66,-16.91543,0.50129,8.13249,10.0,16.71497,17.42594,15.91794,12.35,2
2.205966557862508e-06,13.0,-2.7,2.10767,0.66,-16.92336,0.49931,8.13253,10.0,16.73028,17.43801,15.93556,12.375,2
3.2527478211522583e-06,13.0,-2.7,2.13058,0.662,-16.92779,0.49864,8.13558,10.0,16.73968,17.446,15.94596,12.4,2
2.1318259345996226e-06,13.0,-2.7,2.13058,0.662,-16.91978,0.50064,8.13555,10.0,16.7242,17.43385,15.92811,12.375,2
2.1031078696135825e-06,13.0,-2.7,2.15349,0.664,-16.92441,0.49991,8.1386,10.0,16.73383,17.44197,15.93876,12.4,2
2.0749077086997583e-06,13.0,-2.7,2.15349,0.664,-16.93249,0.4979,8.13863,10.0,16.74949,17.45421,15.95685,12.425,2
3.0605905073668673e-06,13.0,-2.7,2.1764,0.666,-16.92113,0.50116,8.14162,10.0,16.72827,17.43821,15.93193,12.4,2
2.0065972526429427e-06,13.0,-2.7,2.1764,0.666,-16.92922,0.49915,8.14164,10.0,16.74391,17.45051,15.94994,12.425,2
1.9801198134866205e-06,13.0,-2.7,2.19931,0.668,-16.92609,0.50036,8.14466,10.0,16.73857,17.44697,15.94337,12.425,2
2.9215549142885674e-06,13.0,-2.7,2.19931,0.668,-16.93426,0.49832,8.14469,10.0,16.75441,17.45936,15.96164,12.45,2
1.915950132891361e-06,13.0,-2.7,2.22222,0.67,-16.93131,0.49949,8.1477,10.0,16.74936,17.4561,15.95543,12.45,2
1.8910652315372698e-06,13.0,-2.7,2.22222,0.67,-16.93956,0.49743,8.14773,10.0,16.76541,17.46859,15.97399,12.475,2
2.790882746027658e-06,13.0,-2.7,2.24513,0.672,-16.92853,0.50061,8.15072,10.0,16.74464,17.45309,15.94967,12.45,2
1.8307257912918318e-06,13.0,-2.7,2.24513,0.672,-16.9368,0.49855,8.15074,10.0,16.76069,17.46565,15.96818,12.475,2
1.8073149091878508e-06,13.0,-2.7,2.26804,0.674,-16.94255,0.49755,8.15378,10.0,16.77277,17.47554,15.98157,12.5,2
1.7843048983916771e-06,13.0,-2.7,2.26804,0.674,-16.93418,0.49964,8.15376,10.0,16.75649,17.46288,15.96275,12.475,2
2.634169405617612e-06,13.0,-2.7,2.29095,0.676,-16.93178,0.50067,8.15677,10.0,16.75246,17.46043,15.95767,12.475,2
1.7284778721240211e-06,13.0,-2.7,2.29095,0.676,-16.94016,0.49858,8.15679,10.0,16.76875,17.47316,15.97646,12.5,2
1.7068047191389405e-06,13.0,-2.7,2.31386,0.678,-16.93797,0.49956,8.15981,10.0,16.76524,17.47101,15.97198,12.5,2
2.5203639040023776e-06,13.0,-2.7,2.31386,0.678,-16.94647,0.49744,8.15982,10.0,16.7818,17.48387,15.99113,12.525,2
1.6541973315671776e-06,13.0,-2.7,2.33677,0.68,-16.93592,0.50051,8.16282,10.0,16.7621,17.46919,15.96786,12.5,2
1.6337648834333437e-06,13.0,-2.7,2.33677,0.68,-16.94445,0.49838,8.16284,10.0,16.77868,17.48213,15.98701,12.525,2
1.6136704310822277e-06,13.0,-2.7,2.35968,0.682,-16.9427,0.49925,8.16585,10.0,16.77599,17.48062,15.98344,12.525,2
2.383550741649667e-06,13.0,-2.7,2.35968,0.682,-16.95135,0.49709,8.16586,10.0,16.79286,17.4937,16.00297,12.55,2
1.5648675499684246e-06,13.0,-2.7,2.38259,0.684,-16.94116,0.50007,8.16886,10.0,16.77373,17.47956,15.9804,12.525,2
1.5459021204982777e-06,13.0,-2.7,2.38259,0.684,-16.94984,0.4979,8.16888,10.0,16.79066,17.49273,15.99996,12.55,2
2.2839647101572277e-06,13.0,-2.7,2.4055,0.686,-16.9574,0.49645,8.1719,10.0,16.80613,17.50535,16.01744,12.575,2
1.4998217579813424e-06,13.0,-2.7,2.4055,0.686,-16.94859,0.49865,8.17189,10.0,16.78888,17.49204,15.99744,12.55,2
1.4819067826592025e-06,13.0,-2.7,2.42841,0.688,-16.94757,0.49935,8.1749,10.0,16.78763,17.49169,15.99559,12.55,2
1.4642784305456633e-06,13.0,-2.7,2.42841,0.688,-16.95644,0.49713,8.17491,10.0,16.80497,17.50511,16.01566,12.575,2
2.1639773863148916e-06,13.0,-2.7,2.45132,0.69,-16.94683,0.49997,8.17792,10.0,16.78678,17.49175,15.99417,12.55,2
1.4214242074408522e-06,13.0,-2.7,2.45132,0.69,-16.95575,0.49774,8.17793,10.0,16.80422,17.50529,16.01432,12.575,2
1.4047547422762835e-06,13.0,-2.7,2.47423,0.692,-16.9553,0.49829,8.18094,10.0,16.80406,17.50585,16.01367,12.575,2
2.0764482760015208e-06,13.0,-2.7,2.47423,0.692,-16.96438,0.49602,8.18094,10.0,16.82186,17.51955,16.03434,12.6,2
1.36421549315682e-06,13.0,-2.7,2.49714,0.694,-16.95516,0.49877,8.18395,10.0,16.80446,17.50678,16.01375,12.575,2
1.3484402838473874e-06,13.0,-2.7,2.49714,0.694,-16.96431,0.49648,8.18396,10.0,16.82239,17.52061,16.03455,12.6,2
1.9936151629715697e-06,13.0,-2.7,2.52005,0.696,-16.96455,0.49686,8.18697,10.0,16.82362,17.52223,16.03537,12.6,2
1.3100610338218023e-06,13.0,-2.7,2.52005,0.696,-16.97386,0.49454,8.18697,10.0,16.84195,17.53623,16.05672,12.625,2
1.2951206233610373e-06,13.0,-2.7,2.54296,0.698,-16.9651,0.49717,8.18999,10.0,16.82536,17.52429,16.03693,12.6,2
1.280408474466564e-06,13.0,-2.7,2.54296,0.698,-16.9745,0.49482,8.18999,10.0,16.84387,17.53843,16.05848,12.625,2
1.8935160380422937e-06,13.0,-2.7,2.56586,0.7,-16.97545,0.49502,8.193,10.0,16.84645,17.54108,16.06106,12.625,2
1.24459834868546e-06,13.0,-2.7,2.56586,0.7,-16.96595,0.4974,8.193,10.0,16.82776,17.52677,16.03931,12.6,2
1.2306513933473713e-06,13.0,-2.7,2.58877,0.702,-16.97663,0.49517,8.19601,10.0,16.84943,17.54417,16.06411,12.625,2
1.820283513716442e-06,13.0,-2.7,2.58877,0.702,-16.9863,0.49275,8.19601,10.0,16.86854,17.55865,16.08645,12.65,2
1.1966915085870963e-06,13.0,-2.7,2.61168,0.704,-16.97779,0.49532,8.19902,10.0,16.85245,17.54712,16.06701,12.625,2
1.1834604012064677e-06,13.0,-2.7,2.61168,0.704,-16.98756,0.49288,8.19902,10.0,16.87176,17.56175,16.08958,12.65,2
1.170425296233698e-06,13.0,-2.7,2.63459,0.706,-16.97891,0.49549,8.20203,10.0,16.85544,17.55008,16.06998,12.625,2
1.7316169536883748e-06,13.0,-2.7,2.63459,0.706,-16.98878,0.49302,8.20202,10.0,16.87495,17.56487,16.09277,12.65,2
1.1386713919833363e-06,13.0,-2.7,2.6575,0.708,-16.99005,0.49314,8.20502,10.0,16.87807,17.56799,16.09594,12.65,2
1.1262941998818993e-06,13.0,-2.7,2.6575,0.708,-17.00007,0.49064,8.20502,10.0,16.89797,17.58293,16.11929,12.675,2
1.666627505915854e-06,13.0,-2.7,2.68041,0.71,-16.99124,0.49329,8.20802,10.0,16.88114,17.57107,16.09903,12.65,2
1.0961327335913317e-06,13.0,-2.7,2.68041,0.71,-17.00136,0.49076,8.20802,10.0,16.90124,17.58615,16.12262,12.675,2
1.0843722660191566e-06,13.0,-2.7,2.70332,0.712,-17.00269,0.49087,8.21101,10.0,16.90461,17.58943,16.126,12.675,2
1.0727808760761762e-06,13.0,-2.7,2.70332,0.712,-16.99247,0.49343,8.21101,10.0,16.88431,17.57419,16.10218,12.65,2
1.5877998428391258e-06,13.0,-2.7,2.72623,0.714,-16.99371,0.49356,8.21401,10.0,16.88735,17.57719,16.10532,12.65,2
1.0445223074019873e-06,13.0,-2.7,2.72623,0.714,-17.00403,0.49098,8.214,10.0,16.90784,17.59258,16.12936,12.675,2
1.0334991526141104e-06,13.0,-2.7,2.74914,0.716,-17.00532,0.4911,8.21699,10.0,16.91119,17.59594,16.13261,12.675,2
1.5299205684880496e-06,13.0,-2.7,2.74914,0.716,-17.01578,0.48848,8.21698,10.0,16.93202,17.61145,16.15716,12.7,2
1.0066172663303123e-06,13.0,-2.7,2.77205,0.718,-17.00668,0.4912,8.21997,10.0,16.91449,17.59917,16.13593,12.675,2
9.96127781967594e-07,13.0,-2.7,2.77205,0.718,-17.01723,0.48856,8.21997,10.0,16.93551,17.61483,16.1607,12.7,2
9.857847815767004e-07,13.0,-2.7,2.79496,0.72,-17.00793,0.49133,8.22295,10.0,16.91773,17.60239,16.13933,12.675,2
1.9411137460795415e-06,13.0,-2.7,2.79496,0.72,-17.01857,0.48867,8.22295,10.0,16.93896,17.61819,16.16434,12.7,2
1.429737264218256e-06,13.0,-2.7,2.82873,0.722,-17.01997,0.48876,8.22592,10.0,16.94241,17.62156,16.16769,12.7,2
5.198950934976499e-07,13.0,-2.7,2.82873,0.722,-17.0307,0.48608,8.22592,10.0,16.96389,17.63741,16.1931,12.725,2
5.172390376640151e-07,13.0,-2.7,2.83978,0.724,-17.03226,0.48613,8.22889,10.0,16.9676,17.64096,16.19701,12.725,2
9.314048864535834e-07,13.0,-2.7,2.83978,0.724,-17.02144,0.48884,8.2289,10.0,16.94592,17.62496,16.17137,12.7,2
5.093795524751277e-07,13.0,-2.7,2.85083,0.726,-17.02281,0.48894,8.23187,10.0,16.94938,17.62831,16.17495,12.7,2
5.06795434465722e-07,13.0,-2.7,2.85083,0.726,-17.03373,0.48621,8.23187,10.0,16.97124,17.64446,16.20082,12.725,2
5.042289171180309e-07,13.0,-2.7,2.86188,0.728,-17.02423,0.48903,8.23484,10.0,16.95282,17.63169,16.17847,12.7,2
5.016798500687114e-07,13.0,-2.7,2.86188,0.728,-17.03523,0.48628,8.23484,10.0,16.97488,17.64797,16.20458,12.725,2
4.991480844984533e-07,13.0,-2.7,2.87293,0.73,-17.02562,0.48913,8.23781,10.0,16.95625,17.6351,16.18204,12.7,2
4.966334731135584e-07,13.0,-2.7,2.87293,0.73,-17.03672,0.48635,8.23781,10.0,16.9785,17.65153,16.20837,12.725,2
4.941358701276808e-07,13.0,-2.7,2.88398,0.732,-17.02703,0.48922,8.24078,10.0,16.95975,17.63838,16.1854,12.7,2
4.916551312437303e-07,13.0,-2.7,2.88398,0.732,-17.03823,0.48642,8.24077,10.0,16.98219,17.65494,16.21196,12.725,2
8.854137803368324e-07,13.0,-2.7,2.89503,0.734,-17.0284,0.48932,8.24374,10.0,16.96324,17.64181,16.18906,12.7,2
4.843126782005015e-07,13.0,-2.7,2.89503,0.734,-17.0397,0.48649,8.24374,10.0,16.98587,17.65852,16.21585,12.725,2
4.818979819226217e-07,13.0,-2.7,2.90608,0.736,-17.0412,0.48656,8.2467,10.0,16.98947,17.66207,16.21958,12.725,2
4.794994499873903e-07,13.0,-2.7,2.90608,0.736,-17.02982,0.48941,8.2467,10.0,16.96664,17.64522,16.19256,12.7,2
4.771169466689242e-07,13.0,-2.7,2.91713,0.738,-17.0427,0.48663,8.24966,10.0,16.99309,17.66554,16.22333,12.725,2
4.7475033761107163e-07,13.0,-2.7,2.91713,0.738,-17.05409,0.48379,8.24965,10.0,17.01603,17.68235,16.25061,12.75,2
4.7239948981165367e-07,13.0,-2.7,2.92818,0.74,-17.04415,0.48672,8.25262,10.0,16.99683,17.66907,16.22701,12.725,2
4.7006427160626086e-07,13.0,-2.7,2.92818,0.74,-17.05562,0.48385,8.25261,10.0,17.01998,17.68601,16.25452,12.75,2
4.6774455265258073e-07,13.0,-2.7,2.93923,0.742,-17.04566,0.48679,8.25557,10.0,17.00041,17.67262,16.23085,12.725,2
4.6544020391498125e-07,13.0,-2.7,2.93923,0.742,-17.05724,0.48389,8.25557,10.0,17.02372,17.68969,16.25856,12.75,2
8.382825296818583e-07,13.0,-2.7,2.95028,0.744,-17.04715,0.48686,8.25853,10.0,17.0041,17.67615,16.23448,12.725,2
4.5861810792239143e-07,13.0,-2.7,2.95028,0.744,-17.05881,0.48394,8.25852,10.0,17.0276,17.69336,16.26242,12.75,2
4.563739752946484e-07,13.0,-2.7,2.96133,0.746,-17.04868,0.48692,8.26148,10.0,17.00783,17.67968,16.23838,12.725,2
4.541445867762715e-07,13.0,-2.7,2.96133,0.746,-17.06043,0.48399,8.26147,10.0,17.03151,17.69701,16.26654,12.75,2
4.5192982085735503e-07,13.0,-2.7,2.97238,0.748,-17.062,0.48404,8.26443,10.0,17.03538,17.70065,16.27051,12.75,2
4.4972955723172976e-07,13.0,-2.7,2.97238,0.748,-17.05016,0.487,8.26443,10.0,17.01152,17.68319,16.24215,12.725,2
4.4754367678311943e-07,13.0,-2.7,2.98343,0.75,-17.06355,0.4841,8.26738,10.0,17.03913,17.70438,16.27434,12.75,2
4.4537206157140036e-07,13.0,-2.7,2.98343,0.75,-17.05163,0.48708,8.26738,10.0,17.01511,17.68677,16.24577,12.725,2
4.43214594818964e-07,13.0,-2.7,2.99448,0.752,-17.05313,0.48715,8.27033,10.0,17.01886,17.69034,16.2496,12.725,2
4.406720014757257e-07,13.0,-2.7,2.99448,0.752,-17.06514,0.48415,8.27033,10.0,17.04306,17.70807,16.27839,12.75,2
7.944645164055524e-07,13.0,-2.7,3.00552,0.754,-17.05465,0.48722,8.27328,10.0,17.02251,17.69388,16.25351,12.725,2
4.347239167946522e-07,13.0,-2.7,3.00552,0.754,-17.06674,0.4842,8.27327,10.0,17.04687,17.71173,16.2825,12.75,2
4.326354804369972e-07,13.0,-2.7,3.01657,0.756,-17.05618,0.48729,8.27623,10.0,17.02623,17.69749,16.25729,12.725,2
4.305605155495122e-07,13.0,-2.7,3.01657,0.756,-17.06835,0.48425,8.27622,10.0,17.05078,17.71546,16.28649,12.75,2
4.2849891312749607e-07,13.0,-2.7,3.02762,0.758,-17.06994,0.4843,8.27917,10.0,17.0546,17.71917,16.29044,12.75,2
4.2645056522660704e-07,13.0,-2.7,3.02762,0.758,-17.08204,0.48127,8.27916,10.0,17.07915,17.73699,16.31976,12.775,2
4.2441536495072524e-07,13.0,-2.7,3.03867,0.76,-17.07152,0.48435,8.28211,10.0,17.0585,17.72286,16.29455,12.75,2
4.223932064400671e-07,13.0,-2.7,3.03867,0.76,-17.0837,0.48131,8.28211,10.0,17.08322,17.74081,16.32407,12.775,2
4.203839848595294e-07,13.0,-2.7,3.04972,0.762,-17.07313,0.4844,8.28506,10.0,17.06235,17.72655,16.29848,12.75,2
7.572626178952359e-07,13.0,-2.7,3.04972,0.762,-17.08539,0.48134,8.28506,10.0,17.08722,17.74462,16.32821,12.775,2
4.144329084752892e-07,13.0,-2.7,3.06077,0.764,-17.08713,0.48135,8.288,10.0,17.0913,17.74846,16.33254,12.775,2
4.12474406354944e-07,13.0,-2.7,3.06077,0.764,-17.07479,0.48444,8.288,10.0,17.06625,17.73028,16.30261,12.75,2
4.105283319587624e-07,13.0,-2.7,3.07182,0.766,-17.07635,0.4845,8.29095,10.0,17.07028,17.73402,16.30652,12.75,2
4.0859458636147406e-07,13.0,-2.7,3.07182,0.766,-17.08877,0.4814,8.29094,10.0,17.09549,17.75232,16.33664,12.775,2
4.0667307158442144e-07,13.0,-2.7,3.08287,0.768,-17.07795,0.48455,8.29389,10.0,17.07423,17.73765,16.31066,12.75,2
4.047636905850551e-07,13.0,-2.7,3.08287,0.768,-17.09044,0.48143,8.29389,10.0,17.09959,17.75606,16.34098,12.775,2
4.028663472464582e-07,13.0,-2.7,3.09392,0.77,-17.07964,0.48459,8.29683,10.0,17.07788,17.74143,16.31475,12.75,2
4.0098094636712713e-07,13.0,-2.7,3.09392,0.77,-17.0922,0.48144,8.29683,10.0,17.10339,17.75995,16.34525,12.775,2
3.991073936504715e-07,13.0,-2.7,3.10497,0.772,-17.08125,0.48464,8.29977,10.0,17.08197,17.74521,16.31862,12.75,2
7.189965532944238e-07,13.0,-2.7,3.10497,0.772,-17.0939,0.48147,8.29977,10.0,17.10764,17.76385,16.34929,12.775,2
3.935568948792899e-07,13.0,-2.7,3.11602,0.774,-17.08288,0.48468,8.30272,10.0,17.08595,17.74903,16.32281,12.75,2
3.9172980960277704e-07,13.0,-2.7,3.11602,0.774,-17.09559,0.48151,8.30272,10.0,17.11177,17.76777,16.35367,12.775,2
3.8991411423654975e-07,13.0,-2.7,3.12707,0.776,-17.09728,0.48154,8.30566,10.0,17.11596,17.77167,16.35806,12.775,2
3.8810971970842266e-07,13.0,-2.7,3.12707,0.776,-17.0845,0.48473,8.30566,10.0,17.09001,17.75282,16.32703,12.75,2
3.863165377835937e-07,13.0,-2.7,3.13812,0.778,-17.08616,0.48477,8.3086,10.0,17.09398,17.75661,16.33092,12.75,2
3.8453448105545257e-07,13.0,-2.7,3.13812,0.778,-17.09901,0.48156,8.3086,10.0,17.12007,17.77556,16.36211,12.775,2
3.8276346293657114e-07,13.0,-2.7,3.14917,0.78,-17.08778,0.48483,8.31154,10.0,17.09794,17.76037,16.33523,12.75,2
3.8100339764973925e-07,13.0,-2.7,3.14917,0.78,-17.10069,0.4816,8.31154,10.0,17.12417,17.77942,16.36661,12.775,2
6.864329415729164e-07,13.0,-2.7,3.16022,0.782,-17.1024,0.48163,8.31449,10.0,17.12831,17.78329,16.37095,12.775,2
3.757880729766557e-07,13.0,-2.7,3.16022,0.782,-17.11528,0.47841,8.31449,10.0,17.15466,17.80226,16.40256,12.8,2
3.7407097714167056e-07,13.0,-2.7,3.17127,0.784,-17.10411,0.48166,8.31743,10.0,17.13231,17.78717,16.37523,12.775,2
3.723644170992958e-07,13.0,-2.7,3.17127,0.784,-17.11706,0.47842,8.31743,10.0,17.1588,17.80626,16.40704,12.8,2
3.7066831175131816e-07,13.0,-2.7,3.18232,0.786,-17.10587,0.48168,8.32037,10.0,17.13663,17.79121,16.37952,12.775,2
3.689825807499812e-07,13.0,-2.7,3.18232,0.786,-17.11891,0.47842,8.32037,10.0,17.16329,17.81041,16.41152,12.8,2
3.673071444899412e-07,13.0,-2.7,3.19337,0.788,-17.12063,0.47845,8.32332,10.0,17.16757,17.81437,16.41591,12.8,2
3.656419241002569e-07,13.0,-2.7,3.19337,0.788,-17.10752,0.48173,8.32332,10.0,17.14076,17.79505,16.38372,12.775,2
3.639868414364142e-07,13.0,-2.7,3.20442,0.79,-17.10926,0.48175,8.32626,10.0,17.14491,17.79904,16.38822,12.775,2
3.6234181907251225e-07,13.0,-2.7,3.20442,0.79,-17.12244,0.47846,8.32626,10.0,17.17188,17.81848,16.4206,12.8,2
6.52862950757684e-07,13.0,-2.7,3.21547,0.792,-17.11105,0.48177,8.32921,10.0,17.14908,17.80301,16.39261,12.775,2
3.574663501401592e-07,13.0,-2.7,3.21547,0.792,-17.12431,0.47845,8.32921,10.0,17.1762,17.82255,16.4252,12.8,2
3.558608088222034e-07,13.0,-2.7,3.22652,0.794,-17.11279,0.48179,8.33215,10.0,17.15335,17.80697,16.39691,12.775,2
3.542649511877249e-07,13.0,-2.7,3.22652,0.794,-17.12613,0.47846,8.33215,10.0,17.18063,17.82663,16.42967,12.8,2
3.5267870396397173e-07,13.0,-2.7,3.23757,0.796,-17.11453,0.48182,8.3351,10.0,17.15758,17.81096,16.40119,12.775,2
3.511019945447301e-07,13.0,-2.7,3.23757,0.796,-17.12794,0.47847,8.3351,10.0,17.18501,17.83073,16.43412,12.8,2
3.4953475098324416e-07,13.0,-2.7,3.24862,0.798,-17.12969,0.4785,8.33805,10.0,17.18941,17.83469,16.43892,12.8,2
3.4797690198528334e-07,13.0,-2.7,3.24862,0.798,-17.11621,0.48187,8.33805,10.0,17.16183,17.81482,16.4058,12.775,2
3.4642837690223154e-07,13.0,-2.7,3.25967,0.8,-17.13154,0.4785,8.341,10.0,17.19375,17.83891,16.44341,12.8,2
6.24233675518899e-07,13.0,-2.7,3.25967,0.8,-17.11798,0.48189,8.341,10.0,17.16602,17.81893,16.41011,12.775,2
3.418380481969487e-07,13.0,-2.7,3.27072,0.802,-17.11996,0.48186,8.34395,10.0,17.17059,17.82322,16.41504,12.775,2
3.4032612496148044e-07,13.0,-2.7,3.27072,0.802,-17.13359,0.47846,8.34395,10.0,17.19847,17.84331,16.44852,12.8,2
3.388231818453847e-07,13.0,-2.7,3.28177,0.804,-17.12224,0.48176,8.34689,10.0,17.17597,17.8279,16.42058,12.775,2
3.373291519329823e-07,13.0,-2.7,3.28177,0.804,-17.13594,0.47833,8.34689,10.0,17.20402,17.84811,16.45426,12.8,2
3.358439689081325e-07,13.0,-2.7,3.29282,0.806,-17.12485,0.48157,8.34983,10.0,17.18185,17.83319,16.42725,12.775,2
3.3436756704788607e-07,13.0,-2.7,3.29282,0.806,-17.13865,0.47812,8.34983,10.0,17.21008,17.85353,16.46118,12.8,2
3.328998812163627e-07,13.0,-2.7,3.30387,0.808,-17.1416,0.47785,8.35277,10.0,17.21712,17.85942,16.46867,12.8,2
3.314408468585546e-07,13.0,-2.7,3.30387,0.808,-17.15579,0.4743,8.35277,10.0,17.24638,17.8803,16.50397,12.825,2
3.299903999942767e-07,13.0,-2.7,3.31492,0.81,-17.14508,0.47745,8.35571,10.0,17.22475,17.86592,16.47712,12.8,2
5.946578773072493e-07,13.0,-2.7,3.31492,0.81,-17.15943,0.47386,8.35571,10.0,17.25438,17.88702,16.51289,12.825,2
3.2568995305890224e-07,13.0,-2.7,3.32597,0.812,-17.16337,0.47334,8.35864,10.0,17.26303,17.89411,16.52288,12.825,2
3.2427322765655645e-07,13.0,-2.7,3.32597,0.812,-17.14885,0.47697,8.35864,10.0,17.23298,17.87276,16.48657,12.8,2
3.228647782629931e-07,13.0,-2.7,3.33702,0.814,-17.15292,0.47642,8.36157,10.0,17.24212,17.88034,16.49692,12.8,2
3.214645442241204e-07,13.0,-2.7,3.33702,0.814,-17.16765,0.47273,8.36157,10.0,17.27267,17.90199,16.53388,12.825,2
3.2007246542028576e-07,13.0,-2.7,3.34807,0.816,-17.15735,0.47577,8.3645,10.0,17.25185,17.88842,16.50785,12.8,2
3.186884822607762e-07,13.0,-2.7,3.34807,0.816,-17.17231,0.47203,8.3645,10.0,17.28292,17.91037,16.54549,12.825,2
3.173125356784402e-07,13.0,-2.7,3.35912,0.818,-17.16213,0.47504,8.36743,10.0,17.26268,17.89699,16.52013,12.8,2
3.1594456712431617e-07,13.0,-2.7,3.35912,0.818,-17.17733,0.47125,8.36743,10.0,17.29434,17.91926,16.55854,12.825,2
5.693837440040922e-07,13.0,-2.7,3.37017,0.82,-17.16741,0.47419,8.37035,10.0,17.27414,17.9061,16.53332,12.8,2
3.118879518026217e-07,13.0,-2.7,3.37017,0.82,-17.18287,0.47033,8.37035,10.0,17.30641,17.92872,16.57258,12.825,2
3.105513200501389e-07,13.0,-2.7,3.38122,0.822,-17.17302,0.47326,8.37328,10.0,17.28638,17.91579,16.54753,12.8,2
3.092223811697168e-07,13.0,-2.7,3.38122,0.822,-17.18873,0.46933,8.37328,10.0,17.31934,17.93877,16.58764,12.825,2
3.0790107961198395e-07,13.0,-2.7,3.39227,0.824,-17.19499,0.46823,8.3762,10.0,17.33317,17.94943,16.60359,12.825,2
3.0630990568514925e-07,13.0,-2.7,3.39227,0.824,-17.17897,0.47223,8.3762,10.0,17.29954,17.92608,16.56254,12.8,2
3.0500489612293076e-07,13.0,-2.7,3.40331,0.826,-17.18545,0.47108,8.37912,10.0,17.31351,17.93694,16.57894,12.8,2
3.0398245058650636e-07,13.0,-2.7,3.40331,0.826,-17.20175,0.46701,8.37912,10.0,17.34785,17.96069,16.62093,12.825,2
3.026911523987714e-07,13.0,-2.7,3.41436,0.828,-17.19224,0.46985,8.38204,10.0,17.32836,17.94836,16.59618,12.8,2
3.01407220924294e-07,13.0,-2.7,3.41436,0.828,-17.20885,0.4657,8.38204,10.0,17.36347,17.97251,16.6392,12.825,2
5.432228116474015e-07,13.0,-2.7,3.42541,0.83,-17.19944,0.46852,8.38496,10.0,17.34421,17.96039,16.61458,12.8,2
2.975991017659543e-07,13.0,-2.7,3.42541,0.83,-17.21634,0.46429,8.38496,10.0,17.38006,17.98493,16.65858,12.825,2
2.9634411438075593e-07,13.0,-2.7,3.43646,0.832,-17.20705,0.46709,8.38788,10.0,17.3609,17.97287,16.63432,12.8,2
2.9509623456184896e-07,13.0,-2.7,3.43646,0.832,-17.22423,0.46279,8.38788,10.0,17.39746,17.99778,16.67929,12.825,2
2.938554118051876e-07,13.0,-2.7,3.44751,0.834,-17.21499,0.46557,8.39079,10.0,17.37833,17.98612,16.65531,12.8,2
2.9262159603819245e-07,13.0,-2.7,3.44751,0.834,-17.23245,0.4612,8.39079,10.0,17.41562,18.01139,16.70125,12.825,2
2.91394737615446e-07,13.0,-2.7,3.45856,0.836,-17.24121,0.45948,8.39371,10.0,17.43483,18.02547,16.72398,12.825,2
2.901747873144877e-07,13.0,-2.7,3.45856,0.836,-17.22347,0.46392,8.39371,10.0,17.39691,17.99987,16.67707,12.8,2
2.8896169633160644e-07,13.0,-2.7,3.46961,0.838,-17.23225,0.46219,8.39663,10.0,17.41627,18.0141,16.70018,12.8,2
5.208242828554261e-07,13.0,-2.7,3.46961,0.838,-17.25024,0.45769,8.39663,10.0,17.45484,18.04001,16.748,12.825,2
2.853630974478078e-07,13.0,-2.7,3.48066,0.84,-17.25968,0.45581,8.39954,10.0,17.47539,18.05512,16.77297,12.825,2
2.841769639296816e-07,13.0,-2.7,3.48066,0.84,-17.27809,0.4512,8.39954,10.0,17.51511,18.08144,16.82268,12.85,2
2.8299745184784964e-07,13.0,-2.7,3.49171,0.842,-17.26936,0.45386,8.40246,10.0,17.49708,18.07061,16.79878,12.825,2
2.8182451482516836e-07,13.0,-2.7,3.49171,0.842,-17.28792,0.44922,8.40246,10.0,17.53717,18.09705,16.84908,12.85,2
2.8065810687509556e-07,13.0,-2.7,3.50276,0.844,-17.27932,0.45184,8.40538,10.0,17.5192,18.08658,16.8256,12.825,2
2.7949818239784894e-07,13.0,-2.7,3.50276,0.844,-17.29794,0.44718,8.40538,10.0,17.55957,18.11311,16.87639,12.85,2
2.783446961765574e-07,13.0,-2.7,3.51381,0.846,-17.28971,0.44971,8.4083,10.0,17.54197,18.10287,16.85353,12.825,2
2.7719760337350644e-07,13.0,-2.7,3.51381,0.846,-17.3084,0.44504,8.4083,10.0,17.5825,18.12944,16.90478,12.85,2
2.7605685952647395e-07,13.0,-2.7,3.52486,0.848,-17.30017,0.44757,8.41122,10.0,17.56539,18.11938,16.882,12.825,2
4.975971412580343e-07,13.0,-2.7,3.52486,0.848,-17.31888,0.44289,8.41122,10.0,17.60603,18.14592,16.93356,12.85,2
2.726722826545747e-07,13.0,-2.7,3.53591,0.85,-17.32967,0.44067,8.41413,10.0,17.63022,18.16271,16.96312,12.85,2
2.7155649739114454e-07,13.0,-2.7,3.53591,0.85,-17.31097,0.44535,8.41413,10.0,17.58952,18.13624,16.91132,12.825,2
2.7044684427754223e-07,13.0,-2.7,3.54696,0.852,-17.32195,0.44308,8.41706,10.0,17.61365,18.15352,16.94114,12.825,2
2.693432810286833e-07,13.0,-2.7,3.54696,0.852,-17.34061,0.43841,8.41706,10.0,17.6543,18.17989,16.99309,12.85,2
2.6824576571006695e-07,13.0,-2.7,3.55801,0.854,-17.33305,0.44078,8.41998,10.0,17.63855,18.17079,16.9717,12.825,2
2.671542567343825e-07,13.0,-2.7,3.55801,0.854,-17.35177,0.4361,8.41998,10.0,17.67942,18.19713,17.02422,12.85,2
2.6606871285819847e-07,13.0,-2.7,3.56906,0.856,-17.34436,0.43843,8.4229,10.0,17.6637,18.18845,17.00285,12.825,2
2.6498909317864273e-07,13.0,-2.7,3.56906,0.856,-17.36329,0.43369,8.4229,10.0,17.70513,18.2149,17.0564,12.85,2
4.776748545340541e-07,13.0,-2.7,3.58011,0.858,-17.35584,0.43603,8.42583,10.0,17.68944,18.20636,17.03487,12.825,2
2.6178537533003783e-07,13.0,-2.7,3.58011,0.858,-17.375,0.43124,8.42582,10.0,17.73147,18.2329,17.08945,12.85,2
2.6072905010452013e-07,13.0,-2.7,3.59116,0.86,-17.36768,0.43355,8.42875,10.0,17.71581,18.22443,17.06803,12.825,2
2.5967844955550696e-07,13.0,-2.7,3.59116,0.86,-17.38704,0.42871,8.42875,10.0,17.75839,18.25111,17.12365,12.85,2
2.5863353475558403e-07,13.0,-2.7,3.60221,0.862,-17.39929,0.42613,8.43167,10.0,17.78582,18.26968,17.15863,12.85,2
2.5759426709565425e-07,13.0,-2.7,3.60221,0.862,-17.37974,0.43102,8.43168,10.0,17.74277,18.2429,17.1021,12.825,2
2.5656060828189743e-07,13.0,-2.7,3.61326,0.864,-17.39198,0.42844,8.43461,10.0,17.77039,18.26147,17.13695,12.825,2
2.5553252033271877e-07,13.0,-2.7,3.61326,0.864,-17.4117,0.42351,8.4346,10.0,17.81389,18.2884,17.19432,12.85,2
2.5450996557577493e-07,13.0,-2.7,3.62431,0.866,-17.40459,0.42577,8.43754,10.0,17.79863,18.28046,17.17277,12.825,2
2.534929066450789e-07,13.0,-2.7,3.62431,0.866,-17.42443,0.42081,8.43754,10.0,17.84247,18.3075,17.2308,12.85,2
4.5697974023184696e-07,13.0,-2.7,3.63536,0.868,-17.4174,0.42305,8.44048,10.0,17.82723,18.29969,17.20959,12.825,2
2.5047433568484207e-07,13.0,-2.7,3.63536,0.868,-17.43733,0.41806,8.44047,10.0,17.87136,18.32679,17.26821,12.85,2
2.49478892424812e-07,13.0,-2.7,3.64641,0.87,-17.43029,0.42031,8.44342,10.0,17.85622,18.31909,17.24715,12.825,2
6.732944119557575e-07,13.0,-2.7,3.64641,0.87,-17.45028,0.41531,8.44341,10.0,17.9005,18.34625,17.3062,12.85,2
6.653367829499645e-07,13.0,-2.7,3.67665,0.872,-17.44349,0.4175,8.44636,10.0,17.88581,18.33871,17.28483,12.825,2
4.3919926575046817e-07,13.0,-2.7,3.67665,0.872,-17.46347,0.4125,8.44635,10.0,17.93018,18.36596,17.34416,12.85,2
6.523527873845068e-07,13.0,-2.7,3.7006,0.874,-17.49618,0.40481,8.4493,10.0,18.00377,18.4128,17.44193,12.875,2
4.306571021140945e-07,13.0,-2.7,3.7006,0.874,-17.47663,0.4097,8.4493,10.0,17.9601,18.38577,17.38309,12.85,2
4.2730279464893597e-07,13.0,-2.7,3.72455,0.876,-17.48976,0.40691,8.45225,10.0,17.99,18.40578,17.42165,12.85,2
6.347413985609638e-07,13.0,-2.7,3.72455,0.876,-17.50907,0.40208,8.45225,10.0,18.03329,18.43275,17.48008,12.875,2
4.1906934182180375e-07,13.0,-2.7,3.7485,0.878,-17.50305,0.40407,8.4552,10.0,18.02,18.42596,17.46093,12.85,2
6.225514046777061e-07,13.0,-2.7,3.7485,0.878,-17.52208,0.39932,8.4552,10.0,18.06277,18.45284,17.51872,12.875,2
4.11047848775649e-07,13.0,-2.7,3.77246,0.88,-17.51608,0.40131,8.45816,10.0,18.04971,18.4461,17.4998,12.85,2
4.078970656799055e-07,13.0,-2.7,3.77246,0.88,-17.53473,0.39665,8.45816,10.0,18.0918,18.4728,17.55672,12.875,2
6.060086339663932e-07,13.0,-2.7,3.79641,0.882,-17.52906,0.39856,8.46113,10.0,18.07939,18.46626,17.53851,12.85,2
4.001609327003537e-07,13.0,-2.7,3.79641,0.882,-17.54734,0.39399,8.46113,10.0,18.12073,18.49262,17.59448,12.875,2
5.94552578765976e-07,13.0,-2.7,3.82036,0.884,-17.5419,0.39584,8.46409,10.0,18.10858,18.48639,17.57669,12.85,2
3.9262085004987043e-07,13.0,-2.7,3.82036,0.884,-17.55988,0.39135,8.46409,10.0,18.14922,18.51234,17.63174,12.875,2
3.8965831377725684e-07,13.0,-2.7,3.84431,0.886,-17.57228,0.38875,8.46707,10.0,18.17779,18.53191,17.66886,12.875,2
5.789982070626794e-07,13.0,-2.7,3.84431,0.886,-17.55459,0.39317,8.46707,10.0,18.13782,18.50634,17.61465,12.85,2
3.823823347475232e-07,13.0,-2.7,3.86826,0.888,-17.56715,0.39053,8.47004,10.0,18.16653,18.52622,17.65229,12.85,2
5.682214150361982e-07,13.0,-2.7,3.86826,0.888,-17.58458,0.38617,8.47004,10.0,18.20594,18.55147,17.70578,12.875,2
3.7528791269974595e-07,13.0,-2.7,3.89222,0.89,-17.57953,0.38793,8.47302,10.0,18.19499,18.54587,17.68928,12.85,2
3.7249970568947224e-07,13.0,-2.7,3.89222,0.89,-17.59674,0.38363,8.47302,10.0,18.23394,18.57087,17.74229,12.875,2
5.535823645674444e-07,13.0,-2.7,3.91617,0.892,-17.5919,0.38534,8.47601,10.0,18.2233,18.56537,17.72662,12.85,2
3.656500087404604e-07,13.0,-2.7,3.91617,0.892,-17.60892,0.38109,8.47601,10.0,18.26191,18.59024,17.77923,12.875,2
5.434349910260256e-07,13.0,-2.7,3.94012,0.894,-17.60415,0.38279,8.479,10.0,18.25147,18.58508,17.76342,12.85,2
3.5896864631625357e-07,13.0,-2.7,3.94012,0.894,-17.62103,0.37857,8.479,10.0,18.28986,18.60987,17.81587,12.875,2
3.5634207151840616e-07,13.0,-2.7,3.96407,0.896,-17.61632,0.38025,8.48199,10.0,18.2796,18.60458,17.80034,12.85,2
5.296445929240302e-07,13.0,-2.7,3.96407,0.896,-17.63311,0.37605,8.48199,10.0,18.31794,18.62938,17.85278,12.875,2
3.4988774243766323e-07,13.0,-2.7,3.98802,0.898,-17.66223,0.36928,8.48499,10.0,18.38515,18.67465,17.94392,12.9,2
3.473500305155588e-07,13.0,-2.7,3.98802,0.898,-17.64537,0.3735,8.48499,10.0,18.3464,18.64932,17.89043,12.875,2
5.163207695924656e-07,13.0,-2.7,4.01198,0.9,-17.67473,0.36667,8.488,10.0,18.41431,18.69531,17.98293,12.9,2
3.411131254359728e-07,13.0,-2.7,4.01198,0.9,-17.6577,0.37092,8.488,10.0,18.37501,18.66949,17.92846,12.875,2
5.070784788304062e-07,13.0,-2.7,4.03593,0.902,-17.67034,0.36827,8.49101,10.0,18.40425,18.69008,17.96742,12.875,2
3.350259100478758e-07,13.0,-2.7,4.03593,0.902,-17.68764,0.36395,8.49101,10.0,18.44432,18.7165,18.02315,12.9,2
3.326319265641522e-07,13.0,-2.7,4.05988,0.904,-17.68319,0.36557,8.49402,10.0,18.43421,18.7113,18.00763,12.875,2
4.945093003651883e-07,13.0,-2.7,4.05988,0.904,-17.70085,0.36116,8.49402,10.0,18.47526,18.73849,18.065,12.9,2
3.2674677581140763e-07,13.0,-2.7,4.08383,0.906,-17.69652,0.36275,8.49703,10.0,18.46579,18.7335,18.04959,12.875,2
4.857867001110153e-07,13.0,-2.7,4.08383,0.906,-17.7147,0.35821,8.49703,10.0,18.50812,18.76166,18.10897,12.9,2
3.2100081615238697e-07,13.0,-2.7,4.10778,0.908,-17.71042,0.35979,8.50004,10.0,18.49846,18.75657,18.09384,12.875,2
3.187404798898792e-07,13.0,-2.7,4.10778,0.908,-17.72923,0.35509,8.50004,10.0,18.54235,18.78592,18.15563,12.9,2
4.7391923325281675e-07,13.0,-2.7,4.13174,0.91,-17.72501,0.35666,8.50305,10.0,18.53272,18.78087,18.14036,12.875,2
3.1318251335776153e-07,13.0,-2.7,4.13174,0.91,-17.74459,0.35176,8.50305,10.0,18.57847,18.81158,18.20507,12.9,2
4.656801303745022e-07,13.0,-2.7,4.15569,0.912,-17.76056,0.34828,8.50606,10.0,18.61616,18.83832,18.25714,12.9,2
3.0775411338474733e-07,13.0,-2.7,4.15569,0.912,-17.74035,0.35334,8.50606,10.0,18.56884,18.80644,18.18989,12.875,2
3.0561818250857905e-07,13.0,-2.7,4.17964,0.914,-17.75655,0.3498,8.50907,10.0,18.60695,18.83361,18.24215,12.875,2
4.5446584937591687e-07,13.0,-2.7,4.17964,0.914,-17.77711,0.34466,8.50907,10.0,18.65526,18.86631,18.31128,12.9,2
3.00364867497853e-07,13.0,-2.7,4.20359,0.916,-17.77336,0.34612,8.51208,10.0,18.64677,18.86174,18.29731,12.875,2
4.4667704320680235e-07,13.0,-2.7,4.20359,0.916,-17.79433,0.34087,8.51208,10.0,18.69634,18.89546,18.36863,12.9,2
2.9523228465758874e-07,13.0,-2.7,4.22754,0.918,-17.7908,0.34227,8.5151,10.0,18.68799,18.89121,18.35467,12.875,2
2.932122761203034e-07,13.0,-2.7,4.22754,0.918,-17.81232,0.33689,8.5151,10.0,18.7391,18.92617,18.42871,12.9,2
4.360714066171114e-07,13.0,-2.7,4.2515,0.92,-17.80897,0.33825,8.51811,10.0,18.73149,18.92213,18.41576,12.875,2
2.882429225000489e-07,13.0,-2.7,4.2515,0.92,-17.83119,0.33269,8.51811,10.0,18.7845,18.95863,18.49307,12.9,2
4.28702403606751e-07,13.0,-2.7,4.27545,0.922,-17.85119,0.32821,8.52113,10.0,18.83263,18.99344,18.56206,12.9,2
2.833861819878545e-07,13.0,-2.7,4.27545,0.922,-17.82811,0.33398,8.52113,10.0,18.77734,18.95509,18.48104,12.875,2
2.814742996726872e-07,13.0,-2.7,4.2994,0.924,-17.87239,0.32343,8.52415,10.0,18.88374,19.03067,18.63614,12.9,2
4.186644769442664e-07,13.0,-2.7,4.2994,0.924,-17.84828,0.32946,8.52415,10.0,18.82578,18.99014,18.55059,12.875,2
2.767698860823992e-07,13.0,-2.7,4.32335,0.926,-17.86999,0.32455,8.52717,10.0,18.87784,19.02766,18.62506,12.875,2
4.11687236037e-07,13.0,-2.7,4.32335,0.926,-17.89539,0.3182,8.52717,10.0,18.93889,19.07072,18.71578,12.9,2
2.721706150456983e-07,13.0,-2.7,4.34731,0.928,-17.91994,0.31259,8.5302,10.0,18.99846,19.11445,18.80223,12.9,2
2.7035968559514813e-07,13.0,-2.7,4.34731,0.928,-17.94843,0.30546,8.5302,10.0,19.06696,19.16373,18.90499,12.925,2
4.0217935481980264e-07,13.0,-2.7,4.37126,0.93,-17.94649,0.30647,8.53322,10.0,19.06302,19.16199,18.89707,12.9,2
2.6590270416236974e-07,13.0,-2.7,4.37126,0.93,-17.97702,0.29884,8.53322,10.0,19.13619,19.21519,19.00752,12.925,2
3.9556805988353984e-07,13.0,-2.7,4.39521,0.932,-17.97587,0.29965,8.53625,10.0,19.13286,19.21386,19.00085,12.9,2
2.6154398346864787e-07,13.0,-2.7,4.39521,0.932,-18.00893,0.29139,8.53625,10.0,19.21216,19.2723,19.12232,12.925,2
2.59827398884739e-07,13.0,-2.7,4.41916,0.934,-18.00803,0.29214,8.53928,10.0,19.21015,19.27182,19.11672,12.9,2
3.8655552822060996e-07,13.0,-2.7,4.41916,0.934,-18.04391,0.28317,8.53928,10.0,19.29627,19.33645,19.25085,12.925,2
2.5560171626561155e-07,13.0,-2.7,4.44311,0.936,-18.08207,0.27415,8.54232,10.0,19.38876,19.40817,19.39367,12.925,2
3.8028638433136896e-07,13.0,-2.7,4.44311,0.936,-18.04328,0.28385,8.54232,10.0,19.29519,19.33679,19.2469,12.9,2
2.514679477662939e-07,13.0,-2.7,4.46707,0.938,-18.08232,0.27462,8.54536,10.0,19.38897,19.40956,19.39154,12.9,2
2.4983961398812115e-07,13.0,-2.7,4.46707,0.938,-18.12405,0.26419,8.54536,10.0,19.49056,19.48835,19.55135,12.925,2
3.717372049022172e-07,13.0,-2.7,4.49102,0.94,-18.12494,0.26449,8.5484,10.0,19.49265,19.49046,19.55284,12.9,2
2.4583034682326913e-07,13.0,-2.7,4.49102,0.94,-18.16983,0.25327,8.5484,10.0,19.60243,19.57719,19.7258,12.925,2
2.4425086620695487e-07,13.0,-2.7,4.51497,0.942,-18.17127,0.25344,8.55144,10.0,19.60592,19.58174,19.72986,12.9,2
3.6344452380956606e-07,13.0,-2.7,4.51497,0.942,-18.21953,0.24137,8.55144,10.0,19.72486,19.67752,19.91625,12.925,2
2.4036142507889577e-07,13.0,-2.7,4.53892,0.944,-18.22184,0.24133,8.55449,10.0,19.73173,19.68302,19.92359,12.9,2
3.576728874923508e-07,13.0,-2.7,4.53892,0.944,-18.27459,0.22814,8.55449,10.0,19.86527,19.7945,20.13243,12.925,2
2.36554828201815e-07,13.0,-2.7,4.56287,0.946,-18.27821,0.22777,8.55754,10.0,19.87432,19.80263,20.1434,12.9,2
2.3505488951361635e-07,13.0,-2.7,4.56287,0.946,-18.33641,0.21322,8.55754,10.0,20.0246,19.93218,20.37791,12.925,2
3.497978321932186e-07,13.0,-2.7,4.58683,0.948,-18.40509,0.19658,8.5606,10.0,20.20193,20.08852,20.65264,12.925,2
2.3136058589213433e-07,13.0,-2.7,4.58683,0.948,-18.34119,0.21256,8.5606,10.0,20.03674,19.94322,20.39471,12.9,2
3.4431499181688973e-07,13.0,-2.7,4.61078,0.95,-18.41125,0.19558,8.56366,10.0,20.21751,20.10381,20.67528,12.9,2
0.0,13.0,-2.7,0.84765,0.55,-15.87874,0.73885,7.96687,11.0,14.37641,14.70307,13.8772,3.875,2
3.833281736619509e-06,13.0,-2.7,0.84765,0.55,-15.88097,0.7383,7.96691,11.0,14.38195,14.70955,13.88173,3.9,2
5.620479827451305e-06,13.0,-2.7,0.87056,0.552,-15.94868,0.72212,7.97146,11.0,14.55186,14.90748,14.02149,4.725,2
3.663633785665532e-06,13.0,-2.7,0.87056,0.552,-15.95095,0.72156,7.9715,11.0,14.55762,14.91422,14.02621,4.75,2
3.599199078172236e-06,13.0,-2.7,0.89347,0.554,-16.02021,0.70491,7.97573,11.0,14.7354,15.12175,14.17349,5.45,2
3.53660468678035e-06,13.0,-2.7,0.89347,0.554,-16.02309,0.7042,7.97576,11.0,14.7429,15.13057,14.17967,5.475,2
5.191391179279078e-06,13.0,-2.7,0.91638,0.556,-16.11633,0.68144,7.97951,11.0,14.99002,15.42287,14.38358,6.125,2
3.3877043668740954e-06,13.0,-2.7,0.91638,0.556,-16.12069,0.68035,7.97953,11.0,15.00179,15.43692,14.39325,6.15,2
3.3310047428245336e-06,13.0,-2.7,0.93929,0.558,-16.2236,0.65522,7.98348,11.0,15.28577,15.77738,14.62707,6.7,2
4.893552352766561e-06,13.0,-2.7,0.93929,0.558,-16.2287,0.65395,7.98351,11.0,15.30018,15.79468,14.63898,6.725,2
3.1958759667149445e-06,13.0,-2.7,0.9622,0.56,-16.33634,0.62758,7.98721,11.0,15.61093,16.16586,14.89968,7.25,2
3.1443264137754363e-06,13.0,-2.7,0.9622,0.56,-16.33096,0.62892,7.98721,11.0,15.59501,16.14662,14.88636,7.225,2
4.622777284258332e-06,13.0,-2.7,0.98511,0.562,-16.43233,0.604,7.99041,11.0,15.89937,16.5165,15.14139,7.7,2
3.0212593703301777e-06,13.0,-2.7,0.98511,0.562,-16.43794,0.60259,7.99041,11.0,15.91643,16.53729,15.15575,7.725,2
2.9742315699938093e-06,13.0,-2.7,1.00802,0.564,-16.52661,0.58109,7.99461,11.0,16.18407,16.86137,15.38394,8.125,2
2.9283940354548476e-06,13.0,-2.7,1.00802,0.564,-16.53248,0.57963,7.99466,11.0,16.20216,16.88338,15.39939,8.15,2
4.309147716262784e-06,13.0,-2.7,1.03093,0.566,-16.6141,0.55969,7.99804,11.0,16.46001,17.19832,15.62049,8.5,2
2.8187397850592906e-06,13.0,-2.7,1.03093,0.566,-16.62035,0.55813,7.99804,11.0,16.48025,17.22324,15.63783,8.525,2
2.7767532025652934e-06,13.0,-2.7,1.05384,0.568,-16.70028,0.53858,8.00131,11.0,16.74233,17.54486,15.86411,8.85,2
4.088621103474239e-06,13.0,-2.7,1.05384,0.568,-16.70683,0.53694,8.00131,11.0,16.76421,17.57176,15.88305,8.875,2
2.676163773476791e-06,13.0,-2.7,1.07675,0.57,-16.77736,0.51974,8.00455,11.0,17.00188,17.86291,16.09014,9.15,2
0.0,13.0,-2.7,1.07675,0.57,-16.7842,0.51803,8.00455,11.0,17.02531,17.89173,16.11057,9.175,2
0.003886449921423534,13.0,-2.1,0.09695376,0.097,-2.907,3.5374,5.433,1.0,12.511,13.624,11.475,nan,2
0.010886141845183106,13.0,-2.1,0.1068296,0.106,-2.687,3.5652,5.365,1.0,11.859,12.792,10.906,nan,2
0.012244090850805897,13.0,-2.1,0.12658125,0.126,-2.429,3.5901,5.281,1.0,11.131,11.939,10.246,nan,2
0.010348505312591967,13.0,-2.1,0.1463329,0.146,-2.259,3.6025,5.223,1.0,10.669,11.423,9.815,nan,2
0.01299355220848515,13.0,-2.1,0.16608454,0.166,-2.126,3.6105,5.177,1.0,10.315,11.037,9.481,nan,2
0.015606434343915006,13.0,-2.1,0.20558786,0.205,-1.918,3.6218,5.106,1.0,9.76,10.439,8.955,nan,2
0.012506758455768742,13.0,-2.1,0.254967,0.255,-1.726,3.6321,5.051,1.0,9.252,9.894,8.472,nan,2
0.011455776832101413,13.0,-2.1,0.30434614,0.304,-1.579,3.6408,5.015,1.0,8.858,9.47,8.098,nan,2
0.009637244042061356,13.0,-2.1,0.35372522,0.354,-1.455,3.6488,4.989,1.0,8.525,9.113,7.785,nan,2
0.008299658318973844,13.0,-2.1,0.40310436,0.403,-1.33,3.6575,4.956,1.0,8.191,8.752,7.471,nan,2
0.007276239153416004,13.0,-2.1,0.45248353,0.452,-1.179,3.6716,4.911,1.0,7.78,8.3,7.093,nan,2
0.006410582433698466,13.0,-2.1,0.50186265,0.502,-1.01,3.6876,4.851,1.0,7.325,7.801,6.673,nan,2
0.005537222305015155,13.0,-2.1,0.55124182,0.551,-0.803,3.7078,4.765,1.0,6.776,7.201,6.17,nan,2
0.00249456761030496,13.0,-2.1,0.60062087,0.6,-0.589,3.7335,4.691,1.0,6.22,6.586,5.67,nan,2
0.0006396812704646544,13.0,-2.1,0.60437244,0.604,-0.572,3.7357,4.686,1.0,6.176,6.538,5.631,nan,2
0.0009406405588918141,13.0,-2.1,0.61404794,0.614,-0.527,3.7416,4.672,1.0,6.062,6.411,5.529,nan,2
0.0009170289415919875,13.0,-2.1,0.62344122,0.623,-0.484,3.7472,4.657,1.0,5.951,6.288,5.431,nan,2
0.0008943752368705203,13.0,-2.1,0.63450778,0.634,-0.431,3.7538,4.639,1.0,5.821,6.144,5.315,nan,2
0.0008726262284611319,13.0,-2.1,0.64431936,0.644,-0.384,3.7595,4.621,1.0,5.704,6.015,5.212,nan,2
0.0004062465581953299,13.0,-2.1,0.64999998,0.65,-0.357,3.7628,4.61,1.0,5.636,5.94,5.151,nan,2
0.0005623044518718718,13.0,-2.1,0.65385866,0.654,-0.338,3.7649,4.603,1.0,5.589,5.89,5.109,nan,2
0.0008316477682249395,13.0,-2.1,0.66336286,0.663,-0.29,3.7701,4.582,1.0,5.472,5.762,5.003,nan,2
0.0008123293056733495,13.0,-2.1,0.67243612,0.672,-0.243,3.775,4.561,1.0,5.357,5.638,4.898,nan,2
0.0006291667286814993,13.0,-2.1,0.68048805,0.68,-0.2,3.7794,4.54,1.0,5.251,5.525,4.802,nan,2
0.0007847013259703638,13.0,-2.1,0.6882894,0.688,-0.157,3.7835,4.519,1.0,5.145,5.411,4.705,nan,2
0.00044917655024391166,13.0,-2.1,0.69752342,0.697,-0.103,3.7884,4.49,1.0,5.014,5.27,4.585,nan,2
0.00016234900549907252,13.0,-2.1,0.69999999,0.7,-0.088,3.7897,4.482,1.0,4.977,5.231,4.551,nan,2
0.0003749016477373924,13.0,-2.1,0.70180374,0.701,-0.077,3.7906,4.476,1.0,4.95,5.203,4.526,nan,2
0.0005647929204915084,13.0,-2.1,0.70999479,0.71,-0.025,3.7947,4.445,1.0,4.821,5.066,4.406,nan,2
0.0007338633931774996,13.0,-2.1,0.7170282,0.717,0.022,3.7981,4.415,1.0,4.703,4.942,4.296,nan,2
0.0004891827495941795,13.0,-2.1,0.72384065,0.723,0.072,3.8014,4.383,1.0,4.58,4.814,4.181,nan,2
0.0005214974637161677,13.0,-2.1,0.73065239,0.73,0.125,3.8044,4.346,1.0,4.448,4.676,4.055,nan,2
0.0007029027031313005,13.0,-2.1,0.73852164,0.738,0.192,3.8077,4.296,1.0,4.279,4.501,3.894,nan,2
0.00039498070736454966,13.0,-2.1,0.74587548,0.745,0.263,3.8103,4.24,1.0,4.102,4.32,3.723,nan,2
0.00023035579472193018,13.0,-2.1,0.75,0.749,0.306,3.8113,4.204,1.0,3.994,4.209,3.618,nan,2
0.00022612104959190152,13.0,-2.1,0.75264007,0.752,0.334,3.8122,4.181,1.0,3.923,4.138,3.55,nan,2
0.00018608802022784845,13.0,-2.1,0.75670952,0.756,0.381,3.8127,4.139,1.0,3.805,4.018,3.433,nan,2
0.00018007758875039553,13.0,-2.1,0.75816172,0.757,0.399,3.8124,4.12,1.0,3.757,3.971,3.385,nan,2
0.00022149111834497925,13.0,-2.1,0.76210821,0.761,0.454,3.8106,4.06,1.0,3.619,3.834,3.244,nan,2
0.00011064304495983924,13.0,-2.1,0.76487035,0.764,0.498,3.8079,4.007,1.0,3.509,3.728,3.128,nan,2
3.797564379533822e-05,13.0,-2.1,0.76545942,0.764,0.507,3.8072,3.995,1.0,3.484,3.704,3.102,nan,2
8.172121668823623e-05,13.0,-2.1,0.76603234,0.765,0.518,3.806,3.979,2.0,3.456,3.678,3.072,nan,2
0.00011123691233181702,13.0,-2.1,0.76795995,0.767,0.558,3.8007,3.919,2.0,3.354,3.585,2.959,nan,2
8.604204549586486e-05,13.0,-2.1,0.769436,0.768,0.594,3.7942,3.858,2.0,3.263,3.504,2.855,nan,2
6.760697752015755e-05,13.0,-2.1,0.77059269,0.769,0.627,3.7865,3.795,2.0,3.179,3.433,2.755,nan,2
5.551803413161735e-05,13.0,-2.1,0.77152568,0.77,0.657,3.7783,3.732,2.0,3.103,3.371,2.661,nan,2
4.768671786379604e-05,13.0,-2.1,0.77230871,0.771,0.686,3.7704,3.672,2.0,3.031,3.312,2.573,nan,2
4.218900831496558e-05,13.0,-2.1,0.77299964,0.771,0.716,3.7629,3.613,2.0,2.957,3.252,2.484,nan,2
3.948560921003873e-05,13.0,-2.1,0.77361274,0.772,0.749,3.7564,3.554,2.0,2.876,3.183,2.389,nan,2
3.5160041230992133e-05,13.0,-2.1,0.77422011,0.773,0.791,3.7505,3.49,2.0,2.774,3.091,2.275,nan,2
2.6115818878404714e-05,13.0,-2.1,0.77469951,0.773,0.83,3.7467,3.435,2.0,2.676,3.001,2.168,nan,2
2.0047406119772543e-05,13.0,-2.1,0.77502733,0.773,0.861,3.7445,3.396,2.0,2.602,2.931,2.089,nan,2
2.1603522035776128e-05,13.0,-2.1,0.77531916,0.773,0.89,3.7429,3.36,3.0,2.528,2.86,2.012,nan,2
2.4602436427695628e-05,13.0,-2.1,0.77570182,0.774,0.931,3.7409,3.311,3.0,2.426,2.762,1.907,nan,2
2.417292193451665e-05,13.0,-2.1,0.77608728,0.774,0.975,3.739,3.26,3.0,2.318,2.658,1.795,nan,2
2.4396487271014226e-05,13.0,-2.1,0.77645653,0.774,1.019,3.7374,3.209,3.0,2.209,2.551,1.682,nan,2
2.3115630851775073e-05,13.0,-2.1,0.77684897,0.775,1.07,3.7357,3.152,3.0,2.084,2.43,1.555,nan,2
2.12159660799625e-05,13.0,-2.1,0.77717823,0.775,1.115,3.7342,3.101,3.0,1.972,2.32,1.44,nan,2
2.114133753641162e-05,13.0,-2.1,0.77751136,0.775,1.165,3.7328,3.046,3.0,1.85,2.2,1.315,nan,2
1.891913652698719e-05,13.0,-2.1,0.77783829,0.775,1.217,3.7312,2.987,3.0,1.719,2.072,1.181,nan,2
1.6599566087351858e-05,13.0,-2.1,0.77810204,0.775,1.264,3.7297,2.934,3.0,1.603,1.959,1.062,nan,2
1.547341175625606e-05,13.0,-2.1,0.77835655,0.776,1.313,3.7283,2.879,3.0,1.482,1.841,0.938,nan,2
1.3955537645046232e-05,13.0,-2.1,0.77858514,0.776,1.361,3.7268,2.826,3.0,1.363,1.724,0.817,nan,2
1.2571226206194657e-05,13.0,-2.1,0.77879226,0.776,1.409,3.7253,2.772,3.0,1.245,1.61,0.696,nan,2
1.1553971895752872e-05,13.0,-2.1,0.77897763,0.776,1.456,3.7238,2.719,3.0,1.13,1.497,0.578,nan,2
1.060718230453312e-05,13.0,-2.1,0.77915299,0.776,1.504,3.7223,2.665,3.0,1.01,1.38,0.455,nan,2
9.421453256277138e-06,13.0,-2.1,0.7793088,0.776,1.551,3.7207,2.611,3.0,0.894,1.266,0.336,nan,2
8.449680719141176e-06,13.0,-2.1,0.77944714,0.776,1.597,3.7192,2.559,3.0,0.781,1.156,0.22,nan,2
7.781547063102376e-06,13.0,-2.1,0.77957261,0.775,1.643,3.7177,2.508,3.0,0.669,1.048,0.105,nan,2
7.088430461140255e-06,13.0,-2.1,0.77969009,0.775,1.689,3.7161,2.455,3.0,0.555,0.937,-0.012,nan,2
6.397235624257913e-06,13.0,-2.1,0.77979392,0.775,1.734,3.7144,2.404,3.0,0.445,0.831,-0.126,nan,2
5.893412881704461e-06,13.0,-2.1,0.77988982,0.775,1.779,3.7129,2.352,3.0,0.334,0.723,-0.24,nan,2
5.326492186021899e-06,13.0,-2.1,0.77997792,0.775,1.823,3.7113,2.301,3.0,0.223,0.617,-0.354,nan,2
4.772553694994516e-06,13.0,-2.1,0.78005612,0.775,1.867,3.7097,2.251,3.0,0.117,0.514,-0.464,nan,2
4.494762529755869e-06,13.0,-2.1,0.78012842,0.774,1.91,3.7081,2.201,3.0,0.011,0.412,-0.573,nan,2
4.086320725171621e-06,13.0,-2.1,0.78019786,0.774,1.955,3.7064,2.15,3.0,-0.098,0.306,-0.687,nan,2
3.629043487409205e-06,13.0,-2.1,0.78025728,0.774,1.996,3.7048,2.101,3.0,-0.2,0.208,-0.792,nan,2
3.4099182645962713e-06,13.0,-2.1,0.7803123,0.773,2.038,3.7032,2.053,3.0,-0.302,0.11,-0.897,nan,2
3.118808344870491e-06,13.0,-2.1,0.78036481,0.773,2.081,3.7016,2.004,3.0,-0.407,0.009,-1.006,nan,2
2.8162823498529243e-06,13.0,-2.1,0.78041065,0.773,2.121,3.6999,1.957,3.0,-0.505,-0.084,-1.108,nan,2
2.780448557989659e-06,13.0,-2.1,0.78045362,0.772,2.161,3.6983,1.91,3.0,-0.602,-0.177,-1.209,nan,2
2.986572139501775e-06,13.0,-2.1,0.78049833,0.772,2.2,3.6969,1.865,3.0,-0.696,-0.268,-1.307,nan,2
2.2584802269587605e-06,13.0,-2.1,0.7805478,0.771,2.229,3.6957,1.83,3.0,-0.769,-0.337,-1.383,nan,2
8.714270799890358e-07,13.0,-2.1,0.78056955,0.771,2.224,3.6961,1.837,3.0,-0.757,-0.326,-1.37,nan,2
1.187271829507818e-06,13.0,-2.1,0.78057528,0.771,2.231,3.6958,1.829,3.0,-0.773,-0.341,-1.386,nan,2
2.020328212016321e-06,13.0,-2.1,0.78060699,0.77,2.271,3.6941,1.781,3.0,-0.872,-0.435,-1.489,nan,2
1.8785786105722904e-06,13.0,-2.1,0.78063899,0.77,2.315,3.6924,1.731,3.0,-0.977,-0.536,-1.599,nan,2
1.7124112925567804e-06,13.0,-2.1,0.78066623,0.769,2.354,3.6906,1.684,3.0,-1.072,-0.626,-1.699,nan,2
1.6388410296208192e-06,13.0,-2.1,0.78069299,0.768,2.395,3.6887,1.635,3.0,-1.172,-0.72,-1.803,nan,2
1.483772673682614e-06,13.0,-2.1,0.78071791,0.768,2.437,3.687,1.587,3.0,-1.272,-0.815,-1.907,nan,2
1.3797595433112789e-06,13.0,-2.1,0.78073978,0.767,2.475,3.6852,1.54,3.0,-1.365,-0.902,-2.005,nan,2
1.2947732050976148e-06,13.0,-2.1,0.78076142,0.766,2.517,3.6833,1.491,3.0,-1.464,-0.995,-2.11,nan,2
1.175538641015634e-06,13.0,-2.1,0.78078061,0.765,2.556,3.6816,1.444,3.0,-1.559,-1.082,-2.211,nan,2
1.1095790949385164e-06,13.0,-2.1,0.78079849,0.764,2.595,3.6798,1.398,3.0,-1.653,-1.167,-2.311,nan,2
1.1248005286562036e-06,13.0,-2.1,0.7808156,0.763,2.634,3.6779,1.35,3.0,-1.747,-1.253,-2.413,nan,2
1.0509131524987203e-06,13.0,-2.1,0.78083396,0.762,2.68,3.6758,1.295,3.0,-1.856,-1.35,-2.53,nan,2
9.507053805744105e-07,13.0,-2.1,0.78084874,0.761,2.72,3.6738,1.247,3.0,-1.95,-1.433,-2.632,nan,2
8.828431552737804e-07,13.0,-2.1,0.78086394,0.759,2.764,3.6716,1.193,3.0,-2.053,-1.524,-2.745,nan,2
8.051504207044789e-07,13.0,-2.1,0.78087658,0.758,2.803,3.6698,1.146,3.0,-2.145,-1.604,-2.846,nan,2
7.42679119845823e-07,13.0,-2.1,0.78088933,0.756,2.845,3.6674,1.093,3.0,-2.242,-1.686,-2.953,nan,2
6.919410074723098e-07,13.0,-2.1,0.7809,0.754,2.883,3.6657,1.048,3.0,-2.329,-1.761,-3.05,nan,2
7.125533656249298e-07,13.0,-2.1,0.78091115,0.752,2.925,3.6633,0.995,3.0,-2.425,-1.84,-3.157,nan,2
6.500820647662738e-07,13.0,-2.1,0.78092247,0.75,2.971,3.661,0.938,3.0,-2.528,-1.923,-3.275,nan,2
5.406780099600059e-07,13.0,-2.1,0.78093165,0.748,3.011,3.6588,0.888,3.0,-2.616,-1.991,-3.376,nan,2
5.086495765367242e-07,13.0,-2.1,0.78093952,0.746,3.047,3.6568,0.843,3.0,-2.696,-2.056,-3.467,nan,2
5.235538970399304e-07,13.0,-2.1,0.78094769,0.743,3.087,3.6546,0.793,3.0,-2.783,-2.128,-3.564,nan,2
4.874029919692253e-07,13.0,-2.1,0.78095603,0.74,3.13,3.6522,0.738,3.0,-2.878,-2.207,-3.67,nan,2
4.4617827567806817e-07,13.0,-2.1,0.78096306,0.736,3.169,3.65,0.688,3.0,-2.963,-2.276,-3.765,nan,2
4.2905416274390997e-07,13.0,-2.1,0.7809701,0.733,3.209,3.6477,0.636,3.0,-3.051,-2.348,-3.864,nan,2
2.6447241073743164e-07,13.0,-2.1,0.78097659,0.729,3.247,3.6455,0.588,3.0,-3.132,-2.414,-3.955,nan,2
5.866594243275477e-08,13.0,-2.1,0.78097844,0.728,3.257,3.645,0.575,3.0,-3.153,-2.431,-3.978,nan,2
4.154182949859654e-08,13.0,-2.1,0.78097844,0.721,1.644,3.956,3.428,4.0,0.747,0.761,0.715,nan,2
1.4631603155299942e-06,13.0,-2.1,0.78097975,0.721,1.652,3.9515,3.402,4.0,0.711,0.728,0.674,nan,2
2.8806563299280513e-06,13.0,-2.1,0.78102458,0.721,1.669,3.9428,3.35,4.0,0.638,0.661,0.589,nan,2
2.9637399889322863e-06,13.0,-2.1,0.78107059,0.721,1.67,3.9425,3.348,4.0,0.635,0.658,0.585,nan,2
3.016697893715627e-06,13.0,-2.1,0.78111804,0.721,1.67,3.9427,3.349,4.0,0.636,0.659,0.587,nan,2
3.0258941765905435e-06,13.0,-2.1,0.78116572,0.721,1.67,3.9428,3.349,4.0,0.636,0.659,0.587,nan,2
3.044920968734132e-06,13.0,-2.1,0.78121346,0.721,1.67,3.9425,3.348,4.0,0.635,0.658,0.585,nan,2
3.0867799114331264e-06,13.0,-2.1,0.78126174,0.721,1.67,3.9419,3.345,4.0,0.633,0.656,0.582,nan,2
3.1054895903692753e-06,13.0,-2.1,0.7813108,0.721,1.671,3.941,3.341,4.0,0.628,0.653,0.577,nan,2
3.0201861389411296e-06,13.0,-2.1,0.78135967,0.721,1.671,3.9399,3.336,4.0,0.623,0.648,0.569,nan,2
2.9599346305134263e-06,13.0,-2.1,0.78140604,0.721,1.673,3.9382,3.328,4.0,0.615,0.642,0.559,nan,2
2.943127630779666e-06,13.0,-2.1,0.78145301,0.721,1.674,3.9362,3.319,4.0,0.606,0.634,0.547,nan,2
2.922198159426648e-06,13.0,-2.1,0.78149885,0.721,1.676,3.9338,3.308,4.0,0.595,0.625,0.532,nan,2
2.8863643675633824e-06,13.0,-2.1,0.78154516,0.721,1.678,3.931,3.295,4.0,0.582,0.614,0.515,nan,2
2.87875365071158e-06,13.0,-2.1,0.78158987,0.721,1.68,3.9277,3.279,4.0,0.568,0.603,0.495,nan,2
2.9031713672901016e-06,13.0,-2.1,0.78163594,0.721,1.683,3.9239,3.261,4.0,0.552,0.591,0.472,nan,2
3.014795214506197e-06,13.0,-2.1,0.78168142,0.722,1.686,3.9195,3.241,4.0,0.534,0.577,0.446,nan,2
3.0281139690074133e-06,13.0,-2.1,0.78173101,0.722,1.689,3.9144,3.216,4.0,0.515,0.563,0.416,nan,2
2.946615875998128e-06,13.0,-2.1,0.78177691,0.722,1.693,3.9089,3.191,4.0,0.495,0.549,0.385,nan,2
2.9466158760122107e-06,13.0,-2.1,0.78182393,0.722,1.698,3.9029,3.162,4.0,0.474,0.535,0.351,nan,2
2.9015858012740282e-06,13.0,-2.1,0.78186983,0.722,1.702,3.8964,3.132,4.0,0.453,0.522,0.316,nan,2
1.7276327262674258e-06,13.0,-2.1,0.78191543,0.722,1.707,3.8895,3.099,4.0,0.433,0.511,0.279,nan,2
9.903445308635772e-07,13.0,-2.1,0.78192431,0.722,1.708,3.8882,3.093,4.0,0.429,0.509,0.272,nan,2
2.181104605589857e-06,13.0,-2.1,0.78194666,0.722,1.711,3.8848,3.077,4.0,0.421,0.506,0.255,nan,2
2.87875365071158e-06,13.0,-2.1,0.78199309,0.722,1.716,3.8777,3.043,4.0,0.403,0.499,0.219,nan,2
2.841017179638885e-06,13.0,-2.1,0.78203744,0.722,1.721,3.8703,3.009,4.0,0.387,0.493,0.183,nan,2
2.833089349572602e-06,13.0,-2.1,0.78208268,0.722,1.727,3.8624,2.971,4.0,0.371,0.489,0.147,nan,2
2.7972555577093362e-06,13.0,-2.1,0.78212678,0.722,1.733,3.8542,2.933,4.0,0.355,0.486,0.111,nan,2
2.8200877082788257e-06,13.0,-2.1,0.78217089,0.722,1.739,3.8461,2.894,4.0,0.341,0.484,0.076,nan,2
2.846725217274216e-06,13.0,-2.1,0.78221571,0.722,1.745,3.8376,2.854,4.0,0.326,0.482,0.041,nan,2
2.8276984251376693e-06,13.0,-2.1,0.78226066,0.722,1.752,3.8291,2.814,4.0,0.311,0.481,0.005,nan,2
2.8200877082788257e-06,13.0,-2.1,0.78230488,0.722,1.758,3.8211,2.775,4.0,0.297,0.48,-0.027,nan,2
2.916490121784276e-06,13.0,-2.1,0.78234959,0.722,1.765,3.8129,2.735,4.0,0.282,0.478,-0.062,nan,2
2.897463329647729e-06,13.0,-2.1,0.78239685,0.722,1.775,3.8035,2.688,4.0,0.264,0.477,-0.103,nan,2
2.5781303349034437e-06,13.0,-2.1,0.78244096,0.722,1.785,3.7947,2.643,4.0,0.244,0.472,-0.144,nan,2
1.9299509493536413e-06,13.0,-2.1,0.78247815,0.722,1.797,3.7856,2.594,4.0,0.22,0.464,-0.19,nan,2
1.2817715637967971e-06,13.0,-2.1,0.78250182,0.722,1.812,3.7769,2.544,4.0,0.188,0.447,-0.242,nan,2
8.466922502101167e-07,13.0,-2.1,0.78251857,0.722,1.825,3.7702,2.505,4.0,0.161,0.433,-0.284,nan,2
5.498742928349225e-07,13.0,-2.1,0.78252852,0.722,1.84,3.764,2.464,4.0,0.128,0.411,-0.332,nan,2
4.0273376695595917e-07,13.0,-2.1,0.78253591,0.722,1.852,3.7592,2.434,4.0,0.102,0.395,-0.368,nan,2
3.1203939108583985e-07,13.0,-2.1,0.78254122,0.722,1.867,3.7543,2.399,4.0,0.069,0.371,-0.412,nan,2
2.549590146691582e-07,13.0,-2.1,0.78254575,0.722,1.883,3.7494,2.363,4.0,0.033,0.344,-0.458,nan,2
1.8709678936852818e-07,13.0,-2.1,0.78254926,0.722,1.906,3.7435,2.317,4.0,-0.019,0.303,-0.523,nan,2
1.230399225008405e-07,13.0,-2.1,0.78255165,0.722,1.929,3.7382,2.272,4.0,-0.072,0.261,-0.588,nan,2
7.357026294300236e-08,13.0,-2.1,0.78255314,0.722,1.956,3.7332,2.226,4.0,-0.134,0.209,-0.661,nan,2
5.105522557391126e-08,13.0,-2.1,0.78255397,0.722,1.978,3.7298,2.189,7.0,-0.188,0.163,-0.722,nan,2
4.9152546357440047e-08,13.0,-2.1,0.78255475,0.722,2.01,3.7261,2.143,7.0,-0.263,0.096,-0.805,nan,2
4.9152546357440047e-08,13.0,-2.1,0.78255552,0.722,2.047,3.7224,2.092,7.0,-0.351,0.016,-0.901,nan,2
5.1055225580952593e-08,13.0,-2.1,0.7825563,0.722,2.084,3.7191,2.041,7.0,-0.442,-0.068,-1.0,nan,2
6.215418765121643e-08,13.0,-2.1,0.78255713,0.722,2.123,3.716,1.989,7.0,-0.535,-0.154,-1.1,nan,2
1.0591580958076494e-07,13.0,-2.1,0.78255826,0.722,2.157,3.7135,1.946,7.0,-0.617,-0.23,-1.188,nan,2
1.7948607250968465e-07,13.0,-2.1,0.78256047,0.722,2.155,3.7139,1.949,7.0,-0.612,-0.226,-1.182,nan,2
8.051504207115201e-07,13.0,-2.1,0.78256392,0.722,2.143,3.7147,1.965,7.0,-0.583,-0.199,-1.151,nan,2
1.1400219623598079e-06,13.0,-2.1,0.78258586,0.723,2.153,3.7135,1.95,7.0,-0.605,-0.218,-1.176,nan,2
1.098163019653772e-06,13.0,-2.1,0.78259987,0.723,2.186,3.7109,1.907,7.0,-0.685,-0.292,-1.262,nan,2
1.190760074733321e-06,13.0,-2.1,0.78262049,0.723,2.238,3.7073,1.84,7.0,-0.811,-0.409,-1.397,nan,2
1.0150793606424962e-06,13.0,-2.1,0.78263742,0.723,2.28,3.7046,1.787,7.0,-0.913,-0.503,-1.505,nan,2
9.01552834209929e-07,13.0,-2.1,0.7826525,0.723,2.322,3.7021,1.735,7.0,-1.013,-0.597,-1.611,nan,2
7.994423830621064e-07,13.0,-2.1,0.78266585,0.723,2.363,3.6996,1.684,7.0,-1.113,-0.691,-1.718,nan,2
7.068453279825573e-07,13.0,-2.1,0.78267771,0.723,2.405,3.6972,1.633,7.0,-1.213,-0.784,-1.823,nan,2
6.237616689712817e-07,13.0,-2.1,0.78268814,0.723,2.446,3.6948,1.582,7.0,-1.313,-0.877,-1.929,nan,2
5.612903681126258e-07,13.0,-2.1,0.78269738,0.723,2.487,3.6925,1.532,7.0,-1.41,-0.968,-2.032,nan,2
5.140405009716569e-07,13.0,-2.1,0.78270584,0.723,2.529,3.6902,1.481,7.0,-1.509,-1.061,-2.137,nan,2
4.744013506824902e-07,13.0,-2.1,0.78271359,0.723,2.569,3.6879,1.431,7.0,-1.606,-1.151,-2.24,nan,2
4.423729172451258e-07,13.0,-2.1,0.7827208,0.723,2.61,3.6855,1.381,7.0,-1.704,-1.241,-2.344,nan,2
4.179552006595635e-07,13.0,-2.1,0.78272754,0.723,2.651,3.6832,1.331,7.0,-1.801,-1.329,-2.45,nan,2
4.00831087739488e-07,13.0,-2.1,0.78273398,0.723,2.692,3.6809,1.281,7.0,-1.899,-1.416,-2.555,nan,2
3.8180429560294114e-07,13.0,-2.1,0.78274018,0.723,2.733,3.6786,1.231,7.0,-1.995,-1.501,-2.661,nan,2
3.5136142817460847e-07,13.0,-2.1,0.78274602,0.723,2.774,3.6762,1.18,7.0,-2.093,-1.586,-2.768,nan,2
3.003062026006972e-07,13.0,-2.1,0.78275126,0.723,2.817,3.6738,1.128,7.0,-2.191,-1.671,-2.877,nan,2
2.4956809023422535e-07,13.0,-2.1,0.78275549,0.723,2.858,3.6714,1.077,7.0,-2.286,-1.751,-2.983,nan,2
2.137342983639184e-07,13.0,-2.1,0.78275913,0.723,2.898,3.669,1.026,7.0,-2.38,-1.83,-3.088,nan,2
1.9851286466031407e-07,13.0,-2.1,0.78276223,0.723,2.937,3.6667,0.979,7.0,-2.466,-1.9,-3.186,nan,2
1.851941101590983e-07,13.0,-2.1,0.78276539,0.723,2.977,3.6642,0.929,7.0,-2.556,-1.971,-3.289,nan,2
1.7377803487435368e-07,13.0,-2.1,0.78276807,0.723,3.014,3.6619,0.883,7.0,-2.638,-2.034,-3.384,nan,2
9.449973428897901e-08,13.0,-2.1,0.78277087,0.723,3.056,3.6594,0.83,7.0,-2.729,-2.102,-3.491,nan,2
1.3318754494174476e-08,13.0,-2.1,0.78277105,0.723,3.062,3.659,0.823,7.0,-2.743,-2.112,-3.507,nan,2
1.3318754501215803e-08,13.0,-2.1,0.78277129,0.723,3.078,3.6579,0.802,7.0,-2.778,-2.138,-3.548,nan,2
1.1416075284744596e-08,13.0,-2.1,0.78277147,0.723,3.1,3.6566,0.775,7.0,-2.825,-2.176,-3.601,nan,2
1.3318754501215803e-08,13.0,-2.1,0.78277165,0.723,3.129,3.6547,0.739,7.0,-2.887,-2.226,-3.671,nan,2
2.0612358145578565e-08,13.0,-2.1,0.78277189,0.723,3.166,3.6522,0.691,7.0,-2.967,-2.29,-3.763,nan,2
2.6320395794992193e-08,13.0,-2.1,0.7827723,0.723,3.211,3.6491,0.635,7.0,-3.062,-2.365,-3.87,nan,2
1.5221433703604356e-08,13.0,-2.1,0.78277272,0.723,3.225,3.6455,0.606,8.0,-3.078,-2.362,-3.899,nan,2
5.708037649413625e-09,13.0,-2.1,0.78277278,0.721,2.999,3.6601,0.889,8.0,-2.594,-1.978,-3.348,nan,2
9.513396068273388e-09,13.0,-2.1,0.7827729,0.718,2.84,3.6702,1.087,8.0,-2.239,-1.699,-2.94,nan,2
1.5221433710645684e-08,13.0,-2.1,0.78277308,0.713,2.624,3.6839,1.354,8.0,-1.736,-1.266,-2.382,nan,2
2.0612358145578565e-08,13.0,-2.1,0.78277338,0.706,2.628,3.6835,1.345,8.0,-1.744,-1.272,-2.391,nan,2
2.6320395802033518e-08,13.0,-2.1,0.78277373,0.697,2.704,3.6784,1.242,8.0,-1.924,-1.429,-2.59,nan,2
3.044286742129137e-08,13.0,-2.1,0.78277421,0.686,2.891,3.6662,1.0,8.0,-2.351,-1.784,-3.072,nan,2
3.3931112646794376e-08,13.0,-2.1,0.78277469,0.673,3.06,3.6551,0.778,8.0,-2.719,-2.064,-3.499,nan,2
3.963915028916666e-08,13.0,-2.1,0.78277528,0.659,3.172,3.6476,0.628,8.0,-2.957,-2.253,-3.77,nan,2
2.0929471353017984e-08,13.0,-2.1,0.78277594,0.644,3.231,3.6435,0.542,8.0,-3.079,-2.346,-3.911,nan,2
0.0,13.0,-2.1,0.84765,0.55,-15.94612,0.71693,7.94657,10.0,14.57856,14.9967,13.98991,3.9,2
0.0004480996531375746,13.0,-2.1,0.84765,0.55,-15.94779,0.71654,7.94666,10.0,14.58313,15.00221,13.99361,3.925,2
0.0006570179898565733,13.0,-2.1,0.87056,0.552,-15.99353,0.70613,7.95235,10.0,14.70896,15.15292,14.09608,4.725,2
0.0004282682936912383,13.0,-2.1,0.87056,0.552,-15.99489,0.70581,7.95242,10.0,14.71275,15.15749,14.09914,4.75,2
0.00042073606098265854,13.0,-2.1,0.89347,0.554,-16.03569,0.69647,7.95746,10.0,14.82546,15.29325,14.19146,5.475,2
0.0004134189559540578,13.0,-2.1,0.89347,0.554,-16.03719,0.69611,7.95752,10.0,14.82961,15.29832,14.19484,5.5,2
0.0006068587561706069,13.0,-2.1,0.91638,0.556,-16.07381,0.68772,7.9621,10.0,14.93073,15.421,14.27826,6.125,2
0.00039601293513782964,13.0,-2.1,0.91638,0.556,-16.07538,0.68733,7.96215,10.0,14.9351,15.42636,14.28184,6.15,2
0.00038938491152377475,13.0,-2.1,0.93929,0.558,-16.11179,0.6789,7.9664,10.0,15.03484,15.54786,14.36433,6.7,2
0.0005720422506223197,13.0,-2.1,0.93929,0.558,-16.11368,0.67844,7.96644,10.0,15.03999,15.55418,14.36854,6.725,2
0.0003735887447236244,13.0,-2.1,0.9622,0.56,-16.15691,0.66824,7.97044,10.0,15.15673,15.69669,14.46483,7.25,2
0.0003675627496680245,13.0,-2.1,0.9622,0.56,-16.15454,0.66883,7.97041,10.0,15.15035,15.68883,14.45961,7.225,2
0.0005403894208504482,13.0,-2.1,0.98511,0.562,-16.20076,0.65785,7.97424,10.0,15.27226,15.83802,14.56012,7.7,2
0.0003531765648609772,13.0,-2.1,0.98511,0.562,-16.20347,0.65717,7.97427,10.0,15.27926,15.84666,14.56587,7.725,2
0.000347679149730428,13.0,-2.1,1.00802,0.564,-16.2469,0.64686,7.97799,10.0,15.38865,15.98096,14.65647,8.125,2
0.000342320873261633,13.0,-2.1,1.00802,0.564,-16.24997,0.6461,7.97802,10.0,15.39625,15.99037,14.66271,8.15,2
0.0005037270228612963,13.0,-2.1,1.03093,0.566,-16.2927,0.63595,7.98167,10.0,15.49917,16.1169,14.74837,8.5,2
0.00032950260553611953,13.0,-2.1,1.03093,0.566,-16.29613,0.6351,7.9817,10.0,15.50717,16.12681,14.75501,8.525,2
0.00032459449432888435,13.0,-2.1,1.05384,0.568,-16.33974,0.62473,7.98538,10.0,15.60528,16.24734,14.83778,8.85,2
0.0004779480936075084,13.0,-2.1,1.05384,0.568,-16.34357,0.62378,7.98542,10.0,15.61353,16.25757,14.84473,8.875,2
0.00031283587824458515,13.0,-2.1,1.07675,0.57,-16.38425,0.61415,7.98908,10.0,15.69881,16.36224,14.91762,9.15,2
0.00030832700150042517,13.0,-2.1,1.07675,0.57,-16.38842,0.61312,7.98913,10.0,15.70727,16.3727,14.92484,9.175,2
0.00030392387007955116,13.0,-2.1,1.09966,0.572,-16.4271,0.60397,7.99276,10.0,15.78487,16.46709,14.99209,9.425,2
0.00044785287342487376,13.0,-2.1,1.09966,0.572,-16.43136,0.60292,7.9928,10.0,15.79323,16.47727,14.99933,9.45,2
0.0002933565866267524,13.0,-2.1,1.12257,0.574,-16.47069,0.59363,7.99646,10.0,15.86911,16.5686,15.06593,9.7,2
0.0002892975464801022,13.0,-2.1,1.12257,0.574,-16.46634,0.5947,7.99641,10.0,15.86097,16.55872,15.05882,9.675,2
0.00042653482576414554,13.0,-2.1,1.14548,0.576,-16.50686,0.58511,8.0001,10.0,15.93661,16.64899,15.12586,9.925,2
0.0002795437373622306,13.0,-2.1,1.14548,0.576,-16.51138,0.58399,8.00014,10.0,15.94487,16.65882,15.13321,9.95,2
0.0002757924957479634,13.0,-2.1,1.16838,0.578,-16.5399,0.57734,8.00355,10.0,15.99768,16.72,15.18113,10.125,2
0.00027212321677798915,13.0,-2.1,1.16838,0.578,-16.54461,0.57617,8.00356,10.0,16.00628,16.72996,15.18895,10.15,2
0.0004014781649743849,13.0,-2.1,1.19129,0.58,-16.56958,0.57036,8.00681,10.0,16.05257,16.7824,15.23194,10.3,2
0.00026329262750816466,13.0,-2.1,1.19129,0.58,-16.57449,0.56913,8.00681,10.0,16.06143,16.79248,15.24015,10.325,2
0.0002598913756125358,13.0,-2.1,1.2142,0.582,-16.59044,0.56558,8.01004,10.0,16.09094,16.82519,15.26793,10.425,2
0.0003836156916296469,13.0,-2.1,1.2142,0.582,-16.59549,0.56432,8.01004,10.0,16.09994,16.83532,15.27637,10.45,2
0.00025169681378780124,13.0,-2.1,1.23711,0.584,-16.61193,0.56064,8.01327,10.0,16.13012,16.86839,15.30519,10.55,2
0.00024853711264354267,13.0,-2.1,1.23711,0.584,-16.61713,0.55934,8.01327,10.0,16.13933,16.87857,15.31396,10.575,2
0.00036702208582541497,13.0,-2.1,1.26002,0.586,-16.63415,0.55552,8.0165,10.0,16.1704,16.91207,15.34402,10.675,2
0.0002409166021454605,13.0,-2.1,1.26002,0.586,-16.62884,0.55685,8.0165,10.0,16.16098,16.90183,15.33495,10.65,2
0.0002379752352832265,13.0,-2.1,1.28293,0.588,-16.64622,0.55294,8.01972,10.0,16.19271,16.93567,15.36584,10.75,2
0.00023509238541430424,13.0,-2.1,1.28293,0.588,-16.65166,0.55158,8.01972,10.0,16.20236,16.94598,15.37526,10.775,2
0.0003473572997912321,13.0,-2.1,1.30584,0.59,-16.66412,0.5489,8.02294,10.0,16.22537,16.9699,15.39805,10.85,2
0.0002281308644539305,13.0,-2.1,1.30584,0.59,-16.66969,0.54751,8.02294,10.0,16.23531,16.98028,15.40787,10.875,2
0.00022544053169299826,13.0,-2.1,1.32875,0.592,-16.68253,0.54474,8.02616,10.0,16.25921,17.00469,15.43179,10.95,2
0.00033322916761781664,13.0,-2.1,1.32875,0.592,-16.68825,0.5433,8.02616,10.0,16.26948,17.01516,15.44208,10.975,2
0.0002189379514769529,13.0,-2.1,1.35166,0.594,-16.69581,0.54185,8.02937,10.0,16.2838,17.02953,15.45663,11.025,2
0.0002164227081289502,13.0,-2.1,1.35166,0.594,-16.70169,0.54038,8.02937,10.0,16.29432,17.04013,15.4673,11.05,2
0.0002139545721407051,13.0,-2.1,1.37457,0.596,-16.7155,0.53737,8.03259,10.0,16.31999,17.06552,15.49356,11.125,2
0.00031640416212977516,13.0,-2.1,1.37457,0.596,-16.72159,0.53585,8.03259,10.0,16.33086,17.07627,15.50479,11.15,2
0.0002079824295102134,13.0,-2.1,1.39748,0.598,-16.73599,0.53269,8.0358,10.0,16.35749,17.1022,15.53251,11.225,2
0.00020566983367627841,13.0,-2.1,1.39748,0.598,-16.72977,0.53424,8.03579,10.0,16.34637,17.09138,15.52089,11.2,2
0.00030426006713296427,13.0,-2.1,1.42039,0.6,-16.75082,0.52942,8.039,10.0,16.38489,17.12859,15.56133,11.3,2
0.00020006949990091302,13.0,-2.1,1.42039,0.6,-16.74448,0.531,8.039,10.0,16.37353,17.11771,15.54933,11.275,2
0.00019743798599171537,13.0,-2.1,1.4433,0.602,-16.75307,0.52929,8.0422,10.0,16.38985,17.13333,15.56648,11.325,2
0.00019349608203320857,13.0,-2.1,1.4433,0.602,-16.75947,0.52769,8.0422,10.0,16.40135,17.14425,15.57869,11.35,2
0.0002830820523577529,13.0,-2.1,1.46621,0.604,-16.76823,0.52594,8.04538,10.0,16.41799,17.15992,15.59631,11.4,2
0.0001840936266807646,13.0,-2.1,1.46621,0.604,-16.77472,0.52431,8.04538,10.0,16.42973,17.17086,15.6089,11.425,2
0.00018050465479893388,13.0,-2.1,1.48912,0.606,-16.777,0.52418,8.04856,10.0,16.43478,17.17564,15.61412,11.45,2
0.0002642313015171734,13.0,-2.1,1.48912,0.606,-16.78356,0.52254,8.04856,10.0,16.44666,17.1866,15.62691,11.475,2
0.00017193456202257529,13.0,-2.1,1.51203,0.608,-16.79244,0.52076,8.05174,10.0,16.46368,17.20233,15.64521,11.525,2
0.00016865971430559963,13.0,-2.1,1.51203,0.608,-16.79907,0.5191,8.05173,10.0,16.47579,17.21329,15.65836,11.55,2
0.00016546821133033902,13.0,-2.1,1.53494,0.61,-16.8014,0.51895,8.0549,10.0,16.4809,17.21806,15.66372,11.575,2
0.00024239407422267978,13.0,-2.1,1.53494,0.61,-16.80807,0.51728,8.0549,10.0,16.49316,17.22903,15.67709,11.6,2
0.0001578369572377452,13.0,-2.1,1.55785,0.612,-16.81039,0.51714,8.05806,10.0,16.49822,17.23381,15.68248,11.625,2
0.00015491695865939032,13.0,-2.1,1.55785,0.612,-16.81711,0.51546,8.05806,10.0,16.51062,17.24478,15.69606,11.65,2
0.00022705775199293433,13.0,-2.1,1.58076,0.614,-16.82617,0.51363,8.06121,10.0,16.52834,17.26051,15.71527,11.7,2
0.0001479279558583821,13.0,-2.1,1.58076,0.614,-16.81942,0.51532,8.06121,10.0,16.51579,17.24954,15.70147,11.675,2
0.00014525106330403494,13.0,-2.1,1.60367,0.616,-16.82854,0.51347,8.06436,10.0,16.5335,17.26533,15.72076,11.725,2
0.00021299851649873175,13.0,-2.1,1.60367,0.616,-16.83534,0.51177,8.06436,10.0,16.5462,17.27629,15.73478,11.75,2
0.00013883783713265654,13.0,-2.1,1.62658,0.618,-16.83771,0.51161,8.0675,10.0,16.55147,17.28118,15.74033,11.775,2
0.0001363791537984281,13.0,-2.1,1.62658,0.618,-16.84457,0.5099,8.06751,10.0,16.56434,17.29214,15.75463,11.8,2
0.00013397867488229432,13.0,-2.1,1.64948,0.62,-16.84011,0.51144,8.07064,10.0,16.55677,17.28602,15.74588,11.8,2
0.00019659021674969107,13.0,-2.1,1.64948,0.62,-16.847,0.50972,8.07065,10.0,16.56971,17.29703,15.76026,11.825,2
0.00012822097833495237,13.0,-2.1,1.67239,0.622,-16.84942,0.50955,8.07378,10.0,16.575,17.3019,15.76594,11.85,2
0.00012601105697108536,13.0,-2.1,1.67239,0.622,-16.8564,0.50781,8.0738,10.0,16.58814,17.31293,15.78065,11.875,2
0.00018498397728541113,13.0,-2.1,1.6953,0.624,-16.85889,0.50762,8.07693,10.0,16.59362,17.31799,15.78653,11.9,2
0.00012070585421866465,13.0,-2.1,1.6953,0.624,-16.86595,0.50587,8.07697,10.0,16.60696,17.32903,15.80157,11.925,2
0.00011866786457764789,13.0,-2.1,1.71821,0.626,-16.86848,0.50567,8.08009,10.0,16.61258,17.3341,15.80755,11.95,2
0.00011667588546479234,13.0,-2.1,1.71821,0.626,-16.86138,0.50744,8.08006,10.0,16.59916,17.323,15.79241,11.925,2
0.00017137633277191798,13.0,-2.1,1.74112,0.628,-16.87109,0.50545,8.08321,10.0,16.61822,17.33922,15.8136,11.975,2
0.00011188882531392535,13.0,-2.1,1.74112,0.628,-16.87828,0.50366,8.08326,10.0,16.63186,17.35035,15.82909,12.0,2
0.00011004794737861115,13.0,-2.1,1.76403,0.63,-16.87367,0.50524,8.08632,10.0,16.62387,17.34436,15.81974,12.0,2
0.00016170857424344342,13.0,-2.1,1.76403,0.63,-16.8809,0.50344,8.08637,10.0,16.63759,17.35554,15.83534,12.025,2
0.00010562053634781304,13.0,-2.1,1.78694,0.632,-16.87635,0.505,8.08943,10.0,16.62976,17.34966,15.826,12.025,2
0.0001039166341880339,13.0,-2.1,1.78694,0.632,-16.88362,0.50319,8.08948,10.0,16.64358,17.36089,15.84171,12.05,2
0.00010224949703335526,13.0,-2.1,1.80985,0.634,-16.87908,0.50475,8.09254,10.0,16.63572,17.35498,15.83237,12.05,2
0.00015032635534384354,13.0,-2.1,1.80985,0.634,-16.88639,0.50293,8.09258,10.0,16.64963,17.36625,15.8482,12.075,2
9.823607446630702e-05,13.0,-2.1,1.83276,0.636,-16.88921,0.50266,8.09568,10.0,16.65574,17.37173,15.85477,12.1,2
9.669001586410674e-05,13.0,-2.1,1.83276,0.636,-16.89662,0.50082,8.09573,10.0,16.66989,17.38305,15.87097,12.125,2
0.000142207129248458,13.0,-2.1,1.85567,0.638,-16.89955,0.50052,8.09883,10.0,16.67626,17.38877,15.87797,12.15,2
9.29654039553199e-05,13.0,-2.1,1.85567,0.638,-16.8921,0.50237,8.09878,10.0,16.66201,17.37739,15.86163,12.125,2
9.152957792490543e-05,13.0,-2.1,1.87858,0.64,-16.89508,0.50206,8.10187,10.0,16.66848,17.38309,15.86859,12.15,2
0.00013466688022675287,13.0,-2.1,1.87858,0.64,-16.90257,0.5002,8.10192,10.0,16.68284,17.39452,15.88506,12.175,2
8.806813799126414e-05,13.0,-2.1,1.90149,0.642,-16.89814,0.50173,8.10495,10.0,16.67506,17.38895,15.87573,12.175,2
8.673284734010204e-05,13.0,-2.1,1.90149,0.642,-16.90568,0.49986,8.105,10.0,16.68953,17.40045,15.89235,12.2,2
8.542464433204154e-05,13.0,-2.1,1.9244,0.644,-16.90131,0.50137,8.10804,10.0,16.68192,17.39494,15.88319,12.2,2
0.00012574165491599832,13.0,-2.1,1.9244,0.644,-16.9089,0.49948,8.10808,10.0,16.6965,17.40648,15.89995,12.225,2
8.226818891662925e-05,13.0,-2.1,1.94731,0.646,-16.90457,0.50099,8.11112,10.0,16.68888,17.4011,15.8908,12.225,2
8.104951877446366e-05,13.0,-2.1,1.94731,0.646,-16.91221,0.49909,8.11116,10.0,16.70358,17.41271,15.90771,12.25,2
0.00011934194943623313,13.0,-2.1,1.97022,0.648,-16.91565,0.49866,8.11424,10.0,16.71095,17.41909,15.91585,12.275,2
7.810722280298959e-05,13.0,-2.1,1.97022,0.648,-16.90795,0.50057,8.11419,10.0,16.69613,17.40741,15.89878,12.25,2
7.697051968413605e-05,13.0,-2.1,1.99313,0.65,-16.91145,0.50013,8.11726,10.0,16.70369,17.41398,15.90693,12.275,2
7.585595424834069e-05,13.0,-2.1,1.99313,0.65,-16.90376,0.50205,8.11722,10.0,16.68892,17.40225,15.88996,12.25,2
0.00011174122474330914,13.0,-2.1,2.01604,0.652,-16.90739,0.50157,8.12029,10.0,16.69659,17.40893,15.89837,12.275,2
7.316289425674923e-05,13.0,-2.1,2.01604,0.652,-16.91513,0.49965,8.12033,10.0,16.7115,17.42072,15.9155,12.3,2
7.212166780083507e-05,13.0,-2.1,2.03895,0.654,-16.91111,0.50108,8.12335,10.0,16.70445,17.4158,15.90709,12.3,2
0.00010627345609356281,13.0,-2.1,2.03895,0.654,-16.91891,0.49913,8.12339,10.0,16.7195,17.42767,15.92442,12.325,2
6.96043391813171e-05,13.0,-2.1,2.06186,0.656,-16.91504,0.50053,8.12641,10.0,16.71276,17.42297,15.91611,12.325,2
6.863048928186018e-05,13.0,-2.1,2.06186,0.656,-16.92291,0.49857,8.12645,10.0,16.72795,17.43491,15.93362,12.35,2
6.767487669459502e-05,13.0,-2.1,2.08477,0.658,-16.91908,0.49995,8.12947,10.0,16.72132,17.43037,15.92562,12.35,2
9.975938751916494e-05,13.0,-2.1,2.08477,0.658,-16.92702,0.49798,8.12951,10.0,16.73667,17.44238,15.94333,12.375,2
6.536286019969003e-05,13.0,-2.1,2.10767,0.66,-16.91543,0.50129,8.13249,10.0,16.71497,17.42594,15.91794,12.35,2
6.446779269888798e-05,13.0,-2.1,2.10767,0.66,-16.92336,0.49931,8.13253,10.0,16.73028,17.43801,15.93556,12.375,2
9.505922539414725e-05,13.0,-2.1,2.13058,0.662,-16.92779,0.49864,8.13558,10.0,16.73968,17.446,15.94596,12.4,2
6.230108608493578e-05,13.0,-2.1,2.13058,0.662,-16.91978,0.50064,8.13555,10.0,16.7242,17.43385,15.92811,12.375,2
6.146182120413578e-05,13.0,-2.1,2.15349,0.664,-16.92441,0.49991,8.1386,10.0,16.73383,17.44197,15.93876,12.4,2
6.0637691698913704e-05,13.0,-2.1,2.15349,0.664,-16.93249,0.4979,8.13863,10.0,16.74949,17.45421,15.95685,12.425,2
8.944356552544316e-05,13.0,-2.1,2.1764,0.666,-16.92113,0.50116,8.14162,10.0,16.72827,17.43821,15.93193,12.4,2
5.8641367545883746e-05,13.0,-2.1,2.1764,0.666,-16.92922,0.49915,8.14164,10.0,16.74391,17.45051,15.94994,12.425,2
5.7867583350179e-05,13.0,-2.1,2.19931,0.668,-16.92609,0.50036,8.14466,10.0,16.73857,17.44697,15.94337,12.425,2
8.538034989763062e-05,13.0,-2.1,2.19931,0.668,-16.93426,0.49832,8.14469,10.0,16.75441,17.45936,15.96164,12.45,2
5.599227039431194e-05,13.0,-2.1,2.22222,0.67,-16.93131,0.49949,8.1477,10.0,16.74936,17.4561,15.95543,12.45,2
5.526502697527193e-05,13.0,-2.1,2.22222,0.67,-16.93956,0.49743,8.14773,10.0,16.76541,17.46859,15.97399,12.475,2
8.156154937006451e-05,13.0,-2.1,2.24513,0.672,-16.92853,0.50061,8.15072,10.0,16.74464,17.45309,15.94967,12.45,2
5.350165005033838e-05,13.0,-2.1,2.24513,0.672,-16.9368,0.49855,8.15074,10.0,16.76069,17.46565,15.96818,12.475,2
5.2817483788162606e-05,13.0,-2.1,2.26804,0.674,-16.94255,0.49755,8.15378,10.0,16.77277,17.47554,15.98157,12.5,2
5.214503270284596e-05,13.0,-2.1,2.26804,0.674,-16.93418,0.49964,8.15376,10.0,16.75649,17.46288,15.96275,12.475,2
7.698171423761606e-05,13.0,-2.1,2.29095,0.676,-16.93178,0.50067,8.15677,10.0,16.75246,17.46043,15.95767,12.475,2
5.051352784453752e-05,13.0,-2.1,2.29095,0.676,-16.94016,0.49858,8.15679,10.0,16.76875,17.47316,15.97646,12.5,2
4.98801454712674e-05,13.0,-2.1,2.31386,0.678,-16.93797,0.49956,8.15981,10.0,16.76524,17.47101,15.97198,12.5,2
7.365582996254666e-05,13.0,-2.1,2.31386,0.678,-16.94647,0.49744,8.15982,10.0,16.7818,17.48387,15.99113,12.525,2
4.834273224788079e-05,13.0,-2.1,2.33677,0.68,-16.93592,0.50051,8.16282,10.0,16.7621,17.46919,15.96786,12.5,2
4.774560858527226e-05,13.0,-2.1,2.33677,0.68,-16.94445,0.49838,8.16284,10.0,16.77868,17.48213,15.98701,12.525,2
4.715836260733475e-05,13.0,-2.1,2.35968,0.682,-16.9427,0.49925,8.16585,10.0,16.77599,17.48062,15.98344,12.525,2
6.965756328094287e-05,13.0,-2.1,2.35968,0.682,-16.95135,0.49709,8.16586,10.0,16.79286,17.4937,16.00297,12.55,2
4.573213336032309e-05,13.0,-2.1,2.38259,0.684,-16.94116,0.50007,8.16886,10.0,16.77373,17.47956,15.9804,12.525,2
4.517788226745452e-05,13.0,-2.1,2.38259,0.684,-16.94984,0.4979,8.16888,10.0,16.79066,17.49273,15.99996,12.55,2
6.674723283596084e-05,13.0,-2.1,2.4055,0.686,-16.9574,0.49645,8.1719,10.0,16.80613,17.50535,16.01744,12.575,2
4.383121667651743e-05,13.0,-2.1,2.4055,0.686,-16.94859,0.49865,8.17189,10.0,16.78888,17.49204,15.99744,12.55,2
4.330766435376939e-05,13.0,-2.1,2.42841,0.688,-16.94757,0.49935,8.1749,10.0,16.78763,17.49169,15.99559,12.55,2
4.2792488389007777e-05,13.0,-2.1,2.42841,0.688,-16.95644,0.49713,8.17491,10.0,16.80497,17.50511,16.01566,12.575,2
6.324068923384148e-05,13.0,-2.1,2.45132,0.69,-16.94683,0.49997,8.17792,10.0,16.78678,17.49175,15.99417,12.55,2
4.154010441176843e-05,13.0,-2.1,2.45132,0.69,-16.95575,0.49774,8.17793,10.0,16.80422,17.50529,16.01432,12.575,2
4.105295123131767e-05,13.0,-2.1,2.47423,0.692,-16.9553,0.49829,8.18094,10.0,16.80406,17.50585,16.01367,12.575,2
6.068271367492451e-05,13.0,-2.1,2.47423,0.692,-16.96438,0.49602,8.18094,10.0,16.82186,17.51955,16.03434,12.6,2
3.986822071077228e-05,13.0,-2.1,2.49714,0.694,-16.95516,0.49877,8.18395,10.0,16.80446,17.50678,16.01375,12.575,2
3.940720151720505e-05,13.0,-2.1,2.49714,0.694,-16.96431,0.49648,8.18396,10.0,16.82239,17.52061,16.03455,12.6,2
5.8261975273254107e-05,13.0,-2.1,2.52005,0.696,-16.96455,0.49686,8.18697,10.0,16.82362,17.52223,16.03537,12.6,2
3.828559542314638e-05,13.0,-2.1,2.52005,0.696,-16.97386,0.49454,8.18697,10.0,16.84195,17.53623,16.05672,12.625,2
3.784897262803285e-05,13.0,-2.1,2.54296,0.698,-16.9651,0.49717,8.18999,10.0,16.82536,17.52429,16.03693,12.6,2
3.741902061370898e-05,13.0,-2.1,2.54296,0.698,-16.9745,0.49482,8.18999,10.0,16.84387,17.53843,16.05848,12.625,2
5.533665004006766e-05,13.0,-2.1,2.56586,0.7,-16.97545,0.49502,8.193,10.0,16.84645,17.54108,16.06106,12.625,2
3.637249533564028e-05,13.0,-2.1,2.56586,0.7,-16.96595,0.4974,8.193,10.0,16.82776,17.52677,16.03931,12.6,2
3.5964905554955766e-05,13.0,-2.1,2.58877,0.702,-16.97663,0.49517,8.19601,10.0,16.84943,17.54417,16.06411,12.625,2
5.319648196715276e-05,13.0,-2.1,2.58877,0.702,-16.9863,0.49275,8.19601,10.0,16.86854,17.55865,16.08645,12.65,2
3.4972452245543453e-05,13.0,-2.1,2.61168,0.704,-16.97779,0.49532,8.19902,10.0,16.85245,17.54712,16.06701,12.625,2
3.458578260871197e-05,13.0,-2.1,2.61168,0.704,-16.98756,0.49288,8.19902,10.0,16.87176,17.56175,16.08958,12.65,2
3.4204841001869565e-05,13.0,-2.1,2.63459,0.706,-16.97891,0.49549,8.20203,10.0,16.85544,17.55008,16.06998,12.625,2
5.060526525498663e-05,13.0,-2.1,2.63459,0.706,-16.98878,0.49302,8.20202,10.0,16.87495,17.56487,16.09277,12.65,2
3.327685589289483e-05,13.0,-2.1,2.6575,0.708,-16.99005,0.49314,8.20502,10.0,16.87807,17.56799,16.09594,12.65,2
3.2915141318507575e-05,13.0,-2.1,2.6575,0.708,-17.00007,0.49064,8.20502,10.0,16.89797,17.58293,16.11929,12.675,2
4.870599519049673e-05,13.0,-2.1,2.68041,0.71,-16.99124,0.49329,8.20802,10.0,16.88114,17.57107,16.09903,12.65,2
3.203369406837388e-05,13.0,-2.1,2.68041,0.71,-17.00136,0.49076,8.20802,10.0,16.90124,17.58615,16.12262,12.675,2
3.169000282664462e-05,13.0,-2.1,2.70332,0.712,-17.00269,0.49087,8.21101,10.0,16.90461,17.58943,16.126,12.675,2
3.135125275753201e-05,13.0,-2.1,2.70332,0.712,-16.99247,0.49343,8.21101,10.0,16.88431,17.57419,16.10218,12.65,2
4.6402313194930853e-05,13.0,-2.1,2.72623,0.714,-16.99371,0.49356,8.21401,10.0,16.88735,17.57719,16.10532,12.65,2
3.0525416327345994e-05,13.0,-2.1,2.72623,0.714,-17.00403,0.49098,8.214,10.0,16.90784,17.59258,16.12936,12.675,2
3.0203272523660602e-05,13.0,-2.1,2.74914,0.716,-17.00532,0.4911,8.21699,10.0,16.91119,17.59594,16.13261,12.675,2
4.471083285624305e-05,13.0,-2.1,2.74914,0.716,-17.01578,0.48848,8.21698,10.0,16.93202,17.61145,16.15716,12.7,2
2.9417668650328e-05,13.0,-2.1,2.77205,0.718,-17.00668,0.4912,8.21997,10.0,16.91449,17.59917,16.13593,12.675,2
2.9111120982593097e-05,13.0,-2.1,2.77205,0.718,-17.01723,0.48856,8.21997,10.0,16.93551,17.61483,16.1607,12.7,2
2.88088542040202e-05,13.0,-2.1,2.79496,0.72,-17.00793,0.49133,8.22295,10.0,16.91773,17.60239,16.13933,12.675,2
5.6727658967084554e-05,13.0,-2.1,2.79496,0.72,-17.01857,0.48867,8.22295,10.0,16.93896,17.61819,16.16434,12.7,2
4.1783047542120797e-05,13.0,-2.1,2.82873,0.722,-17.01997,0.48876,8.22592,10.0,16.94241,17.62156,16.16769,12.7,2
1.5193561748846997e-05,13.0,-2.1,2.82873,0.722,-17.0307,0.48608,8.22592,10.0,16.96389,17.63741,16.1931,12.725,2
1.5115940419426045e-05,13.0,-2.1,2.83978,0.724,-17.03226,0.48613,8.22889,10.0,16.9676,17.64096,16.19701,12.725,2
2.7219640716948435e-05,13.0,-2.1,2.83978,0.724,-17.02144,0.48884,8.2289,10.0,16.94592,17.62496,16.17137,12.7,2
1.4886252593891586e-05,13.0,-2.1,2.85083,0.726,-17.02281,0.48894,8.23187,10.0,16.94938,17.62831,16.17495,12.7,2
1.4810733595860515e-05,13.0,-2.1,2.85083,0.726,-17.03373,0.48621,8.23187,10.0,16.97124,17.64446,16.20082,12.725,2
1.473572896456213e-05,13.0,-2.1,2.86188,0.728,-17.02423,0.48903,8.23484,10.0,16.95282,17.63169,16.17847,12.7,2
1.4661234305735422e-05,13.0,-2.1,2.86188,0.728,-17.03523,0.48628,8.23484,10.0,16.97488,17.64797,16.20458,12.725,2
1.4587245270242638e-05,13.0,-2.1,2.87293,0.73,-17.02562,0.48913,8.23781,10.0,16.95625,17.6351,16.18204,12.7,2
1.4513757553530946e-05,13.0,-2.1,2.87293,0.73,-17.03672,0.48635,8.23781,10.0,16.9785,17.65153,16.20837,12.725,2
1.44407668950988e-05,13.0,-2.1,2.88398,0.732,-17.02703,0.48922,8.24078,10.0,16.95975,17.63838,16.1854,12.7,2
1.4368269077967083e-05,13.0,-2.1,2.88398,0.732,-17.03823,0.48642,8.24077,10.0,16.98219,17.65494,16.21196,12.725,2
2.5875583580379613e-05,13.0,-2.1,2.89503,0.734,-17.0284,0.48932,8.24374,10.0,16.96324,17.64181,16.18906,12.7,2
1.415369114658137e-05,13.0,-2.1,2.89503,0.734,-17.0397,0.48649,8.24374,10.0,16.98587,17.65852,16.21585,12.725,2
1.4083123377311121e-05,13.0,-2.1,2.90608,0.736,-17.0412,0.48656,8.2467,10.0,16.98947,17.66207,16.21958,12.725,2
1.4013027999377566e-05,13.0,-2.1,2.90608,0.736,-17.02982,0.48941,8.2467,10.0,16.96664,17.64522,16.19256,12.7,2
1.3943401046288975e-05,13.0,-2.1,2.91713,0.738,-17.0427,0.48663,8.24966,10.0,16.99309,17.66554,16.22333,12.725,2
1.3874238591583054e-05,13.0,-2.1,2.91713,0.738,-17.05409,0.48379,8.24965,10.0,17.01603,17.68235,16.25061,12.75,2
1.3805536748366369e-05,13.0,-2.1,2.92818,0.74,-17.04415,0.48672,8.25262,10.0,16.99683,17.66907,16.22701,12.725,2
1.3737291668840864e-05,13.0,-2.1,2.92818,0.74,-17.05562,0.48385,8.25261,10.0,17.01998,17.68601,16.25452,12.75,2
1.366949954384581e-05,13.0,-2.1,2.93923,0.742,-17.04566,0.48679,8.25557,10.0,17.00041,17.67262,16.23085,12.725,2
1.360215660240727e-05,13.0,-2.1,2.93923,0.742,-17.05724,0.48389,8.25557,10.0,17.02372,17.68969,16.25856,12.75,2
2.4498206536274125e-05,13.0,-2.1,2.95028,0.744,-17.04715,0.48686,8.25853,10.0,17.0041,17.67615,16.23448,12.725,2
1.3402785733137e-05,13.0,-2.1,2.95028,0.744,-17.05881,0.48394,8.25852,10.0,17.0276,17.69336,16.26242,12.75,2
1.3337202564381106e-05,13.0,-2.1,2.96133,0.746,-17.04868,0.48692,8.26148,10.0,17.00783,17.67968,16.23838,12.725,2
1.3272050281661434e-05,13.0,-2.1,2.96133,0.746,-17.06043,0.48399,8.26147,10.0,17.03151,17.69701,16.26654,12.75,2
1.3207325333938013e-05,13.0,-2.1,2.97238,0.748,-17.062,0.48404,8.26443,10.0,17.03538,17.70065,16.27051,12.75,2
1.3143024205349211e-05,13.0,-2.1,2.97238,0.748,-17.05016,0.487,8.26443,10.0,17.01152,17.68319,16.24215,12.725,2
1.307914341480717e-05,13.0,-2.1,2.98343,0.75,-17.06355,0.4841,8.26738,10.0,17.03913,17.70438,16.27434,12.75,2
1.3015679515596247e-05,13.0,-2.1,2.98343,0.75,-17.05163,0.48708,8.26738,10.0,17.01511,17.68677,16.24577,12.725,2
1.2952629094974467e-05,13.0,-2.1,2.99448,0.752,-17.05313,0.48715,8.27033,10.0,17.01886,17.69034,16.2496,12.725,2
1.2878323625571394e-05,13.0,-2.1,2.99448,0.752,-17.06514,0.48415,8.27033,10.0,17.04306,17.70807,16.27839,12.75,2
2.3217656481557444e-05,13.0,-2.1,3.00552,0.754,-17.05465,0.48722,8.27328,10.0,17.02251,17.69388,16.25351,12.725,2
1.2704495110896884e-05,13.0,-2.1,3.00552,0.754,-17.06674,0.4842,8.27327,10.0,17.04687,17.71173,16.2825,12.75,2
1.2643462054121724e-05,13.0,-2.1,3.01657,0.756,-17.05618,0.48729,8.27623,10.0,17.02623,17.69749,16.25729,12.725,2
1.2582822691413763e-05,13.0,-2.1,3.01657,0.756,-17.06835,0.48425,8.27622,10.0,17.05078,17.71546,16.28649,12.75,2
1.2522573837188683e-05,13.0,-2.1,3.02762,0.758,-17.06994,0.4843,8.27917,10.0,17.0546,17.71917,16.29044,12.75,2
1.2462712336850407e-05,13.0,-2.1,3.02762,0.758,-17.08204,0.48127,8.27916,10.0,17.07915,17.73699,16.31976,12.775,2
1.240323506643639e-05,13.0,-2.1,3.03867,0.76,-17.07152,0.48435,8.28211,10.0,17.0585,17.72286,16.29455,12.75,2
1.2344138932270276e-05,13.0,-2.1,3.03867,0.76,-17.0837,0.48131,8.28211,10.0,17.08322,17.74081,16.32407,12.775,2
1.228542087062126e-05,13.0,-2.1,3.04972,0.762,-17.07313,0.4844,8.28506,10.0,17.06235,17.72655,16.29848,12.75,2
2.2130457642291257e-05,13.0,-2.1,3.04972,0.762,-17.08539,0.48134,8.28506,10.0,17.08722,17.74462,16.32821,12.775,2
1.2111504925564418e-05,13.0,-2.1,3.06077,0.764,-17.08713,0.48135,8.288,10.0,17.0913,17.74846,16.33254,12.775,2
1.2054269103813301e-05,13.0,-2.1,3.06077,0.764,-17.07479,0.48444,8.288,10.0,17.06625,17.73028,16.30261,12.75,2
1.1997396473399894e-05,13.0,-2.1,3.07182,0.766,-17.07635,0.4845,8.29095,10.0,17.07028,17.73402,16.30652,12.75,2
1.1940884143304025e-05,13.0,-2.1,3.07182,0.766,-17.08877,0.4814,8.29094,10.0,17.09549,17.75232,16.33664,12.775,2
1.1884729250169605e-05,13.0,-2.1,3.08287,0.768,-17.07795,0.48455,8.29389,10.0,17.07423,17.73765,16.31066,12.75,2
1.1828928957997626e-05,13.0,-2.1,3.08287,0.768,-17.09044,0.48143,8.29389,10.0,17.09959,17.75606,16.34098,12.775,2
1.1773480457840033e-05,13.0,-2.1,3.09392,0.77,-17.07964,0.48459,8.29683,10.0,17.07788,17.74143,16.31475,12.75,2
1.1718380967501071e-05,13.0,-2.1,3.09392,0.77,-17.0922,0.48144,8.29683,10.0,17.10339,17.75995,16.34525,12.775,2
1.1663627731230423e-05,13.0,-2.1,3.10497,0.772,-17.08125,0.48464,8.29977,10.0,17.08197,17.74521,16.31862,12.75,2
2.1012159311206054e-05,13.0,-2.1,3.10497,0.772,-17.0939,0.48147,8.29977,10.0,17.10764,17.76385,16.34929,12.775,2
1.1501418380014017e-05,13.0,-2.1,3.11602,0.774,-17.08288,0.48468,8.30272,10.0,17.08595,17.74903,16.32281,12.75,2
1.144802312140069e-05,13.0,-2.1,3.11602,0.774,-17.09559,0.48151,8.30272,10.0,17.11177,17.76777,16.35367,12.775,2
1.139496072475779e-05,13.0,-2.1,3.12707,0.776,-17.09728,0.48154,8.30566,10.0,17.11596,17.77167,16.35806,12.775,2
1.1342228587014496e-05,13.0,-2.1,3.12707,0.776,-17.0845,0.48473,8.30566,10.0,17.09001,17.75282,16.32703,12.75,2
1.1289824129571913e-05,13.0,-2.1,3.13812,0.778,-17.08616,0.48477,8.3086,10.0,17.09398,17.75661,16.33092,12.75,2
1.1237744798034457e-05,13.0,-2.1,3.13812,0.778,-17.09901,0.48156,8.3086,10.0,17.12007,17.77556,16.36211,12.775,2
1.118598806194656e-05,13.0,-2.1,3.14917,0.78,-17.08778,0.48483,8.31154,10.0,17.09794,17.76037,16.33523,12.75,2
1.1134551414530682e-05,13.0,-2.1,3.14917,0.78,-17.10069,0.4816,8.31154,10.0,17.12417,17.77942,16.36661,12.775,2
2.0060511081314772e-05,13.0,-2.1,3.16022,0.782,-17.1024,0.48163,8.31449,10.0,17.12831,17.78329,16.37095,12.775,2
1.0982137286273213e-05,13.0,-2.1,3.16022,0.782,-17.11528,0.47841,8.31449,10.0,17.15466,17.80226,16.40256,12.8,2
1.0931956390312031e-05,13.0,-2.1,3.17127,0.784,-17.10411,0.48166,8.31743,10.0,17.13231,17.78717,16.37523,12.775,2
1.0882083395343952e-05,13.0,-2.1,3.17127,0.784,-17.11706,0.47842,8.31743,10.0,17.1588,17.80626,16.40704,12.8,2
1.0832515931331785e-05,13.0,-2.1,3.18232,0.786,-17.10587,0.48168,8.32037,10.0,17.13663,17.79121,16.37952,12.775,2
1.0783251650169888e-05,13.0,-2.1,3.18232,0.786,-17.11891,0.47842,8.32037,10.0,17.16329,17.81041,16.41152,12.8,2
1.0734288225449109e-05,13.0,-2.1,3.19337,0.788,-17.12063,0.47845,8.32332,10.0,17.16757,17.81437,16.41591,12.8,2
1.0685623352222677e-05,13.0,-2.1,3.19337,0.788,-17.10752,0.48173,8.32332,10.0,17.14076,17.79505,16.38372,12.775,2
1.0637254746773133e-05,13.0,-2.1,3.20442,0.79,-17.10926,0.48175,8.32626,10.0,17.14491,17.79904,16.38822,12.775,2
1.0589180146383985e-05,13.0,-2.1,3.20442,0.79,-17.12244,0.47846,8.32626,10.0,17.17188,17.81848,16.4206,12.8,2
1.9079452143196972e-05,13.0,-2.1,3.21547,0.792,-17.11105,0.48177,8.32921,10.0,17.14908,17.80301,16.39261,12.775,2
1.0446698058738305e-05,13.0,-2.1,3.21547,0.792,-17.12431,0.47845,8.32921,10.0,17.1762,17.82255,16.4252,12.8,2
1.039977726363987e-05,13.0,-2.1,3.22652,0.794,-17.11279,0.48179,8.33215,10.0,17.15335,17.80697,16.39691,12.775,2
1.0353139467255418e-05,13.0,-2.1,3.22652,0.794,-17.12613,0.47846,8.33215,10.0,17.18063,17.82663,16.42967,12.8,2
1.0306782528241259e-05,13.0,-2.1,3.23757,0.796,-17.11453,0.48182,8.3351,10.0,17.15758,17.81096,16.40119,12.775,2
1.0260704324732795e-05,13.0,-2.1,3.23757,0.796,-17.12794,0.47847,8.3351,10.0,17.18501,17.83073,16.43412,12.8,2
1.0214902754137617e-05,13.0,-2.1,3.24862,0.798,-17.12969,0.4785,8.33805,10.0,17.18941,17.83469,16.43892,12.8,2
1.0169375732932896e-05,13.0,-2.1,3.24862,0.798,-17.11621,0.48187,8.33805,10.0,17.16183,17.81482,16.4058,12.775,2
1.0124121196463432e-05,13.0,-2.1,3.25967,0.8,-17.13154,0.4785,8.341,10.0,17.19375,17.83891,16.44341,12.8,2
1.8242782079167638e-05,13.0,-2.1,3.25967,0.8,-17.11798,0.48189,8.341,10.0,17.16602,17.81893,16.41011,12.775,2
9.989972127731097e-06,13.0,-2.1,3.27072,0.802,-17.11996,0.48186,8.34395,10.0,17.17059,17.82322,16.41504,12.775,2
9.945787254042328e-06,13.0,-2.1,3.27072,0.802,-17.13359,0.47846,8.34395,10.0,17.19847,17.84331,16.44852,12.8,2
9.901864817910493e-06,13.0,-2.1,3.28177,0.804,-17.12224,0.48176,8.34689,10.0,17.17597,17.8279,16.42058,12.775,2
9.85820286377279e-06,13.0,-2.1,3.28177,0.804,-17.13594,0.47833,8.34689,10.0,17.20402,17.84811,16.45426,12.8,2
9.814799453587509e-06,13.0,-2.1,3.29282,0.806,-17.12485,0.48157,8.34983,10.0,17.18185,17.83319,16.42725,12.775,2
9.771652666648523e-06,13.0,-2.1,3.29282,0.806,-17.13865,0.47812,8.34983,10.0,17.21008,17.85353,16.46118,12.8,2
9.728760599406387e-06,13.0,-2.1,3.30387,0.808,-17.1416,0.47785,8.35277,10.0,17.21712,17.85942,16.46867,12.8,2
9.686121365287232e-06,13.0,-2.1,3.30387,0.808,-17.15579,0.4743,8.35277,10.0,17.24638,17.8803,16.50397,12.825,2
9.64373309451597e-06,13.0,-2.1,3.31492,0.81,-17.14508,0.47745,8.35571,10.0,17.22475,17.86592,16.47712,12.8,2
1.737845055917384e-05,13.0,-2.1,3.31492,0.81,-17.15943,0.47386,8.35571,10.0,17.25438,17.88702,16.51289,12.825,2
9.518055612890447e-06,13.0,-2.1,3.32597,0.812,-17.16337,0.47334,8.35864,10.0,17.26303,17.89411,16.52288,12.825,2
9.47665282769221e-06,13.0,-2.1,3.32597,0.812,-17.14885,0.47697,8.35864,10.0,17.23298,17.87276,16.48657,12.8,2
9.435491902923203e-06,13.0,-2.1,3.33702,0.814,-17.15292,0.47642,8.36157,10.0,17.24212,17.88034,16.49692,12.8,2
9.394571066011045e-06,13.0,-2.1,3.33702,0.814,-17.16765,0.47273,8.36157,10.0,17.27267,17.90199,16.53388,12.825,2
9.353888560001938e-06,13.0,-2.1,3.34807,0.816,-17.15735,0.47577,8.3645,10.0,17.25185,17.88842,16.50785,12.8,2
9.31344264339998e-06,13.0,-2.1,3.34807,0.816,-17.17231,0.47203,8.3645,10.0,17.28292,17.91037,16.54549,12.825,2
9.273231590009974e-06,13.0,-2.1,3.35912,0.818,-17.16213,0.47504,8.36743,10.0,17.26268,17.89699,16.52013,12.8,2
9.233253688780448e-06,13.0,-2.1,3.35912,0.818,-17.17733,0.47125,8.36743,10.0,17.29434,17.91926,16.55854,12.825,2
1.663983211519762e-05,13.0,-2.1,3.37017,0.82,-17.16741,0.47419,8.37035,10.0,17.27414,17.9061,16.53332,12.8,2
9.114702011427943e-06,13.0,-2.1,3.37017,0.82,-17.18287,0.47033,8.37035,10.0,17.30641,17.92872,16.57258,12.825,2
9.075639905782377e-06,13.0,-2.1,3.38122,0.822,-17.17302,0.47326,8.37328,10.0,17.28638,17.91579,16.54753,12.8,2
9.036802618813003e-06,13.0,-2.1,3.38122,0.822,-17.18873,0.46933,8.37328,10.0,17.31934,17.93877,16.58764,12.825,2
8.998188527129232e-06,13.0,-2.1,3.39227,0.824,-17.19499,0.46823,8.3762,10.0,17.33317,17.94943,16.60359,12.825,2
8.951687608746112e-06,13.0,-2.1,3.39227,0.824,-17.17897,0.47223,8.3762,10.0,17.29954,17.92608,16.56254,12.8,2
8.913549638962612e-06,13.0,-2.1,3.40331,0.826,-17.18545,0.47108,8.37912,10.0,17.31351,17.93694,16.57894,12.8,2
8.883669400455288e-06,13.0,-2.1,3.40331,0.826,-17.20175,0.46701,8.37912,10.0,17.34785,17.96069,16.62093,12.825,2
8.845932135770727e-06,13.0,-2.1,3.41436,0.828,-17.19224,0.46985,8.38204,10.0,17.32836,17.94836,16.59618,12.8,2
8.808410158004942e-06,13.0,-2.1,3.41436,0.828,-17.20885,0.4657,8.38204,10.0,17.36347,17.97251,16.6392,12.825,2
1.5875297604023998e-05,13.0,-2.1,3.42541,0.83,-17.19944,0.46852,8.38496,10.0,17.34421,17.96039,16.61458,12.8,2
8.697120603048866e-06,13.0,-2.1,3.42541,0.83,-17.21634,0.46429,8.38496,10.0,17.38006,17.98493,16.65858,12.825,2
8.66044449556196e-06,13.0,-2.1,3.43646,0.832,-17.20705,0.46709,8.38788,10.0,17.3609,17.97287,16.63432,12.8,2
8.623976101609344e-06,13.0,-2.1,3.43646,0.832,-17.22423,0.46279,8.38788,10.0,17.39746,17.99778,16.67929,12.825,2
8.58771394524646e-06,13.0,-2.1,3.44751,0.834,-17.21499,0.46557,8.39079,10.0,17.37833,17.98612,16.65531,12.8,2
8.551656563138032e-06,13.0,-2.1,3.44751,0.834,-17.23245,0.4612,8.39079,10.0,17.41562,18.01139,16.70125,12.825,2
8.515802504432289e-06,13.0,-2.1,3.45856,0.836,-17.24121,0.45948,8.39371,10.0,17.43483,18.02547,16.72398,12.825,2
8.48015033063808e-06,13.0,-2.1,3.45856,0.836,-17.22347,0.46392,8.39371,10.0,17.39691,17.99987,16.67707,12.8,2
8.444698615501902e-06,13.0,-2.1,3.46961,0.838,-17.23225,0.46219,8.39663,10.0,17.41627,18.0141,16.70018,12.8,2
1.522071664232515e-05,13.0,-2.1,3.46961,0.838,-17.25024,0.45769,8.39663,10.0,17.45484,18.04001,16.748,12.825,2
8.339532140506936e-06,13.0,-2.1,3.48066,0.84,-17.24147,0.46036,8.39954,10.0,17.43628,18.02895,16.72434,12.8,2
8.30486823797078e-06,13.0,-2.1,3.48066,0.84,-17.25968,0.45581,8.39954,10.0,17.47539,18.05512,16.77297,12.825,2
8.270397842167929e-06,13.0,-2.1,3.49171,0.842,-17.26936,0.45386,8.40246,10.0,17.49708,18.07061,16.79878,12.825,2
8.236119597759573e-06,13.0,-2.1,3.49171,0.842,-17.28792,0.44922,8.40246,10.0,17.53717,18.09705,16.84908,12.85,2
8.202032160821958e-06,13.0,-2.1,3.50276,0.844,-17.27932,0.45184,8.40538,10.0,17.5192,18.08658,16.8256,12.825,2
8.168134198734101e-06,13.0,-2.1,3.50276,0.844,-17.29794,0.44718,8.40538,10.0,17.55957,18.11311,16.87639,12.85,2
8.134424390065334e-06,13.0,-2.1,3.51381,0.846,-17.28971,0.44971,8.4083,10.0,17.54197,18.10287,16.85353,12.825,2
8.10090142446556e-06,13.0,-2.1,3.51381,0.846,-17.3084,0.44504,8.4083,10.0,17.5825,18.12944,16.90478,12.85,2
8.067564002558186e-06,13.0,-2.1,3.52486,0.848,-17.30017,0.44757,8.41122,10.0,17.56539,18.11938,16.882,12.825,2
1.4541920064856044e-05,13.0,-2.1,3.52486,0.848,-17.31888,0.44289,8.41122,10.0,17.60603,18.14592,16.93356,12.85,2
7.968652167574399e-06,13.0,-2.1,3.53591,0.85,-17.32967,0.44067,8.41413,10.0,17.63022,18.16271,16.96312,12.85,2
7.936044142396994e-06,13.0,-2.1,3.53591,0.85,-17.31097,0.44535,8.41413,10.0,17.58952,18.13624,16.91132,12.825,2
7.90361532490635e-06,13.0,-2.1,3.54696,0.852,-17.32195,0.44308,8.41706,10.0,17.61365,18.15352,16.94114,12.825,2
7.871364479351153e-06,13.0,-2.1,3.54696,0.852,-17.34061,0.43841,8.41706,10.0,17.6543,18.17989,16.99309,12.85,2
7.839290380225657e-06,13.0,-2.1,3.55801,0.854,-17.33305,0.44078,8.41998,10.0,17.63855,18.17079,16.9717,12.825,2
7.80739181217049e-06,13.0,-2.1,3.55801,0.854,-17.35177,0.4361,8.41998,10.0,17.67942,18.19713,17.02422,12.85,2
7.775667569875907e-06,13.0,-2.1,3.56906,0.856,-17.34436,0.43843,8.4229,10.0,17.6637,18.18845,17.00285,12.825,2
7.744116457984763e-06,13.0,-2.1,3.56906,0.856,-17.36329,0.43369,8.4229,10.0,17.70513,18.2149,17.0564,12.85,2
1.3959705504063318e-05,13.0,-2.1,3.58011,0.858,-17.35584,0.43603,8.42583,10.0,17.68944,18.20636,17.03487,12.825,2
7.650490098422127e-06,13.0,-2.1,3.58011,0.858,-17.375,0.43124,8.42582,10.0,17.73147,18.2329,17.08945,12.85,2
7.6196197502663204e-06,13.0,-2.1,3.59116,0.86,-17.36768,0.43355,8.42875,10.0,17.71581,18.22443,17.06803,12.825,2
7.588916701681239e-06,13.0,-2.1,3.59116,0.86,-17.38704,0.42871,8.42875,10.0,17.75839,18.25111,17.12365,12.85,2
7.558379815041078e-06,13.0,-2.1,3.60221,0.862,-17.39929,0.42613,8.43167,10.0,17.78582,18.26968,17.15863,12.85,2
7.528007962022629e-06,13.0,-2.1,3.60221,0.862,-17.37974,0.43102,8.43168,10.0,17.74277,18.2429,17.1021,12.825,2
7.497800023516427e-06,13.0,-2.1,3.61326,0.864,-17.39198,0.42844,8.43461,10.0,17.77039,18.26147,17.13695,12.825,2
7.467754889537563e-06,13.0,-2.1,3.61326,0.864,-17.4117,0.42351,8.4346,10.0,17.81389,18.2884,17.19432,12.85,2
7.437871459138782e-06,13.0,-2.1,3.62431,0.866,-17.40459,0.42577,8.43754,10.0,17.79863,18.28046,17.17277,12.825,2
7.408148640325882e-06,13.0,-2.1,3.62431,0.866,-17.42443,0.42081,8.43754,10.0,17.84247,18.3075,17.2308,12.85,2
1.3354905610810524e-05,13.0,-2.1,3.63536,0.868,-17.4174,0.42305,8.44048,10.0,17.82723,18.29969,17.20959,12.825,2
7.3199330659701255e-06,13.0,-2.1,3.63536,0.868,-17.43733,0.41806,8.44047,10.0,17.87136,18.32679,17.26821,12.85,2
7.290841949650891e-06,13.0,-2.1,3.64641,0.87,-17.43029,0.42031,8.44342,10.0,17.85622,18.31909,17.24715,12.825,2
1.967654696331476e-05,13.0,-2.1,3.64641,0.87,-17.45028,0.41531,8.44341,10.0,17.9005,18.34625,17.3062,12.85,2
1.9443990955023683e-05,13.0,-2.1,3.67665,0.872,-17.44349,0.4175,8.44636,10.0,17.88581,18.33871,17.28483,12.825,2
1.2835283978801703e-05,13.0,-2.1,3.67665,0.872,-17.46347,0.4125,8.44635,10.0,17.93018,18.36596,17.34416,12.85,2
1.906454298400445e-05,13.0,-2.1,3.7006,0.874,-17.49618,0.40481,8.4493,10.0,18.00377,18.4128,17.44193,12.875,2
1.258564536458657e-05,13.0,-2.1,3.7006,0.874,-17.47663,0.4097,8.4493,10.0,17.9601,18.38577,17.38309,12.85,2
1.2487618131335265e-05,13.0,-2.1,3.72455,0.876,-17.48976,0.40691,8.45225,10.0,17.99,18.40578,17.42165,12.85,2
1.8549862759243562e-05,13.0,-2.1,3.72455,0.876,-17.50907,0.40208,8.45225,10.0,18.03329,18.43275,17.48008,12.875,2
1.2247001369415743e-05,13.0,-2.1,3.7485,0.878,-17.50305,0.40407,8.4552,10.0,18.02,18.42596,17.46093,12.85,2
1.8193618918707714e-05,13.0,-2.1,3.7485,0.878,-17.52208,0.39932,8.4552,10.0,18.06277,18.45284,17.51872,12.875,2
1.2012578980285711e-05,13.0,-2.1,3.77246,0.88,-17.51608,0.40131,8.45816,10.0,18.04971,18.4461,17.4998,12.85,2
1.1920499600962588e-05,13.0,-2.1,3.77246,0.88,-17.53473,0.39665,8.45816,10.0,18.0918,18.4728,17.55672,12.875,2
1.7710168292912407e-05,13.0,-2.1,3.79641,0.882,-17.52906,0.39856,8.46113,10.0,18.07939,18.46626,17.53851,12.85,2
1.1694416655398793e-05,13.0,-2.1,3.79641,0.882,-17.54734,0.39399,8.46113,10.0,18.12073,18.49262,17.59448,12.875,2
1.7375373284721925e-05,13.0,-2.1,3.82036,0.884,-17.5419,0.39584,8.46409,10.0,18.10858,18.48639,17.57669,12.85,2
1.1474063140287104e-05,13.0,-2.1,3.82036,0.884,-17.55988,0.39135,8.46409,10.0,18.14922,18.51234,17.63174,12.875,2
1.1387485139544041e-05,13.0,-2.1,3.84431,0.886,-17.57228,0.38875,8.46707,10.0,18.17779,18.53191,17.66886,12.875,2
1.692080791202597e-05,13.0,-2.1,3.84431,0.886,-17.55459,0.39317,8.46707,10.0,18.13782,18.50634,17.61465,12.85,2
1.1174849863592795e-05,13.0,-2.1,3.86826,0.888,-17.56715,0.39053,8.47004,10.0,18.16653,18.52622,17.65229,12.85,2
1.6605863883592734e-05,13.0,-2.1,3.86826,0.888,-17.58458,0.38617,8.47004,10.0,18.20594,18.55147,17.70578,12.875,2
1.09675204604047e-05,13.0,-2.1,3.89222,0.89,-17.57953,0.38793,8.47302,10.0,18.19499,18.54587,17.68928,12.85,2
1.0886037107495633e-05,13.0,-2.1,3.89222,0.89,-17.59674,0.38363,8.47302,10.0,18.23394,18.57087,17.74229,12.875,2
1.6178048118406053e-05,13.0,-2.1,3.91617,0.892,-17.5919,0.38534,8.47601,10.0,18.2233,18.56537,17.72662,12.85,2
1.0685859620042251e-05,13.0,-2.1,3.91617,0.892,-17.60892,0.38109,8.47601,10.0,18.26191,18.59024,17.77923,12.875,2
1.5881498394397434e-05,13.0,-2.1,3.94012,0.894,-17.60415,0.38279,8.479,10.0,18.25147,18.58508,17.76342,12.85,2
1.0490601588511951e-05,13.0,-2.1,3.94012,0.894,-17.62103,0.37857,8.479,10.0,18.28986,18.60987,17.81587,12.875,2
1.0413841821247019e-05,13.0,-2.1,3.96407,0.896,-17.61632,0.38025,8.48199,10.0,18.2796,18.60458,17.80034,12.85,2
1.5478483886808518e-05,13.0,-2.1,3.96407,0.896,-17.63311,0.37605,8.48199,10.0,18.31794,18.62938,17.85278,12.875,2
1.022521867657391e-05,13.0,-2.1,3.98802,0.898,-17.66223,0.36928,8.48499,10.0,18.38515,18.67465,17.94392,12.9,2
1.0151055863207308e-05,13.0,-2.1,3.98802,0.898,-17.64537,0.3735,8.48499,10.0,18.3464,18.64932,17.89043,12.875,2
1.5089104692715835e-05,13.0,-2.1,4.01198,0.9,-17.67473,0.36667,8.488,10.0,18.41431,18.69531,17.98293,12.9,2
9.96878677924486e-06,13.0,-2.1,4.01198,0.9,-17.6577,0.37092,8.488,10.0,18.37501,18.66949,17.92846,12.875,2
1.4819005364696726e-05,13.0,-2.1,4.03593,0.902,-17.67034,0.36827,8.49101,10.0,18.40425,18.69008,17.96742,12.875,2
9.790892269305612e-06,13.0,-2.1,4.03593,0.902,-17.68764,0.36395,8.49101,10.0,18.44432,18.7165,18.02315,12.9,2
9.720929816609685e-06,13.0,-2.1,4.05988,0.904,-17.68319,0.36557,8.49402,10.0,18.43421,18.7113,18.00763,12.875,2
1.445168012633221e-05,13.0,-2.1,4.05988,0.904,-17.70085,0.36116,8.49402,10.0,18.47526,18.73849,18.065,12.9,2
9.54894050091613e-06,13.0,-2.1,4.08383,0.906,-17.69652,0.36275,8.49703,10.0,18.46579,18.7335,18.04959,12.875,2
1.419676838119399e-05,13.0,-2.1,4.08383,0.906,-17.7147,0.35821,8.49703,10.0,18.50812,18.76166,18.10897,12.9,2
9.381018945245382e-06,13.0,-2.1,4.10778,0.908,-17.71042,0.35979,8.50004,10.0,18.49846,18.75657,18.09384,12.875,2
9.314962236868838e-06,13.0,-2.1,4.10778,0.908,-17.72923,0.35509,8.50004,10.0,18.54235,18.78592,18.15563,12.9,2
1.384995016196559e-05,13.0,-2.1,4.13174,0.91,-17.72501,0.35666,8.50305,10.0,18.53272,18.78087,18.14036,12.875,2
9.152534645687628e-06,13.0,-2.1,4.13174,0.91,-17.74459,0.35176,8.50305,10.0,18.57847,18.81158,18.20507,12.9,2
1.3609168281346938e-05,13.0,-2.1,4.15569,0.912,-17.76056,0.34828,8.50606,10.0,18.61616,18.83832,18.25714,12.9,2
8.993893544398212e-06,13.0,-2.1,4.15569,0.912,-17.74035,0.35334,8.50606,10.0,18.56884,18.80644,18.18989,12.875,2
8.931472494335966e-06,13.0,-2.1,4.17964,0.914,-17.75655,0.3498,8.50907,10.0,18.60695,18.83361,18.24215,12.875,2
1.328143895104177e-05,13.0,-2.1,4.17964,0.914,-17.77711,0.34466,8.50907,10.0,18.65526,18.86631,18.31128,12.9,2
8.777948125670288e-06,13.0,-2.1,4.20359,0.916,-17.77336,0.34612,8.51208,10.0,18.64677,18.86174,18.29731,12.875,2
1.3053816669238533e-05,13.0,-2.1,4.20359,0.916,-17.79433,0.34087,8.51208,10.0,18.69634,18.89546,18.36863,12.9,2
8.627952068215708e-06,13.0,-2.1,4.22754,0.918,-17.7908,0.34227,8.5151,10.0,18.68799,18.89121,18.35467,12.875,2
8.568918765481565e-06,13.0,-2.1,4.22754,0.918,-17.81232,0.33689,8.5151,10.0,18.7391,18.92617,18.42871,12.9,2
1.2743874535860756e-05,13.0,-2.1,4.2515,0.92,-17.80897,0.33825,8.51811,10.0,18.73149,18.92213,18.41576,12.875,2
8.42369296507394e-06,13.0,-2.1,4.2515,0.92,-17.83119,0.33269,8.51811,10.0,18.7845,18.95863,18.49307,12.9,2
1.2528520700701209e-05,13.0,-2.1,4.27545,0.922,-17.85119,0.32821,8.52113,10.0,18.83263,18.99344,18.56206,12.9,2
8.28175820209375e-06,13.0,-2.1,4.27545,0.922,-17.82811,0.33398,8.52113,10.0,18.77734,18.95509,18.48104,12.875,2
8.225884810758978e-06,13.0,-2.1,4.2994,0.924,-17.87239,0.32343,8.52415,10.0,18.88374,19.03067,18.63614,12.9,2
1.2235169483341533e-05,13.0,-2.1,4.2994,0.924,-17.84828,0.32946,8.52415,10.0,18.82578,18.99014,18.55059,12.875,2
8.088401692972104e-06,13.0,-2.1,4.32335,0.926,-17.86999,0.32455,8.52717,10.0,18.87784,19.02766,18.62506,12.875,2
1.2031264615057541e-05,13.0,-2.1,4.32335,0.926,-17.89539,0.3182,8.52717,10.0,18.93889,19.07072,18.71578,12.9,2
7.953991291008739e-06,13.0,-2.1,4.34731,0.928,-17.91994,0.31259,8.5302,10.0,18.99846,19.11445,18.80223,12.9,2
7.901068174838065e-06,13.0,-2.1,4.34731,0.928,-17.94843,0.30546,8.5302,10.0,19.06696,19.16373,18.90499,12.925,2
1.1753403596207892e-05,13.0,-2.1,4.37126,0.93,-17.94649,0.30647,8.53322,10.0,19.06302,19.16199,18.89707,12.9,2
7.770816084638855e-06,13.0,-2.1,4.37126,0.93,-17.97702,0.29884,8.53322,10.0,19.13619,19.21519,19.00752,12.925,2
1.1560193236829107e-05,13.0,-2.1,4.39521,0.932,-17.97587,0.29965,8.53625,10.0,19.13286,19.21386,19.00085,12.9,2
7.643435594162385e-06,13.0,-2.1,4.39521,0.932,-18.00893,0.29139,8.53625,10.0,19.21216,19.2723,19.12232,12.925,2
7.59326963914774e-06,13.0,-2.1,4.41916,0.934,-18.00803,0.29214,8.53928,10.0,19.21015,19.27182,19.11672,12.9,2
1.1296808453924277e-05,13.0,-2.1,4.41916,0.934,-18.04391,0.28317,8.53928,10.0,19.29627,19.33645,19.25085,12.925,2
7.469777091116928e-06,13.0,-2.1,4.44311,0.936,-18.08207,0.27415,8.54232,10.0,19.38876,19.40817,19.39367,12.925,2
1.1113597213839703e-05,13.0,-2.1,4.44311,0.936,-18.04328,0.28385,8.54232,10.0,19.29519,19.33679,19.2469,12.9,2
7.348970667406939e-06,13.0,-2.1,4.46707,0.938,-18.08232,0.27462,8.54536,10.0,19.38897,19.40956,19.39154,12.9,2
7.3013837789830464e-06,13.0,-2.1,4.46707,0.938,-18.12405,0.26419,8.54536,10.0,19.49056,19.48835,19.55135,12.925,2
1.0863753568105476e-05,13.0,-2.1,4.49102,0.94,-18.12494,0.26449,8.5484,10.0,19.49265,19.49046,19.55284,12.9,2
7.184215817602624e-06,13.0,-2.1,4.49102,0.94,-18.16983,0.25327,8.5484,10.0,19.60243,19.57719,19.7258,12.925,2
7.138056627844498e-06,13.0,-2.1,4.51497,0.942,-18.17127,0.25344,8.55144,10.0,19.60592,19.58174,19.72986,12.9,2
1.0621405902546558e-05,13.0,-2.1,4.51497,0.942,-18.21953,0.24137,8.55144,10.0,19.72486,19.67752,19.91625,12.925,2
7.024390496567691e-06,13.0,-2.1,4.53892,0.944,-18.22184,0.24133,8.55449,10.0,19.73173,19.68302,19.92359,12.9,2
1.0452733964930177e-05,13.0,-2.1,4.53892,0.944,-18.27459,0.22814,8.55449,10.0,19.86527,19.7945,20.13243,12.925,2
6.91314542919112e-06,13.0,-2.1,4.56287,0.946,-18.27821,0.22777,8.55754,10.0,19.87432,19.80263,20.1434,12.9,2
6.869310795312749e-06,13.0,-2.1,4.56287,0.946,-18.33641,0.21322,8.55754,10.0,20.0246,19.93218,20.37791,12.925,2
1.0222591114075419e-05,13.0,-2.1,4.58683,0.948,-18.40509,0.19658,8.5606,10.0,20.20193,20.08852,20.65264,12.925,2
6.7613474179045155e-06,13.0,-2.1,4.58683,0.948,-18.34119,0.21256,8.5606,10.0,20.03674,19.94322,20.39471,12.9,2
1.0062359030990374e-05,13.0,-2.1,4.61078,0.95,-18.41125,0.19558,8.56366,10.0,20.21751,20.10381,20.67528,12.9,2
0.0,13.0,-2.1,0.84765,0.55,-15.88097,0.7383,7.96691,11.0,14.38195,14.70955,13.88173,3.9,2
0.00011202491328439365,13.0,-2.1,0.84765,0.55,-15.88318,0.73776,7.96696,11.0,14.38742,14.71594,13.8862,3.925,2
0.00016425449746414333,13.0,-2.1,0.87056,0.552,-15.94868,0.72212,7.97146,11.0,14.55186,14.90748,14.02149,4.725,2
0.00010706707342280958,13.0,-2.1,0.87056,0.552,-15.95095,0.72156,7.9715,11.0,14.55762,14.91422,14.02621,4.75,2
0.00010518401524566464,13.0,-2.1,0.89347,0.554,-16.02309,0.7042,7.97576,11.0,14.7429,15.13057,14.17967,5.475,2
0.00010335473898851445,13.0,-2.1,0.89347,0.554,-16.02601,0.70348,7.97579,11.0,14.75052,15.13953,14.18596,5.5,2
0.00015171468904265172,13.0,-2.1,0.91638,0.556,-16.11633,0.68144,7.97951,11.0,14.99002,15.42287,14.38358,6.125,2
9.900323378445741e-05,13.0,-2.1,0.91638,0.556,-16.12069,0.68035,7.97953,11.0,15.00179,15.43692,14.39325,6.15,2
9.734622788094369e-05,13.0,-2.1,0.93929,0.558,-16.2236,0.65522,7.98348,11.0,15.28577,15.77738,14.62707,6.7,2
0.00014301056265557993,13.0,-2.1,0.93929,0.558,-16.2287,0.65395,7.98351,11.0,15.30018,15.79468,14.63898,6.725,2
9.33971861809061e-05,13.0,-2.1,0.9622,0.56,-16.33634,0.62758,7.98721,11.0,15.61093,16.16586,14.89968,7.25,2
9.189068741700612e-05,13.0,-2.1,0.9622,0.56,-16.33096,0.62892,7.98721,11.0,15.59501,16.14662,14.88636,7.225,2
0.00013509735521261205,13.0,-2.1,0.98511,0.562,-16.43233,0.604,7.99041,11.0,15.89937,16.5165,15.14139,7.7,2
8.82941412152443e-05,13.0,-2.1,0.98511,0.562,-16.43794,0.60259,7.99041,11.0,15.91643,16.53729,15.15575,7.725,2
8.6919787432607e-05,13.0,-2.1,1.00802,0.564,-16.52661,0.58109,7.99461,11.0,16.18407,16.86137,15.38394,8.125,2
8.558021831540825e-05,13.0,-2.1,1.00802,0.564,-16.53248,0.57963,7.99466,11.0,16.20216,16.88338,15.39939,8.15,2
0.00012593175571532408,13.0,-2.1,1.03093,0.566,-16.6141,0.55969,7.99804,11.0,16.46001,17.19832,15.62049,8.5,2
8.237565138402988e-05,13.0,-2.1,1.03093,0.566,-16.62035,0.55813,7.99804,11.0,16.48025,17.22324,15.63783,8.525,2
8.114862358222109e-05,13.0,-2.1,1.05384,0.568,-16.70028,0.53858,8.00131,11.0,16.74233,17.54486,15.86411,8.85,2
0.0001194870234018771,13.0,-2.1,1.05384,0.568,-16.70683,0.53694,8.00131,11.0,16.76421,17.57176,15.88305,8.875,2
7.820896956114629e-05,13.0,-2.1,1.07675,0.57,-16.77736,0.51974,8.00455,11.0,17.00188,17.86291,16.09014,9.15,2
0.0,13.0,-2.1,1.07675,0.57,-16.7842,0.51803,8.00455,11.0,17.02531,17.89173,16.11057,9.175,2
0.006121260677044332,13.0,-1.5,0.09,0.09,-3.182,3.4752,5.427,1.0,13.613,15.498,12.347,nan,2
0.012850778713911899,13.0,-1.5,0.09447845,0.094,-3.049,3.4942,5.391,1.0,13.177,14.759,11.982,nan,2
0.024243220891478477,13.0,-1.5,0.1,0.1,-2.893,3.5164,5.348,1.0,12.668,13.981,11.554,nan,2
0.050662559226952696,13.0,-1.5,0.12,0.12,-2.607,3.5475,5.266,1.0,11.792,12.846,10.781,nan,2
0.03316686411296101,13.0,-1.5,0.14,0.14,-2.425,3.5629,5.212,1.0,11.264,12.222,10.298,nan,2
0.04139758378013883,13.0,-1.5,0.16,0.16,-2.282,3.573,5.168,1.0,10.862,11.765,9.924,nan,2
0.04941626772916622,13.0,-1.5,0.20000002,0.2,-2.06,3.5862,5.096,1.0,10.256,11.095,9.353,nan,2
0.04331893705533857,13.0,-1.5,0.25,0.25,-1.857,3.5973,5.034,1.0,9.707,10.497,8.833,nan,2
0.025375167996799067,13.0,-1.5,0.30000004,0.3,-1.702,3.6059,4.993,1.0,9.291,10.046,8.438,nan,2
0.016238858692919526,13.0,-1.5,0.32258883,0.323,-1.643,3.6094,4.979,1.0,9.132,9.873,8.288,nan,2
0.020593444067893155,13.0,-1.5,0.34999999,0.35,-1.577,3.6132,4.964,1.0,8.954,9.679,8.119,nan,2
0.013421138229388722,13.0,-1.5,0.3935113,0.393,-1.45,3.6233,4.928,1.0,8.605,9.291,7.795,nan,2
0.014907216698541358,13.0,-1.5,0.40000001,0.4,-1.432,3.6247,4.923,1.0,8.556,9.237,7.75,nan,2
0.022412394437109046,13.0,-1.5,0.45000002,0.45,-1.257,3.6437,4.874,1.0,8.058,8.67,7.301,nan,2
0.01974598402365597,13.0,-1.5,0.5,0.5,-1.058,3.6701,4.828,1.0,7.487,8.01,6.798,nan,2
0.017055845440112415,13.0,-1.5,0.55000007,0.55,-0.839,3.6953,4.751,1.0,6.881,7.334,6.252,nan,2
0.0076838091840265264,13.0,-1.5,0.60000002,0.6,-0.624,3.7239,4.687,1.0,6.301,6.688,5.733,nan,2
0.0029349024429343226,13.0,-1.5,0.60791248,0.608,-0.588,3.729,4.677,1.0,6.207,6.583,5.65,nan,2
0.002860632903116558,13.0,-1.5,0.61848569,0.618,-0.54,3.7356,4.664,1.0,6.082,6.444,5.538,nan,2
0.0027894005391504786,13.0,-1.5,0.62831348,0.628,-0.495,3.7417,4.65,1.0,5.966,6.316,5.435,nan,2
0.002721035294504372,13.0,-1.5,0.6374492,0.637,-0.453,3.7472,4.636,1.0,5.859,6.198,5.34,nan,2
0.001666353959028441,13.0,-1.5,0.64635187,0.646,-0.411,3.7525,4.622,1.0,5.754,6.082,5.246,nan,2
0.0012725950629487231,13.0,-1.5,0.64999998,0.65,-0.394,3.7546,4.615,1.0,5.711,6.034,5.208,nan,2
0.0025922849668295433,13.0,-1.5,0.6560533,0.656,-0.366,3.7579,4.604,1.0,5.639,5.956,5.144,nan,2
0.0025316158454703626,13.0,-1.5,0.66690457,0.667,-0.313,3.7637,4.582,1.0,5.509,5.813,5.026,nan,2
0.0024732440197297654,13.0,-1.5,0.67725039,0.677,-0.261,3.7692,4.559,1.0,5.381,5.675,4.91,nan,2
0.002417050245622235,13.0,-1.5,0.68688899,0.687,-0.212,3.7741,4.535,1.0,5.259,5.543,4.799,nan,2
0.0015490142347552242,13.0,-1.5,0.69584793,0.696,-0.164,3.7786,4.51,1.0,5.14,5.416,4.691,nan,2
0.001154762562930265,13.0,-1.5,0.69999999,0.7,-0.141,3.7807,4.498,1.0,5.084,5.355,4.638,nan,2
0.0016067187986366618,13.0,-1.5,0.70573205,0.705,-0.108,3.7834,4.48,1.0,5.003,5.27,4.564,nan,2
0.0022853811167654783,13.0,-1.5,0.71390641,0.713,-0.059,3.7872,4.451,1.0,4.882,5.142,4.451,nan,2
0.0015451598092739236,13.0,-1.5,0.72092664,0.72,-0.014,3.7904,4.423,1.0,4.772,5.026,4.348,nan,2
0.002211931788238477,13.0,-1.5,0.72772729,0.727,0.031,3.7933,4.394,1.0,4.659,4.908,4.242,nan,2
0.0015868581811310128,13.0,-1.5,0.73452818,0.734,0.079,3.796,4.361,1.0,4.54,4.783,4.129,nan,2
0.002142280701627449,13.0,-1.5,0.74238586,0.742,0.139,3.7989,4.317,1.0,4.391,4.629,3.988,nan,2
0.000798656098705457,13.0,-1.5,0.74972981,0.749,0.199,3.8012,4.27,1.0,4.24,4.474,3.842,nan,2
0.00017054885650264614,13.0,-1.5,0.75,0.749,0.201,3.8013,4.268,1.0,4.234,4.468,3.837,nan,2
0.0007076695317235223,13.0,-1.5,0.75135577,0.751,0.213,3.8017,4.259,1.0,4.206,4.439,3.809,nan,2
0.0009553336252663176,13.0,-1.5,0.7568171,0.756,0.262,3.803,4.218,1.0,4.082,4.313,3.689,nan,2
0.0005254548095581263,13.0,-1.5,0.76055866,0.76,0.298,3.8036,4.187,1.0,3.993,4.222,3.601,nan,2
0.0006832281425376217,13.0,-1.5,0.76193136,0.761,0.312,3.8036,4.173,1.0,3.956,4.185,3.564,nan,2
0.0009579618552744606,13.0,-1.5,0.767277,0.766,0.372,3.8023,4.111,1.0,3.804,4.035,3.411,nan,2
0.000480140938505966,13.0,-1.5,0.77135122,0.77,0.425,3.7995,4.05,1.0,3.672,3.907,3.273,nan,2
0.00013789269026086783,13.0,-1.5,0.77204663,0.771,0.434,3.7988,4.038,1.0,3.648,3.883,3.247,nan,2
0.0002984934481435672,13.0,-1.5,0.77273494,0.772,0.445,3.7978,4.023,2.0,3.621,3.858,3.218,nan,2
0.00040502415147644486,13.0,-1.5,0.77504194,0.774,0.483,3.7931,3.968,2.0,3.524,3.769,3.112,nan,2
0.00030869948170209814,13.0,-1.5,0.77679926,0.775,0.516,3.7878,3.914,2.0,3.44,3.694,3.017,nan,2
0.00024413896593634504,13.0,-1.5,0.77817094,0.777,0.546,3.7814,3.86,2.0,3.365,3.629,2.928,nan,2
0.00019989401337677817,13.0,-1.5,0.77927387,0.778,0.572,3.775,3.809,2.0,3.299,3.575,2.849,nan,2
0.0001712852963093279,13.0,-1.5,0.78019708,0.779,0.596,3.7682,3.758,2.0,3.239,3.527,2.774,nan,2
0.00014973216561819887,13.0,-1.5,0.78101003,0.779,0.621,3.7614,3.706,2.0,3.177,3.477,2.698,nan,2
0.00013986866714200348,13.0,-1.5,0.78173,0.78,0.649,3.7552,3.654,2.0,3.11,3.422,2.618,nan,2
0.00012435255768524338,13.0,-1.5,0.78244197,0.781,0.684,3.7493,3.595,2.0,3.023,3.347,2.519,nan,2
9.223904615802275e-05,13.0,-1.5,0.78300309,0.781,0.72,3.7453,3.544,2.0,2.936,3.267,2.424,nan,2
5.4441666772553446e-05,13.0,-1.5,0.78338629,0.782,0.748,3.7429,3.506,2.0,2.868,3.203,2.351,nan,2
6.26915289363035e-05,13.0,-1.5,0.78356045,0.782,0.763,3.742,3.488,2.0,2.832,3.169,2.313,nan,2
9.568023303976055e-05,13.0,-1.5,0.78402811,0.782,0.804,3.7397,3.439,3.0,2.731,3.073,2.208,nan,2
9.248324051523941e-05,13.0,-1.5,0.78454,0.783,0.852,3.7375,3.382,3.0,2.612,2.958,2.085,nan,2
8.310910753087851e-05,13.0,-1.5,0.78497493,0.783,0.896,3.7358,3.331,3.0,2.503,2.852,1.973,nan,2
8.110807197026485e-05,13.0,-1.5,0.78539085,0.784,0.942,3.7341,3.279,3.0,2.392,2.743,1.858,nan,2
7.847939053824032e-05,13.0,-1.5,0.78581357,0.784,0.991,3.7326,3.223,3.0,2.269,2.624,1.732,nan,2
7.137189243525631e-05,13.0,-1.5,0.78620231,0.784,1.04,3.7311,3.168,3.0,2.148,2.505,1.608,nan,2
6.33185332430172e-05,13.0,-1.5,0.78655154,0.785,1.088,3.7296,3.115,3.0,2.029,2.389,1.487,nan,2
5.833680474548197e-05,13.0,-1.5,0.78685701,0.785,1.134,3.7283,3.064,3.0,1.918,2.28,1.373,nan,2
5.642380552819821e-05,13.0,-1.5,0.78715473,0.785,1.182,3.7268,3.01,3.0,1.799,2.164,1.251,nan,2
5.081537152369834e-05,13.0,-1.5,0.78744042,0.785,1.233,3.7252,2.953,3.0,1.674,2.042,1.123,nan,2
4.432974323700371e-05,13.0,-1.5,0.78768015,0.785,1.279,3.7238,2.901,3.0,1.559,1.93,1.006,nan,2
4.104340787791197e-05,13.0,-1.5,0.78789878,0.785,1.325,3.7223,2.849,3.0,1.446,1.819,0.89,nan,2
3.749304380987975e-05,13.0,-1.5,0.78810453,0.786,1.372,3.7208,2.796,3.0,1.33,1.706,0.77,nan,2
3.433437068368701e-05,13.0,-1.5,0.78828645,0.786,1.418,3.7192,2.744,3.0,1.218,1.598,0.655,nan,2
3.149775455412977e-05,13.0,-1.5,0.78845954,0.786,1.465,3.7175,2.69,3.0,1.102,1.485,0.536,nan,2
2.7895165027156995e-05,13.0,-1.5,0.78861213,0.786,1.511,3.7158,2.637,3.0,0.99,1.376,0.42,nan,2
2.5658174537014884e-05,13.0,-1.5,0.78874797,0.786,1.556,3.7141,2.586,3.0,0.881,1.271,0.308,nan,2
2.385349479005797e-05,13.0,-1.5,0.78887743,0.786,1.602,3.7125,2.533,3.0,0.768,1.162,0.192,nan,2
2.1317658618362667e-05,13.0,-1.5,0.78899461,0.786,1.647,3.7106,2.48,3.0,0.657,1.054,0.077,nan,2
1.9150302073381585e-05,13.0,-1.5,0.78909785,0.785,1.691,3.7089,2.43,3.0,0.55,0.951,-0.034,nan,2
1.8042928916801336e-05,13.0,-1.5,0.78919262,0.785,1.735,3.7071,2.379,3.0,0.443,0.849,-0.144,nan,2
1.66531514267662e-05,13.0,-1.5,0.78928441,0.785,1.78,3.7052,2.325,3.0,0.332,0.743,-0.26,nan,2
1.4923908453853628e-05,13.0,-1.5,0.78936481,0.785,1.823,3.7033,2.275,3.0,0.227,0.641,-0.369,nan,2
1.3916150524414829e-05,13.0,-1.5,0.78943872,0.785,1.866,3.7014,2.224,3.0,0.122,0.542,-0.478,nan,2
1.2728504903179405e-05,13.0,-1.5,0.7895087,0.785,1.91,3.6995,2.173,3.0,0.017,0.441,-0.588,nan,2
1.1696568520557606e-05,13.0,-1.5,0.78957033,0.784,1.95,3.6976,2.125,3.0,-0.081,0.348,-0.69,nan,2
1.1696568520557606e-05,13.0,-1.5,0.78962964,0.784,1.989,3.6958,2.078,3.0,-0.175,0.258,-0.788,nan,2
1.128650195426813e-05,13.0,-1.5,0.78969127,0.784,2.025,3.6941,2.036,3.0,-0.261,0.177,-0.878,nan,2
9.759390850090849e-06,13.0,-1.5,0.78974634,0.784,2.05,3.693,2.006,3.0,-0.323,0.118,-0.942,nan,2
5.303785494213681e-06,13.0,-1.5,0.78979218,0.783,2.037,3.694,2.023,3.0,-0.29,0.148,-0.907,nan,2
5.309588322946677e-06,13.0,-1.5,0.78980118,0.783,2.045,3.6936,2.014,3.0,-0.309,0.13,-0.927,nan,2
8.5369282562427e-06,13.0,-1.5,0.78984708,0.783,2.087,3.6915,1.963,3.0,-0.412,0.033,-1.035,nan,2
8.046589225340998e-06,13.0,-1.5,0.78988945,0.783,2.129,3.6894,1.912,3.0,-0.512,-0.062,-1.141,nan,2
7.275780137250214e-06,13.0,-1.5,0.78993028,0.782,2.173,3.6872,1.859,3.0,-0.616,-0.16,-1.25,nan,2
6.532050916816299e-06,13.0,-1.5,0.78996468,0.782,2.213,3.685,1.811,3.0,-0.711,-0.248,-1.35,nan,2
6.063956062831791e-06,13.0,-1.5,0.78999782,0.781,2.254,3.6828,1.76,3.0,-0.811,-0.34,-1.456,nan,2
5.47395063526298e-06,13.0,-1.5,0.79002738,0.781,2.294,3.6806,1.711,3.0,-0.906,-0.428,-1.557,nan,2
5.114830360899187e-06,13.0,-1.5,0.79005498,0.78,2.333,3.6784,1.663,3.0,-1.0,-0.514,-1.658,nan,2
5.2058074970693624e-06,13.0,-1.5,0.79008079,0.78,2.373,3.6762,1.614,3.0,-1.094,-0.6,-1.759,nan,2
4.805508097907828e-06,13.0,-1.5,0.79010934,0.779,2.421,3.6734,1.554,3.0,-1.207,-0.701,-1.88,nan,2
4.360198957712033e-06,13.0,-1.5,0.79013097,0.779,2.459,3.671,1.506,3.0,-1.297,-0.783,-1.978,nan,2
4.401378082509775e-06,13.0,-1.5,0.79015487,0.778,2.505,3.6683,1.448,3.0,-1.404,-0.877,-2.094,nan,2
4.138980868713464e-06,13.0,-1.5,0.79017693,0.777,2.552,3.6654,1.39,3.0,-1.51,-0.97,-2.211,nan,2
3.704205923210623e-06,13.0,-1.5,0.79019809,0.776,2.599,3.6625,1.331,3.0,-1.62,-1.064,-2.33,nan,2
3.356577497662705e-06,13.0,-1.5,0.79021561,0.775,2.642,3.6597,1.276,3.0,-1.716,-1.146,-2.438,nan,2
3.150681873673999e-06,13.0,-1.5,0.79023314,0.773,2.688,3.6567,1.217,3.0,-1.818,-1.233,-2.551,nan,2
2.836571340386993e-06,13.0,-1.5,0.79024851,0.772,2.731,3.6538,1.162,3.0,-1.914,-1.316,-2.656,nan,2
2.6431252192520286e-06,13.0,-1.5,0.79026276,0.771,2.775,3.6509,1.106,3.0,-2.009,-1.398,-2.761,nan,2
2.4027540489858103e-06,13.0,-1.5,0.79027611,0.769,2.819,3.6479,1.049,3.0,-2.104,-1.48,-2.865,nan,2
2.2265457010002345e-06,13.0,-1.5,0.79028785,0.768,2.86,3.6451,0.996,3.0,-2.192,-1.555,-2.963,nan,2
2.0666174721474465e-06,13.0,-1.5,0.79029936,0.766,2.903,3.642,0.939,3.0,-2.284,-1.63,-3.065,nan,2
1.8664677725985758e-06,13.0,-1.5,0.79030943,0.764,2.943,3.6392,0.886,3.0,-2.369,-1.701,-3.161,nan,2
1.7927284095777877e-06,13.0,-1.5,0.79031885,0.762,2.984,3.6363,0.833,3.0,-2.453,-1.768,-3.255,nan,2
1.6433343754604815e-06,13.0,-1.5,0.79032815,0.759,3.026,3.6332,0.777,3.0,-2.54,-1.838,-3.353,nan,2
1.5293735417223465e-06,13.0,-1.5,0.79033601,0.757,3.064,3.6305,0.727,3.0,-2.618,-1.9,-3.441,nan,2
1.4671260274961703e-06,13.0,-1.5,0.79034412,0.754,3.106,3.6275,0.671,3.0,-2.702,-1.967,-3.536,nan,2
1.347419269403258e-06,13.0,-1.5,0.79035133,0.751,3.145,3.6245,0.618,3.0,-2.781,-2.029,-3.626,nan,2
1.2899600254727292e-06,13.0,-1.5,0.79035819,0.748,3.185,3.6217,0.566,3.0,-2.861,-2.092,-3.716,nan,2
1.2095170840380347e-06,13.0,-1.5,0.7903648,0.744,3.225,3.6187,0.511,3.0,-2.941,-2.154,-3.807,nan,2
1.21622066249447e-06,13.0,-1.5,0.79037082,0.74,3.264,3.6159,0.459,3.0,-3.016,-2.209,-3.893,nan,2
6.397129153686238e-07,13.0,-1.5,0.7903775,0.735,3.305,3.6129,0.403,3.0,-3.095,-2.266,-3.984,nan,2
2.9112683576157595e-07,13.0,-1.5,0.7903775,0.721,1.709,3.7858,2.682,4.0,0.428,0.674,0.017,nan,2
5.131110479989446e-06,13.0,-1.5,0.79038054,0.721,1.728,3.7804,2.641,4.0,0.382,0.637,-0.041,nan,2
9.737426532407533e-06,13.0,-1.5,0.79043108,0.721,1.726,3.7818,2.649,4.0,0.386,0.639,-0.034,nan,2
9.904058339716757e-06,13.0,-1.5,0.79048222,0.721,1.727,3.7825,2.651,4.0,0.383,0.635,-0.035,nan,2
9.966305853921668e-06,13.0,-1.5,0.7905345,0.721,1.728,3.7838,2.656,4.0,0.381,0.63,-0.034,nan,2
9.62346569869066e-06,13.0,-1.5,0.79058629,0.721,1.727,3.7859,2.664,4.0,0.38,0.626,-0.03,nan,2
9.24136172675891e-06,13.0,-1.5,0.79063499,0.721,1.727,3.7883,2.674,4.0,0.38,0.622,-0.025,nan,2
9.218378029190949e-06,13.0,-1.5,0.79068279,0.721,1.726,3.7911,2.686,4.0,0.38,0.617,-0.018,nan,2
9.493224745862268e-06,13.0,-1.5,0.79073125,0.721,1.725,3.7943,2.701,4.0,0.381,0.612,-0.009,nan,2
9.634957547464008e-06,13.0,-1.5,0.79078192,0.721,1.724,3.7981,2.717,4.0,0.382,0.606,0.0,nan,2
9.702950986066226e-06,13.0,-1.5,0.79083186,0.721,1.723,3.8017,2.732,4.0,0.382,0.6,0.009,nan,2
9.801589354751968e-06,13.0,-1.5,0.79088324,0.721,1.722,3.805,2.747,4.0,0.383,0.594,0.018,nan,2
9.703908640146621e-06,13.0,-1.5,0.79093421,0.722,1.721,3.8079,2.759,4.0,0.383,0.59,0.025,nan,2
9.498013016157914e-06,13.0,-1.5,0.79098457,0.722,1.721,3.8101,2.768,4.0,0.383,0.586,0.03,nan,2
6.718900919680186e-06,13.0,-1.5,0.79103339,0.722,1.721,3.8111,2.772,4.0,0.383,0.584,0.032,nan,2
3.110460402977916e-06,13.0,-1.5,0.79105473,0.722,1.72,3.8119,2.775,4.0,0.383,0.582,0.034,nan,2
5.770823395358069e-06,13.0,-1.5,0.79106587,0.722,1.72,3.8119,2.775,4.0,0.382,0.582,0.034,nan,2
9.458749199520961e-06,13.0,-1.5,0.79111499,0.722,1.721,3.8119,2.775,4.0,0.381,0.581,0.033,nan,2
9.429061923496567e-06,13.0,-1.5,0.79116464,0.722,1.722,3.8111,2.771,4.0,0.379,0.58,0.029,nan,2
9.286371467814432e-06,13.0,-1.5,0.79121345,0.722,1.723,3.8095,2.763,4.0,0.376,0.58,0.022,nan,2
9.20209791010069e-06,13.0,-1.5,0.79126161,0.722,1.725,3.8071,2.752,4.0,0.373,0.581,0.013,nan,2
9.14463866621269e-06,13.0,-1.5,0.79130954,0.722,1.727,3.8039,2.737,4.0,0.369,0.583,0.002,nan,2
9.114951390188296e-06,13.0,-1.5,0.7913571,0.722,1.73,3.8,2.719,4.0,0.365,0.585,-0.012,nan,2
4.994165948704616e-06,13.0,-1.5,0.79140472,0.722,1.733,3.7957,2.698,4.0,0.36,0.588,-0.028,nan,2
1.1759991917771226e-06,13.0,-1.5,0.79140925,0.722,1.733,3.7952,2.696,4.0,0.359,0.588,-0.029,nan,2
5.137814058445882e-06,13.0,-1.5,0.791417,0.722,1.734,3.7945,2.693,4.0,0.358,0.588,-0.032,nan,2
8.676345828448938e-06,13.0,-1.5,0.7914629,0.722,1.737,3.7903,2.672,4.0,0.352,0.59,-0.048,nan,2
8.864046025165331e-06,13.0,-1.5,0.7915076,0.722,1.741,3.786,2.652,4.0,0.345,0.59,-0.065,nan,2
8.938743042245249e-06,13.0,-1.5,0.79155546,0.722,1.746,3.7818,2.63,4.0,0.337,0.59,-0.083,nan,2
8.533655372766802e-06,13.0,-1.5,0.79160094,0.722,1.75,3.778,2.61,4.0,0.328,0.588,-0.101,nan,2
8.482899707335237e-06,13.0,-1.5,0.79164457,0.722,1.755,3.7744,2.591,4.0,0.319,0.585,-0.118,nan,2
8.533655372745539e-06,13.0,-1.5,0.79168952,0.722,1.761,3.771,2.572,4.0,0.307,0.581,-0.138,nan,2
8.493433902049454e-06,13.0,-1.5,0.79173368,0.722,1.767,3.768,2.554,4.0,0.295,0.574,-0.157,nan,2
8.539401297142844e-06,13.0,-1.5,0.79177821,0.722,1.772,3.7656,2.539,4.0,0.283,0.566,-0.175,nan,2
8.57291918942502e-06,13.0,-1.5,0.79182285,0.722,1.778,3.7632,2.523,4.0,0.269,0.557,-0.194,nan,2
5.159840101975974e-06,13.0,-1.5,0.79186773,0.723,1.786,3.7607,2.506,4.0,0.252,0.544,-0.216,nan,2
5.269012665354669e-06,13.0,-1.5,0.79187673,0.723,1.788,3.7602,2.502,4.0,0.248,0.542,-0.221,nan,2
8.751042845486326e-06,13.0,-1.5,0.79192275,0.723,1.797,3.7572,2.48,4.0,0.227,0.526,-0.25,nan,2
7.996411442341703e-06,13.0,-1.5,0.79196811,0.723,1.811,3.7538,2.453,4.0,0.197,0.503,-0.287,nan,2
5.633878864094504e-06,13.0,-1.5,0.79200625,0.723,1.842,3.7467,2.394,4.0,0.123,0.443,-0.376,nan,2
2.8767928111043405e-06,13.0,-1.5,0.79202694,0.723,1.884,3.7389,2.32,4.0,0.026,0.362,-0.491,nan,2
1.295705949870035e-06,13.0,-1.5,0.79203629,0.723,1.928,3.7318,2.248,4.0,-0.076,0.274,-0.609,nan,2
5.879995958779293e-07,13.0,-1.5,0.79204047,0.723,1.97,3.7258,2.182,4.0,-0.177,0.187,-0.722,nan,2
2.6239721381757586e-07,13.0,-1.5,0.79204243,0.723,2.011,3.7209,2.122,4.0,-0.272,0.102,-0.829,nan,2
1.7142007760487104e-07,13.0,-1.5,0.79204321,0.723,2.035,3.7183,2.087,7.0,-0.33,0.05,-0.892,nan,2
1.8865785079678815e-07,13.0,-1.5,0.79204422,0.723,2.076,3.7145,2.03,7.0,-0.427,-0.038,-0.998,nan,2
1.714200776473994e-07,13.0,-1.5,0.79204518,0.723,2.112,3.7113,1.982,7.0,-0.512,-0.116,-1.09,nan,2
1.647164991484358e-07,13.0,-1.5,0.79204601,0.723,2.132,3.7097,1.956,7.0,-0.56,-0.159,-1.142,nan,2
2.1738747276205244e-07,13.0,-1.5,0.7920469,0.723,2.147,3.7085,1.936,7.0,-0.595,-0.191,-1.18,nan,2
3.658238528202291e-07,13.0,-1.5,0.79204828,0.723,2.151,3.7081,1.931,7.0,-0.605,-0.2,-1.191,nan,2
6.330093369121885e-07,13.0,-1.5,0.79205072,0.723,2.149,3.7084,1.934,7.0,-0.599,-0.195,-1.185,nan,2
2.7915615993314696e-06,13.0,-1.5,0.79205489,0.723,2.145,3.7087,1.939,7.0,-0.591,-0.187,-1.175,nan,2
3.842108108575845e-06,13.0,-1.5,0.79207987,0.723,2.155,3.7077,1.924,7.0,-0.614,-0.209,-1.201,nan,2
3.2186753122974814e-06,13.0,-1.5,0.79209501,0.723,2.169,3.7063,1.906,7.0,-0.646,-0.237,-1.236,nan,2
3.5672613919470573e-06,13.0,-1.5,0.79211348,0.723,2.21,3.7028,1.85,7.0,-0.744,-0.325,-1.342,nan,2
3.4140367415507044e-06,13.0,-1.5,0.79213226,0.723,2.252,3.6995,1.796,7.0,-0.842,-0.415,-1.448,nan,2
3.048212888709211e-06,13.0,-1.5,0.79214913,0.723,2.294,3.6962,1.74,7.0,-0.94,-0.504,-1.554,nan,2
2.6996268091021637e-06,13.0,-1.5,0.79216409,0.723,2.336,3.693,1.686,7.0,-1.038,-0.594,-1.66,nan,2
2.3797703513965874e-06,13.0,-1.5,0.79217732,0.723,2.377,3.6899,1.631,7.0,-1.136,-0.683,-1.766,nan,2
2.0943894400535816e-06,13.0,-1.5,0.79218894,0.723,2.419,3.6868,1.577,7.0,-1.232,-0.77,-1.869,nan,2
1.8779596213719229e-06,13.0,-1.5,0.79219919,0.723,2.46,3.6837,1.523,7.0,-1.329,-0.858,-1.975,nan,2
1.7189890465782646e-06,13.0,-1.5,0.79220855,0.723,2.503,3.6805,1.468,7.0,-1.429,-0.946,-2.084,nan,2
1.5868327856103468e-06,13.0,-1.5,0.79221714,0.723,2.545,3.6773,1.413,7.0,-1.527,-1.031,-2.192,nan,2
1.4719142978343464e-06,13.0,-1.5,0.79222512,0.723,2.588,3.674,1.357,7.0,-1.626,-1.117,-2.302,nan,2
1.3876407401206053e-06,13.0,-1.5,0.79223251,0.723,2.631,3.6707,1.3,7.0,-1.725,-1.2,-2.413,nan,2
1.3301814962113409e-06,13.0,-1.5,0.79223961,0.723,2.675,3.6673,1.243,7.0,-1.824,-1.283,-2.524,nan,2
1.2727222523233406e-06,13.0,-1.5,0.7922464,0.723,2.718,3.6639,1.186,7.0,-1.921,-1.363,-2.633,nan,2
1.1817451161531641e-06,13.0,-1.5,0.7922529,0.723,2.761,3.6605,1.13,7.0,-2.016,-1.441,-2.742,nan,2
1.0275628116764176e-06,13.0,-1.5,0.79225874,0.723,2.803,3.6571,1.074,7.0,-2.107,-1.514,-2.845,nan,2
8.618886584688523e-07,13.0,-1.5,0.79226363,0.723,2.843,3.6539,1.022,7.0,-2.192,-1.584,-2.94,nan,2
7.306900515388002e-07,13.0,-1.5,0.79226774,0.723,2.883,3.6507,0.969,7.0,-2.275,-1.653,-3.034,nan,2
6.559930345014112e-07,13.0,-1.5,0.79227126,0.723,2.923,3.6473,0.915,7.0,-2.359,-1.72,-3.13,nan,2
6.387552613094942e-07,13.0,-1.5,0.79227459,0.723,2.969,3.6435,0.854,7.0,-2.454,-1.796,-3.238,nan,2
6.052373690698463e-07,13.0,-1.5,0.79227793,0.723,3.019,3.6394,0.788,7.0,-2.555,-1.876,-3.353,nan,2
3.888075503456593e-07,13.0,-1.5,0.79228091,0.723,3.063,3.6356,0.729,7.0,-2.642,-1.943,-3.453,nan,2
1.1970675811417654e-07,13.0,-1.5,0.79228199,0.723,3.093,3.6329,0.688,7.0,-2.702,-1.989,-3.522,nan,2
4.500974107678764e-08,13.0,-1.5,0.79228216,0.723,3.101,3.6323,0.678,7.0,-2.717,-2.0,-3.539,nan,2
6.895109268261159e-08,13.0,-1.5,0.79228246,0.723,3.112,3.6314,0.663,7.0,-2.739,-2.017,-3.564,nan,2
6.32051682853059e-08,13.0,-1.5,0.79228288,0.723,3.135,3.6293,0.631,7.0,-2.784,-2.051,-3.617,nan,2
2.8729621944000096e-08,13.0,-1.5,0.79228312,0.723,3.41,3.6097,0.278,8.0,-3.323,-2.458,-4.232,nan,2
1.1491848773347203e-08,13.0,-1.5,0.79228318,0.723,3.262,3.6189,0.463,8.0,-3.031,-2.237,-3.9,nan,2
1.7237773170652898e-08,13.0,-1.5,0.79228324,0.723,3.116,3.6321,0.661,8.0,-2.754,-2.035,-3.578,nan,2
3.351789228217624e-08,13.0,-1.5,0.79228336,0.723,2.925,3.6494,0.921,8.0,-2.375,-1.743,-3.14,nan,2
4.500974103425925e-08,13.0,-1.5,0.79228359,0.722,2.932,3.6488,0.912,8.0,-2.388,-1.753,-3.155,nan,2
5.171331951195869e-08,13.0,-1.5,0.79228383,0.722,3.031,3.6399,0.777,8.0,-2.587,-1.909,-3.385,nan,2
6.32051682853059e-08,13.0,-1.5,0.79228413,0.722,3.182,3.6261,0.571,8.0,-2.88,-2.128,-3.724,nan,2
7.46970170586531e-08,13.0,-1.5,0.79228449,0.721,3.311,3.6144,0.394,8.0,-3.118,-2.293,-4.005,nan,2
7.948528739682924e-08,13.0,-1.5,0.79228491,0.72,3.396,3.6066,0.278,8.0,-3.267,-2.389,-4.184,nan,2
3.926381665821775e-08,13.0,-1.5,0.79228532,0.72,3.443,3.6024,0.214,8.0,-3.348,-2.438,-4.281,nan,2
0.0,13.0,-1.5,0.84765,0.55,-15.91107,0.72523,7.9447,10.0,14.48298,14.88147,13.91265,3.425,2
0.0013802441015886827,13.0,-1.5,0.84765,0.55,-15.91305,0.72476,7.94481,10.0,14.48835,14.88794,13.917,3.45,2
0.002023757882398473,13.0,-1.5,0.87056,0.552,-15.97,0.71171,7.95114,10.0,14.64375,15.07429,14.04336,4.3,2
0.001319159214085128,13.0,-1.5,0.87056,0.552,-15.97144,0.71137,7.95121,10.0,14.64771,15.07907,14.04656,4.325,2
0.001295958303986189,13.0,-1.5,0.89347,0.554,-16.0133,0.70185,7.95657,10.0,14.76339,15.21782,14.141,5.1,2
0.00127342003379179,13.0,-1.5,0.89347,0.554,-16.01473,0.70151,7.95663,10.0,14.76736,15.22264,14.14422,5.125,2
0.0018692565656701422,13.0,-1.5,0.91638,0.556,-16.05242,0.69288,7.96138,10.0,14.87132,15.34826,14.22966,5.775,2
0.001219805715201026,13.0,-1.5,0.91638,0.556,-16.05392,0.69252,7.96143,10.0,14.87549,15.35336,14.23307,5.8,2
0.0011993899651899878,13.0,-1.5,0.93929,0.558,-16.09049,0.6841,7.96587,10.0,14.97636,15.47606,14.31643,6.4,2
0.0017620141786598598,13.0,-1.5,0.93929,0.558,-16.09218,0.68368,7.96592,10.0,14.98103,15.48179,14.32025,6.425,2
0.001150734346063845,13.0,-1.5,0.9622,0.56,-16.13214,0.67434,7.97007,10.0,15.08972,15.61426,14.41003,6.975,2
0.0011321729745620895,13.0,-1.5,0.9622,0.56,-16.13004,0.67486,7.97003,10.0,15.08402,15.60725,14.40537,6.95,2
0.0016645165990806074,13.0,-1.5,0.98511,0.562,-16.17453,0.66433,7.97394,10.0,15.2035,15.75326,14.50381,7.45,2
0.0010878604057277738,13.0,-1.5,0.98511,0.562,-16.17707,0.6637,7.97397,10.0,15.21023,15.76156,14.50933,7.475,2
0.0010709271750171593,13.0,-1.5,1.00802,0.564,-16.22052,0.65339,7.97772,10.0,15.32258,15.89922,14.60217,7.9,2
0.001054422521556816,13.0,-1.5,1.00802,0.564,-16.22334,0.65269,7.97775,10.0,15.3297,15.908,14.60802,7.925,2
0.001551588463072683,13.0,-1.5,1.03093,0.566,-16.26618,0.64252,7.98143,10.0,15.43588,16.03845,14.69607,8.3,2
0.001014939477334747,13.0,-1.5,1.03093,0.566,-16.26941,0.64172,7.98146,10.0,15.4437,16.04815,14.70251,8.325,2
0.0009998214304978578,13.0,-1.5,1.05384,0.568,-16.31057,0.63195,7.98509,10.0,15.54047,16.16712,14.78344,8.65,2
0.0014721837708380997,13.0,-1.5,1.05384,0.568,-16.31411,0.63107,7.98512,10.0,15.54852,16.17709,14.79017,8.675,2
0.0009636023431150408,13.0,-1.5,1.07675,0.57,-16.35575,0.6212,7.98879,10.0,15.63983,16.28919,14.86758,8.975,2
0.0009497140249979845,13.0,-1.5,1.07675,0.57,-16.35973,0.62022,7.98883,10.0,15.6482,16.29957,14.87466,9.0,2
0.000936151425407408,13.0,-1.5,1.09966,0.572,-16.40157,0.61029,7.9925,10.0,15.73427,16.40508,14.94852,9.275,2
0.0013794839665596504,13.0,-1.5,1.09966,0.572,-16.40581,0.60924,7.99254,10.0,15.74274,16.4155,14.95578,9.3,2
0.0009036019008688047,13.0,-1.5,1.12257,0.574,-16.44909,0.59896,7.99621,10.0,15.82824,16.51894,15.03033,9.575,2
0.0008910991770186582,13.0,-1.5,1.12257,0.574,-16.4448,0.60002,7.99616,10.0,15.82,16.50892,15.02316,9.55,2
0.0013138197569690377,13.0,-1.5,1.14548,0.576,-16.48018,0.59171,7.9998,10.0,15.88751,16.58998,15.08258,9.775,2
0.0008610553298326597,13.0,-1.5,1.14548,0.576,-16.48458,0.59062,7.99986,10.0,15.89567,16.59984,15.08973,9.8,2
0.0008495006922080313,13.0,-1.5,1.16838,0.578,-16.51676,0.58309,8.00341,10.0,15.9555,16.67054,15.14317,10.0,2
0.0008381985173013361,13.0,-1.5,1.16838,0.578,-16.52133,0.58196,8.00345,10.0,15.96384,16.6804,15.15062,10.025,2
0.001236639808226793,13.0,-1.5,1.19129,0.58,-16.5455,0.57638,8.0068,10.0,16.00872,16.73218,15.19166,10.175,2
0.0008109983874465478,13.0,-1.5,1.19129,0.58,-16.55025,0.57519,8.00681,10.0,16.0174,16.74218,15.19958,10.2,2
0.0008005217940502175,13.0,-1.5,1.2142,0.582,-16.56569,0.57177,8.01004,10.0,16.04642,16.77467,15.22656,10.3,2
0.0011816195168669822,13.0,-1.5,1.2142,0.582,-16.57057,0.57055,8.01004,10.0,16.05527,16.78476,15.23473,10.325,2
0.0007752807666481696,13.0,-1.5,1.23711,0.584,-16.58647,0.56701,8.01327,10.0,16.08478,16.81761,15.26251,10.425,2
0.0007655482019460786,13.0,-1.5,1.23711,0.584,-16.5915,0.56575,8.01327,10.0,16.09376,16.82775,15.2709,10.45,2
0.0011305076126844828,13.0,-1.5,1.26002,0.586,-16.61312,0.56078,8.0165,10.0,16.1331,16.87117,15.30832,10.575,2
0.0007420753771125293,13.0,-1.5,1.26002,0.586,-16.60795,0.56207,8.0165,10.0,16.12392,16.86097,15.29961,10.55,2
0.000733015329344627,13.0,-1.5,1.28293,0.588,-16.62484,0.55829,8.01972,10.0,16.15482,16.89456,15.32926,10.65,2
0.0007241355266054714,13.0,-1.5,1.28293,0.588,-16.63013,0.55696,8.01972,10.0,16.16419,16.90482,15.33825,10.675,2
0.0010699358074116247,13.0,-1.5,1.30584,0.59,-16.64222,0.55438,8.02294,10.0,16.18647,16.92853,15.36001,10.75,2
0.0007026925324492323,13.0,-1.5,1.30584,0.59,-16.64763,0.55302,8.02294,10.0,16.19608,16.93885,15.36934,10.775,2
0.0006944057241498125,13.0,-1.5,1.32875,0.592,-16.66008,0.55035,8.02616,10.0,16.21914,16.96299,15.39209,10.85,2
0.0010264180966473295,13.0,-1.5,1.32875,0.592,-16.66563,0.54896,8.02616,10.0,16.22902,16.97339,15.40181,10.875,2
0.0006743763670069087,13.0,-1.5,1.35166,0.594,-16.67856,0.54617,8.02937,10.0,16.25289,16.99799,15.42562,10.95,2
0.0006666288720672617,13.0,-1.5,1.35166,0.594,-16.68426,0.54474,8.02937,10.0,16.26309,17.00847,15.43579,10.975,2
0.0006590264780108483,13.0,-1.5,1.37457,0.596,-16.69177,0.5433,8.03259,10.0,16.27753,17.0229,15.45032,11.025,2
0.0009745934312599257,13.0,-1.5,1.37457,0.596,-16.69761,0.54184,8.03259,10.0,16.28798,17.03349,15.46087,11.05,2
0.0006406309836562659,13.0,-1.5,1.39748,0.598,-16.71144,0.53882,8.03579,10.0,16.31361,17.05904,15.48701,11.125,2
0.0006335076870038418,13.0,-1.5,1.39748,0.598,-16.70545,0.54032,8.03579,10.0,16.3029,17.04832,15.47606,11.1,2
0.0009371869852358877,13.0,-1.5,1.42039,0.6,-16.72576,0.53568,8.039,10.0,16.34001,17.08512,15.5143,11.2,2
0.0006162574445493967,13.0,-1.5,1.42039,0.6,-16.71963,0.53721,8.039,10.0,16.32904,17.0743,15.50295,11.175,2
0.0006081518110681238,13.0,-1.5,1.4433,0.602,-16.73412,0.53403,8.0422,10.0,16.35589,17.1006,15.53076,11.25,2
0.0005960098920783145,13.0,-1.5,1.4433,0.602,-16.74039,0.53246,8.0422,10.0,16.36711,17.1115,15.54251,11.275,2
0.0008719541072986467,13.0,-1.5,1.46621,0.604,-16.74895,0.53076,8.04539,10.0,16.38331,17.12704,15.55947,11.325,2
0.000567048290680517,13.0,-1.5,1.46621,0.604,-16.75533,0.52916,8.04539,10.0,16.39478,17.138,15.5716,11.35,2
0.000555993479019809,13.0,-1.5,1.48912,0.606,-16.75753,0.52905,8.04857,10.0,16.39967,17.14267,15.57665,11.375,2
0.0008138897069447379,13.0,-1.5,1.48912,0.606,-16.76399,0.52744,8.04857,10.0,16.41128,17.15367,15.58898,11.4,2
0.0005295957348532786,13.0,-1.5,1.51203,0.608,-16.77271,0.52569,8.05174,10.0,16.42786,17.16932,15.60662,11.45,2
0.0005195084937378094,13.0,-1.5,1.51203,0.608,-16.77926,0.52405,8.05174,10.0,16.43971,17.18034,15.61934,11.475,2
0.0005096779725000396,13.0,-1.5,1.53494,0.61,-16.78151,0.52393,8.05491,10.0,16.44465,17.18501,15.6245,11.5,2
0.000746626311498586,13.0,-1.5,1.53494,0.61,-16.78812,0.52227,8.05491,10.0,16.45665,17.19605,15.63742,11.525,2
0.00048617205506565743,13.0,-1.5,1.55785,0.612,-16.79036,0.52215,8.05807,10.0,16.46156,17.20073,15.6426,11.55,2
0.000477177826245792,13.0,-1.5,1.55785,0.612,-16.79702,0.52048,8.05806,10.0,16.47369,17.21178,15.65575,11.575,2
0.000699387113366088,13.0,-1.5,1.58076,0.614,-16.80595,0.51868,8.06122,10.0,16.49096,17.2275,15.67431,11.625,2
0.00045565018206099127,13.0,-1.5,1.58076,0.614,-16.79924,0.52036,8.06122,10.0,16.47868,17.21643,15.66095,11.6,2
0.0004474047725123479,13.0,-1.5,1.60367,0.616,-16.80824,0.51855,8.06436,10.0,16.49595,17.23221,15.67958,11.65,2
0.0006560816193139388,13.0,-1.5,1.60367,0.616,-16.81499,0.51686,8.06436,10.0,16.50838,17.24328,15.69316,11.675,2
0.00042765064520334617,13.0,-1.5,1.62658,0.618,-16.81728,0.51672,8.0675,10.0,16.51346,17.24805,15.69848,11.7,2
0.00042007736737110173,13.0,-1.5,1.62658,0.618,-16.82407,0.51502,8.0675,10.0,16.52603,17.25913,15.71228,11.725,2
0.00041268337176815403,13.0,-1.5,1.64948,0.62,-16.82642,0.51487,8.07064,10.0,16.53119,17.26389,15.71768,11.75,2
0.0006055404979648461,13.0,-1.5,1.64948,0.62,-16.83325,0.51316,8.07064,10.0,16.54393,17.27497,15.7317,11.775,2
0.0003949484178520741,13.0,-1.5,1.67239,0.622,-16.83561,0.513,8.07377,10.0,16.54909,17.27975,15.73721,11.8,2
0.000388141380832307,13.0,-1.5,1.67239,0.622,-16.84249,0.51128,8.07377,10.0,16.56199,17.29084,15.75147,11.825,2
0.0005697907636143935,13.0,-1.5,1.6953,0.624,-16.83799,0.51284,8.07689,10.0,16.55435,17.28469,15.74281,11.825,2
0.0003718002059273744,13.0,-1.5,1.6953,0.624,-16.84491,0.51111,8.0769,10.0,16.56732,17.29582,15.75716,11.85,2
0.00036552275589719414,13.0,-1.5,1.71821,0.626,-16.85433,0.50919,8.08003,10.0,16.58587,17.31188,15.77751,11.9,2
0.0003593870282710837,13.0,-1.5,1.71821,0.626,-16.84733,0.51094,8.08002,10.0,16.5727,17.30074,15.76285,11.875,2
0.0005278762677098451,13.0,-1.5,1.74112,0.628,-16.84982,0.51075,8.08313,10.0,16.57809,17.30573,15.76858,11.9,2
0.0003446418449375992,13.0,-1.5,1.74112,0.628,-16.85686,0.50899,8.08315,10.0,16.59133,17.31692,15.78335,11.925,2
0.0003389715417044429,13.0,-1.5,1.76403,0.63,-16.85936,0.5088,8.08626,10.0,16.59682,17.32197,15.78928,11.95,2
0.0004980974749991668,13.0,-1.5,1.76403,0.63,-16.86649,0.50702,8.08629,10.0,16.61028,17.33318,15.80439,11.975,2
0.00032533415565029304,13.0,-1.5,1.78694,0.632,-16.86197,0.50858,8.08937,10.0,16.60255,17.32717,15.79532,11.975,2
0.0003200857675088335,13.0,-1.5,1.78694,0.632,-16.86913,0.5068,8.0894,10.0,16.61608,17.33843,15.81053,12.0,2
0.00031495062355553515,13.0,-1.5,1.80985,0.634,-16.86461,0.50835,8.09247,10.0,16.60833,17.33239,15.80147,12.0,2
0.0004630377725665459,13.0,-1.5,1.80985,0.634,-16.87182,0.50656,8.0925,10.0,16.62195,17.34369,15.81679,12.025,2
0.0003025884117426852,13.0,-1.5,1.83276,0.636,-16.8673,0.50811,8.09557,10.0,16.61418,17.33772,15.80768,12.025,2
0.0002978262159867733,13.0,-1.5,1.83276,0.636,-16.87455,0.50631,8.0956,10.0,16.62789,17.34907,15.82312,12.05,2
0.0004380287955473644,13.0,-1.5,1.85567,0.638,-16.8847,0.50421,8.09873,10.0,16.64791,17.36601,15.84556,12.1,2
0.0002863536036296473,13.0,-1.5,1.85567,0.638,-16.87736,0.50604,8.0987,10.0,16.63397,17.35462,15.82974,12.075,2
0.00028193094809864956,13.0,-1.5,1.87858,0.64,-16.88024,0.50575,8.10179,10.0,16.64023,17.36021,15.83644,12.1,2
0.0004148031934656706,13.0,-1.5,1.87858,0.64,-16.88763,0.50391,8.10182,10.0,16.65428,17.37165,15.85238,12.125,2
0.00027126896249352994,13.0,-1.5,1.90149,0.642,-16.88322,0.50544,8.10487,10.0,16.64661,17.36597,15.8433,12.125,2
0.0002671559777316177,13.0,-1.5,1.90149,0.642,-16.89065,0.50359,8.10491,10.0,16.66076,17.37746,15.85938,12.15,2
0.0002631264287843845,13.0,-1.5,1.9244,0.644,-16.88629,0.5051,8.10796,10.0,16.65325,17.37186,15.85049,12.15,2
0.00038731156408309484,13.0,-1.5,1.9244,0.644,-16.89377,0.50324,8.10799,10.0,16.6675,17.3834,15.8667,12.175,2
0.00025340386163097303,13.0,-1.5,1.94731,0.646,-16.88946,0.50475,8.11104,10.0,16.65998,17.37789,15.85781,12.175,2
0.0002496500933258012,13.0,-1.5,1.94731,0.646,-16.89698,0.50287,8.11107,10.0,16.67435,17.38949,15.87416,12.2,2
0.000367599083436209,13.0,-1.5,1.97022,0.648,-16.90032,0.50247,8.11415,10.0,16.68148,17.39574,15.88199,12.225,2
0.00024058718369996315,13.0,-1.5,1.97022,0.648,-16.89274,0.50436,8.11411,10.0,16.66701,17.38408,15.86548,12.2,2
0.0002370858916010528,13.0,-1.5,1.99313,0.65,-16.90376,0.50205,8.11722,10.0,16.68892,17.40225,15.88996,12.25,2
0.00023365278836649426,13.0,-1.5,1.99313,0.65,-16.89613,0.50394,8.11718,10.0,16.67432,17.39053,15.87329,12.225,2
0.0003441872031730772,13.0,-1.5,2.01604,0.652,-16.89208,0.50538,8.12022,10.0,16.66731,17.38536,15.86498,12.225,2
0.0002253575796052472,13.0,-1.5,2.01604,0.652,-16.8997,0.50349,8.12025,10.0,16.68186,17.39714,15.88152,12.25,2
0.00022215037633220122,13.0,-1.5,2.03895,0.654,-16.89569,0.50491,8.12329,10.0,16.67491,17.3921,15.87334,12.25,2
0.0003273452900521427,13.0,-1.5,2.03895,0.654,-16.90337,0.503,8.12332,10.0,16.68959,17.40394,15.89007,12.275,2
0.00021439645830409837,13.0,-1.5,2.06186,0.656,-16.8995,0.5044,8.12635,10.0,16.68293,17.39915,15.88202,12.275,2
0.0002113967894354741,13.0,-1.5,2.06186,0.656,-16.90724,0.50247,8.12638,10.0,16.69775,17.41105,15.89891,12.3,2
0.00020845329544314178,13.0,-1.5,2.08477,0.658,-16.90342,0.50385,8.12941,10.0,16.6912,17.40639,15.89113,12.3,2
0.000307280546274275,13.0,-1.5,2.08477,0.658,-16.91122,0.50191,8.12944,10.0,16.70616,17.41837,15.90822,12.325,2
0.000201331783280559,13.0,-1.5,2.10767,0.66,-16.90757,0.50325,8.13247,10.0,16.69985,17.41388,15.90063,12.325,2
0.00019857478128366957,13.0,-1.5,2.10767,0.66,-16.91543,0.50129,8.13249,10.0,16.71497,17.42594,15.91794,12.35,2
0.0002928030277041491,13.0,-1.5,2.13058,0.662,-16.91185,0.50261,8.13552,10.0,16.70891,17.42172,15.91059,12.35,2
0.00019190085506471185,13.0,-1.5,2.13058,0.662,-16.90398,0.50457,8.13549,10.0,16.69383,17.40961,15.8934,12.325,2
0.00018931573723816655,13.0,-1.5,2.15349,0.664,-16.90847,0.50389,8.13854,10.0,16.70313,17.41756,15.90357,12.35,2
0.00018677723965049103,13.0,-1.5,2.15349,0.664,-16.9164,0.50191,8.13857,10.0,16.71838,17.42975,15.921,12.375,2
0.0002755055775587739,13.0,-1.5,2.1764,0.666,-16.91312,0.50316,8.14159,10.0,16.71284,17.42594,15.91425,12.375,2
0.0001806281283584261,13.0,-1.5,2.1764,0.666,-16.92113,0.50116,8.14162,10.0,16.72827,17.43821,15.93193,12.4,2
0.00017824470524138987,13.0,-1.5,2.19931,0.668,-16.90998,0.50437,8.14462,10.0,16.70754,17.42228,15.90786,12.375,2
0.0002629899923211987,13.0,-1.5,2.19931,0.668,-16.918,0.50237,8.14464,10.0,16.72295,17.43462,15.92544,12.4,2
0.00017246833467773385,13.0,-1.5,2.22222,0.67,-16.91503,0.50355,8.14766,10.0,16.71793,17.43121,15.91937,12.4,2
0.00017022826724514208,13.0,-1.5,2.22222,0.67,-16.92313,0.50153,8.14768,10.0,16.73353,17.44364,15.93722,12.425,2
0.0002512272585935325,13.0,-1.5,2.24513,0.672,-16.92034,0.50266,8.1507,10.0,16.72881,17.44056,15.93152,12.425,2
0.0001647966839299685,13.0,-1.5,2.24513,0.672,-16.92853,0.50061,8.15072,10.0,16.74464,17.45309,15.94967,12.45,2
0.0001626893034817534,13.0,-1.5,2.26804,0.674,-16.92589,0.5017,8.15374,10.0,16.74044,17.45025,15.94428,12.45,2
0.00016061800831868785,13.0,-1.5,2.26804,0.674,-16.91769,0.50375,8.15372,10.0,16.72462,17.43765,15.92618,12.425,2
0.00023712037325329807,13.0,-1.5,2.29095,0.676,-16.92347,0.50274,8.15676,10.0,16.7364,17.44773,15.93926,12.45,2
0.00015559261956503455,13.0,-1.5,2.29095,0.676,-16.93178,0.50067,8.15677,10.0,16.75246,17.46043,15.95767,12.475,2
0.00015364166450708026,13.0,-1.5,2.31386,0.678,-16.92124,0.50374,8.15978,10.0,16.73286,17.44542,15.93481,12.45,2
0.00022687592847167777,13.0,-1.5,2.31386,0.678,-16.92956,0.50166,8.15979,10.0,16.74893,17.4582,15.9532,12.475,2
0.00014890609839265546,13.0,-1.5,2.33677,0.68,-16.92748,0.50261,8.16281,10.0,16.74576,17.45628,15.94909,12.475,2
0.000147066828026201,13.0,-1.5,2.33677,0.68,-16.93592,0.50051,8.16282,10.0,16.7621,17.46919,15.96786,12.5,2
0.00014525798307049852,13.0,-1.5,2.35968,0.682,-16.92567,0.5035,8.16583,10.0,16.743,17.45459,15.94553,12.475,2
0.0002145604000725342,13.0,-1.5,2.35968,0.682,-16.93414,0.50139,8.16584,10.0,16.75937,17.46758,15.96429,12.5,2
0.00014086488771343354,13.0,-1.5,2.38259,0.684,-16.93256,0.50222,8.16885,10.0,16.75706,17.46643,15.96123,12.5,2
0.00013915767415864855,13.0,-1.5,2.38259,0.684,-16.94116,0.50007,8.16886,10.0,16.77373,17.47956,15.9804,12.525,2
0.00020559595119998142,13.0,-1.5,2.4055,0.686,-16.93986,0.50083,8.17188,10.0,16.77188,17.47877,15.97783,12.525,2
0.00013500965211558596,13.0,-1.5,2.4055,0.686,-16.93123,0.50299,8.17187,10.0,16.75515,17.46555,15.95864,12.5,2
0.00013339699742976726,13.0,-1.5,2.42841,0.688,-16.93879,0.50154,8.1749,10.0,16.77056,17.47833,15.97593,12.525,2
0.00013181014374295097,13.0,-1.5,2.42841,0.688,-16.94757,0.49935,8.1749,10.0,16.78763,17.49169,15.99559,12.55,2
0.00019479503651526764,13.0,-1.5,2.45132,0.69,-16.938,0.50218,8.17791,10.0,16.76962,17.47827,15.97444,12.525,2
0.00012795252951494334,13.0,-1.5,2.45132,0.69,-16.94683,0.49997,8.17792,10.0,16.78678,17.49175,15.99417,12.55,2
0.0001264519920805149,13.0,-1.5,2.47423,0.692,-16.94632,0.50054,8.18093,10.0,16.78653,17.4922,15.99342,12.55,2
0.00018691591709957107,13.0,-1.5,2.47423,0.692,-16.9553,0.49829,8.18094,10.0,16.80406,17.50585,16.01367,12.575,2
0.0001228027651697036,13.0,-1.5,2.49714,0.694,-16.9461,0.50103,8.18395,10.0,16.78681,17.493,15.99338,12.55,2
0.00012138272608200318,13.0,-1.5,2.49714,0.694,-16.95516,0.49877,8.18395,10.0,16.80446,17.50678,16.01375,12.575,2
0.000179459517887923,13.0,-1.5,2.52005,0.696,-16.94619,0.50145,8.18697,10.0,16.78775,17.49437,15.9939,12.55,2
0.00011792793609323454,13.0,-1.5,2.52005,0.696,-16.95532,0.49917,8.18697,10.0,16.80555,17.50828,16.01442,12.575,2
0.00011658304320310414,13.0,-1.5,2.54296,0.698,-16.95579,0.49949,8.18998,10.0,16.80712,17.51019,16.0158,12.575,2
0.0001152586977643575,13.0,-1.5,2.54296,0.698,-16.9651,0.49717,8.18999,10.0,16.82536,17.52429,16.03693,12.6,2
0.00017044888181609702,13.0,-1.5,2.56586,0.7,-16.96595,0.4974,8.193,10.0,16.82776,17.52677,16.03931,12.6,2
0.00011203517297003168,13.0,-1.5,2.56586,0.7,-16.95654,0.49975,8.193,10.0,16.80934,17.51251,16.01798,12.575,2
0.00011077970806012044,13.0,-1.5,2.58877,0.702,-16.95754,0.49994,8.19601,10.0,16.81194,17.51532,16.02061,12.575,2
0.00016385670005838817,13.0,-1.5,2.58877,0.702,-16.96704,0.49757,8.19601,10.0,16.83055,17.52973,16.04214,12.6,2
0.00010772273665470418,13.0,-1.5,2.61168,0.704,-16.9681,0.49775,8.19902,10.0,16.83339,17.53252,16.04482,12.6,2
0.00010653171032437082,13.0,-1.5,2.61168,0.704,-16.97779,0.49532,8.19902,10.0,16.85245,17.54712,16.06701,12.625,2
0.00010535832756852092,13.0,-1.5,2.63459,0.706,-16.96912,0.49793,8.20203,10.0,16.83618,17.53531,16.04758,12.6,2
0.000155875190682376,13.0,-1.5,2.63459,0.706,-16.97891,0.49549,8.20203,10.0,16.85544,17.55008,16.06998,12.625,2
0.00010249993220031193,13.0,-1.5,2.6575,0.708,-16.97019,0.49811,8.20503,10.0,16.8389,17.53813,16.0503,12.6,2
0.00010138577287378509,13.0,-1.5,2.6575,0.708,-16.98008,0.49564,8.20503,10.0,16.85836,17.55305,16.07292,12.625,2
0.00015002502702908863,13.0,-1.5,2.68041,0.71,-16.98118,0.49581,8.20802,10.0,16.86123,17.55599,16.07578,12.625,2
9.867072420249081e-05,13.0,-1.5,2.68041,0.71,-16.99124,0.49329,8.20802,10.0,16.88114,17.57107,16.09903,12.65,2
9.761208064889079e-05,13.0,-1.5,2.70332,0.712,-16.99247,0.49343,8.21101,10.0,16.88431,17.57419,16.10218,12.65,2
9.656865697843797e-05,13.0,-1.5,2.70332,0.712,-16.9823,0.49597,8.21102,10.0,16.86421,17.55895,16.07871,12.625,2
0.00014292918693179746,13.0,-1.5,2.72623,0.714,-16.98344,0.49613,8.21401,10.0,16.86705,17.56179,16.08162,12.625,2
9.40249016917287e-05,13.0,-1.5,2.72623,0.714,-16.99371,0.49356,8.21401,10.0,16.88735,17.57719,16.10532,12.65,2
9.30326289198424e-05,13.0,-1.5,2.74914,0.716,-16.99489,0.49371,8.21699,10.0,16.8905,17.58039,16.10833,12.65,2
0.00013771906069295773,13.0,-1.5,2.74914,0.716,-17.00532,0.4911,8.21699,10.0,16.91119,17.59594,16.13261,12.675,2
9.061279863262805e-05,13.0,-1.5,2.77205,0.718,-16.99616,0.49383,8.21998,10.0,16.89359,17.58347,16.11143,12.65,2
8.966856534147449e-05,13.0,-1.5,2.77205,0.718,-17.00668,0.4912,8.21997,10.0,16.91449,17.59917,16.13593,12.675,2
8.873751811724606e-05,13.0,-1.5,2.79496,0.72,-16.9973,0.49399,8.22296,10.0,16.89664,17.58653,16.1146,12.65,2
0.00017473349095008988,13.0,-1.5,2.79496,0.72,-17.00793,0.49133,8.22295,10.0,16.91773,17.60239,16.13933,12.675,2
0.0001287008470383836,13.0,-1.5,2.82873,0.722,-17.00923,0.49145,8.22593,10.0,16.92098,17.60561,16.14246,12.675,2
4.679946489387502e-05,13.0,-1.5,2.82873,0.722,-17.01997,0.48876,8.22592,10.0,16.94241,17.62156,16.16769,12.7,2
4.656037436715719e-05,13.0,-1.5,2.83978,0.724,-17.02144,0.48884,8.2289,10.0,16.94592,17.62496,16.17137,12.7,2
8.384239595783983e-05,13.0,-1.5,2.83978,0.724,-17.0106,0.49155,8.22891,10.0,16.92429,17.60884,16.1459,12.675,2
4.585288605695461e-05,13.0,-1.5,2.85083,0.726,-17.01188,0.49168,8.23188,10.0,16.92757,17.61206,16.14925,12.675,2
4.562027116680589e-05,13.0,-1.5,2.85083,0.726,-17.02281,0.48894,8.23187,10.0,16.94938,17.62831,16.17495,12.7,2
4.538924063773373e-05,13.0,-1.5,2.86188,0.728,-17.01319,0.49179,8.23485,10.0,16.9308,17.61529,16.15253,12.675,2
4.5159780934461296e-05,13.0,-1.5,2.86188,0.728,-17.02423,0.48903,8.23484,10.0,16.95282,17.63169,16.17847,12.7,2
4.493187866070123e-05,13.0,-1.5,2.87293,0.73,-17.01448,0.49191,8.23782,10.0,16.93404,17.61855,16.15588,12.675,2
4.470552055749736e-05,13.0,-1.5,2.87293,0.73,-17.02562,0.48913,8.23781,10.0,16.95625,17.6351,16.18204,12.7,2
4.448069350158104e-05,13.0,-1.5,2.88398,0.732,-17.0158,0.49203,8.24079,10.0,16.93736,17.62169,16.159,12.675,2
4.425738450374215e-05,13.0,-1.5,2.88398,0.732,-17.02703,0.48922,8.24078,10.0,16.95975,17.63838,16.1854,12.7,2
7.970240851987203e-05,13.0,-1.5,2.89503,0.734,-17.01707,0.49215,8.24375,10.0,16.94065,17.62497,16.16246,12.675,2
4.3596437944081906e-05,13.0,-1.5,2.89503,0.734,-17.0284,0.48932,8.24374,10.0,16.96324,17.64181,16.18906,12.7,2
4.337907391218512e-05,13.0,-1.5,2.90608,0.736,-17.0412,0.48656,8.2467,10.0,16.98947,17.66207,16.21958,12.725,2
4.31631649480429e-05,13.0,-1.5,2.90608,0.736,-17.02982,0.48941,8.2467,10.0,16.96664,17.64522,16.19256,12.7,2
4.2948698834000606e-05,13.0,-1.5,2.91713,0.738,-17.03122,0.48951,8.24966,10.0,16.97009,17.64854,16.19611,12.7,2
4.2735663475702895e-05,13.0,-1.5,2.91713,0.738,-17.0427,0.48663,8.24966,10.0,16.99309,17.66554,16.22333,12.725,2
4.2524046900675145e-05,13.0,-1.5,2.92818,0.74,-17.03258,0.48961,8.25262,10.0,16.97362,17.65193,16.19954,12.7,2
4.2313837256864926e-05,13.0,-1.5,2.92818,0.74,-17.04415,0.48672,8.25262,10.0,16.99683,17.66907,16.22701,12.725,2
4.21050228112312e-05,13.0,-1.5,2.93923,0.742,-17.03399,0.48971,8.25558,10.0,16.97703,17.65533,16.20318,12.7,2
4.189759194835651e-05,13.0,-1.5,2.93923,0.742,-17.04566,0.48679,8.25557,10.0,17.00041,17.67262,16.23085,12.725,2
7.54597885413054e-05,13.0,-1.5,2.95028,0.744,-17.0354,0.4898,8.25853,10.0,16.98053,17.65875,16.2066,12.7,2
4.128348643764679e-05,13.0,-1.5,2.95028,0.744,-17.04715,0.48686,8.25853,10.0,17.0041,17.67615,16.23448,12.725,2
4.1081476056239455e-05,13.0,-1.5,2.96133,0.746,-17.03684,0.48989,8.26149,10.0,16.98408,17.66214,16.21027,12.7,2
4.088079289726085e-05,13.0,-1.5,2.96133,0.746,-17.04868,0.48692,8.26148,10.0,17.00783,17.67968,16.23838,12.725,2
4.068142602273783e-05,13.0,-1.5,2.97238,0.748,-17.05016,0.487,8.26443,10.0,17.01152,17.68319,16.24215,12.725,2
4.048336460305416e-05,13.0,-1.5,2.97238,0.748,-17.03823,0.48999,8.26444,10.0,16.9876,17.66552,16.21385,12.7,2
4.0286597915704354e-05,13.0,-1.5,2.98343,0.75,-17.05163,0.48708,8.26738,10.0,17.01511,17.68677,16.24577,12.725,2
4.009111534405683e-05,13.0,-1.5,2.98343,0.75,-17.03962,0.49009,8.26739,10.0,16.99103,17.66895,16.21726,12.7,2
3.9896906376126265e-05,13.0,-1.5,2.99448,0.752,-17.04104,0.49018,8.27034,10.0,16.99461,17.6724,16.22088,12.7,2
3.966802941730415e-05,13.0,-1.5,2.99448,0.752,-17.05313,0.48715,8.27033,10.0,17.01886,17.69034,16.2496,12.725,2
7.151541668688417e-05,13.0,-1.5,3.00552,0.754,-17.04246,0.49027,8.27329,10.0,16.99809,17.67582,16.22459,12.7,2
3.9132599897581335e-05,13.0,-1.5,3.00552,0.754,-17.05465,0.48722,8.27328,10.0,17.02251,17.69388,16.25351,12.725,2
3.8944604847761515e-05,13.0,-1.5,3.01657,0.756,-17.05618,0.48729,8.27623,10.0,17.02623,17.69749,16.25729,12.725,2
3.87578224610408e-05,13.0,-1.5,3.01657,0.756,-17.06835,0.48425,8.27622,10.0,17.05078,17.71546,16.28649,12.75,2
3.85722429251287e-05,13.0,-1.5,3.02762,0.758,-17.05769,0.48736,8.27917,10.0,17.02989,17.70107,16.26105,12.725,2
3.838785652318523e-05,13.0,-1.5,3.02762,0.758,-17.06994,0.4843,8.27917,10.0,17.0546,17.71917,16.29044,12.75,2
3.8204653632728314e-05,13.0,-1.5,3.03867,0.76,-17.0592,0.48744,8.28212,10.0,17.03365,17.70464,16.26497,12.725,2
3.802262472456393e-05,13.0,-1.5,3.03867,0.76,-17.07152,0.48435,8.28211,10.0,17.0585,17.72286,16.29455,12.75,2
3.7841760361736836e-05,13.0,-1.5,3.04972,0.762,-17.06073,0.4875,8.28506,10.0,17.03734,17.70822,16.26872,12.725,2
6.816660850405233e-05,13.0,-1.5,3.04972,0.762,-17.07313,0.4844,8.28506,10.0,17.06235,17.72655,16.29848,12.75,2
3.730606153747724e-05,13.0,-1.5,3.06077,0.764,-17.07479,0.48444,8.288,10.0,17.06625,17.73028,16.30261,12.75,2
3.712976279495778e-05,13.0,-1.5,3.06077,0.764,-17.06231,0.48756,8.28801,10.0,17.04109,17.71185,16.27266,12.725,2
3.695458276051612e-05,13.0,-1.5,3.07182,0.766,-17.06381,0.48764,8.29095,10.0,17.04496,17.71548,16.27639,12.725,2
3.678051252918321e-05,13.0,-1.5,3.07182,0.766,-17.07635,0.4845,8.29095,10.0,17.07028,17.73402,16.30652,12.75,2
3.6607543281201375e-05,13.0,-1.5,3.08287,0.768,-17.06534,0.48771,8.29389,10.0,17.04876,17.71901,16.28035,12.725,2
3.6435666281078696e-05,13.0,-1.5,3.08287,0.768,-17.07795,0.48455,8.29389,10.0,17.07423,17.73765,16.31066,12.75,2
3.626487287664604e-05,13.0,-1.5,3.09392,0.77,-17.06695,0.48776,8.29684,10.0,17.05229,17.72269,16.28429,12.725,2
3.6095154498137176e-05,13.0,-1.5,3.09392,0.77,-17.07964,0.48459,8.29683,10.0,17.07788,17.74143,16.31475,12.75,2
3.5926502657243534e-05,13.0,-1.5,3.10497,0.772,-17.0685,0.48782,8.29978,10.0,17.05625,17.72636,16.28801,12.725,2
6.472200714252677e-05,13.0,-1.5,3.10497,0.772,-17.08125,0.48464,8.29977,10.0,17.08197,17.74521,16.31862,12.75,2
3.54268626805747e-05,13.0,-1.5,3.11602,0.774,-17.07007,0.48789,8.30272,10.0,17.06008,17.73009,16.29202,12.725,2
3.526239370534159e-05,13.0,-1.5,3.11602,0.774,-17.08288,0.48468,8.30272,10.0,17.08595,17.74903,16.32281,12.75,2
3.5098950017158164e-05,13.0,-1.5,3.12707,0.776,-17.09728,0.48154,8.30566,10.0,17.11596,17.77167,16.35806,12.775,2
3.49365235980018e-05,13.0,-1.5,3.12707,0.776,-17.0845,0.48473,8.30566,10.0,17.09001,17.75282,16.32703,12.75,2
3.477510650522875e-05,13.0,-1.5,3.13812,0.778,-17.08616,0.48477,8.3086,10.0,17.09398,17.75661,16.33092,12.75,2
3.461469087074669e-05,13.0,-1.5,3.13812,0.778,-17.09901,0.48156,8.3086,10.0,17.12007,17.77556,16.36211,12.775,2
3.445526890020374e-05,13.0,-1.5,3.14917,0.78,-17.08778,0.48483,8.31154,10.0,17.09794,17.76037,16.33523,12.75,2
3.42968328721815e-05,13.0,-1.5,3.14917,0.78,-17.10069,0.4816,8.31154,10.0,17.12417,17.77942,16.36661,12.775,2
6.179072423057262e-05,13.0,-1.5,3.16022,0.782,-17.08942,0.48487,8.31449,10.0,17.10194,17.76416,16.33941,12.75,2
3.3827364306309695e-05,13.0,-1.5,3.16022,0.782,-17.1024,0.48163,8.31449,10.0,17.12831,17.78329,16.37095,12.775,2
3.3672796265076247e-05,13.0,-1.5,3.17127,0.784,-17.09108,0.48492,8.31743,10.0,17.10584,17.76795,16.34355,12.75,2
3.351917662566957e-05,13.0,-1.5,3.17127,0.784,-17.10411,0.48166,8.31743,10.0,17.13231,17.78717,16.37523,12.775,2
3.3366498087861157e-05,13.0,-1.5,3.18232,0.786,-17.09277,0.48495,8.32037,10.0,17.11002,17.77189,16.34769,12.75,2
3.321475341897645e-05,13.0,-1.5,3.18232,0.786,-17.10587,0.48168,8.32037,10.0,17.13663,17.79121,16.37952,12.775,2
3.3063935453170775e-05,13.0,-1.5,3.19337,0.788,-17.10752,0.48173,8.32332,10.0,17.14076,17.79505,16.38372,12.775,2
3.2914037090708255e-05,13.0,-1.5,3.19337,0.788,-17.09438,0.48501,8.32332,10.0,17.11404,17.77566,16.35176,12.75,2
3.276505129724391e-05,13.0,-1.5,3.20442,0.79,-17.09606,0.48505,8.32626,10.0,17.11808,17.77957,16.35611,12.75,2
3.2616971103120254e-05,13.0,-1.5,3.20442,0.79,-17.10926,0.48175,8.32626,10.0,17.14491,17.79904,16.38822,12.775,2
5.876884995960055e-05,13.0,-1.5,3.21547,0.792,-17.0978,0.48508,8.32921,10.0,17.12213,17.78346,16.36035,12.75,2
3.217809537608501e-05,13.0,-1.5,3.21547,0.792,-17.11105,0.48177,8.32921,10.0,17.14908,17.80301,16.39261,12.775,2
3.203356915245818e-05,13.0,-1.5,3.22652,0.794,-17.0995,0.48512,8.33216,10.0,17.12631,17.78735,16.36454,12.75,2
3.188991462623838e-05,13.0,-1.5,3.22652,0.794,-17.11279,0.48179,8.33215,10.0,17.15335,17.80697,16.39691,12.775,2
3.174712520162271e-05,13.0,-1.5,3.23757,0.796,-17.10119,0.48516,8.3351,10.0,17.13044,17.79126,16.36872,12.75,2
3.160519434280807e-05,13.0,-1.5,3.23757,0.796,-17.11453,0.48182,8.3351,10.0,17.15758,17.81096,16.40119,12.775,2
3.146411557335389e-05,13.0,-1.5,3.24862,0.798,-17.11621,0.48187,8.33805,10.0,17.16183,17.81482,16.4058,12.775,2
3.132388247555806e-05,13.0,-1.5,3.24862,0.798,-17.10283,0.48521,8.33805,10.0,17.13459,17.79507,16.37319,12.75,2
3.118448868983483e-05,13.0,-1.5,3.25967,0.8,-17.13154,0.4785,8.341,10.0,17.19375,17.83891,16.44341,12.8,2
5.619172473139206e-05,13.0,-1.5,3.25967,0.8,-17.11798,0.48189,8.341,10.0,17.16602,17.81893,16.41011,12.775,2
3.077128046805884e-05,13.0,-1.5,3.27072,0.802,-17.11996,0.48186,8.34395,10.0,17.17059,17.82322,16.41504,12.775,2
3.063518147565537e-05,13.0,-1.5,3.27072,0.802,-17.13359,0.47846,8.34395,10.0,17.19847,17.84331,16.44852,12.8,2
3.049989084783657e-05,13.0,-1.5,3.28177,0.804,-17.12224,0.48176,8.34689,10.0,17.17597,17.8279,16.42058,12.775,2
3.0365402561044935e-05,13.0,-1.5,3.28177,0.804,-17.13594,0.47833,8.34689,10.0,17.20402,17.84811,16.45426,12.8,2
3.0231710645691733e-05,13.0,-1.5,3.29282,0.806,-17.12485,0.48157,8.34983,10.0,17.18185,17.83319,16.42725,12.775,2
3.0098809185585585e-05,13.0,-1.5,3.29282,0.806,-17.13865,0.47812,8.34983,10.0,17.21008,17.85353,16.46118,12.8,2
2.9966692317381433e-05,13.0,-1.5,3.30387,0.808,-17.12771,0.48132,8.35277,10.0,17.18866,17.83894,16.43447,12.775,2
2.9835354230022656e-05,13.0,-1.5,3.30387,0.808,-17.1416,0.47785,8.35277,10.0,17.21712,17.85942,16.46867,12.8,2
2.9704789164196517e-05,13.0,-1.5,3.31492,0.81,-17.13108,0.48095,8.35571,10.0,17.19604,17.84526,16.44262,12.775,2
5.352939622045624e-05,13.0,-1.5,3.31492,0.81,-17.14508,0.47745,8.35571,10.0,17.22475,17.86592,16.47712,12.8,2
2.9317675267763988e-05,13.0,-1.5,3.32597,0.812,-17.14885,0.47697,8.35864,10.0,17.23298,17.87276,16.48657,12.8,2
2.919014571120424e-05,13.0,-1.5,3.32597,0.812,-17.13471,0.4805,8.35864,10.0,17.204,17.85192,16.45173,12.775,2
2.9063361137213707e-05,13.0,-1.5,3.33702,0.814,-17.13865,0.47999,8.36157,10.0,17.21282,17.85929,16.46166,12.775,2
2.8937316085885043e-05,13.0,-1.5,3.33702,0.814,-17.15292,0.47642,8.36157,10.0,17.24212,17.88034,16.49692,12.8,2
2.8812005145419584e-05,13.0,-1.5,3.34807,0.816,-17.1429,0.47939,8.3645,10.0,17.22218,17.86713,16.47213,12.775,2
2.8687422951632307e-05,13.0,-1.5,3.34807,0.816,-17.15735,0.47577,8.3645,10.0,17.25185,17.88842,16.50785,12.8,2
2.856356418746766e-05,13.0,-1.5,3.35912,0.818,-17.14749,0.4787,8.36743,10.0,17.23253,17.87543,16.48382,12.775,2
2.8440423582516094e-05,13.0,-1.5,3.35912,0.818,-17.16213,0.47504,8.36743,10.0,17.26268,17.89699,16.52013,12.8,2
5.125429124439907e-05,13.0,-1.5,3.37017,0.82,-17.15255,0.47791,8.37035,10.0,17.24347,17.88422,16.49629,12.775,2
2.8075258708467417e-05,13.0,-1.5,3.37017,0.82,-17.16741,0.47419,8.37035,10.0,17.27414,17.9061,16.53332,12.8,2
2.7954938952503728e-05,13.0,-1.5,3.38122,0.822,-17.1579,0.47704,8.37328,10.0,17.25507,17.89356,16.50968,12.775,2
2.78353116868144e-05,13.0,-1.5,3.38122,0.822,-17.17302,0.47326,8.37328,10.0,17.28638,17.91579,16.54753,12.8,2
2.771637191100438e-05,13.0,-1.5,3.39227,0.824,-17.17897,0.47223,8.3762,10.0,17.29954,17.92608,16.56254,12.8,2
2.7573138998710533e-05,13.0,-1.5,3.39227,0.824,-17.16356,0.47609,8.3762,10.0,17.26752,17.90348,16.52376,12.775,2
2.745566578159987e-05,13.0,-1.5,3.40331,0.826,-17.16973,0.47501,8.37912,10.0,17.28076,17.91392,16.53917,12.775,2
2.7363628167499925e-05,13.0,-1.5,3.40331,0.826,-17.18545,0.47108,8.37912,10.0,17.31351,17.93694,16.57894,12.8,2
2.7247389208986456e-05,13.0,-1.5,3.41436,0.828,-17.19224,0.46985,8.38204,10.0,17.32836,17.94836,16.59618,12.8,2
2.7131813380867557e-05,13.0,-1.5,3.41436,0.828,-17.20885,0.4657,8.38204,10.0,17.36347,17.97251,16.6392,12.825,2
4.8899359161502765e-05,13.0,-1.5,3.42541,0.83,-17.19944,0.46852,8.38496,10.0,17.34421,17.96039,16.61458,12.8,2
2.6789017418583263e-05,13.0,-1.5,3.42541,0.83,-17.21634,0.46429,8.38496,10.0,17.38006,17.98493,16.65858,12.825,2
2.6676047054349363e-05,13.0,-1.5,3.43646,0.832,-17.20705,0.46709,8.38788,10.0,17.3609,17.97287,16.63432,12.8,2
2.656371649284354e-05,13.0,-1.5,3.43646,0.832,-17.22423,0.46279,8.38788,10.0,17.39746,17.99778,16.67929,12.825,2
2.6452021187836482e-05,13.0,-1.5,3.44751,0.834,-17.21499,0.46557,8.39079,10.0,17.37833,17.98612,16.65531,12.8,2
2.6340956631938224e-05,13.0,-1.5,3.44751,0.834,-17.23245,0.4612,8.39079,10.0,17.41562,18.01139,16.70125,12.825,2
2.62305183562107e-05,13.0,-1.5,3.45856,0.836,-17.24121,0.45948,8.39371,10.0,17.43483,18.02547,16.72398,12.825,2
2.6120701929789223e-05,13.0,-1.5,3.45856,0.836,-17.22347,0.46392,8.39371,10.0,17.39691,17.99987,16.67707,12.8,2
2.6011502959503726e-05,13.0,-1.5,3.46961,0.838,-17.23225,0.46219,8.39663,10.0,17.41627,18.0141,16.70018,12.8,2
4.6883107854297004e-05,13.0,-1.5,3.46961,0.838,-17.25024,0.45769,8.39663,10.0,17.45484,18.04001,16.748,12.825,2
2.5687567411282917e-05,13.0,-1.5,3.48066,0.84,-17.24147,0.46036,8.39954,10.0,17.43628,18.02895,16.72434,12.8,2
2.55807950746418e-05,13.0,-1.5,3.48066,0.84,-17.25968,0.45581,8.39954,10.0,17.47539,18.05512,16.77297,12.825,2
2.5474618780700978e-05,13.0,-1.5,3.49171,0.842,-17.25094,0.45846,8.40246,10.0,17.45744,18.04424,16.7494,12.8,2
2.5369034354723033e-05,13.0,-1.5,3.49171,0.842,-17.26936,0.45386,8.40246,10.0,17.49708,18.07061,16.79878,12.825,2
2.5264037657131357e-05,13.0,-1.5,3.50276,0.844,-17.26077,0.45648,8.40538,10.0,17.47914,18.06002,16.77556,12.8,2
2.515962458316436e-05,13.0,-1.5,3.50276,0.844,-17.27932,0.45184,8.40538,10.0,17.5192,18.08658,16.8256,12.825,2
2.505579106252902e-05,13.0,-1.5,3.51381,0.846,-17.27101,0.45439,8.4083,10.0,17.50159,18.07617,16.80283,12.8,2
2.4952533059062895e-05,13.0,-1.5,3.51381,0.846,-17.28971,0.44971,8.4083,10.0,17.54197,18.10287,16.85353,12.825,2
2.484984657040431e-05,13.0,-1.5,3.52486,0.848,-17.2814,0.45226,8.41122,10.0,17.52475,18.09264,16.83082,12.8,2
4.479226719938877e-05,13.0,-1.5,3.52486,0.848,-17.30017,0.44757,8.41122,10.0,17.56539,18.11938,16.882,12.825,2
2.4545176669729847e-05,13.0,-1.5,3.53591,0.85,-17.31097,0.44535,8.41413,10.0,17.58952,18.13624,16.91132,12.825,2
2.4444736881168468e-05,13.0,-1.5,3.53591,0.85,-17.29212,0.45006,8.41413,10.0,17.54862,18.10949,16.85971,12.8,2
2.4344849091143298e-05,13.0,-1.5,3.54696,0.852,-17.30309,0.44779,8.41706,10.0,17.5727,18.12678,16.88924,12.8,2
2.424550949327233e-05,13.0,-1.5,3.54696,0.852,-17.32195,0.44308,8.41706,10.0,17.61365,18.15352,16.94114,12.825,2
2.4146714312732105e-05,13.0,-1.5,3.55801,0.854,-17.31422,0.44548,8.41998,10.0,17.59758,18.14413,16.91957,12.8,2
2.4048459805952222e-05,13.0,-1.5,3.55801,0.854,-17.33305,0.44078,8.41998,10.0,17.63855,18.17079,16.9717,12.825,2
2.3950742260317286e-05,13.0,-1.5,3.56906,0.856,-17.32558,0.44312,8.4229,10.0,17.62276,18.16189,16.9505,12.8,2
2.385355799386809e-05,13.0,-1.5,3.56906,0.856,-17.34436,0.43843,8.4229,10.0,17.6637,18.18845,17.00285,12.825,2
4.29989200995496e-05,13.0,-1.5,3.58011,0.858,-17.33698,0.44075,8.42583,10.0,17.64825,18.17985,16.98196,12.8,2
2.3565168503640402e-05,13.0,-1.5,3.58011,0.858,-17.35584,0.43603,8.42583,10.0,17.68944,18.20636,17.03487,12.825,2
2.347008113711892e-05,13.0,-1.5,3.59116,0.86,-17.34861,0.43832,8.42876,10.0,17.67404,18.1978,17.01402,12.8,2
2.3375509089554e-05,13.0,-1.5,3.59116,0.86,-17.36768,0.43355,8.42875,10.0,17.71581,18.22443,17.06803,12.825,2
2.328144885681148e-05,13.0,-1.5,3.60221,0.862,-17.39929,0.42613,8.43167,10.0,17.78582,18.26968,17.15863,12.85,2
2.3187896963411193e-05,13.0,-1.5,3.60221,0.862,-17.37974,0.43102,8.43168,10.0,17.74277,18.2429,17.1021,12.825,2
2.309484996225331e-05,13.0,-1.5,3.61326,0.864,-17.39198,0.42844,8.43461,10.0,17.77039,18.26147,17.13695,12.825,2
2.3002304434343607e-05,13.0,-1.5,3.61326,0.864,-17.4117,0.42351,8.4346,10.0,17.81389,18.2884,17.19432,12.85,2
2.291025698852582e-05,13.0,-1.5,3.62431,0.866,-17.40459,0.42577,8.43754,10.0,17.79863,18.28046,17.17277,12.825,2
2.2818704261220983e-05,13.0,-1.5,3.62431,0.866,-17.42443,0.42081,8.43754,10.0,17.84247,18.3075,17.2308,12.85,2
4.113600527812852e-05,13.0,-1.5,3.63536,0.868,-17.4174,0.42305,8.44048,10.0,17.82723,18.29969,17.20959,12.825,2
2.2546981162753404e-05,13.0,-1.5,3.63536,0.868,-17.43733,0.41806,8.44047,10.0,17.87136,18.32679,17.26821,12.85,2
2.245737421611306e-05,13.0,-1.5,3.64641,0.87,-17.43029,0.42031,8.44342,10.0,17.85622,18.31909,17.24715,12.825,2
6.060803148492905e-05,13.0,-1.5,3.64641,0.87,-17.45028,0.41531,8.44341,10.0,17.9005,18.34625,17.3062,12.85,2
5.9891708549873735e-05,13.0,-1.5,3.67665,0.872,-17.44349,0.4175,8.44636,10.0,17.88581,18.33871,17.28483,12.825,2
3.953545797215267e-05,13.0,-1.5,3.67665,0.872,-17.46347,0.4125,8.44635,10.0,17.93018,18.36596,17.34416,12.85,2
5.872292651625254e-05,13.0,-1.5,3.7006,0.874,-17.47663,0.4097,8.4493,10.0,17.9601,18.38577,17.38309,12.85,2
3.876651690650667e-05,13.0,-1.5,3.7006,0.874,-17.45672,0.41468,8.4493,10.0,17.91582,18.35854,17.32366,12.825,2
3.846457177099318e-05,13.0,-1.5,3.72455,0.876,-17.46999,0.41185,8.45225,10.0,17.94588,18.37857,17.3623,12.825,2
5.713759981613913e-05,13.0,-1.5,3.72455,0.876,-17.48976,0.40691,8.45225,10.0,17.99,18.40578,17.42165,12.85,2
3.7723419966796566e-05,13.0,-1.5,3.7485,0.878,-17.48342,0.40898,8.45521,10.0,17.97618,18.39878,17.40189,12.825,2
5.604029153619735e-05,13.0,-1.5,3.7485,0.878,-17.50305,0.40407,8.4552,10.0,18.02,18.42596,17.46093,12.85,2
3.700134817403463e-05,13.0,-1.5,3.77246,0.88,-17.49675,0.40614,8.45816,10.0,18.00636,18.41903,17.44128,12.825,2
3.6717723718405626e-05,13.0,-1.5,3.77246,0.88,-17.51608,0.40131,8.45816,10.0,18.04971,18.4461,17.4998,12.85,2
5.455115877300268e-05,13.0,-1.5,3.79641,0.882,-17.51008,0.4033,8.46113,10.0,18.03663,18.43931,17.48067,12.825,2
3.602133922022701e-05,13.0,-1.5,3.79641,0.882,-17.52906,0.39856,8.46113,10.0,18.07939,18.46626,17.53851,12.85,2
5.351991754784071e-05,13.0,-1.5,3.82036,0.884,-17.52331,0.40049,8.46409,10.0,18.06655,18.45967,17.51981,12.825,2
3.5342602610261666e-05,13.0,-1.5,3.82036,0.884,-17.5419,0.39584,8.46409,10.0,18.10858,18.48639,17.57669,12.85,2
3.507592359362725e-05,13.0,-1.5,3.84431,0.886,-17.57228,0.38875,8.46707,10.0,18.17779,18.53191,17.66886,12.875,2
5.2119757627927924e-05,13.0,-1.5,3.84431,0.886,-17.55459,0.39317,8.46707,10.0,18.13782,18.50634,17.61465,12.85,2
3.442096083396788e-05,13.0,-1.5,3.86826,0.888,-17.56715,0.39053,8.47004,10.0,18.16653,18.52622,17.65229,12.85,2
5.114966172508175e-05,13.0,-1.5,3.86826,0.888,-17.58458,0.38617,8.47004,10.0,18.20594,18.55147,17.70578,12.875,2
3.3782341312991795e-05,13.0,-1.5,3.89222,0.89,-17.57953,0.38793,8.47302,10.0,18.19499,18.54587,17.68928,12.85,2
3.353135491645496e-05,13.0,-1.5,3.89222,0.89,-17.59674,0.38363,8.47302,10.0,18.23394,18.57087,17.74229,12.875,2
4.983189639692097e-05,13.0,-1.5,3.91617,0.892,-17.5919,0.38534,8.47601,10.0,18.2233,18.56537,17.72662,12.85,2
3.291476484682697e-05,13.0,-1.5,3.91617,0.892,-17.60892,0.38109,8.47601,10.0,18.26191,18.59024,17.77923,12.875,2
4.891845894048763e-05,13.0,-1.5,3.94012,0.894,-17.60415,0.38279,8.479,10.0,18.25147,18.58508,17.76342,12.85,2
3.231332776822077e-05,13.0,-1.5,3.94012,0.894,-17.62103,0.37857,8.479,10.0,18.28986,18.60987,17.81587,12.875,2
3.20768910397723e-05,13.0,-1.5,3.96407,0.896,-17.61632,0.38025,8.48199,10.0,18.2796,18.60458,17.80034,12.85,2
4.767708686385385e-05,13.0,-1.5,3.96407,0.896,-17.63311,0.37605,8.48199,10.0,18.31794,18.62938,17.85278,12.875,2
3.149589085145429e-05,13.0,-1.5,3.98802,0.898,-17.64537,0.3735,8.48499,10.0,18.3464,18.64932,17.89043,12.875,2
3.126745330415931e-05,13.0,-1.5,3.98802,0.898,-17.62857,0.3777,8.48499,10.0,18.30798,18.62436,17.83769,12.85,2
4.647771450959145e-05,13.0,-1.5,4.01198,0.9,-17.6577,0.37092,8.488,10.0,18.37501,18.66949,17.92846,12.875,2
3.070602500070133e-05,13.0,-1.5,4.01198,0.9,-17.64084,0.37514,8.488,10.0,18.33631,18.64424,17.87514,12.85,2
4.5645750008545545e-05,13.0,-1.5,4.03593,0.902,-17.65335,0.37252,8.49101,10.0,18.36507,18.66442,17.91325,12.85,2
3.0158071333856443e-05,13.0,-1.5,4.03593,0.902,-17.67034,0.36827,8.49101,10.0,18.40425,18.69008,17.96742,12.875,2
2.994257180827082e-05,13.0,-1.5,4.05988,0.904,-17.66596,0.36988,8.49402,10.0,18.39436,18.68507,17.95228,12.85,2
4.451430862030233e-05,13.0,-1.5,4.05988,0.904,-17.68319,0.36557,8.49402,10.0,18.43421,18.7113,18.00763,12.875,2
2.9412807420237646e-05,13.0,-1.5,4.08383,0.906,-17.67892,0.36715,8.49703,10.0,18.42498,18.70654,17.99271,12.85,2
4.372912516794048e-05,13.0,-1.5,4.08383,0.906,-17.69652,0.36275,8.49703,10.0,18.46579,18.7335,18.04959,12.875,2
2.889557261516408e-05,13.0,-1.5,4.10778,0.908,-17.69237,0.36431,8.50004,10.0,18.45643,18.72865,18.03504,12.85,2
2.8692103629038584e-05,13.0,-1.5,4.10778,0.908,-17.71042,0.35979,8.50004,10.0,18.49846,18.75657,18.09384,12.875,2
4.2660849845561425e-05,13.0,-1.5,4.13174,0.91,-17.72501,0.35666,8.50305,10.0,18.53272,18.78087,18.14036,12.875,2
2.8191791425953047e-05,13.0,-1.5,4.13174,0.91,-17.74459,0.35176,8.50305,10.0,18.57847,18.81158,18.20507,12.9,2
4.191918943996568e-05,13.0,-1.5,4.15569,0.912,-17.76056,0.34828,8.50606,10.0,18.61616,18.83832,18.25714,12.9,2
2.770314243283048e-05,13.0,-1.5,4.15569,0.912,-17.74035,0.35334,8.50606,10.0,18.56884,18.80644,18.18989,12.875,2
2.7510872062701595e-05,13.0,-1.5,4.17964,0.914,-17.75655,0.3498,8.50907,10.0,18.60695,18.83361,18.24215,12.875,2
4.0909712034875076e-05,13.0,-1.5,4.17964,0.914,-17.77711,0.34466,8.50907,10.0,18.65526,18.86631,18.31128,12.9,2
2.703798371561807e-05,13.0,-1.5,4.20359,0.916,-17.77336,0.34612,8.51208,10.0,18.64677,18.86174,18.29731,12.875,2
4.020858604727559e-05,13.0,-1.5,4.20359,0.916,-17.79433,0.34087,8.51208,10.0,18.69634,18.89546,18.36863,12.9,2
2.6575963332175195e-05,13.0,-1.5,4.22754,0.918,-17.7908,0.34227,8.5151,10.0,18.68799,18.89121,18.35467,12.875,2
2.6394127958446212e-05,13.0,-1.5,4.22754,0.918,-17.81232,0.33689,8.5151,10.0,18.7391,18.92617,18.42871,12.9,2
3.925389706585575e-05,13.0,-1.5,4.2515,0.92,-17.80897,0.33825,8.51811,10.0,18.73149,18.92213,18.41576,12.875,2
2.594680100113303e-05,13.0,-1.5,4.2515,0.92,-17.83119,0.33269,8.51811,10.0,18.7845,18.95863,18.49307,12.9,2
3.85905605543182e-05,13.0,-1.5,4.27545,0.922,-17.85119,0.32821,8.52113,10.0,18.83263,18.99344,18.56206,12.9,2
2.5509611152754265e-05,13.0,-1.5,4.27545,0.922,-17.82811,0.33398,8.52113,10.0,18.77734,18.95509,18.48104,12.875,2
2.533750899135871e-05,13.0,-1.5,4.2994,0.924,-17.87239,0.32343,8.52415,10.0,18.88374,19.03067,18.63614,12.9,2
3.768697519195631e-05,13.0,-1.5,4.2994,0.924,-17.84828,0.32946,8.52415,10.0,18.82578,18.99014,18.55059,12.875,2
2.49140311755098e-05,13.0,-1.5,4.32335,0.926,-17.86999,0.32455,8.52717,10.0,18.87784,19.02766,18.62506,12.875,2
3.7058903981091544e-05,13.0,-1.5,4.32335,0.926,-17.89539,0.3182,8.52717,10.0,18.93889,19.07072,18.71578,12.9,2
2.4500017990712404e-05,13.0,-1.5,4.34731,0.928,-17.89305,0.31931,8.5302,10.0,18.93372,19.06837,18.70569,12.875,2
2.4337003316586244e-05,13.0,-1.5,4.34731,0.928,-17.91994,0.31259,8.5302,10.0,18.99846,19.11445,18.80223,12.9,2
3.620303178917332e-05,13.0,-1.5,4.37126,0.93,-17.91787,0.31363,8.53322,10.0,18.99412,19.11245,18.79371,12.875,2
2.3935798633747845e-05,13.0,-1.5,4.37126,0.93,-17.94649,0.30647,8.53322,10.0,19.06302,19.16199,18.89707,12.9,2
3.560790198482928e-05,13.0,-1.5,4.39521,0.932,-17.94517,0.30733,8.53625,10.0,19.05924,19.16045,18.88987,12.875,2
2.3543439100758783e-05,13.0,-1.5,4.39521,0.932,-17.97587,0.29965,8.53625,10.0,19.13286,19.21386,19.00085,12.9,2
2.3388917080880607e-05,13.0,-1.5,4.41916,0.934,-17.97475,0.30046,8.53928,10.0,19.13048,19.21316,18.99476,12.875,2
3.4796619738777214e-05,13.0,-1.5,4.41916,0.934,-18.00803,0.29214,8.53928,10.0,19.21015,19.27182,19.11672,12.9,2
2.3008533253720275e-05,13.0,-1.5,4.44311,0.936,-18.04328,0.28385,8.54232,10.0,19.29519,19.33679,19.2469,12.9,2
3.4232289390157535e-05,13.0,-1.5,4.44311,0.936,-18.00713,0.29289,8.54232,10.0,19.20841,19.27179,19.1121,12.875,2
2.263642327195124e-05,13.0,-1.5,4.46707,0.938,-18.04327,0.28438,8.54536,10.0,19.2945,19.3376,19.24358,12.875,2
2.2489845336440385e-05,13.0,-1.5,4.46707,0.938,-18.08232,0.27462,8.54536,10.0,19.38897,19.40956,19.39154,12.9,2
3.3462716782971863e-05,13.0,-1.5,4.49102,0.94,-18.0828,0.27503,8.5484,10.0,19.39034,19.41109,19.39155,12.875,2
2.212894260764303e-05,13.0,-1.5,4.49102,0.94,-18.12494,0.26449,8.5484,10.0,19.49265,19.49046,19.55284,12.9,2
2.1986762293617646e-05,13.0,-1.5,4.51497,0.942,-18.17127,0.25344,8.55144,10.0,19.60592,19.58174,19.72986,12.9,2
3.271623342022133e-05,13.0,-1.5,4.51497,0.942,-18.21953,0.24137,8.55144,10.0,19.72486,19.67752,19.91625,12.925,2
2.1636645960907496e-05,13.0,-1.5,4.53892,0.944,-18.22184,0.24133,8.55449,10.0,19.73173,19.68302,19.92359,12.9,2
3.2196687276035705e-05,13.0,-1.5,4.53892,0.944,-18.27459,0.22814,8.55449,10.0,19.86527,19.7945,20.13243,12.925,2
2.1293987030015162e-05,13.0,-1.5,4.56287,0.946,-18.27821,0.22777,8.55754,10.0,19.87432,19.80263,20.1434,12.9,2
2.1158966852176852e-05,13.0,-1.5,4.56287,0.946,-18.33641,0.21322,8.55754,10.0,20.0246,19.93218,20.37791,12.925,2
3.1487797389174856e-05,13.0,-1.5,4.58683,0.948,-18.40509,0.19658,8.5606,10.0,20.20193,20.08852,20.65264,12.925,2
2.082641623801791e-05,13.0,-1.5,4.58683,0.948,-18.34119,0.21256,8.5606,10.0,20.03674,19.94322,20.39471,12.9,2
3.099424782711906e-05,13.0,-1.5,4.61078,0.95,-18.41125,0.19558,8.56366,10.0,20.21751,20.10381,20.67528,12.9,2
0.0,13.0,-1.5,0.84765,0.55,-15.83497,0.7496,7.96611,11.0,14.26868,14.57693,13.78877,3.425,2
0.00034506102539717066,13.0,-1.5,0.84765,0.55,-15.83755,0.74897,7.96615,11.0,14.27497,14.58429,13.79394,3.45,2
0.0005059394705996183,13.0,-1.5,0.87056,0.552,-15.91324,0.73083,7.97084,11.0,14.46232,14.80277,13.94827,4.3,2
0.000329789803521282,13.0,-1.5,0.87056,0.552,-15.91525,0.73033,7.97088,11.0,14.46736,14.80866,13.95239,4.325,2
0.00032398957599654723,13.0,-1.5,0.89347,0.554,-15.98332,0.71402,7.97527,11.0,14.64009,15.00999,14.09484,5.1,2
0.0003183550084479475,13.0,-1.5,0.89347,0.554,-15.98579,0.71341,7.97531,11.0,14.64643,15.01741,14.10007,5.125,2
0.00046731414141753554,13.0,-1.5,0.91638,0.556,-16.05981,0.69552,7.97933,11.0,14.83895,15.2431,14.25952,5.775,2
0.0003049514288002565,13.0,-1.5,0.91638,0.556,-16.06345,0.69461,7.97934,11.0,14.84857,15.25451,14.26743,5.8,2
0.00029984749129749694,13.0,-1.5,0.93929,0.558,-16.16331,0.67018,7.98305,11.0,15.11776,15.57503,14.48922,6.4,2
0.00044050354466496495,13.0,-1.5,0.93929,0.558,-16.16815,0.66898,7.98308,11.0,15.13111,15.5911,14.50014,6.425,2
0.00028768358651596124,13.0,-1.5,0.9622,0.56,-16.27741,0.64228,7.98706,11.0,15.43878,15.95941,14.75533,6.975,2
0.0002830432436405224,13.0,-1.5,0.9622,0.56,-16.27212,0.64359,7.98704,11.0,15.42354,15.94122,14.74256,6.95,2
0.00041612914977015185,13.0,-1.5,0.98511,0.562,-16.37676,0.6179,7.99046,11.0,15.73106,16.31088,15.00071,7.45,2
0.00027196510143194345,13.0,-1.5,0.98511,0.562,-16.38227,0.61652,7.99046,11.0,15.74765,16.33114,15.01453,7.475,2
0.00026773179375428984,13.0,-1.5,1.00802,0.564,-16.47448,0.59395,7.99392,11.0,16.02614,16.66977,15.24935,7.9,2
0.000263605630389204,13.0,-1.5,1.00802,0.564,-16.4802,0.59254,7.99399,11.0,16.04338,16.69066,15.264,7.925,2
0.00038789711576817077,13.0,-1.5,1.03093,0.566,-16.56503,0.57196,7.99804,11.0,16.30301,17.00544,15.48616,8.3,2
0.0002537348693336868,13.0,-1.5,1.03093,0.566,-16.57106,0.57045,7.99804,11.0,16.32213,17.02886,15.5025,8.325,2
0.00024995535762446444,13.0,-1.5,1.05384,0.568,-16.6487,0.55147,8.00131,11.0,16.57183,17.33515,15.71701,8.65,2
0.0003680459427095249,13.0,-1.5,1.05384,0.568,-16.65508,0.54988,8.00131,11.0,16.59275,17.36091,15.73501,8.675,2
0.0002409005857787602,13.0,-1.5,1.07675,0.57,-16.73017,0.53154,8.00457,11.0,16.84141,17.66561,15.95051,8.975,2
0.0,13.0,-1.5,1.07675,0.57,-16.73684,0.52987,8.00456,11.0,16.86394,17.69331,15.97008,9.0,2
0.0029037100125217006,13.0,-0.8999999999999999,0.09,0.09,-3.253,3.4371,5.345,1.0,14.261,16.88,12.855,nan,2
0.0041720370169476585,13.0,-0.8999999999999999,0.09654367,0.097,-3.099,3.4586,5.308,1.0,13.707,15.903,12.366,nan,2
0.00787062147913198,13.0,-0.8999999999999999,0.1,0.1,-3.022,3.4694,5.29,1.0,13.428,15.425,12.125,nan,2
0.016447724855718722,13.0,-0.8999999999999999,0.12,0.12,-2.742,3.5031,5.223,1.0,12.465,13.946,11.29,nan,2
0.010767704268811898,13.0,-0.8999999999999999,0.14,0.14,-2.556,3.5216,5.178,1.0,11.865,13.137,10.76,nan,2
0.01343982771689607,13.0,-0.8999999999999999,0.16,0.16,-2.413,3.5333,5.141,1.0,11.434,12.604,10.369,nan,2
0.01604311324591461,13.0,-0.8999999999999999,0.20000002,0.2,-2.191,3.5483,5.075,1.0,10.792,11.852,9.774,nan,2
0.014063599798356712,13.0,-0.8999999999999999,0.25,0.25,-1.985,3.5599,5.013,1.0,10.214,11.2,9.231,nan,2
0.011455776832101413,13.0,-0.8999999999999999,0.30000004,0.3,-1.826,3.5689,4.969,1.0,9.773,10.709,8.815,nan,2
0.009637244042061356,13.0,-0.8999999999999999,0.35000002,0.35,-1.693,3.5763,4.932,1.0,9.407,10.307,8.469,nan,2
0.008299658318973844,13.0,-0.8999999999999999,0.40000001,0.4,-1.538,3.5878,4.881,1.0,8.972,9.82,8.064,nan,2
0.006587938535516263,13.0,-0.8999999999999999,0.44999999,0.45,-1.36,3.6044,4.82,1.0,8.465,9.244,7.597,nan,2
0.007098883051598206,13.0,-0.8999999999999999,0.5,0.5,-1.157,3.6308,4.769,1.0,7.872,8.549,7.07,nan,2
0.0028670472251903323,13.0,-0.8999999999999999,0.55000007,0.55,-0.927,3.6654,4.719,1.0,7.181,7.727,6.476,nan,2
0.0026701750798248224,13.0,-0.8999999999999999,0.55554003,0.555,-0.903,3.6691,4.714,1.0,7.109,7.643,6.415,nan,2
0.00249456761030496,13.0,-0.8999999999999999,0.60000002,0.6,-0.716,3.6971,4.672,1.0,6.566,7.017,5.94,nan,2
0.0009528233195546761,13.0,-0.8999999999999999,0.60295928,0.603,-0.703,3.6991,4.67,1.0,6.529,6.976,5.908,nan,2
0.0013843357116239585,13.0,-0.8999999999999999,0.62048751,0.62,-0.627,3.7109,4.653,1.0,6.317,6.735,5.722,nan,2
0.0013333524081952234,13.0,-0.8999999999999999,0.63759857,0.637,-0.553,3.7221,4.636,1.0,6.114,6.507,5.544,nan,2
0.0012853814865501684,13.0,-0.8999999999999999,0.64999998,0.65,-0.499,3.7301,4.623,1.0,5.969,6.345,5.416,nan,2
0.0008316477682249395,13.0,-0.8999999999999999,0.66193002,0.662,-0.447,3.7371,4.606,1.0,5.832,6.194,5.292,nan,2
0.001211477943648292,13.0,-0.8999999999999999,0.67415673,0.674,-0.392,3.7441,4.587,1.0,5.691,6.038,5.165,nan,2
0.0007847013259703638,13.0,-0.8999999999999999,0.68613869,0.686,-0.338,3.7507,4.567,1.0,5.551,5.885,5.04,nan,2
0.000531672432088296,13.0,-0.8999999999999999,0.69680721,0.697,-0.289,3.7564,4.547,1.0,5.425,5.748,4.926,nan,2
0.00013660381951703643,13.0,-0.8999999999999999,0.70000005,0.7,-0.274,3.7581,4.541,1.0,5.387,5.706,4.892,nan,2
0.00033361175341271377,13.0,-0.8999999999999999,0.70040876,0.7,-0.272,3.7583,4.54,1.0,5.383,5.701,4.888,nan,2
0.0007501933960407371,13.0,-0.8999999999999999,0.70889407,0.709,-0.231,3.7626,4.521,1.0,5.279,5.589,4.794,nan,2
0.0007338633931774996,13.0,-0.8999999999999999,0.71704793,0.717,-0.19,3.7666,4.502,1.0,5.177,5.479,4.7,nan,2
0.0007181091126799885,13.0,-0.8999999999999999,0.7278592,0.727,-0.134,3.7718,4.473,1.0,5.037,5.329,4.572,nan,2
0.0007029027031313005,13.0,-0.8999999999999999,0.73801613,0.738,-0.079,3.7763,4.442,1.0,4.9,5.183,4.445,nan,2
0.0004123757618305056,13.0,-0.8999999999999999,0.74736381,0.747,-0.025,3.7802,4.409,1.0,4.766,5.041,4.32,nan,2
0.00015705802939554073,13.0,-0.8999999999999999,0.75,0.749,-0.009,3.7812,4.399,1.0,4.727,5.0,4.283,nan,2
0.00040932051219408886,13.0,-0.8999999999999999,0.75197595,0.751,0.003,3.7819,4.391,1.0,4.698,4.97,4.255,nan,2
0.0006671158697773044,13.0,-0.8999999999999999,0.76214546,0.761,0.067,3.785,4.345,1.0,4.537,4.803,4.102,nan,2
0.0006536311636991715,13.0,-0.8999999999999999,0.77167529,0.771,0.131,3.7873,4.296,1.0,4.378,4.64,3.948,nan,2
0.0003297153113156634,13.0,-0.8999999999999999,0.78007972,0.779,0.191,3.7887,4.246,1.0,4.227,4.486,3.801,nan,2
0.00016572209108241178,13.0,-0.8999999999999999,0.78196943,0.781,0.205,3.789,4.233,1.0,4.192,4.45,3.766,nan,2
0.000318008730008706,13.0,-0.8999999999999999,0.78530568,0.784,0.232,3.7889,4.208,1.0,4.124,4.382,3.699,nan,2
0.0003787969392871418,13.0,-0.8999999999999999,0.79199767,0.791,0.291,3.7877,4.148,1.0,3.977,4.236,3.55,nan,2
0.00022198350787599254,13.0,-0.8999999999999999,0.7973699,0.796,0.342,3.7853,4.09,1.0,3.848,4.111,3.416,nan,2
8.097451342964654e-05,13.0,-0.8999999999999999,0.79913759,0.798,0.362,3.7835,4.064,2.0,3.798,4.065,3.363,nan,2
4.477610949791182e-05,13.0,-0.8999999999999999,0.80000001,0.799,0.371,3.7826,4.051,2.0,3.774,4.042,3.337,nan,2
0.00012204671167397132,13.0,-0.8999999999999999,0.80059195,0.799,0.378,3.782,4.042,2.0,3.758,4.027,3.319,nan,2
0.00017551526529055634,13.0,-0.8999999999999999,0.80400294,0.803,0.42,3.7759,3.978,2.0,3.653,3.932,3.202,nan,2
0.00012294351646834666,13.0,-0.8999999999999999,0.80634856,0.805,0.452,3.7685,3.918,2.0,3.575,3.868,3.108,nan,2
9.484502282727721e-05,13.0,-0.8999999999999999,0.80807447,0.807,0.476,3.7599,3.86,2.0,3.516,3.825,3.031,nan,2
7.59650357777207e-05,13.0,-0.8999999999999999,0.80948955,0.808,0.501,3.7506,3.799,2.0,3.46,3.786,2.956,nan,2
5.95778682469303e-05,13.0,-0.8999999999999999,0.81059021,0.809,0.53,3.7425,3.738,2.0,3.393,3.735,2.872,nan,2
4.777354888691583e-05,13.0,-0.8999999999999999,0.81148165,0.81,0.565,3.7364,3.679,2.0,3.312,3.665,2.779,nan,2
3.1580666509722345e-05,13.0,-0.8999999999999999,0.81218761,0.811,0.6,3.7324,3.628,2.0,3.227,3.588,2.687,nan,2
1.4114640288704481e-05,13.0,-0.8999999999999999,0.81253761,0.811,0.62,3.7305,3.601,2.0,3.18,3.544,2.636,nan,2
2.2840326167797047e-05,13.0,-0.8999999999999999,0.81265956,0.811,0.628,3.73,3.591,2.0,3.16,3.526,2.615,nan,2
3.536331234872294e-05,13.0,-0.8999999999999999,0.81330132,0.812,0.672,3.7275,3.537,3.0,3.054,3.424,2.504,nan,2
3.411558951188596e-05,13.0,-0.8999999999999999,0.813842,0.812,0.713,3.7256,3.489,3.0,2.955,3.329,2.402,nan,2
3.4528905178353013e-05,13.0,-0.8999999999999999,0.81444204,0.813,0.762,3.7237,3.433,3.0,2.836,3.214,2.279,nan,2
3.32240598434748e-05,13.0,-0.8999999999999999,0.81499654,0.813,0.81,3.722,3.378,3.0,2.717,3.097,2.157,nan,2
3.107899674548957e-05,13.0,-0.8999999999999999,0.81555295,0.814,0.864,3.7204,3.318,3.0,2.586,2.97,2.023,nan,2
2.6979209153916067e-05,13.0,-0.8999999999999999,0.8160457,0.814,0.915,3.7189,3.261,3.0,2.459,2.845,1.893,nan,2
2.2076052779949323e-05,13.0,-0.8999999999999999,0.81646371,0.814,0.963,3.7175,3.208,3.0,2.342,2.731,1.773,nan,2
2.042517732851143e-05,13.0,-0.8999999999999999,0.81679094,0.815,1.003,3.7163,3.163,3.0,2.243,2.635,1.672,nan,2
2.0991860396626873e-05,13.0,-0.8999999999999999,0.81715322,0.815,1.051,3.7148,3.109,3.0,2.126,2.52,1.552,nan,2
1.9552787555593814e-05,13.0,-0.8999999999999999,0.81749958,0.815,1.102,3.7132,3.052,3.0,2.002,2.4,1.425,nan,2
1.7405731163704696e-05,13.0,-0.8999999999999999,0.81781328,0.815,1.152,3.7115,2.995,3.0,1.88,2.281,1.299,nan,2
1.544766787033794e-05,13.0,-0.8999999999999999,0.81808716,0.816,1.2,3.7098,2.94,3.0,1.763,2.168,1.178,nan,2
1.3930983443393121e-05,13.0,-0.8999999999999999,0.81833476,0.816,1.248,3.708,2.886,3.0,1.648,2.057,1.06,nan,2
1.2723264222948916e-05,13.0,-0.8999999999999999,0.81855744,0.816,1.294,3.7063,2.833,3.0,1.535,1.948,0.943,nan,2
1.1547537564644963e-05,13.0,-0.8999999999999999,0.81876427,0.816,1.341,3.7044,2.778,3.0,1.421,1.838,0.825,nan,2
1.0477267870411992e-05,13.0,-0.8999999999999999,0.81894726,0.816,1.387,3.7025,2.725,3.0,1.311,1.732,0.711,nan,2
9.527266511569462e-06,13.0,-0.8999999999999999,0.81911796,0.816,1.433,3.7005,2.671,3.0,1.2,1.625,0.596,nan,2
8.454034543063394e-06,13.0,-0.8999999999999999,0.81926888,0.816,1.478,3.6985,2.618,3.0,1.093,1.523,0.484,nan,2
7.677030001676385e-06,13.0,-0.8999999999999999,0.81940335,0.816,1.521,3.6966,2.567,3.0,0.989,1.424,0.377,nan,2
6.972601179950681e-06,13.0,-0.8999999999999999,0.81952804,0.816,1.564,3.6945,2.515,3.0,0.886,1.325,0.269,nan,2
6.370667048003132e-06,13.0,-0.8999999999999999,0.81963873,0.816,1.606,3.6925,2.466,3.0,0.786,1.23,0.165,nan,2
5.877744609243763e-06,13.0,-0.8999999999999999,0.8197431,0.816,1.648,3.6904,2.415,3.0,0.685,1.134,0.059,nan,2
5.3886731270532345e-06,13.0,-0.8999999999999999,0.81983715,0.816,1.689,3.6884,2.366,3.0,0.588,1.044,-0.042,nan,2
5.097481566171476e-06,13.0,-0.8999999999999999,0.81992501,0.815,1.729,3.6863,2.318,3.0,0.494,0.955,-0.141,nan,2
5.053343679526652e-06,13.0,-0.8999999999999999,0.82000923,0.815,1.767,3.6843,2.272,3.0,0.404,0.87,-0.236,nan,2
4.83599191053312e-06,13.0,-0.8999999999999999,0.8200956,0.815,1.801,3.6826,2.23,3.0,0.322,0.793,-0.322,nan,2
4.662575781708981e-06,13.0,-0.8999999999999999,0.82017404,0.815,1.821,3.6816,2.206,3.0,0.275,0.748,-0.371,nan,2
2.7790594857488657e-06,13.0,-0.8999999999999999,0.8202545,0.815,1.798,3.6834,2.237,3.0,0.329,0.798,-0.313,nan,2
2.1338106409477526e-06,13.0,-0.8999999999999999,0.82026875,0.815,1.793,3.6838,2.243,3.0,0.34,0.807,-0.302,nan,2
3.61151558975514e-06,13.0,-0.8999999999999999,0.82032722,0.814,1.83,3.6818,2.198,3.0,0.254,0.726,-0.392,nan,2
3.7236052026414096e-06,13.0,-0.8999999999999999,0.82039183,0.814,1.872,3.6794,2.147,3.0,0.156,0.635,-0.496,nan,2
3.501479975024171e-06,13.0,-0.8999999999999999,0.82045412,0.814,1.914,3.6769,2.094,3.0,0.056,0.542,-0.602,nan,2
3.2564673395508135e-06,13.0,-0.8999999999999999,0.82051116,0.814,1.956,3.6744,2.042,3.0,-0.042,0.452,-0.705,nan,2
3.0082269927054467e-06,13.0,-0.8999999999999999,0.8205651,0.813,1.999,3.6719,1.989,3.0,-0.141,0.36,-0.811,nan,2
2.7529443665142224e-06,13.0,-0.8999999999999999,0.82061368,0.813,2.04,3.6694,1.938,3.0,-0.238,0.272,-0.914,nan,2
2.543143127757121e-06,13.0,-0.8999999999999999,0.82065892,0.812,2.081,3.6668,1.886,3.0,-0.333,0.185,-1.017,nan,2
2.34361187971137e-06,13.0,-0.8999999999999999,0.82070035,0.812,2.121,3.6642,1.835,3.0,-0.428,0.1,-1.118,nan,2
2.15112291099193e-06,13.0,-0.8999999999999999,0.82073879,0.812,2.162,3.6616,1.784,3.0,-0.522,0.015,-1.219,nan,2
1.99032419932559e-06,13.0,-0.8999999999999999,0.82077366,0.811,2.202,3.659,1.734,3.0,-0.612,-0.066,-1.317,nan,2
1.8485983275545524e-06,13.0,-0.8999999999999999,0.82080662,0.811,2.242,3.6564,1.683,3.0,-0.703,-0.148,-1.415,nan,2
1.6966024650656477e-06,13.0,-0.8999999999999999,0.82083666,0.81,2.281,3.6537,1.632,3.0,-0.792,-0.226,-1.51,nan,2
1.565440012297107e-06,13.0,-0.8999999999999999,0.82086444,0.809,2.32,3.651,1.582,3.0,-0.879,-0.305,-1.605,nan,2
1.6056396902104342e-06,13.0,-0.8999999999999999,0.82089001,0.809,2.359,3.6484,1.532,3.0,-0.965,-0.38,-1.698,nan,2
1.4988317868514746e-06,13.0,-0.8999999999999999,0.82091916,0.808,2.407,3.645,1.47,3.0,-1.069,-0.471,-1.812,nan,2
1.3518242055531262e-06,13.0,-0.8999999999999999,0.82094109,0.807,2.446,3.6422,1.42,3.0,-1.154,-0.545,-1.904,nan,2
1.3747116134222758e-06,13.0,-0.8999999999999999,0.82096523,0.806,2.493,3.6388,1.359,3.0,-1.253,-0.631,-2.013,nan,2
1.1737132238491242e-06,13.0,-0.8999999999999999,0.82098794,0.805,2.54,3.6353,1.297,3.0,-1.353,-0.717,-2.124,nan,2
1.0598630411247613e-06,13.0,-0.8999999999999999,0.82100523,0.804,2.579,3.6325,1.246,3.0,-1.435,-0.787,-2.214,nan,2
1.0789358810200628e-06,13.0,-0.8999999999999999,0.82102406,0.802,2.624,3.629,1.186,3.0,-1.53,-0.867,-2.318,nan,2
1.024945072719198e-06,13.0,-0.8999999999999999,0.821042,0.8,2.671,3.6255,1.124,3.0,-1.626,-0.948,-2.425,nan,2
9.234188788549719e-07,13.0,-0.8999999999999999,0.82105899,0.799,2.719,3.622,1.061,3.0,-1.725,-1.032,-2.535,nan,2
8.324561040062737e-07,13.0,-0.8999999999999999,0.82107347,0.797,2.764,3.6184,1.002,3.0,-1.814,-1.105,-2.634,nan,2
7.957775657691328e-07,13.0,-0.8999999999999999,0.82108736,0.795,2.809,3.6148,0.94,3.0,-1.905,-1.177,-2.736,nan,2
7.36211619656327e-07,13.0,-0.8999999999999999,0.82110059,0.792,2.856,3.6113,0.878,3.0,-1.998,-1.252,-2.841,nan,2
6.698968225018409e-07,13.0,-0.8999999999999999,0.82111245,0.79,2.901,3.6077,0.817,3.0,-2.085,-1.32,-2.94,nan,2
6.244154350872651e-07,13.0,-0.8999999999999999,0.82112342,0.787,2.946,3.6041,0.757,3.0,-2.172,-1.387,-3.039,nan,2
5.930186063448575e-07,13.0,-0.8999999999999999,0.82113373,0.784,2.991,3.6005,0.695,3.0,-2.259,-1.455,-3.138,nan,2
5.440160792540952e-07,13.0,-0.8999999999999999,0.82114363,0.78,3.037,3.5969,0.632,3.0,-2.348,-1.522,-3.238,nan,2
5.017624031919823e-07,13.0,-0.8999999999999999,0.82115227,0.776,3.08,3.5933,0.573,3.0,-2.428,-1.58,-3.331,nan,2
4.809289934651029e-07,13.0,-0.8999999999999999,0.82116073,0.772,3.126,3.5896,0.51,3.0,-2.512,-1.642,-3.427,nan,2
4.4777159489763306e-07,13.0,-0.8999999999999999,0.82116866,0.767,3.171,3.5859,0.447,3.0,-2.593,-1.697,-3.522,nan,2
4.1109305664746127e-07,13.0,-0.8999999999999999,0.82117599,0.761,3.215,3.5822,0.385,3.0,-2.671,-1.748,-3.615,nan,2
3.796962279180846e-07,13.0,-0.8999999999999999,0.82118267,0.755,3.258,3.5784,0.324,3.0,-2.745,-1.792,-3.703,nan,2
3.656116692198546e-07,13.0,-0.8999999999999999,0.82118893,0.748,3.3,3.5748,0.263,3.0,-2.815,-1.833,-3.789,nan,2
2.203646577791456e-07,13.0,-0.8999999999999999,0.82119513,0.74,3.342,3.5712,0.203,3.0,-2.884,-1.871,-3.872,nan,2
3.843910808174946e-08,13.0,-0.8999999999999999,0.82119644,0.738,3.35,3.5704,0.19,3.0,-2.897,-1.878,-3.888,nan,2
1.376472183260369e-06,13.0,-0.8999999999999999,0.82119644,0.738,1.714,3.7305,2.467,4.0,0.448,0.808,-0.091,nan,2
2.7825806254250523e-06,13.0,-0.8999999999999999,0.82124335,0.738,1.727,3.7295,2.449,4.0,0.415,0.777,-0.126,nan,2
2.838332003550979e-06,13.0,-0.8999999999999999,0.82129127,0.738,1.731,3.7293,2.444,4.0,0.405,0.767,-0.136,nan,2
2.9119825083489842e-06,13.0,-0.8999999999999999,0.82134008,0.739,1.733,3.7294,2.444,4.0,0.402,0.763,-0.14,nan,2
2.9190247876948416e-06,13.0,-0.8999999999999999,0.82139051,0.739,1.733,3.7298,2.445,4.0,0.4,0.761,-0.14,nan,2
2.8911490986221048e-06,13.0,-0.8999999999999999,0.82143956,0.739,1.732,3.7304,2.448,4.0,0.401,0.761,-0.138,nan,2
2.933109346380041e-06,13.0,-0.8999999999999999,0.82148904,0.739,1.731,3.7311,2.452,4.0,0.403,0.762,-0.135,nan,2
2.9469004767675784e-06,13.0,-0.8999999999999999,0.82153952,0.739,1.729,3.7318,2.456,4.0,0.406,0.763,-0.13,nan,2
2.950421616430734e-06,13.0,-0.8999999999999999,0.82158947,0.739,1.728,3.7326,2.461,4.0,0.41,0.765,-0.125,nan,2
2.8911490986221048e-06,13.0,-0.8999999999999999,0.82164007,0.739,1.726,3.7334,2.466,4.0,0.413,0.766,-0.12,nan,2
2.906994227151913e-06,13.0,-0.8999999999999999,0.821688,0.739,1.725,3.7341,2.47,4.0,0.416,0.768,-0.115,nan,2
2.9730155959957064e-06,13.0,-0.8999999999999999,0.82173914,0.739,1.723,3.7348,2.475,4.0,0.419,0.769,-0.111,nan,2
2.8506559923980853e-06,13.0,-0.8999999999999999,0.82178932,0.739,1.722,3.7354,2.478,4.0,0.421,0.77,-0.107,nan,2
2.83158315252233e-06,13.0,-0.8999999999999999,0.82183629,0.739,1.721,3.7359,2.481,4.0,0.422,0.771,-0.105,nan,2
1.7946075192536876e-06,13.0,-0.8999999999999999,0.82188582,0.739,1.72,3.7364,2.484,4.0,0.424,0.771,-0.102,nan,2
6.279365747569359e-07,13.0,-0.8999999999999999,0.82189745,0.739,1.72,3.7365,2.485,4.0,0.424,0.771,-0.102,nan,2
1.7488327035153885e-06,13.0,-0.8999999999999999,0.82190722,0.739,1.72,3.7366,2.485,4.0,0.424,0.771,-0.102,nan,2
2.950715044734911e-06,13.0,-0.8999999999999999,0.82195705,0.739,1.72,3.7369,2.487,4.0,0.425,0.771,-0.1,nan,2
2.933109346380041e-06,13.0,-0.8999999999999999,0.82200778,0.739,1.72,3.7372,2.488,4.0,0.424,0.77,-0.1,nan,2
2.8767711116392444e-06,13.0,-0.8999999999999999,0.82205701,0.739,1.72,3.7373,2.488,4.0,0.423,0.769,-0.101,nan,2
2.8524165622426937e-06,13.0,-0.8999999999999999,0.82210582,0.739,1.721,3.7373,2.488,4.0,0.422,0.767,-0.102,nan,2
2.917557646160926e-06,13.0,-0.8999999999999999,0.82215422,0.739,1.722,3.7372,2.486,4.0,0.419,0.764,-0.105,nan,2
2.9979570019940958e-06,13.0,-0.8999999999999999,0.82220525,0.74,1.723,3.737,2.484,4.0,0.416,0.761,-0.109,nan,2
1.8623894579355745e-06,13.0,-0.8999999999999999,0.82225639,0.74,1.725,3.7367,2.48,4.0,0.411,0.757,-0.115,nan,2
1.040496772931798e-06,13.0,-0.8999999999999999,0.82226872,0.74,1.726,3.7366,2.48,4.0,0.41,0.756,-0.116,nan,2
2.1041743820499535e-06,13.0,-0.8999999999999999,0.82229185,0.74,1.727,3.7364,2.477,4.0,0.407,0.754,-0.12,nan,2
2.856231130216542e-06,13.0,-0.8999999999999999,0.82234043,0.74,1.73,3.7358,2.472,4.0,0.4,0.749,-0.127,nan,2
2.875303970105328e-06,13.0,-0.8999999999999999,0.82238919,0.74,1.734,3.7351,2.466,4.0,0.392,0.742,-0.137,nan,2
2.904940229003127e-06,13.0,-0.8999999999999999,0.82243842,0.74,1.737,3.7344,2.46,4.0,0.383,0.735,-0.147,nan,2
2.8682616907594708e-06,13.0,-0.8999999999999999,0.82248819,0.74,1.742,3.7336,2.452,4.0,0.373,0.726,-0.159,nan,2
2.8210197335068015e-06,13.0,-0.8999999999999999,0.82253617,0.74,1.746,3.7328,2.444,4.0,0.362,0.717,-0.172,nan,2
2.8439071413629205e-06,13.0,-0.8999999999999999,0.82258433,0.74,1.752,3.7319,2.435,4.0,0.351,0.707,-0.185,nan,2
2.856231130223057e-06,13.0,-0.8999999999999999,0.82263309,0.74,1.757,3.731,2.426,4.0,0.337,0.696,-0.201,nan,2
2.8858673891208567e-06,13.0,-0.8999999999999999,0.82268167,0.74,1.764,3.73,2.415,4.0,0.322,0.683,-0.218,nan,2
2.878531681470822e-06,13.0,-0.8999999999999999,0.82273144,0.74,1.769,3.7293,2.407,4.0,0.309,0.672,-0.233,nan,2
2.9240130688984286e-06,13.0,-0.8999999999999999,0.82277977,0.74,1.767,3.7295,2.411,4.0,0.315,0.677,-0.226,nan,2
2.9436727653890537e-06,13.0,-0.8999999999999999,0.82283109,0.74,1.785,3.7268,2.382,4.0,0.274,0.642,-0.273,nan,2
2.5064645895134644e-06,13.0,-0.8999999999999999,0.82288009,0.74,1.81,3.7232,2.342,4.0,0.214,0.59,-0.341,nan,2
1.5897945616936572e-06,13.0,-0.8999999999999999,0.82291651,0.74,1.847,3.7183,2.285,4.0,0.129,0.516,-0.437,nan,2
7.450144688337622e-07,13.0,-0.8999999999999999,0.82293427,0.74,1.886,3.7132,2.226,4.0,0.04,0.439,-0.538,nan,2
3.356819820178785e-07,13.0,-0.8999999999999999,0.8229419,0.74,1.923,3.7086,2.171,4.0,-0.044,0.366,-0.632,nan,2
1.6784099101219695e-07,13.0,-0.8999999999999999,0.82294571,0.74,1.962,3.7039,2.113,4.0,-0.132,0.289,-0.731,nan,2
8.74416351725117e-08,13.0,-0.8999999999999999,0.82294762,0.74,1.999,3.6996,2.058,4.0,-0.217,0.214,-0.826,nan,2
4.1960247757935804e-08,13.0,-0.8999999999999999,0.82294869,0.74,2.035,3.6957,2.008,4.0,-0.297,0.144,-0.914,nan,2
3.697196654783334e-08,13.0,-0.8999999999999999,0.82294905,0.74,2.048,3.6943,1.989,7.0,-0.327,0.118,-0.948,nan,2
5.076309693537085e-08,13.0,-0.8999999999999999,0.82294995,0.74,2.088,3.6903,1.932,7.0,-0.419,0.037,-1.049,nan,2
4.8709098780069786e-08,13.0,-0.8999999999999999,0.82295078,0.74,2.125,3.6866,1.881,7.0,-0.5,-0.035,-1.139,nan,2
4.9002527097277674e-08,13.0,-0.8999999999999999,0.82295161,0.74,2.151,3.6841,1.845,7.0,-0.56,-0.087,-1.204,nan,2
6.132651595089906e-08,13.0,-0.8999999999999999,0.82295245,0.74,2.159,3.6834,1.834,7.0,-0.578,-0.103,-1.225,nan,2
1.050473335338972e-07,13.0,-0.8999999999999999,0.8229537,0.74,2.144,3.6849,1.855,7.0,-0.544,-0.074,-1.187,nan,2
1.7840441002120975e-07,13.0,-0.8999999999999999,0.82295603,0.74,2.132,3.6861,1.872,7.0,-0.516,-0.049,-1.156,nan,2
7.904958562613687e-07,13.0,-0.8999999999999999,0.82295978,0.739,2.127,3.6865,1.878,7.0,-0.506,-0.04,-1.145,nan,2
1.1719526539980003e-06,13.0,-0.8999999999999999,0.82298297,0.737,2.136,3.6856,1.864,7.0,-0.526,-0.058,-1.168,nan,2
1.0126210838720922e-06,13.0,-0.8999999999999999,0.82299972,0.736,2.167,3.6825,1.82,7.0,-0.596,-0.118,-1.245,nan,2
1.026412214246599e-06,13.0,-0.8999999999999999,0.82301748,0.733,2.217,3.6775,1.748,7.0,-0.711,-0.217,-1.373,nan,2
9.495339980896153e-07,13.0,-0.8999999999999999,0.8230347,0.73,2.271,3.6724,1.672,7.0,-0.834,-0.323,-1.509,nan,2
8.359772436824601e-07,13.0,-0.8999999999999999,0.82304984,0.727,2.317,3.668,1.606,7.0,-0.937,-0.412,-1.624,nan,2
7.365050479605041e-07,13.0,-0.8999999999999999,0.82306319,0.723,2.361,3.664,1.543,7.0,-1.035,-0.495,-1.732,nan,2
6.455422731183214e-07,13.0,-0.8999999999999999,0.82307494,0.718,2.404,3.6601,1.482,7.0,-1.128,-0.575,-1.836,nan,2
5.701311984757079e-07,13.0,-0.8999999999999999,0.82308519,0.713,2.445,3.6563,1.423,7.0,-1.216,-0.649,-1.935,nan,2
5.158469618771815e-07,13.0,-0.8999999999999999,0.82309437,0.707,2.486,3.6526,1.363,7.0,-1.302,-0.721,-2.031,nan,2
4.703655744560901e-07,13.0,-0.8999999999999999,0.82310277,0.7,2.528,3.6488,1.302,7.0,-1.388,-0.793,-2.128,nan,2
3.8145679774966233e-07,13.0,-0.8999999999999999,0.8231104,0.691,2.569,3.6431,1.233,7.0,-1.464,-0.848,-2.218,nan,2
3.532876803727486e-07,13.0,-0.8999999999999999,0.82311577,0.684,2.6,3.637,1.173,7.0,-1.511,-0.874,-2.281,nan,2
3.8292393928357846e-07,13.0,-0.8999999999999999,0.82312244,0.672,2.641,3.6319,1.105,7.0,-1.586,-0.928,-2.37,nan,2
3.656116692198546e-07,13.0,-0.8999999999999999,0.82312882,0.658,2.681,3.6282,1.04,7.0,-1.666,-0.993,-2.461,nan,2
3.5328768037926404e-07,13.0,-0.8999999999999999,0.8231349,0.639,2.721,3.6249,0.974,7.0,-1.746,-1.057,-2.551,nan,2
3.356819820178785e-07,13.0,-0.8999999999999999,0.82314086,0.615,2.762,3.6223,0.906,7.0,-1.831,-1.129,-2.646,nan,2
1.6079871166633972e-07,13.0,-0.8999999999999999,0.82314634,0.583,2.803,3.6219,0.84,7.0,-1.929,-1.22,-2.748,nan,2
0.0,13.0,-0.8999999999999999,0.84765,0.55,-15.77488,0.75771,7.93844,10.0,14.13155,14.45861,13.63146,2.425,2
0.0004480996531375746,13.0,-0.8999999999999999,0.84765,0.55,-15.78077,0.75629,7.93866,10.0,14.14613,14.47612,13.64301,2.45,2
0.0006570179898565733,13.0,-0.8999999999999999,0.87056,0.552,-15.90825,0.72632,7.94784,10.0,14.47504,14.87094,13.90704,3.4,2
0.0004282682936912383,13.0,-0.8999999999999999,0.87056,0.552,-15.91025,0.72585,7.94795,10.0,14.48044,14.87745,13.9114,3.425,2
0.00042073606098265854,13.0,-0.8999999999999999,0.89347,0.554,-15.96773,0.71267,7.9543,10.0,14.63698,15.06523,14.03876,4.275,2
0.0004134189559540578,13.0,-0.8999999999999999,0.89347,0.554,-15.96918,0.71233,7.95438,10.0,14.64098,15.07004,14.04198,4.3,2
0.0006068587561706069,13.0,-0.8999999999999999,0.91638,0.556,-16.00945,0.7032,7.95968,10.0,14.75212,15.20324,14.13266,5.05,2
0.00039601293513782964,13.0,-0.8999999999999999,0.91638,0.556,-16.01084,0.70287,7.95975,10.0,14.75598,15.20792,14.13579,5.075,2
0.00038938491152377475,13.0,-0.8999999999999999,0.93929,0.558,-16.04971,0.69396,7.96456,10.0,14.86323,15.33744,14.22385,5.75,2
0.0005720422506223197,13.0,-0.8999999999999999,0.93929,0.558,-16.05121,0.6936,7.96461,10.0,14.86741,15.34255,14.22726,5.775,2
0.0003735887447236244,13.0,-0.8999999999999999,0.9622,0.56,-16.0876,0.68523,7.96906,10.0,14.96786,15.46462,14.31026,6.375,2
0.0003675627496680245,13.0,-0.8999999999999999,0.9622,0.56,-16.08594,0.68563,7.96901,10.0,14.96327,15.45899,14.3065,6.35,2
0.0005403894208504482,13.0,-0.8999999999999999,0.98511,0.562,-16.12438,0.67668,7.97319,10.0,15.06827,15.58693,14.39328,6.9,2
0.0003531765648609772,13.0,-0.8999999999999999,0.98511,0.562,-16.12639,0.67618,7.97323,10.0,15.07372,15.59363,14.39774,6.925,2
0.000347679149730428,13.0,-0.8999999999999999,1.00802,0.564,-16.16747,0.6665,7.97711,10.0,15.18429,15.72866,14.48887,7.4,2
0.000342320873261633,13.0,-0.8999999999999999,1.00802,0.564,-16.16995,0.66589,7.97714,10.0,15.19091,15.73682,14.49428,7.425,2
0.0005037270228612963,13.0,-0.8999999999999999,1.03093,0.566,-16.21264,0.65577,7.98088,10.0,15.30234,15.87322,14.58628,7.85,2
0.00032950260553611953,13.0,-0.8999999999999999,1.03093,0.566,-16.21541,0.65508,7.98091,10.0,15.30944,15.88198,14.59211,7.875,2
0.00032459449432888435,13.0,-0.8999999999999999,1.05384,0.568,-16.25714,0.64518,7.98459,10.0,15.41372,16.00998,14.67855,8.25,2
0.0004779480936075084,13.0,-0.8999999999999999,1.05384,0.568,-16.26029,0.6444,7.98462,10.0,15.42144,16.01955,14.6849,8.275,2
0.00031283587824458515,13.0,-0.8999999999999999,1.07675,0.57,-16.30057,0.63486,7.98824,10.0,15.51754,16.13776,14.76506,8.6,2
0.00030832700150042517,13.0,-0.8999999999999999,1.07675,0.57,-16.30404,0.634,7.98827,10.0,15.52559,16.14774,14.77175,8.625,2
0.00030392387007955116,13.0,-0.8999999999999999,1.09966,0.572,-16.34457,0.6244,7.99191,10.0,15.61635,16.25904,14.84838,8.925,2
0.00044785287342487376,13.0,-0.8999999999999999,1.09966,0.572,-16.34843,0.62344,7.99195,10.0,15.62464,16.26932,14.85537,8.95,2
0.0002933565866267524,13.0,-0.8999999999999999,1.12257,0.574,-16.39369,0.61267,7.99566,10.0,15.71895,16.38521,14.93603,9.25,2
0.0002892975464801022,13.0,-0.8999999999999999,1.12257,0.574,-16.38949,0.61371,7.99561,10.0,15.71045,16.37471,14.92878,9.225,2
0.00042653482576414554,13.0,-0.8999999999999999,1.14548,0.576,-16.43267,0.60346,7.99927,10.0,15.79691,16.47998,15.00372,9.5,2
0.0002795437373622306,13.0,-0.8999999999999999,1.14548,0.576,-16.43694,0.6024,7.99932,10.0,15.80529,16.49017,15.01098,9.525,2
0.0002757924957479634,13.0,-0.8999999999999999,1.16838,0.578,-16.47221,0.59411,8.00293,10.0,15.87341,16.57198,15.07082,9.75,2
0.00027212321677798915,13.0,-0.8999999999999999,1.16838,0.578,-16.47658,0.59303,8.00298,10.0,15.88158,16.58189,15.07796,9.775,2
0.0004014781649743849,13.0,-0.8999999999999999,1.19129,0.58,-16.49955,0.58778,8.00647,10.0,15.92482,16.63317,15.11648,9.925,2
0.00026329262750816466,13.0,-0.8999999999999999,1.19129,0.58,-16.50403,0.58667,8.00652,10.0,15.93305,16.64303,15.12375,9.95,2
0.0002598913756125358,13.0,-0.8999999999999999,1.2142,0.582,-16.52313,0.58237,8.00991,10.0,15.9688,16.6847,15.15599,10.075,2
0.0003836156916296469,13.0,-0.8999999999999999,1.2142,0.582,-16.52774,0.58123,8.00994,10.0,15.97721,16.69462,15.16353,10.1,2
0.00025169681378780124,13.0,-0.8999999999999999,1.23711,0.584,-16.54272,0.57794,8.01324,10.0,16.0054,16.72683,15.18942,10.2,2
0.00024853711264354267,13.0,-0.8999999999999999,1.23711,0.584,-16.54746,0.57676,8.01326,10.0,16.01403,16.73684,15.19726,10.225,2
0.00036702208582541497,13.0,-0.8999999999999999,1.26002,0.586,-16.56781,0.57211,8.0165,10.0,16.05195,16.77969,15.23245,10.35,2
0.0002409166021454605,13.0,-0.8999999999999999,1.26002,0.586,-16.56294,0.57332,8.0165,10.0,16.04308,16.76956,15.22429,10.325,2
0.0002379752352832265,13.0,-0.8999999999999999,1.28293,0.588,-16.58381,0.56854,8.01972,10.0,16.08174,16.81285,15.26034,10.45,2
0.00023509238541430424,13.0,-0.8999999999999999,1.28293,0.588,-16.58881,0.56729,8.01972,10.0,16.09072,16.82303,15.26871,10.475,2
0.0003473572997912321,13.0,-0.8999999999999999,1.30584,0.59,-16.60534,0.5636,8.02294,10.0,16.12107,16.85663,15.29752,10.575,2
0.0002281308644539305,13.0,-0.8999999999999999,1.30584,0.59,-16.6105,0.56231,8.02294,10.0,16.13025,16.86687,15.30618,10.6,2
0.00022544053169299826,13.0,-0.8999999999999999,1.32875,0.592,-16.62232,0.55979,8.02616,10.0,16.15217,16.89057,15.32729,10.675,2
0.00033322916761781664,13.0,-0.8999999999999999,1.32875,0.592,-16.6276,0.55847,8.02616,10.0,16.16153,16.90088,15.33623,10.7,2
0.0002189379514769529,13.0,-0.8999999999999999,1.35166,0.594,-16.63985,0.55584,8.02937,10.0,16.18406,16.92504,15.35812,10.775,2
0.0002164227081289502,13.0,-0.8999999999999999,1.35166,0.594,-16.64526,0.55449,8.02937,10.0,16.19365,16.93542,15.3674,10.8,2
0.0002139545721407051,13.0,-0.8999999999999999,1.37457,0.596,-16.65234,0.55316,8.03259,10.0,16.20719,16.94948,15.38074,10.85,2
0.00031640416212977516,13.0,-0.8999999999999999,1.37457,0.596,-16.65785,0.55178,8.03259,10.0,16.21696,16.95992,15.39028,10.875,2
0.0002079824295102134,13.0,-0.8999999999999999,1.39748,0.598,-16.67644,0.54757,8.03579,10.0,16.25095,16.99533,15.42389,10.975,2
0.00020566983367627841,13.0,-0.8999999999999999,1.39748,0.598,-16.67079,0.54899,8.03579,10.0,16.24087,16.98481,15.41392,10.95,2
0.00030426006713296427,13.0,-0.8999999999999999,1.42039,0.6,-16.68989,0.54465,8.039,10.0,16.27578,17.02073,15.44881,11.05,2
0.00020006949990091302,13.0,-0.8999999999999999,1.42039,0.6,-16.68413,0.54609,8.039,10.0,16.26545,17.01013,15.4385,11.025,2
0.00019743798599171537,13.0,-0.8999999999999999,1.4433,0.602,-16.6977,0.54313,8.0422,10.0,16.29074,17.03574,15.46389,11.1,2
0.00019349608203320857,13.0,-0.8999999999999999,1.4433,0.602,-16.70361,0.54166,8.0422,10.0,16.30133,17.04646,15.47459,11.125,2
0.0002830820523577529,13.0,-0.8999999999999999,1.46621,0.604,-16.71168,0.54008,8.04539,10.0,16.3166,17.0616,15.4902,11.175,2
0.0001840936266807646,13.0,-0.8999999999999999,1.46621,0.604,-16.71775,0.53856,8.04539,10.0,16.32746,17.07244,15.50131,11.2,2
0.00018050465479893388,13.0,-0.8999999999999999,1.48912,0.606,-16.72595,0.53695,8.04858,10.0,16.34308,17.08781,15.51739,11.25,2
0.0002642313015171734,13.0,-0.8999999999999999,1.48912,0.606,-16.73216,0.53539,8.04858,10.0,16.3542,17.09874,15.52891,11.275,2
0.00017193456202257529,13.0,-0.8999999999999999,1.51203,0.608,-16.74055,0.53374,8.05175,10.0,16.37003,17.11419,15.54543,11.325,2
0.00016865971430559963,13.0,-0.8999999999999999,1.51203,0.608,-16.74689,0.53215,8.05175,10.0,16.3814,17.1252,15.55734,11.35,2
0.00016546821133033902,13.0,-0.8999999999999999,1.53494,0.61,-16.74903,0.53205,8.05492,10.0,16.38611,17.12969,15.56222,11.375,2
0.00024239407422267978,13.0,-0.8999999999999999,1.53494,0.61,-16.75544,0.53045,8.05492,10.0,16.39762,17.14075,15.57435,11.4,2
0.0001578369572377452,13.0,-0.8999999999999999,1.55785,0.612,-16.76405,0.52873,8.05808,10.0,16.41398,17.15636,15.59157,11.45,2
0.00015491695865939032,13.0,-0.8999999999999999,1.55785,0.612,-16.77057,0.5271,8.05808,10.0,16.42573,17.16747,15.60409,11.475,2
0.00022705775199293433,13.0,-0.8999999999999999,1.58076,0.614,-16.77929,0.52535,8.06123,10.0,16.44241,17.18311,15.62179,11.525,2
0.0001479279558583821,13.0,-0.8999999999999999,1.58076,0.614,-16.77271,0.527,8.06123,10.0,16.43051,17.17197,15.60906,11.5,2
0.00014525106330403494,13.0,-0.8999999999999999,1.60367,0.616,-16.78148,0.52524,8.06438,10.0,16.44721,17.18768,15.62681,11.55,2
0.00021299851649873175,13.0,-0.8999999999999999,1.60367,0.616,-16.78813,0.52358,8.06438,10.0,16.45925,17.19884,15.63977,11.575,2
0.00013883783713265654,13.0,-0.8999999999999999,1.62658,0.618,-16.79031,0.52346,8.06752,10.0,16.46412,17.20346,15.64484,11.6,2
0.0001363791537984281,13.0,-0.8999999999999999,1.62658,0.618,-16.79701,0.52179,8.06751,10.0,16.47631,17.21464,15.65801,11.625,2
0.00013397867488229432,13.0,-0.8999999999999999,1.64948,0.62,-16.79925,0.52166,8.07065,10.0,16.48122,17.21924,15.66316,11.65,2
0.00019659021674969107,13.0,-0.8999999999999999,1.64948,0.62,-16.80601,0.51997,8.07065,10.0,16.49356,17.23044,15.67655,11.675,2
0.00012822097833495237,13.0,-0.8999999999999999,1.67239,0.622,-16.80826,0.51984,8.07378,10.0,16.49852,17.23508,15.68177,11.7,2
0.00012601105697108536,13.0,-0.8999999999999999,1.67239,0.622,-16.81506,0.51814,8.07378,10.0,16.51101,17.24629,15.69539,11.725,2
0.00018498397728541113,13.0,-0.8999999999999999,1.6953,0.624,-16.81053,0.51971,8.07691,10.0,16.50355,17.23987,15.68709,11.725,2
0.00012070585421866465,13.0,-0.8999999999999999,1.6953,0.624,-16.81736,0.518,8.0769,10.0,16.51609,17.25111,15.70077,11.75,2
0.00011866786457764789,13.0,-0.8999999999999999,1.71821,0.626,-16.82654,0.51613,8.08002,10.0,16.53393,17.26713,15.72008,11.8,2
0.00011667588546479234,13.0,-0.8999999999999999,1.71821,0.626,-16.81966,0.51786,8.08002,10.0,16.52122,17.25588,15.70616,11.775,2
0.00017137633277191798,13.0,-0.8999999999999999,1.74112,0.628,-16.82894,0.51597,8.08313,10.0,16.53912,17.27199,15.72557,11.825,2
0.00011188882531392535,13.0,-0.8999999999999999,1.74112,0.628,-16.83588,0.51423,8.08313,10.0,16.552,17.28327,15.73973,11.85,2
0.00011004794737861115,13.0,-0.8999999999999999,1.76403,0.63,-16.83131,0.51581,8.08625,10.0,16.54434,17.27688,15.73116,11.85,2
0.00016170857424344342,13.0,-0.8999999999999999,1.76403,0.63,-16.83828,0.51407,8.08624,10.0,16.55728,17.28819,15.7454,11.875,2
0.00010562053634781304,13.0,-0.8999999999999999,1.78694,0.632,-16.84079,0.51387,8.08935,10.0,16.56277,17.29326,15.75116,11.9,2
0.0001039166341880339,13.0,-0.8999999999999999,1.78694,0.632,-16.8478,0.51212,8.08935,10.0,16.5759,17.30459,15.76565,11.925,2
0.00010224949703335526,13.0,-0.8999999999999999,1.80985,0.634,-16.84332,0.51367,8.09245,10.0,16.56833,17.29836,15.75702,11.925,2
0.00015032635534384354,13.0,-0.8999999999999999,1.80985,0.634,-16.85037,0.51191,8.09245,10.0,16.58152,17.30972,15.7716,11.95,2
9.823607446630702e-05,13.0,-0.8999999999999999,1.83276,0.636,-16.8459,0.51346,8.09555,10.0,16.57395,17.30355,15.76294,11.95,2
9.669001586410674e-05,13.0,-0.8999999999999999,1.83276,0.636,-16.85298,0.51169,8.09555,10.0,16.58722,17.31496,15.7776,11.975,2
0.000142207129248458,13.0,-0.8999999999999999,1.85567,0.638,-16.86285,0.50965,8.09865,10.0,16.60653,17.33181,15.7989,12.025,2
9.29654039553199e-05,13.0,-0.8999999999999999,1.85567,0.638,-16.85568,0.51144,8.09864,10.0,16.59304,17.32037,15.78388,12.0,2
9.152957792490543e-05,13.0,-0.8999999999999999,1.87858,0.64,-16.85843,0.51119,8.10173,10.0,16.59903,17.32581,15.79024,12.025,2
0.00013466688022675287,13.0,-0.8999999999999999,1.87858,0.64,-16.86564,0.50939,8.10174,10.0,16.61261,17.3373,15.80536,12.05,2
8.806813799126414e-05,13.0,-0.8999999999999999,1.90149,0.642,-16.86128,0.51091,8.10481,10.0,16.60514,17.33143,15.79673,12.05,2
8.673284734010204e-05,13.0,-0.8999999999999999,1.90149,0.642,-16.86853,0.5091,8.10482,10.0,16.6188,17.34296,15.81197,12.075,2
8.542464433204154e-05,13.0,-0.8999999999999999,1.9244,0.644,-16.86422,0.51061,8.10789,10.0,16.61147,17.33719,15.80354,12.075,2
0.00012574165491599832,13.0,-0.8999999999999999,1.9244,0.644,-16.87151,0.50879,8.1079,10.0,16.62523,17.34876,15.81891,12.1,2
8.226818891662925e-05,13.0,-0.8999999999999999,1.94731,0.646,-16.86726,0.51028,8.11097,10.0,16.6179,17.34303,15.81045,12.1,2
8.104951877446366e-05,13.0,-0.8999999999999999,1.94731,0.646,-16.87459,0.50845,8.11098,10.0,16.63176,17.35466,15.82595,12.125,2
0.00011934194943623313,13.0,-0.8999999999999999,1.97022,0.648,-16.87777,0.50809,8.11406,10.0,16.63857,17.36075,15.83333,12.15,2
7.810722280298959e-05,13.0,-0.8999999999999999,1.97022,0.648,-16.87039,0.50993,8.11404,10.0,16.62461,17.34907,15.8177,12.125,2
7.697051968413605e-05,13.0,-0.8999999999999999,1.99313,0.65,-16.88107,0.5077,8.11713,10.0,16.64566,17.36709,15.84082,12.175,2
7.585595424834069e-05,13.0,-0.8999999999999999,1.99313,0.65,-16.87363,0.50955,8.11711,10.0,16.63159,17.35536,15.82504,12.15,2
0.00011174122474330914,13.0,-0.8999999999999999,2.01604,0.652,-16.87704,0.50913,8.12018,10.0,16.63876,17.3618,15.83281,12.175,2
7.316289425674923e-05,13.0,-0.8999999999999999,2.01604,0.652,-16.88453,0.50727,8.1202,10.0,16.65295,17.37358,15.84874,12.2,2
7.212166780083507e-05,13.0,-0.8999999999999999,2.03895,0.654,-16.88055,0.50869,8.12324,10.0,16.64611,17.36841,15.84083,12.2,2
0.00010627345609356281,13.0,-0.8999999999999999,2.03895,0.654,-16.88809,0.50681,8.12326,10.0,16.66042,17.38025,15.85693,12.225,2
6.96043391813171e-05,13.0,-0.8999999999999999,2.06186,0.656,-16.88423,0.5082,8.1263,10.0,16.65388,17.37535,15.84918,12.225,2
6.863048928186018e-05,13.0,-0.8999999999999999,2.06186,0.656,-16.89183,0.50631,8.12632,10.0,16.66831,17.38725,15.86544,12.25,2
6.767487669459502e-05,13.0,-0.8999999999999999,2.08477,0.658,-16.88803,0.50769,8.12936,10.0,16.66186,17.38245,15.85792,12.25,2
9.975938751916494e-05,13.0,-0.8999999999999999,2.08477,0.658,-16.89569,0.50578,8.12938,10.0,16.67643,17.39442,15.87436,12.275,2
6.536286019969003e-05,13.0,-0.8999999999999999,2.10767,0.66,-16.89205,0.50711,8.13242,10.0,16.67021,17.38981,15.867,12.275,2
6.446779269888798e-05,13.0,-0.8999999999999999,2.10767,0.66,-16.89977,0.50519,8.13244,10.0,16.68493,17.40184,15.88365,12.3,2
9.505922539414725e-05,13.0,-0.8999999999999999,2.13058,0.662,-16.89619,0.50651,8.13547,10.0,16.67896,17.39751,15.87654,12.3,2
6.230108608493578e-05,13.0,-0.8999999999999999,2.13058,0.662,-16.88848,0.50844,8.13546,10.0,16.6643,17.38542,15.86002,12.275,2
6.146182120413578e-05,13.0,-0.8999999999999999,2.15349,0.664,-16.89283,0.50779,8.13851,10.0,16.67328,17.39322,15.86973,12.3,2
6.0637691698913704e-05,13.0,-0.8999999999999999,2.15349,0.664,-16.90061,0.50585,8.13852,10.0,16.6881,17.40538,15.88648,12.325,2
8.944356552544316e-05,13.0,-0.8999999999999999,2.1764,0.666,-16.89732,0.5071,8.14155,10.0,16.68262,17.40145,15.87995,12.325,2
5.8641367545883746e-05,13.0,-0.8999999999999999,2.1764,0.666,-16.90518,0.50514,8.14157,10.0,16.69762,17.41369,15.89693,12.35,2
5.7867583350179e-05,13.0,-0.8999999999999999,2.19931,0.668,-16.90205,0.50635,8.1446,10.0,16.69236,17.40997,15.89064,12.35,2
8.538034989763062e-05,13.0,-0.8999999999999999,2.19931,0.668,-16.90998,0.50437,8.14462,10.0,16.70754,17.42228,15.90786,12.375,2
5.599227039431194e-05,13.0,-0.8999999999999999,2.22222,0.67,-16.89908,0.50753,8.14763,10.0,16.6874,17.40642,15.88475,12.35,2
5.526502697527193e-05,13.0,-0.8999999999999999,2.22222,0.67,-16.90701,0.50555,8.14764,10.0,16.70255,17.41881,15.90187,12.375,2
8.156154937006451e-05,13.0,-0.8999999999999999,2.24513,0.672,-16.9042,0.50668,8.15067,10.0,16.69785,17.41559,15.89631,12.375,2
5.350165005033838e-05,13.0,-0.8999999999999999,2.24513,0.672,-16.91223,0.50468,8.15068,10.0,16.71321,17.42806,15.91373,12.4,2
5.2817483788162606e-05,13.0,-0.8999999999999999,2.26804,0.674,-16.91769,0.50375,8.15372,10.0,16.72462,17.43765,15.92618,12.425,2
5.214503270284596e-05,13.0,-0.8999999999999999,2.26804,0.674,-16.90957,0.50578,8.15371,10.0,16.70905,17.42508,15.90846,12.4,2
7.698171423761606e-05,13.0,-0.8999999999999999,2.29095,0.676,-16.90713,0.50682,8.15673,10.0,16.70503,17.42242,15.90359,12.4,2
5.051352784453752e-05,13.0,-0.8999999999999999,2.29095,0.676,-16.91526,0.50479,8.15674,10.0,16.72059,17.43506,15.92123,12.425,2
4.98801454712674e-05,13.0,-0.8999999999999999,2.31386,0.678,-16.913,0.50579,8.15976,10.0,16.71705,17.43267,15.91682,12.425,2
7.365582996254666e-05,13.0,-0.8999999999999999,2.31386,0.678,-16.92124,0.50374,8.15978,10.0,16.73286,17.44542,15.93481,12.45,2
4.834273224788079e-05,13.0,-0.8999999999999999,2.33677,0.68,-16.91088,0.50676,8.16279,10.0,16.71386,17.43059,15.91278,12.425,2
4.774560858527226e-05,13.0,-0.8999999999999999,2.33677,0.68,-16.91913,0.5047,8.1628,10.0,16.72968,17.44342,15.93073,12.45,2
4.715836260733475e-05,13.0,-0.8999999999999999,2.35968,0.682,-16.9173,0.50559,8.16582,10.0,16.7269,17.44164,15.9272,12.45,2
6.965756328094287e-05,13.0,-0.8999999999999999,2.35968,0.682,-16.92567,0.5035,8.16583,10.0,16.743,17.45459,15.94553,12.475,2
4.573213336032309e-05,13.0,-0.8999999999999999,2.38259,0.684,-16.91566,0.50644,8.16884,10.0,16.72453,17.44031,15.92415,12.45,2
4.517788226745452e-05,13.0,-0.8999999999999999,2.38259,0.684,-16.92406,0.50434,8.16885,10.0,16.74066,17.45335,15.94247,12.475,2
6.674723283596084e-05,13.0,-0.8999999999999999,2.4055,0.686,-16.93123,0.50299,8.17187,10.0,16.75515,17.46555,15.95864,12.5,2
4.383121667651743e-05,13.0,-0.8999999999999999,2.4055,0.686,-16.92269,0.50512,8.17187,10.0,16.7387,17.45238,15.93988,12.475,2
4.330766435376939e-05,13.0,-0.8999999999999999,2.42841,0.688,-16.92154,0.50585,8.17489,10.0,16.73726,17.45174,15.93791,12.475,2
4.2792488389007777e-05,13.0,-0.8999999999999999,2.42841,0.688,-16.93012,0.50371,8.17489,10.0,16.75376,17.46501,15.95669,12.5,2
6.324068923384148e-05,13.0,-0.8999999999999999,2.45132,0.69,-16.92928,0.50435,8.17791,10.0,16.75275,17.46484,15.95516,12.5,2
4.154010441176843e-05,13.0,-0.8999999999999999,2.45132,0.69,-16.938,0.50218,8.17791,10.0,16.76962,17.47827,15.97444,12.525,2
4.105295123131767e-05,13.0,-0.8999999999999999,2.47423,0.692,-16.92866,0.50495,8.18093,10.0,16.75232,17.46506,15.95424,12.5,2
6.068271367492451e-05,13.0,-0.8999999999999999,2.47423,0.692,-16.93744,0.50276,8.18093,10.0,16.76927,17.4786,15.9736,12.525,2
3.986822071077228e-05,13.0,-0.8999999999999999,2.49714,0.694,-16.93715,0.50327,8.18395,10.0,16.76945,17.47928,15.97346,12.525,2
3.940720151720505e-05,13.0,-0.8999999999999999,2.49714,0.694,-16.9461,0.50103,8.18395,10.0,16.78681,17.493,15.99338,12.55,2
5.8261975273254107e-05,13.0,-0.8999999999999999,2.52005,0.696,-16.93718,0.5037,8.18697,10.0,16.77027,17.48053,15.97386,12.525,2
3.828559542314638e-05,13.0,-0.8999999999999999,2.52005,0.696,-16.94619,0.50145,8.18697,10.0,16.78775,17.49437,15.9939,12.55,2
3.784897262803285e-05,13.0,-0.8999999999999999,2.54296,0.698,-16.94658,0.5018,8.18998,10.0,16.78917,17.49614,15.99512,12.55,2
3.741902061370898e-05,13.0,-0.8999999999999999,2.54296,0.698,-16.95579,0.49949,8.18998,10.0,16.80712,17.51019,16.0158,12.575,2
5.533665004006766e-05,13.0,-0.8999999999999999,2.56586,0.7,-16.95654,0.49975,8.193,10.0,16.80934,17.51251,16.01798,12.575,2
3.637249533564028e-05,13.0,-0.8999999999999999,2.56586,0.7,-16.94723,0.50208,8.193,10.0,16.79121,17.4983,15.99711,12.55,2
3.5964905554955766e-05,13.0,-0.8999999999999999,2.58877,0.702,-16.94814,0.50229,8.19601,10.0,16.79365,17.50098,15.99954,12.55,2
5.319648196715276e-05,13.0,-0.8999999999999999,2.58877,0.702,-16.95754,0.49994,8.19601,10.0,16.81194,17.51532,16.02061,12.575,2
3.4972452245543453e-05,13.0,-0.8999999999999999,2.61168,0.704,-16.9585,0.50015,8.19902,10.0,16.8146,17.51796,16.02307,12.575,2
3.458578260871197e-05,13.0,-0.8999999999999999,2.61168,0.704,-16.9681,0.49775,8.19902,10.0,16.83339,17.53252,16.04482,12.6,2
3.4204841001869565e-05,13.0,-0.8999999999999999,2.63459,0.706,-16.95943,0.50036,8.20203,10.0,16.8172,17.52059,16.02562,12.575,2
5.060526525498663e-05,13.0,-0.8999999999999999,2.63459,0.706,-16.96912,0.49793,8.20203,10.0,16.83618,17.53531,16.04758,12.6,2
3.327685589289483e-05,13.0,-0.8999999999999999,2.6575,0.708,-16.9604,0.50056,8.20503,10.0,16.81974,17.52326,16.02814,12.575,2
3.2915141318507575e-05,13.0,-0.8999999999999999,2.6575,0.708,-16.97019,0.49811,8.20503,10.0,16.8389,17.53813,16.0503,12.6,2
4.870599519049673e-05,13.0,-0.8999999999999999,2.68041,0.71,-16.9712,0.4983,8.20803,10.0,16.84157,17.54092,16.05293,12.6,2
3.203369406837388e-05,13.0,-0.8999999999999999,2.68041,0.71,-16.98118,0.49581,8.20802,10.0,16.86123,17.55599,16.07578,12.625,2
3.169000282664462e-05,13.0,-0.8999999999999999,2.70332,0.712,-16.9823,0.49597,8.21102,10.0,16.86421,17.55895,16.07871,12.625,2
3.135125275753201e-05,13.0,-0.8999999999999999,2.70332,0.712,-16.97221,0.49849,8.21102,10.0,16.84436,17.54372,16.05564,12.6,2
4.6402313194930853e-05,13.0,-0.8999999999999999,2.72623,0.714,-16.97325,0.49868,8.21402,10.0,16.84701,17.54642,16.05834,12.6,2
3.0525416327345994e-05,13.0,-0.8999999999999999,2.72623,0.714,-16.98344,0.49613,8.21401,10.0,16.86705,17.56179,16.08162,12.625,2
3.0203272523660602e-05,13.0,-0.8999999999999999,2.74914,0.716,-16.98451,0.4963,8.217,10.0,16.87,17.56483,16.0844,12.625,2
4.471083285624305e-05,13.0,-0.8999999999999999,2.74914,0.716,-16.99489,0.49371,8.21699,10.0,16.8905,17.58039,16.10833,12.65,2
2.9417668650328e-05,13.0,-0.8999999999999999,2.77205,0.718,-16.98569,0.49645,8.21998,10.0,16.8729,17.56775,16.08729,12.625,2
2.9111120982593097e-05,13.0,-0.8999999999999999,2.77205,0.718,-16.99616,0.49383,8.21998,10.0,16.89359,17.58347,16.11143,12.65,2
2.88088542040202e-05,13.0,-0.8999999999999999,2.79496,0.72,-16.98673,0.49663,8.22297,10.0,16.87575,17.57065,16.09022,12.625,2
5.6727658967084554e-05,13.0,-0.8999999999999999,2.79496,0.72,-16.9973,0.49399,8.22296,10.0,16.89664,17.58653,16.1146,12.65,2
4.1783047542120797e-05,13.0,-0.8999999999999999,2.82873,0.722,-16.99851,0.49413,8.22594,10.0,16.89969,17.5896,16.11751,12.65,2
1.5193561748846997e-05,13.0,-0.8999999999999999,2.82873,0.722,-17.00923,0.49145,8.22593,10.0,16.92098,17.60561,16.14246,12.675,2
1.5115940419426045e-05,13.0,-0.8999999999999999,2.83978,0.724,-17.0106,0.49155,8.22891,10.0,16.92429,17.60884,16.1459,12.675,2
2.7219640716948435e-05,13.0,-0.8999999999999999,2.83978,0.724,-16.99978,0.49426,8.22891,10.0,16.9028,17.59267,16.1207,12.65,2
1.4886252593891586e-05,13.0,-0.8999999999999999,2.85083,0.726,-17.00096,0.49441,8.23189,10.0,16.90589,17.59574,16.12383,12.65,2
1.4810733595860515e-05,13.0,-0.8999999999999999,2.85083,0.726,-17.01188,0.49168,8.23188,10.0,16.92757,17.61206,16.14925,12.675,2
1.473572896456213e-05,13.0,-0.8999999999999999,2.86188,0.728,-17.00217,0.49455,8.23486,10.0,16.90892,17.59883,16.12687,12.65,2
1.4661234305735422e-05,13.0,-0.8999999999999999,2.86188,0.728,-17.01319,0.49179,8.23485,10.0,16.9308,17.61529,16.15253,12.675,2
1.4587245270242638e-05,13.0,-0.8999999999999999,2.87293,0.73,-17.00336,0.4947,8.23783,10.0,16.91197,17.60193,16.13001,12.65,2
1.4513757553530946e-05,13.0,-0.8999999999999999,2.87293,0.73,-17.01448,0.49191,8.23782,10.0,16.93404,17.61855,16.15588,12.675,2
1.44407668950988e-05,13.0,-0.8999999999999999,2.88398,0.732,-17.00458,0.49483,8.24079,10.0,16.9151,17.60492,16.1329,12.65,2
1.4368269077967083e-05,13.0,-0.8999999999999999,2.88398,0.732,-17.0158,0.49203,8.24079,10.0,16.93736,17.62169,16.159,12.675,2
2.5875583580379613e-05,13.0,-0.8999999999999999,2.89503,0.734,-17.01707,0.49215,8.24375,10.0,16.94065,17.62497,16.16246,12.675,2
1.415369114658137e-05,13.0,-0.8999999999999999,2.89503,0.734,-17.0284,0.48932,8.24374,10.0,16.96324,17.64181,16.18906,12.7,2
1.4083123377311121e-05,13.0,-0.8999999999999999,2.90608,0.736,-17.02982,0.48941,8.2467,10.0,16.96664,17.64522,16.19256,12.7,2
1.4013027999377566e-05,13.0,-0.8999999999999999,2.90608,0.736,-17.0184,0.49227,8.24671,10.0,16.94384,17.62823,16.16572,12.675,2
1.3943401046288975e-05,13.0,-0.8999999999999999,2.91713,0.738,-17.01971,0.49239,8.24967,10.0,16.94713,17.63141,16.16906,12.675,2
1.3874238591583054e-05,13.0,-0.8999999999999999,2.91713,0.738,-17.03122,0.48951,8.24966,10.0,16.97009,17.64854,16.19611,12.7,2
1.3805536748366369e-05,13.0,-0.8999999999999999,2.92818,0.74,-17.02098,0.49251,8.25263,10.0,16.95046,17.63466,16.17226,12.675,2
1.3737291668840864e-05,13.0,-0.8999999999999999,2.92818,0.74,-17.03258,0.48961,8.25262,10.0,16.97362,17.65193,16.19954,12.7,2
1.366949954384581e-05,13.0,-0.8999999999999999,2.93923,0.742,-17.02228,0.49263,8.25559,10.0,16.95369,17.63791,16.17569,12.675,2
1.360215660240727e-05,13.0,-0.8999999999999999,2.93923,0.742,-17.03399,0.48971,8.25558,10.0,16.97703,17.65533,16.20318,12.7,2
2.4498206536274125e-05,13.0,-0.8999999999999999,2.95028,0.744,-17.02361,0.49275,8.25854,10.0,16.95702,17.6412,16.17891,12.675,2
1.3402785733137e-05,13.0,-0.8999999999999999,2.95028,0.744,-17.0354,0.4898,8.25853,10.0,16.98053,17.65875,16.2066,12.7,2
1.3337202564381106e-05,13.0,-0.8999999999999999,2.96133,0.746,-17.02497,0.49286,8.26149,10.0,16.96039,17.64445,16.18235,12.675,2
1.3272050281661434e-05,13.0,-0.8999999999999999,2.96133,0.746,-17.03684,0.48989,8.26149,10.0,16.98408,17.66214,16.21027,12.7,2
1.3207325333938013e-05,13.0,-0.8999999999999999,2.97238,0.748,-17.03823,0.48999,8.26444,10.0,16.9876,17.66552,16.21385,12.7,2
1.3143024205349211e-05,13.0,-0.8999999999999999,2.97238,0.748,-17.02627,0.49298,8.26445,10.0,16.96373,17.6477,16.18574,12.675,2
1.307914341480717e-05,13.0,-0.8999999999999999,2.98343,0.75,-17.05163,0.48708,8.26738,10.0,17.01511,17.68677,16.24577,12.725,2
1.3015679515596247e-05,13.0,-0.8999999999999999,2.98343,0.75,-17.03962,0.49009,8.26739,10.0,16.99103,17.66895,16.21726,12.7,2
1.2952629094974467e-05,13.0,-0.8999999999999999,2.99448,0.752,-17.04104,0.49018,8.27034,10.0,16.99461,17.6724,16.22088,12.7,2
1.2878323625571394e-05,13.0,-0.8999999999999999,2.99448,0.752,-17.05313,0.48715,8.27033,10.0,17.01886,17.69034,16.2496,12.725,2
2.3217656481557444e-05,13.0,-0.8999999999999999,3.00552,0.754,-17.04246,0.49027,8.27329,10.0,16.99809,17.67582,16.22459,12.7,2
1.2704495110896884e-05,13.0,-0.8999999999999999,3.00552,0.754,-17.05465,0.48722,8.27328,10.0,17.02251,17.69388,16.25351,12.725,2
1.2643462054121724e-05,13.0,-0.8999999999999999,3.01657,0.756,-17.04391,0.49036,8.27623,10.0,17.00164,17.67931,16.22818,12.7,2
1.2582822691413763e-05,13.0,-0.8999999999999999,3.01657,0.756,-17.05618,0.48729,8.27623,10.0,17.02623,17.69749,16.25729,12.725,2
1.2522573837188683e-05,13.0,-0.8999999999999999,3.02762,0.758,-17.04536,0.49045,8.27918,10.0,17.00515,17.68277,16.23175,12.7,2
1.2462712336850407e-05,13.0,-0.8999999999999999,3.02762,0.758,-17.05769,0.48736,8.27917,10.0,17.02989,17.70107,16.26105,12.725,2
1.240323506643639e-05,13.0,-0.8999999999999999,3.03867,0.76,-17.0468,0.49054,8.28212,10.0,17.00876,17.68622,16.23549,12.7,2
1.2344138932270276e-05,13.0,-0.8999999999999999,3.03867,0.76,-17.0592,0.48744,8.28212,10.0,17.03365,17.70464,16.26497,12.725,2
1.228542087062126e-05,13.0,-0.8999999999999999,3.04972,0.762,-17.04825,0.49062,8.28507,10.0,17.01231,17.6897,16.23907,12.7,2
2.2130457642291257e-05,13.0,-0.8999999999999999,3.04972,0.762,-17.06073,0.4875,8.28506,10.0,17.03734,17.70822,16.26872,12.725,2
1.2111504925564418e-05,13.0,-0.8999999999999999,3.06077,0.764,-17.06231,0.48756,8.28801,10.0,17.04109,17.71185,16.27266,12.725,2
1.2054269103813301e-05,13.0,-0.8999999999999999,3.06077,0.764,-17.04975,0.4907,8.28801,10.0,17.01591,17.69323,16.24283,12.7,2
1.1997396473399894e-05,13.0,-0.8999999999999999,3.07182,0.766,-17.0512,0.49079,8.29095,10.0,17.01964,17.69676,16.24641,12.7,2
1.1940884143304025e-05,13.0,-0.8999999999999999,3.07182,0.766,-17.06381,0.48764,8.29095,10.0,17.04496,17.71548,16.27639,12.725,2
1.1884729250169605e-05,13.0,-0.8999999999999999,3.08287,0.768,-17.05267,0.49088,8.2939,10.0,17.02332,17.7002,16.2502,12.7,2
1.1828928957997626e-05,13.0,-0.8999999999999999,3.08287,0.768,-17.06534,0.48771,8.29389,10.0,17.04876,17.71901,16.28035,12.725,2
1.1773480457840033e-05,13.0,-0.8999999999999999,3.09392,0.77,-17.06695,0.48776,8.29684,10.0,17.05229,17.72269,16.28429,12.725,2
1.1718380967501071e-05,13.0,-0.8999999999999999,3.09392,0.77,-17.07964,0.48459,8.29683,10.0,17.07788,17.74143,16.31475,12.75,2
1.1663627731230423e-05,13.0,-0.8999999999999999,3.10497,0.772,-17.0685,0.48782,8.29978,10.0,17.05625,17.72636,16.28801,12.725,2
2.1012159311206054e-05,13.0,-0.8999999999999999,3.10497,0.772,-17.08125,0.48464,8.29977,10.0,17.08197,17.74521,16.31862,12.75,2
1.1501418380014017e-05,13.0,-0.8999999999999999,3.11602,0.774,-17.07007,0.48789,8.30272,10.0,17.06008,17.73009,16.29202,12.725,2
1.144802312140069e-05,13.0,-0.8999999999999999,3.11602,0.774,-17.08288,0.48468,8.30272,10.0,17.08595,17.74903,16.32281,12.75,2
1.139496072475779e-05,13.0,-0.8999999999999999,3.12707,0.776,-17.0845,0.48473,8.30566,10.0,17.09001,17.75282,16.32703,12.75,2
1.1342228587014496e-05,13.0,-0.8999999999999999,3.12707,0.776,-17.07164,0.48795,8.30566,10.0,17.06404,17.7338,16.29611,12.725,2
1.1289824129571913e-05,13.0,-0.8999999999999999,3.13812,0.778,-17.07324,0.48801,8.3086,10.0,17.06789,17.73751,16.29988,12.725,2
1.1237744798034457e-05,13.0,-0.8999999999999999,3.13812,0.778,-17.08616,0.48477,8.3086,10.0,17.09398,17.75661,16.33092,12.75,2
1.118598806194656e-05,13.0,-0.8999999999999999,3.14917,0.78,-17.07482,0.48807,8.31155,10.0,17.07175,17.74119,16.30402,12.725,2
1.1134551414530682e-05,13.0,-0.8999999999999999,3.14917,0.78,-17.08778,0.48483,8.31154,10.0,17.09794,17.76037,16.33523,12.75,2
2.0060511081314772e-05,13.0,-0.8999999999999999,3.16022,0.782,-17.0764,0.48813,8.31449,10.0,17.07563,17.74491,16.30808,12.725,2
1.0982137286273213e-05,13.0,-0.8999999999999999,3.16022,0.782,-17.08942,0.48487,8.31449,10.0,17.10194,17.76416,16.33941,12.75,2
1.0931956390312031e-05,13.0,-0.8999999999999999,3.17127,0.784,-17.07802,0.48818,8.31743,10.0,17.07946,17.74864,16.31211,12.725,2
1.0882083395343952e-05,13.0,-0.8999999999999999,3.17127,0.784,-17.09108,0.48492,8.31743,10.0,17.10584,17.76795,16.34355,12.75,2
1.0832515931331785e-05,13.0,-0.8999999999999999,3.18232,0.786,-17.07966,0.48823,8.32038,10.0,17.08353,17.7525,16.31615,12.725,2
1.0783251650169888e-05,13.0,-0.8999999999999999,3.18232,0.786,-17.09277,0.48495,8.32037,10.0,17.11002,17.77189,16.34769,12.75,2
1.0734288225449109e-05,13.0,-0.8999999999999999,3.19337,0.788,-17.09438,0.48501,8.32332,10.0,17.11404,17.77566,16.35176,12.75,2
1.0685623352222677e-05,13.0,-0.8999999999999999,3.19337,0.788,-17.08124,0.4883,8.32332,10.0,17.08749,17.75622,16.32014,12.725,2
1.0637254746773133e-05,13.0,-0.8999999999999999,3.20442,0.79,-17.09606,0.48505,8.32626,10.0,17.11808,17.77957,16.35611,12.75,2
1.0589180146383985e-05,13.0,-0.8999999999999999,3.20442,0.79,-17.10926,0.48175,8.32626,10.0,17.14491,17.79904,16.38822,12.775,2
1.9079452143196972e-05,13.0,-0.8999999999999999,3.21547,0.792,-17.0978,0.48508,8.32921,10.0,17.12213,17.78346,16.36035,12.75,2
1.0446698058738305e-05,13.0,-0.8999999999999999,3.21547,0.792,-17.11105,0.48177,8.32921,10.0,17.14908,17.80301,16.39261,12.775,2
1.039977726363987e-05,13.0,-0.8999999999999999,3.22652,0.794,-17.0995,0.48512,8.33216,10.0,17.12631,17.78735,16.36454,12.75,2
1.0353139467255418e-05,13.0,-0.8999999999999999,3.22652,0.794,-17.11279,0.48179,8.33215,10.0,17.15335,17.80697,16.39691,12.775,2
1.0306782528241259e-05,13.0,-0.8999999999999999,3.23757,0.796,-17.10119,0.48516,8.3351,10.0,17.13044,17.79126,16.36872,12.75,2
1.0260704324732795e-05,13.0,-0.8999999999999999,3.23757,0.796,-17.11453,0.48182,8.3351,10.0,17.15758,17.81096,16.40119,12.775,2
1.0214902754137617e-05,13.0,-0.8999999999999999,3.24862,0.798,-17.11621,0.48187,8.33805,10.0,17.16183,17.81482,16.4058,12.775,2
1.0169375732932896e-05,13.0,-0.8999999999999999,3.24862,0.798,-17.10283,0.48521,8.33805,10.0,17.13459,17.79507,16.37319,12.75,2
1.0124121196463432e-05,13.0,-0.8999999999999999,3.25967,0.8,-17.11798,0.48189,8.341,10.0,17.16602,17.81893,16.41011,12.775,2
1.8242782079167638e-05,13.0,-0.8999999999999999,3.25967,0.8,-17.10456,0.48525,8.341,10.0,17.13871,17.7991,16.37741,12.75,2
9.989972127731097e-06,13.0,-0.8999999999999999,3.27072,0.802,-17.1065,0.48523,8.34395,10.0,17.14319,17.80333,16.38223,12.75,2
9.945787254042328e-06,13.0,-0.8999999999999999,3.27072,0.802,-17.11996,0.48186,8.34395,10.0,17.17059,17.82322,16.41504,12.775,2
9.901864817910493e-06,13.0,-0.8999999999999999,3.28177,0.804,-17.10872,0.48514,8.34689,10.0,17.14843,17.80794,16.38763,12.75,2
9.85820286377279e-06,13.0,-0.8999999999999999,3.28177,0.804,-17.12224,0.48176,8.34689,10.0,17.17597,17.8279,16.42058,12.775,2
9.814799453587509e-06,13.0,-0.8999999999999999,3.29282,0.806,-17.11127,0.48497,8.34984,10.0,17.1542,17.81314,16.39411,12.75,2
9.771652666648523e-06,13.0,-0.8999999999999999,3.29282,0.806,-17.12485,0.48157,8.34983,10.0,17.18185,17.83319,16.42725,12.775,2
9.728760599406387e-06,13.0,-0.8999999999999999,3.30387,0.808,-17.11406,0.48474,8.35277,10.0,17.16082,17.81879,16.40112,12.75,2
9.686121365287232e-06,13.0,-0.8999999999999999,3.30387,0.808,-17.12771,0.48132,8.35277,10.0,17.18866,17.83894,16.43447,12.775,2
9.64373309451597e-06,13.0,-0.8999999999999999,3.31492,0.81,-17.11734,0.48438,8.35571,10.0,17.168,17.82498,16.40903,12.75,2
1.737845055917384e-05,13.0,-0.8999999999999999,3.31492,0.81,-17.13108,0.48095,8.35571,10.0,17.19604,17.84526,16.44262,12.775,2
9.518055612890447e-06,13.0,-0.8999999999999999,3.32597,0.812,-17.13471,0.4805,8.35864,10.0,17.204,17.85192,16.45173,12.775,2
9.47665282769221e-06,13.0,-0.8999999999999999,3.32597,0.812,-17.12087,0.48396,8.35864,10.0,17.17575,17.8315,16.41784,12.75,2
9.435491902923203e-06,13.0,-0.8999999999999999,3.33702,0.814,-17.12469,0.48347,8.36157,10.0,17.18429,17.83869,16.42744,12.75,2
9.394571066011045e-06,13.0,-0.8999999999999999,3.33702,0.814,-17.13865,0.47999,8.36157,10.0,17.21282,17.85929,16.46166,12.775,2
9.353888560001938e-06,13.0,-0.8999999999999999,3.34807,0.816,-17.1429,0.47939,8.3645,10.0,17.22218,17.86713,16.47213,12.775,2
9.31344264339998e-06,13.0,-0.8999999999999999,3.34807,0.816,-17.15735,0.47577,8.3645,10.0,17.25185,17.88842,16.50785,12.8,2
9.273231590009974e-06,13.0,-0.8999999999999999,3.35912,0.818,-17.14749,0.4787,8.36743,10.0,17.23253,17.87543,16.48382,12.775,2
9.233253688780448e-06,13.0,-0.8999999999999999,3.35912,0.818,-17.16213,0.47504,8.36743,10.0,17.26268,17.89699,16.52013,12.8,2
1.663983211519762e-05,13.0,-0.8999999999999999,3.37017,0.82,-17.15255,0.47791,8.37035,10.0,17.24347,17.88422,16.49629,12.775,2
9.114702011427943e-06,13.0,-0.8999999999999999,3.37017,0.82,-17.16741,0.47419,8.37035,10.0,17.27414,17.9061,16.53332,12.8,2
9.075639905782377e-06,13.0,-0.8999999999999999,3.38122,0.822,-17.1579,0.47704,8.37328,10.0,17.25507,17.89356,16.50968,12.775,2
9.036802618813003e-06,13.0,-0.8999999999999999,3.38122,0.822,-17.17302,0.47326,8.37328,10.0,17.28638,17.91579,16.54753,12.8,2
8.998188527129232e-06,13.0,-0.8999999999999999,3.39227,0.824,-17.17897,0.47223,8.3762,10.0,17.29954,17.92608,16.56254,12.8,2
8.951687608746112e-06,13.0,-0.8999999999999999,3.39227,0.824,-17.16356,0.47609,8.3762,10.0,17.26752,17.90348,16.52376,12.775,2
8.913549638962612e-06,13.0,-0.8999999999999999,3.40331,0.826,-17.16973,0.47501,8.37912,10.0,17.28076,17.91392,16.53917,12.775,2
8.883669400455288e-06,13.0,-0.8999999999999999,3.40331,0.826,-17.18545,0.47108,8.37912,10.0,17.31351,17.93694,16.57894,12.8,2
8.845932135770727e-06,13.0,-0.8999999999999999,3.41436,0.828,-17.17621,0.47386,8.38204,10.0,17.2948,17.92491,16.55536,12.775,2
8.808410158004942e-06,13.0,-0.8999999999999999,3.41436,0.828,-17.19224,0.46985,8.38204,10.0,17.32836,17.94836,16.59618,12.8,2
1.5875297604023998e-05,13.0,-0.8999999999999999,3.42541,0.83,-17.1831,0.4726,8.38496,10.0,17.30987,17.93652,16.57271,12.775,2
8.697120603048866e-06,13.0,-0.8999999999999999,3.42541,0.83,-17.19944,0.46852,8.38496,10.0,17.34421,17.96039,16.61458,12.8,2
8.66044449556196e-06,13.0,-0.8999999999999999,3.43646,0.832,-17.19039,0.47125,8.38788,10.0,17.32575,17.94858,16.59138,12.775,2
8.623976101609344e-06,13.0,-0.8999999999999999,3.43646,0.832,-17.20705,0.46709,8.38788,10.0,17.3609,17.97287,16.63432,12.8,2
8.58771394524646e-06,13.0,-0.8999999999999999,3.44751,0.834,-17.19802,0.46981,8.39079,10.0,17.34237,17.9614,16.61129,12.775,2
8.551656563138032e-06,13.0,-0.8999999999999999,3.44751,0.834,-17.21499,0.46557,8.39079,10.0,17.37833,17.98612,16.65531,12.8,2
8.515802504432289e-06,13.0,-0.8999999999999999,3.45856,0.836,-17.22347,0.46392,8.39371,10.0,17.39691,17.99987,16.67707,12.8,2
8.48015033063808e-06,13.0,-0.8999999999999999,3.45856,0.836,-17.20618,0.46824,8.39371,10.0,17.36019,17.97476,16.63195,12.775,2
8.444698615501902e-06,13.0,-0.8999999999999999,3.46961,0.838,-17.21466,0.46659,8.39663,10.0,17.37879,17.98862,16.65402,12.775,2
1.522071664232515e-05,13.0,-0.8999999999999999,3.46961,0.838,-17.23225,0.46219,8.39663,10.0,17.41627,18.0141,16.70018,12.8,2
8.339532140506936e-06,13.0,-0.8999999999999999,3.48066,0.84,-17.2236,0.46483,8.39954,10.0,17.39812,18.00312,16.67721,12.775,2
8.30486823797078e-06,13.0,-0.8999999999999999,3.48066,0.84,-17.24147,0.46036,8.39954,10.0,17.43628,18.02895,16.72434,12.8,2
8.270397842167929e-06,13.0,-0.8999999999999999,3.49171,0.842,-17.23281,0.46299,8.40246,10.0,17.41861,18.01813,16.70136,12.775,2
8.236119597759573e-06,13.0,-0.8999999999999999,3.49171,0.842,-17.25094,0.45846,8.40246,10.0,17.45744,18.04424,16.7494,12.8,2
8.202032160821958e-06,13.0,-0.8999999999999999,3.50276,0.844,-17.26077,0.45648,8.40538,10.0,17.47914,18.06002,16.77556,12.8,2
8.168134198734101e-06,13.0,-0.8999999999999999,3.50276,0.844,-17.27932,0.45184,8.40538,10.0,17.5192,18.08658,16.8256,12.825,2
8.134424390065334e-06,13.0,-0.8999999999999999,3.51381,0.846,-17.27101,0.45439,8.4083,10.0,17.50159,18.07617,16.80283,12.8,2
8.10090142446556e-06,13.0,-0.8999999999999999,3.51381,0.846,-17.28971,0.44971,8.4083,10.0,17.54197,18.10287,16.85353,12.825,2
8.067564002558186e-06,13.0,-0.8999999999999999,3.52486,0.848,-17.2814,0.45226,8.41122,10.0,17.52475,18.09264,16.83082,12.8,2
1.4541920064856044e-05,13.0,-0.8999999999999999,3.52486,0.848,-17.30017,0.44757,8.41122,10.0,17.56539,18.11938,16.882,12.825,2
7.968652167574399e-06,13.0,-0.8999999999999999,3.53591,0.85,-17.31097,0.44535,8.41413,10.0,17.58952,18.13624,16.91132,12.825,2
7.936044142396994e-06,13.0,-0.8999999999999999,3.53591,0.85,-17.29212,0.45006,8.41413,10.0,17.54862,18.10949,16.85971,12.8,2
7.90361532490635e-06,13.0,-0.8999999999999999,3.54696,0.852,-17.30309,0.44779,8.41706,10.0,17.5727,18.12678,16.88924,12.8,2
7.871364479351153e-06,13.0,-0.8999999999999999,3.54696,0.852,-17.32195,0.44308,8.41706,10.0,17.61365,18.15352,16.94114,12.825,2
7.839290380225657e-06,13.0,-0.8999999999999999,3.55801,0.854,-17.31422,0.44548,8.41998,10.0,17.59758,18.14413,16.91957,12.8,2
7.80739181217049e-06,13.0,-0.8999999999999999,3.55801,0.854,-17.33305,0.44078,8.41998,10.0,17.63855,18.17079,16.9717,12.825,2
7.775667569875907e-06,13.0,-0.8999999999999999,3.56906,0.856,-17.32558,0.44312,8.4229,10.0,17.62276,18.16189,16.9505,12.8,2
7.744116457984763e-06,13.0,-0.8999999999999999,3.56906,0.856,-17.34436,0.43843,8.4229,10.0,17.6637,18.18845,17.00285,12.825,2
1.3959705504063318e-05,13.0,-0.8999999999999999,3.58011,0.858,-17.33698,0.44075,8.42583,10.0,17.64825,18.17985,16.98196,12.8,2
7.650490098422127e-06,13.0,-0.8999999999999999,3.58011,0.858,-17.35584,0.43603,8.42583,10.0,17.68944,18.20636,17.03487,12.825,2
7.6196197502663204e-06,13.0,-0.8999999999999999,3.59116,0.86,-17.34861,0.43832,8.42876,10.0,17.67404,18.1978,17.01402,12.8,2
7.588916701681239e-06,13.0,-0.8999999999999999,3.59116,0.86,-17.36768,0.43355,8.42875,10.0,17.71581,18.22443,17.06803,12.825,2
7.558379815041078e-06,13.0,-0.8999999999999999,3.60221,0.862,-17.37974,0.43102,8.43168,10.0,17.74277,18.2429,17.1021,12.825,2
7.528007962022629e-06,13.0,-0.8999999999999999,3.60221,0.862,-17.36042,0.43585,8.43168,10.0,17.70041,18.21616,17.04699,12.8,2
7.497800023516427e-06,13.0,-0.8999999999999999,3.61326,0.864,-17.37245,0.43332,8.43461,10.0,17.72745,18.23457,17.0808,12.8,2
7.467754889537563e-06,13.0,-0.8999999999999999,3.61326,0.864,-17.39198,0.42844,8.43461,10.0,17.77039,18.26147,17.13695,12.825,2
7.437871459138782e-06,13.0,-0.8999999999999999,3.62431,0.866,-17.38488,0.4307,8.43755,10.0,17.7552,18.25343,17.11573,12.8,2
7.408148640325882e-06,13.0,-0.8999999999999999,3.62431,0.866,-17.40459,0.42577,8.43754,10.0,17.79863,18.28046,17.17277,12.825,2
1.3354905610810524e-05,13.0,-0.8999999999999999,3.63536,0.868,-17.39752,0.42802,8.44048,10.0,17.78335,18.27257,17.15172,12.8,2
7.3199330659701255e-06,13.0,-0.8999999999999999,3.63536,0.868,-17.4174,0.42305,8.44048,10.0,17.82723,18.29969,17.20959,12.825,2
7.290841949650891e-06,13.0,-0.8999999999999999,3.64641,0.87,-17.41028,0.42531,8.44342,10.0,17.81203,18.29189,17.18857,12.8,2
1.967654696331476e-05,13.0,-0.8999999999999999,3.64641,0.87,-17.43029,0.42031,8.44342,10.0,17.85622,18.31909,17.24715,12.825,2
1.9443990955023683e-05,13.0,-0.8999999999999999,3.67665,0.872,-17.42341,0.42252,8.44636,10.0,17.84135,18.31137,17.2257,12.8,2
1.2835283978801703e-05,13.0,-0.8999999999999999,3.67665,0.872,-17.44349,0.4175,8.44636,10.0,17.88581,18.33871,17.28483,12.825,2
1.906454298400445e-05,13.0,-0.8999999999999999,3.7006,0.874,-17.47663,0.4097,8.4493,10.0,17.9601,18.38577,17.38309,12.85,2
1.258564536458657e-05,13.0,-0.8999999999999999,3.7006,0.874,-17.45672,0.41468,8.4493,10.0,17.91582,18.35854,17.32366,12.825,2
1.2487618131335265e-05,13.0,-0.8999999999999999,3.72455,0.876,-17.46999,0.41185,8.45225,10.0,17.94588,18.37857,17.3623,12.825,2
1.8549862759243562e-05,13.0,-0.8999999999999999,3.72455,0.876,-17.48976,0.40691,8.45225,10.0,17.99,18.40578,17.42165,12.85,2
1.2247001369415743e-05,13.0,-0.8999999999999999,3.7485,0.878,-17.48342,0.40898,8.45521,10.0,17.97618,18.39878,17.40189,12.825,2
1.8193618918707714e-05,13.0,-0.8999999999999999,3.7485,0.878,-17.50305,0.40407,8.4552,10.0,18.02,18.42596,17.46093,12.85,2
1.2012578980285711e-05,13.0,-0.8999999999999999,3.77246,0.88,-17.49675,0.40614,8.45816,10.0,18.00636,18.41903,17.44128,12.825,2
1.1920499600962588e-05,13.0,-0.8999999999999999,3.77246,0.88,-17.51608,0.40131,8.45816,10.0,18.04971,18.4461,17.4998,12.85,2
1.7710168292912407e-05,13.0,-0.8999999999999999,3.79641,0.882,-17.51008,0.4033,8.46113,10.0,18.03663,18.43931,17.48067,12.825,2
1.1694416655398793e-05,13.0,-0.8999999999999999,3.79641,0.882,-17.52906,0.39856,8.46113,10.0,18.07939,18.46626,17.53851,12.85,2
1.7375373284721925e-05,13.0,-0.8999999999999999,3.82036,0.884,-17.52331,0.40049,8.46409,10.0,18.06655,18.45967,17.51981,12.825,2
1.1474063140287104e-05,13.0,-0.8999999999999999,3.82036,0.884,-17.5419,0.39584,8.46409,10.0,18.10858,18.48639,17.57669,12.85,2
1.1387485139544041e-05,13.0,-0.8999999999999999,3.84431,0.886,-17.55459,0.39317,8.46707,10.0,18.13782,18.50634,17.61465,12.85,2
1.692080791202597e-05,13.0,-0.8999999999999999,3.84431,0.886,-17.53636,0.39773,8.46707,10.0,18.09658,18.48001,17.5588,12.825,2
1.1174849863592795e-05,13.0,-0.8999999999999999,3.86826,0.888,-17.54922,0.39501,8.47004,10.0,18.12601,18.50032,17.59739,12.825,2
1.6605863883592734e-05,13.0,-0.8999999999999999,3.86826,0.888,-17.56715,0.39053,8.47004,10.0,18.16653,18.52622,17.65229,12.85,2
1.09675204604047e-05,13.0,-0.8999999999999999,3.89222,0.89,-17.56189,0.39234,8.47302,10.0,18.15511,18.52035,17.63516,12.825,2
1.0886037107495633e-05,13.0,-0.8999999999999999,3.89222,0.89,-17.57953,0.38793,8.47302,10.0,18.19499,18.54587,17.68928,12.85,2
1.6178048118406053e-05,13.0,-0.8999999999999999,3.91617,0.892,-17.57453,0.38969,8.47601,10.0,18.18395,18.54013,17.67317,12.825,2
1.0685859620042251e-05,13.0,-0.8999999999999999,3.91617,0.892,-17.5919,0.38534,8.47601,10.0,18.2233,18.56537,17.72662,12.85,2
1.5881498394397434e-05,13.0,-0.8999999999999999,3.94012,0.894,-17.60415,0.38279,8.479,10.0,18.25147,18.58508,17.76342,12.85,2
1.0490601588511951e-05,13.0,-0.8999999999999999,3.94012,0.894,-17.62103,0.37857,8.479,10.0,18.28986,18.60987,17.81587,12.875,2
1.0413841821247019e-05,13.0,-0.8999999999999999,3.96407,0.896,-17.61632,0.38025,8.48199,10.0,18.2796,18.60458,17.80034,12.85,2
1.5478483886808518e-05,13.0,-0.8999999999999999,3.96407,0.896,-17.63311,0.37605,8.48199,10.0,18.31794,18.62938,17.85278,12.875,2
1.022521867657391e-05,13.0,-0.8999999999999999,3.98802,0.898,-17.64537,0.3735,8.48499,10.0,18.3464,18.64932,17.89043,12.875,2
1.0151055863207308e-05,13.0,-0.8999999999999999,3.98802,0.898,-17.62857,0.3777,8.48499,10.0,18.30798,18.62436,17.83769,12.85,2
1.5089104692715835e-05,13.0,-0.8999999999999999,4.01198,0.9,-17.6577,0.37092,8.488,10.0,18.37501,18.66949,17.92846,12.875,2
9.96878677924486e-06,13.0,-0.8999999999999999,4.01198,0.9,-17.64084,0.37514,8.488,10.0,18.33631,18.64424,17.87514,12.85,2
1.4819005364696726e-05,13.0,-0.8999999999999999,4.03593,0.902,-17.65335,0.37252,8.49101,10.0,18.36507,18.66442,17.91325,12.85,2
9.790892269305612e-06,13.0,-0.8999999999999999,4.03593,0.902,-17.67034,0.36827,8.49101,10.0,18.40425,18.69008,17.96742,12.875,2
9.720929816609685e-06,13.0,-0.8999999999999999,4.05988,0.904,-17.66596,0.36988,8.49402,10.0,18.39436,18.68507,17.95228,12.85,2
1.445168012633221e-05,13.0,-0.8999999999999999,4.05988,0.904,-17.68319,0.36557,8.49402,10.0,18.43421,18.7113,18.00763,12.875,2
9.54894050091613e-06,13.0,-0.8999999999999999,4.08383,0.906,-17.67892,0.36715,8.49703,10.0,18.42498,18.70654,17.99271,12.85,2
1.419676838119399e-05,13.0,-0.8999999999999999,4.08383,0.906,-17.69652,0.36275,8.49703,10.0,18.46579,18.7335,18.04959,12.875,2
9.381018945245382e-06,13.0,-0.8999999999999999,4.10778,0.908,-17.69237,0.36431,8.50004,10.0,18.45643,18.72865,18.03504,12.85,2
9.314962236868838e-06,13.0,-0.8999999999999999,4.10778,0.908,-17.71042,0.35979,8.50004,10.0,18.49846,18.75657,18.09384,12.875,2
1.384995016196559e-05,13.0,-0.8999999999999999,4.13174,0.91,-17.70634,0.36133,8.50305,10.0,18.48919,18.75183,18.07918,12.85,2
9.152534645687628e-06,13.0,-0.8999999999999999,4.13174,0.91,-17.72501,0.35666,8.50305,10.0,18.53272,18.78087,18.14036,12.875,2
1.3609168281346938e-05,13.0,-0.8999999999999999,4.15569,0.912,-17.74035,0.35334,8.50606,10.0,18.56884,18.80644,18.18989,12.875,2
8.993893544398212e-06,13.0,-0.8999999999999999,4.15569,0.912,-17.72091,0.3582,8.50606,10.0,18.52347,18.77606,18.12585,12.85,2
8.931472494335966e-06,13.0,-0.8999999999999999,4.17964,0.914,-17.73632,0.35486,8.50907,10.0,18.55966,18.80178,18.17508,12.85,2
1.328143895104177e-05,13.0,-0.8999999999999999,4.17964,0.914,-17.75655,0.3498,8.50907,10.0,18.60695,18.83361,18.24215,12.875,2
8.777948125670288e-06,13.0,-0.8999999999999999,4.20359,0.916,-17.75268,0.35129,8.51208,10.0,18.59822,18.82895,18.22806,12.85,2
1.3053816669238533e-05,13.0,-0.8999999999999999,4.20359,0.916,-17.77336,0.34612,8.51208,10.0,18.64677,18.86174,18.29731,12.875,2
8.627952068215708e-06,13.0,-0.8999999999999999,4.22754,0.918,-17.7908,0.34227,8.5151,10.0,18.68799,18.89121,18.35467,12.875,2
8.568918765481565e-06,13.0,-0.8999999999999999,4.22754,0.918,-17.81232,0.33689,8.5151,10.0,18.7391,18.92617,18.42871,12.9,2
1.2743874535860756e-05,13.0,-0.8999999999999999,4.2515,0.92,-17.80897,0.33825,8.51811,10.0,18.73149,18.92213,18.41576,12.875,2
8.42369296507394e-06,13.0,-0.8999999999999999,4.2515,0.92,-17.83119,0.33269,8.51811,10.0,18.7845,18.95863,18.49307,12.9,2
1.2528520700701209e-05,13.0,-0.8999999999999999,4.27545,0.922,-17.85119,0.32821,8.52113,10.0,18.83263,18.99344,18.56206,12.9,2
8.28175820209375e-06,13.0,-0.8999999999999999,4.27545,0.922,-17.82811,0.33398,8.52113,10.0,18.77734,18.95509,18.48104,12.875,2
8.225884810758978e-06,13.0,-0.8999999999999999,4.2994,0.924,-17.87239,0.32343,8.52415,10.0,18.88374,19.03067,18.63614,12.9,2
1.2235169483341533e-05,13.0,-0.8999999999999999,4.2994,0.924,-17.84828,0.32946,8.52415,10.0,18.82578,18.99014,18.55059,12.875,2
8.088401692972104e-06,13.0,-0.8999999999999999,4.32335,0.926,-17.86999,0.32455,8.52717,10.0,18.87784,19.02766,18.62506,12.875,2
1.2031264615057541e-05,13.0,-0.8999999999999999,4.32335,0.926,-17.89539,0.3182,8.52717,10.0,18.93889,19.07072,18.71578,12.9,2
7.953991291008739e-06,13.0,-0.8999999999999999,4.34731,0.928,-17.89305,0.31931,8.5302,10.0,18.93372,19.06837,18.70569,12.875,2
7.901068174838065e-06,13.0,-0.8999999999999999,4.34731,0.928,-17.91994,0.31259,8.5302,10.0,18.99846,19.11445,18.80223,12.9,2
1.1753403596207892e-05,13.0,-0.8999999999999999,4.37126,0.93,-17.91787,0.31363,8.53322,10.0,18.99412,19.11245,18.79371,12.875,2
7.770816084638855e-06,13.0,-0.8999999999999999,4.37126,0.93,-17.94649,0.30647,8.53322,10.0,19.06302,19.16199,18.89707,12.9,2
1.1560193236829107e-05,13.0,-0.8999999999999999,4.39521,0.932,-17.94517,0.30733,8.53625,10.0,19.05924,19.16045,18.88987,12.875,2
7.643435594162385e-06,13.0,-0.8999999999999999,4.39521,0.932,-17.97587,0.29965,8.53625,10.0,19.13286,19.21386,19.00085,12.9,2
7.59326963914774e-06,13.0,-0.8999999999999999,4.41916,0.934,-17.97475,0.30046,8.53928,10.0,19.13048,19.21316,18.99476,12.875,2
1.1296808453924277e-05,13.0,-0.8999999999999999,4.41916,0.934,-18.00803,0.29214,8.53928,10.0,19.21015,19.27182,19.11672,12.9,2
7.469777091116928e-06,13.0,-0.8999999999999999,4.44311,0.936,-18.04328,0.28385,8.54232,10.0,19.29519,19.33679,19.2469,12.9,2
1.1113597213839703e-05,13.0,-0.8999999999999999,4.44311,0.936,-18.00713,0.29289,8.54232,10.0,19.20841,19.27179,19.1121,12.875,2
7.348970667406939e-06,13.0,-0.8999999999999999,4.46707,0.938,-18.04327,0.28438,8.54536,10.0,19.2945,19.3376,19.24358,12.875,2
7.3013837789830464e-06,13.0,-0.8999999999999999,4.46707,0.938,-18.08232,0.27462,8.54536,10.0,19.38897,19.40956,19.39154,12.9,2
1.0863753568105476e-05,13.0,-0.8999999999999999,4.49102,0.94,-18.0828,0.27503,8.5484,10.0,19.39034,19.41109,19.39155,12.875,2
7.184215817602624e-06,13.0,-0.8999999999999999,4.49102,0.94,-18.12494,0.26449,8.5484,10.0,19.49265,19.49046,19.55284,12.9,2
7.138056627844498e-06,13.0,-0.8999999999999999,4.51497,0.942,-18.12588,0.26479,8.55144,10.0,19.49495,19.49393,19.55503,12.875,2
1.0621405902546558e-05,13.0,-0.8999999999999999,4.51497,0.942,-18.17127,0.25344,8.55144,10.0,19.60592,19.58174,19.72986,12.9,2
7.024390496567691e-06,13.0,-0.8999999999999999,4.53892,0.944,-18.17307,0.25352,8.55449,10.0,19.61136,19.58612,19.73485,12.875,2
1.0452733964930177e-05,13.0,-0.8999999999999999,4.53892,0.944,-18.22184,0.24133,8.55449,10.0,19.73173,19.68302,19.92359,12.9,2
6.91314542919112e-06,13.0,-0.8999999999999999,4.56287,0.946,-18.22475,0.24114,8.55754,10.0,19.73878,19.68952,19.93189,12.875,2
6.869310795312749e-06,13.0,-0.8999999999999999,4.56287,0.946,-18.27821,0.22777,8.55754,10.0,19.87432,19.80263,20.1434,12.9,2
1.0222591114075419e-05,13.0,-0.8999999999999999,4.58683,0.948,-18.34119,0.21256,8.5606,10.0,20.03674,19.94322,20.39471,12.9,2
6.7613474179045155e-06,13.0,-0.8999999999999999,4.58683,0.948,-18.28219,0.22731,8.5606,10.0,19.88422,19.81165,20.15654,12.875,2
1.0062359030990374e-05,13.0,-0.8999999999999999,4.61078,0.95,-18.41125,0.19558,8.56366,10.0,20.21751,20.10381,20.67528,12.9,2
0.0,13.0,-0.8999999999999999,0.84765,0.55,-15.71418,0.77909,7.96328,11.0,13.98083,14.24182,13.554,2.425,2
0.00011202491328439365,13.0,-0.8999999999999999,0.84765,0.55,-15.71803,0.77815,7.96337,11.0,13.98989,14.2523,13.5614,2.45,2
0.00016425449746414333,13.0,-0.8999999999999999,0.87056,0.552,-15.83103,0.75101,7.96938,11.0,14.25921,14.56509,13.78182,3.4,2
0.00010706707342280958,13.0,-0.8999999999999999,0.87056,0.552,-15.83362,0.75038,7.96942,11.0,14.2655,14.57245,13.78699,3.425,2
0.00010518401524566464,13.0,-0.8999999999999999,0.89347,0.554,-15.91031,0.73198,7.9741,11.0,14.45506,14.79349,13.94317,4.275,2
0.00010335473898851445,13.0,-0.8999999999999999,0.89347,0.554,-15.91234,0.73148,7.97413,11.0,14.46013,14.79942,13.94731,4.3,2
0.00015171468904265172,13.0,-0.8999999999999999,0.91638,0.556,-15.97738,0.71592,7.97848,11.0,14.62485,14.99141,14.08304,5.05,2
9.900323378445741e-05,13.0,-0.8999999999999999,0.91638,0.556,-15.97982,0.71532,7.97852,11.0,14.63107,14.99869,14.08817,5.075,2
9.734622788094369e-05,13.0,-0.8999999999999999,0.93929,0.558,-16.0544,0.6973,7.98261,11.0,14.8245,15.22524,14.24843,5.75,2
0.00014301056265557993,13.0,-0.8999999999999999,0.93929,0.558,-16.05788,0.69644,7.98262,11.0,14.83366,15.23608,14.25597,5.775,2
9.33971861809061e-05,13.0,-0.8999999999999999,0.9622,0.56,-16.15089,0.6737,7.98624,11.0,15.0834,15.53278,14.4619,6.35,2
9.189068741700612e-05,13.0,-0.8999999999999999,0.9622,0.56,-16.15556,0.67254,7.98627,11.0,15.09619,15.54813,14.47237,6.375,2
0.00013509735521261205,13.0,-0.8999999999999999,0.98511,0.562,-16.26362,0.64614,7.99029,11.0,15.39858,15.91077,14.72246,6.925,2
8.82941412152443e-05,13.0,-0.8999999999999999,0.98511,0.562,-16.25837,0.64745,7.99026,11.0,15.38356,15.89285,14.7099,6.9,2
8.6919787432607e-05,13.0,-0.8999999999999999,1.00802,0.564,-16.36267,0.62186,7.99376,11.0,15.68809,16.25763,14.96564,7.4,2
8.558021831540825e-05,13.0,-0.8999999999999999,1.00802,0.564,-16.36816,0.62049,7.99375,11.0,15.70451,16.27763,14.97932,7.425,2
0.00012593175571532408,13.0,-0.8999999999999999,1.03093,0.566,-16.45998,0.59797,7.99703,11.0,15.98186,16.61502,15.21242,7.85,2
8.237565138402988e-05,13.0,-0.8999999999999999,1.03093,0.566,-16.46567,0.59656,7.99707,11.0,15.99902,16.63585,15.22696,7.875,2
8.114862358222109e-05,13.0,-0.8999999999999999,1.05384,0.568,-16.54992,0.57617,8.00129,11.0,16.25466,16.94553,15.44538,8.25,2
0.0001194870234018771,13.0,-0.8999999999999999,1.05384,0.568,-16.55588,0.57468,8.00131,11.0,16.27337,16.96836,15.46136,8.275,2
7.820896956114629e-05,13.0,-0.8999999999999999,1.07675,0.57,-16.63286,0.55587,8.00457,11.0,16.51899,17.269,15.67221,8.6,2
7.708175037510629e-05,13.0,-0.8999999999999999,1.07675,0.57,-16.6392,0.55428,8.00457,11.0,16.53965,17.29444,15.68994,8.625,2
7.598096751988779e-05,13.0,-0.8999999999999999,1.09966,0.572,-16.71382,0.53606,8.00783,11.0,16.78531,17.59563,15.90254,8.925,2
0.00011196321835621844,13.0,-0.8999999999999999,1.09966,0.572,-16.72044,0.53441,8.00783,11.0,16.80756,17.62298,15.92182,8.95,2
7.33391466566881e-05,13.0,-0.8999999999999999,1.12257,0.574,-16.79206,0.51693,8.01106,11.0,17.04982,17.91996,16.13306,9.225,2
0.0,13.0,-0.8999999999999999,1.12257,0.574,-16.799,0.5152,8.01106,11.0,17.07365,17.94926,16.15386,9.25,2
0.00014967340148754196,13.0,-0.2999999999999998,0.09,0.09,-3.363,3.3893,5.264,1.0,15.032,18.022,13.554,nan,2
0.0004163519371776714,13.0,-0.2999999999999998,0.09985727,0.1,-3.164,3.4182,5.226,1.0,14.515,17.453,13.043,nan,2
0.00046063571999614374,13.0,-0.2999999999999998,0.11957181,0.119,-2.903,3.4503,5.171,1.0,13.505,15.834,12.128,nan,2
0.00020000389428703302,13.0,-0.2999999999999998,0.13646644,0.136,-2.743,3.4672,5.137,1.0,12.923,14.948,11.604,nan,2
0.00018394034897699607,13.0,-0.2999999999999998,0.13928634,0.139,-2.719,3.4699,5.132,1.0,12.834,14.816,11.524,nan,2
0.00047618913337074963,13.0,-0.2999999999999998,0.15900087,0.159,-2.576,3.4834,5.1,1.0,12.337,14.102,11.077,nan,2
0.0005647271320936048,13.0,-0.2999999999999998,0.19842997,0.198,-2.354,3.5014,5.047,1.0,11.614,13.133,10.42,nan,2
0.0004923173344287728,13.0,-0.2999999999999998,0.24771631,0.247,-2.142,3.5161,4.99,1.0,10.963,12.322,9.821,nan,2
0.000399464116417779,13.0,-0.2999999999999998,0.29700267,0.297,-1.976,3.5264,4.944,1.0,10.477,11.745,9.368,nan,2
0.0003351263552434029,13.0,-0.2999999999999998,0.34628904,0.346,-1.834,3.5351,4.903,1.0,10.065,11.268,8.982,nan,2
0.0001490953781295508,13.0,-0.2999999999999998,0.3955754,0.395,-1.686,3.546,4.857,1.0,9.629,10.757,8.578,nan,2
0.00013892589757282526,13.0,-0.2999999999999998,0.40273371,0.402,-1.661,3.5481,4.848,1.0,9.555,10.669,8.51,nan,2
0.00022827206476009498,13.0,-0.2999999999999998,0.44486171,0.444,-1.525,3.5598,4.802,1.0,9.148,10.189,8.136,nan,2
0.00020429698266370477,13.0,-0.2999999999999998,0.49414805,0.494,-1.351,3.578,4.747,1.0,8.615,9.557,7.655,nan,2
0.0001025485314104544,13.0,-0.2999999999999998,0.53569001,0.535,-1.184,3.5986,4.697,1.0,8.103,8.95,7.196,nan,2
0.00011358324837476867,13.0,-0.2999999999999998,0.54343438,0.543,-1.155,3.6022,4.688,1.0,8.014,8.847,7.116,nan,2
0.00015375133295112938,13.0,-0.2999999999999998,0.59272075,0.592,-0.961,3.632,4.651,1.0,7.411,8.123,6.59,nan,2
7.79732008336728e-05,13.0,-0.2999999999999998,0.62839103,0.628,-0.817,3.6571,4.634,1.0,6.945,7.55,6.199,nan,2
2.083606301839543e-05,13.0,-0.2999999999999998,0.64200705,0.642,-0.764,3.6664,4.627,1.0,6.776,7.346,6.056,nan,2
4.3983335782398816e-05,13.0,-0.2999999999999998,0.64234704,0.642,-0.763,3.6666,4.627,1.0,6.772,7.341,6.053,nan,2
6.991191733448512e-05,13.0,-0.2999999999999998,0.67516953,0.675,-0.635,3.6875,4.604,1.0,6.38,6.882,5.716,nan,2
2.6851002811375123e-05,13.0,-0.2999999999999998,0.69129348,0.691,-0.573,3.6974,4.592,1.0,6.197,6.67,5.557,nan,2
2.6249704479572912e-05,13.0,-0.2999999999999998,0.69774562,0.697,-0.547,3.7012,4.586,1.0,6.124,6.587,5.493,nan,2
2.5670206382352475e-05,13.0,-0.2999999999999998,0.70908326,0.709,-0.503,3.7079,4.575,1.0,5.997,6.442,5.382,nan,2
3.746378760451415e-05,13.0,-0.2999999999999998,0.71992886,0.719,-0.46,3.7142,4.563,1.0,5.877,6.306,5.276,nan,2
2.4309889064257382e-05,13.0,-0.2999999999999998,0.73028833,0.73,-0.418,3.72,4.552,1.0,5.762,6.177,5.175,nan,2
1.2246027990115298e-05,13.0,-0.2999999999999998,0.74046314,0.74,-0.377,3.7257,4.54,1.0,5.65,6.052,5.076,nan,2
1.1313156725507318e-05,13.0,-0.2999999999999998,0.74057972,0.74,-0.377,3.7258,4.539,1.0,5.649,6.051,5.075,nan,2
2.3304714217928698e-05,13.0,-0.2999999999999998,0.75007111,0.75,-0.338,3.7305,4.525,1.0,5.545,5.936,4.981,nan,2
2.282744975962979e-05,13.0,-0.2999999999999998,0.76334733,0.763,-0.284,3.737,4.504,1.0,5.399,5.776,4.85,nan,2
3.338076211365433e-05,13.0,-0.2999999999999998,0.77649289,0.776,-0.228,3.7431,4.48,1.0,5.254,5.617,4.718,nan,2
1.3284227442304231e-05,13.0,-0.2999999999999998,0.78816319,0.787,-0.178,3.7483,4.457,1.0,5.123,5.474,4.599,nan,2
5.281986609995085e-06,13.0,-0.2999999999999998,0.78873527,0.788,-0.175,3.7485,4.456,1.0,5.116,5.467,4.593,nan,2
1.3695219344561174e-05,13.0,-0.2999999999999998,0.79307944,0.792,-0.156,3.7503,4.446,1.0,5.067,5.414,4.547,nan,2
2.1069806819983457e-05,13.0,-0.2999999999999998,0.80160844,0.801,-0.117,3.7536,4.425,1.0,4.967,5.307,4.455,nan,2
1.6626709636859064e-05,13.0,-0.2999999999999998,0.81009543,0.809,-0.077,3.7567,4.402,1.0,4.865,5.198,4.36,nan,2
2.0467271165403675e-05,13.0,-0.2999999999999998,0.81770015,0.817,-0.04,3.7593,4.38,1.0,4.771,5.099,4.271,nan,2
1.4935570610881535e-05,13.0,-0.2999999999999998,0.82532471,0.824,-0.003,3.7617,4.355,1.0,4.675,4.998,4.182,nan,2
1.1503835767616084e-05,13.0,-0.2999999999999998,0.83257538,0.831,0.034,3.7637,4.331,1.0,4.584,4.902,4.095,nan,2
6.304877780515362e-06,13.0,-0.2999999999999998,0.8368907,0.836,0.056,3.7646,4.315,1.0,4.529,4.845,4.042,nan,2
9.293904826227863e-06,13.0,-0.2999999999999998,0.83897406,0.838,0.066,3.7651,4.307,1.0,4.502,4.817,4.016,nan,2
8.536664964677982e-06,13.0,-0.2999999999999998,0.84641123,0.845,0.107,3.7664,4.276,1.0,4.4,4.713,3.918,nan,2
8.11680157961383e-06,13.0,-0.2999999999999998,0.84780031,0.846,0.114,3.7666,4.27,1.0,4.381,4.693,3.899,nan,2
1.358424348204673e-05,13.0,-0.2999999999999998,0.85488105,0.853,0.156,3.7671,4.234,1.0,4.277,4.588,3.797,nan,2
1.8819520551140527e-05,13.0,-0.2999999999999998,0.86210579,0.86,0.2,3.7666,4.191,1.0,4.166,4.477,3.685,nan,2
9.095268546771756e-06,13.0,-0.2999999999999998,0.86947018,0.868,0.249,3.7646,4.138,1.0,4.047,4.361,3.562,nan,2
8.175865906020095e-06,13.0,-0.2999999999999998,0.87194765,0.87,0.266,3.7629,4.115,1.0,4.005,4.322,3.516,nan,2
9.662855989978884e-06,13.0,-0.2999999999999998,0.87839669,0.876,0.311,3.7559,4.045,2.0,3.897,4.228,3.394,nan,2
5.983209569578903e-06,13.0,-0.2999999999999998,0.88259196,0.881,0.338,3.7461,3.981,2.0,3.838,4.19,3.314,nan,2
2.5613160359952537e-06,13.0,-0.2999999999999998,0.88504618,0.883,0.352,3.7359,3.928,2.0,3.817,4.189,3.271,nan,2
1.9315043528998973e-06,13.0,-0.2999999999999998,0.8854385,0.883,0.354,3.734,3.918,2.0,3.814,4.19,3.265,nan,2
2.826759242711457e-06,13.0,-0.2999999999999998,0.88721174,0.885,0.369,3.7233,3.861,2.0,3.793,4.191,3.221,nan,2
2.411981178712627e-06,13.0,-0.2999999999999998,0.8886078,0.887,0.395,3.7151,3.803,2.0,3.743,4.159,3.154,nan,2
1.4841890796837148e-06,13.0,-0.2999999999999998,0.889916,0.888,0.436,3.709,3.738,2.0,3.652,4.082,3.051,nan,2
6.208597942760389e-07,13.0,-0.2999999999999998,0.89027184,0.888,0.45,3.7077,3.719,2.0,3.62,4.053,3.016,nan,2
1.1164972581048013e-06,13.0,-0.2999999999999998,0.89061821,0.888,0.466,3.7066,3.699,2.0,3.584,4.019,2.977,nan,2
1.4716254177279217e-06,13.0,-0.2999999999999998,0.89153463,0.889,0.511,3.704,3.644,3.0,3.478,3.919,2.866,nan,2
1.3079425113120297e-06,13.0,-0.2999999999999998,0.89228266,0.89,0.552,3.7023,3.596,3.0,3.378,3.823,2.763,nan,2
1.2602071895521598e-06,13.0,-0.2999999999999998,0.89301395,0.891,0.596,3.7008,3.547,3.0,3.271,3.719,2.653,nan,2
1.1424736195291745e-06,13.0,-0.2999999999999998,0.89370799,0.891,0.642,3.6996,3.496,3.0,3.16,3.61,2.539,nan,2
1.0315922210869984e-06,13.0,-0.2999999999999998,0.89430612,0.892,0.685,3.6986,3.45,3.0,3.056,3.508,2.433,nan,2
9.850062958502177e-07,13.0,-0.2999999999999998,0.89487475,0.893,0.728,3.6975,3.403,3.0,2.95,3.405,2.325,nan,2
8.906403260200416e-07,13.0,-0.2999999999999998,0.89542019,0.893,0.773,3.6964,3.353,3.0,2.841,3.298,2.213,nan,2
8.004754173092638e-07,13.0,-0.2999999999999998,0.89589089,0.893,0.815,3.6954,3.307,3.0,2.738,3.198,2.109,nan,2
7.554849947936448e-07,13.0,-0.2999999999999998,0.89633346,0.894,0.858,3.6943,3.26,3.0,2.635,3.098,2.003,nan,2
7.147893914939496e-07,13.0,-0.2999999999999998,0.89675283,0.894,0.902,3.6931,3.212,3.0,2.529,2.994,1.894,nan,2
6.518922023318453e-07,13.0,-0.2999999999999998,0.89714897,0.895,0.946,3.6917,3.162,3.0,2.421,2.89,1.783,nan,2
5.684061757473161e-07,13.0,-0.2999999999999998,0.89749658,0.895,0.989,3.6904,3.114,3.0,2.319,2.791,1.678,nan,2
5.269743177249856e-07,13.0,-0.2999999999999998,0.89779747,0.895,1.028,3.6891,3.07,3.0,2.223,2.699,1.579,nan,2
4.929575965519283e-07,13.0,-0.2999999999999998,0.89809781,0.895,1.072,3.6875,3.02,3.0,2.119,2.598,1.472,nan,2
5.037297043389567e-07,13.0,-0.2999999999999998,0.89835989,0.896,1.113,3.686,2.973,3.0,2.021,2.505,1.371,nan,2
5.148085849271642e-07,13.0,-0.2999999999999998,0.89867252,0.896,1.166,3.684,2.912,3.0,1.895,2.383,1.24,nan,2
4.112596171511641e-07,13.0,-0.2999999999999998,0.89894724,0.896,1.217,3.6819,2.853,3.0,1.772,2.266,1.113,nan,2
3.727026585218235e-07,13.0,-0.2999999999999998,0.89914173,0.896,1.257,3.6802,2.806,3.0,1.678,2.176,1.015,nan,2
3.7996002650175184e-07,13.0,-0.2999999999999998,0.89937246,0.896,1.308,3.6779,2.746,3.0,1.558,2.062,0.89,nan,2
3.080261871132695e-07,13.0,-0.2999999999999998,0.89957523,0.896,1.357,3.6757,2.688,3.0,1.443,1.953,0.77,nan,2
2.832652395961707e-07,13.0,-0.2999999999999998,0.89972389,0.896,1.395,3.6739,2.643,3.0,1.353,1.868,0.676,nan,2
2.9433535524706274e-07,13.0,-0.2999999999999998,0.89989841,0.896,1.443,3.6715,2.585,3.0,1.24,1.761,0.558,nan,2
2.857720116279401e-07,13.0,-0.2999999999999998,0.9000597,0.896,1.49,3.6691,2.529,3.0,1.132,1.659,0.444,nan,2
3.0609441617113135e-07,13.0,-0.2999999999999998,0.90022445,0.896,1.536,3.6668,2.474,3.0,1.026,1.56,0.332,nan,2
2.4213140596720297e-07,13.0,-0.2999999999999998,0.90041196,0.896,1.571,3.6651,2.432,3.0,0.944,1.484,0.246,nan,2
1.7532694700182203e-07,13.0,-0.2999999999999998,0.9005031,0.896,1.556,3.6663,2.452,3.0,0.978,1.515,0.283,nan,2
1.1751606439258429e-07,13.0,-0.2999999999999998,0.90061373,0.896,1.519,3.6687,2.498,3.0,1.06,1.588,0.371,nan,2
1.284386977069962e-07,13.0,-0.2999999999999998,0.90063834,0.896,1.529,3.6682,2.486,3.0,1.038,1.568,0.348,nan,2
2.1053658120169434e-07,13.0,-0.2999999999999998,0.90076154,0.896,1.577,3.6656,2.428,3.0,0.928,1.466,0.231,nan,2
1.9723303975036937e-07,13.0,-0.2999999999999998,0.90088063,0.896,1.625,3.6629,2.369,3.0,0.816,1.363,0.112,nan,2
1.8076654004448275e-07,13.0,-0.2999999999999998,0.90098852,0.896,1.672,3.6602,2.311,3.0,0.708,1.264,-0.003,nan,2
1.655339416356608e-07,13.0,-0.2999999999999998,0.90108866,0.896,1.719,3.6575,2.253,3.0,0.601,1.166,-0.117,nan,2
1.506141632740527e-07,13.0,-0.2999999999999998,0.90117902,0.896,1.766,3.6547,2.195,3.0,0.497,1.071,-0.228,nan,2
1.3761475242443217e-07,13.0,-0.2999999999999998,0.90126199,0.896,1.812,3.6519,2.138,3.0,0.393,0.976,-0.34,nan,2
1.25232292223344e-07,13.0,-0.2999999999999998,0.90133739,0.895,1.857,3.6491,2.081,3.0,0.29,0.884,-0.449,nan,2
1.1404028609061584e-07,13.0,-0.2999999999999998,0.90140611,0.895,1.902,3.6462,2.025,3.0,0.191,0.795,-0.556,nan,2
1.0436024351935685e-07,13.0,-0.2999999999999998,0.90146863,0.895,1.946,3.6434,1.969,3.0,0.093,0.707,-0.661,nan,2
9.613133838926471e-08,13.0,-0.2999999999999998,0.90152621,0.895,1.99,3.6405,1.914,3.0,-0.004,0.62,-0.765,nan,2
8.784160713887027e-08,13.0,-0.2999999999999998,0.90157926,0.894,2.034,3.6376,1.858,3.0,-0.1,0.534,-0.869,nan,2
7.98125592610897e-08,13.0,-0.2999999999999998,0.9016273,0.894,2.077,3.6347,1.803,3.0,-0.194,0.451,-0.969,nan,2
7.313037547546902e-08,13.0,-0.2999999999999998,0.90167111,0.893,2.12,3.6318,1.748,3.0,-0.286,0.368,-1.069,nan,2
6.686528508587617e-08,13.0,-0.2999999999999998,0.90171146,0.893,2.163,3.6288,1.693,3.0,-0.377,0.287,-1.166,nan,2
6.215560548645714e-08,13.0,-0.2999999999999998,0.90174806,0.893,2.205,3.6259,1.64,3.0,-0.465,0.209,-1.262,nan,2
5.7080969165610214e-08,13.0,-0.2999999999999998,0.90178299,0.892,2.248,3.6228,1.584,3.0,-0.556,0.128,-1.359,nan,2
5.178909670066115e-08,13.0,-0.2999999999999998,0.90181375,0.891,2.288,3.6199,1.531,3.0,-0.641,0.053,-1.451,nan,2
4.811346114638113e-08,13.0,-0.2999999999999998,0.90184259,0.891,2.33,3.6169,1.478,3.0,-0.726,-0.021,-1.543,nan,2
4.434224168841061e-08,13.0,-0.2999999999999998,0.90186912,0.89,2.37,3.6139,1.425,3.0,-0.809,-0.09,-1.635,nan,2
4.1274867336960603e-08,13.0,-0.2999999999999998,0.90189362,0.889,2.411,3.6109,1.372,3.0,-0.892,-0.16,-1.727,nan,2
3.759923178268059e-08,13.0,-0.2999999999999998,0.90191662,0.889,2.452,3.6078,1.318,3.0,-0.974,-0.227,-1.819,nan,2
3.4653509671642215e-08,13.0,-0.2999999999999998,0.90193689,0.888,2.491,3.6048,1.267,3.0,-1.051,-0.29,-1.905,nan,2
3.2368185437840865e-08,13.0,-0.2999999999999998,0.9019565,0.887,2.531,3.6018,1.214,3.0,-1.131,-0.355,-1.994,nan,2
2.9057506605374615e-08,13.0,-0.2999999999999998,0.90197414,0.886,2.57,3.5986,1.162,3.0,-1.206,-0.414,-2.079,nan,2
2.7241412442393994e-08,13.0,-0.2999999999999998,0.90198994,0.885,2.607,3.5957,1.112,3.0,-1.277,-0.468,-2.16,nan,2
2.5529591628613276e-08,13.0,-0.2999999999999998,0.90200549,0.884,2.647,3.5925,1.06,3.0,-1.351,-0.526,-2.245,nan,2
2.5798964446929487e-08,13.0,-0.2999999999999998,0.90201932,0.882,2.684,3.5894,1.01,3.0,-1.421,-0.577,-2.325,nan,2
2.4191416982348672e-08,13.0,-0.2999999999999998,0.90203518,0.881,2.729,3.5856,0.948,3.0,-1.501,-0.632,-2.42,nan,2
2.2479596168567954e-08,13.0,-0.2999999999999998,0.90204716,0.879,2.766,3.5825,0.898,3.0,-1.565,-0.676,-2.496,nan,2
2.2531732843167906e-08,13.0,-0.2999999999999998,0.90206105,0.877,2.811,3.5785,0.836,3.0,-1.642,-0.722,-2.588,nan,2
2.014213526055254e-08,13.0,-0.2999999999999998,0.90207309,0.875,2.854,3.5746,0.777,3.0,-1.707,-0.755,-2.671,nan,2
1.8743134493985642e-08,13.0,-0.2999999999999998,0.90208423,0.873,2.896,3.5707,0.718,3.0,-1.772,-0.786,-2.754,nan,2
1.7457096521935097e-08,13.0,-0.2999999999999998,0.90209466,0.871,2.937,3.5668,0.66,3.0,-1.83,-0.802,-2.831,nan,2
1.600595908096119e-08,13.0,-0.2999999999999998,0.90210432,0.868,2.978,3.5629,0.602,3.0,-1.885,-0.813,-2.907,nan,2
1.4858952241305815e-08,13.0,-0.2999999999999998,0.90211308,0.865,3.018,3.5589,0.545,3.0,-1.933,-0.813,-2.976,nan,2
1.3729324293248073e-08,13.0,-0.2999999999999998,0.90212142,0.862,3.058,3.5549,0.487,3.0,-1.974,-0.793,-3.041,nan,2
1.2591006899102096e-08,13.0,-0.2999999999999998,0.90212888,0.859,3.095,3.551,0.432,3.0,-2.011,-0.771,-3.102,nan,2
1.1704683432253532e-08,13.0,-0.2999999999999998,0.90213591,0.855,3.133,3.547,0.377,3.0,-2.04,-0.724,-3.156,nan,2
1.077491273631442e-08,13.0,-0.2999999999999998,0.90214235,0.851,3.169,3.543,0.323,3.0,-2.061,-0.665,-3.205,nan,2
1.0097135967479771e-08,13.0,-0.2999999999999998,0.90214831,0.847,3.204,3.5391,0.27,3.0,-2.08,-0.601,-3.249,nan,2
9.627905896851987e-09,13.0,-0.2999999999999998,0.90215397,0.843,3.239,3.5351,0.217,3.0,-2.09,-0.519,-3.287,nan,2
9.115228596940708e-09,13.0,-0.2999999999999998,0.90215939,0.838,3.274,3.531,0.163,3.0,-2.099,-0.431,-3.324,nan,2
8.550414623201252e-09,13.0,-0.2999999999999998,0.90216446,0.832,3.309,3.527,0.11,3.0,-2.095,-0.318,-3.347,nan,2
8.958818573526742e-09,13.0,-0.2999999999999998,0.90216923,0.826,3.342,3.5231,0.058,3.0,-2.085,-0.191,-3.363,nan,2
6.317227064192796e-09,13.0,-0.2999999999999998,0.90217477,0.818,3.38,3.5185,-0.003,3.0,-2.064,-0.03,-3.373,nan,2
1.503274115573858e-09,13.0,-0.2999999999999998,0.9021765,0.816,3.391,3.5172,-0.021,3.0,-2.054,0.026,-3.372,nan,2
5.74372364415287e-08,13.0,-0.2999999999999998,0.9021765,0.809,1.684,3.6884,2.367,4.0,0.585,1.062,-0.059,nan,2
1.1352760879109045e-07,13.0,-0.2999999999999998,0.9022426,0.809,1.694,3.6876,2.354,4.0,0.563,1.041,-0.084,nan,2
1.1343202488759288e-07,13.0,-0.2999999999999998,0.90230715,0.809,1.698,3.6874,2.35,4.0,0.554,1.034,-0.093,nan,2
1.1451820560733186e-07,13.0,-0.2999999999999998,0.90237314,0.809,1.699,3.6876,2.35,4.0,0.551,1.03,-0.095,nan,2
1.1518729293027122e-07,13.0,-0.2999999999999998,0.90243894,0.809,1.698,3.688,2.353,4.0,0.553,1.031,-0.093,nan,2
1.1637774699882419e-07,13.0,-0.2999999999999998,0.9025057,0.809,1.695,3.6886,2.357,4.0,0.556,1.033,-0.088,nan,2
1.1606492695161037e-07,13.0,-0.2999999999999998,0.90257287,0.809,1.693,3.6892,2.362,4.0,0.561,1.036,-0.082,nan,2
1.1730751769437743e-07,13.0,-0.2999999999999998,0.90263927,0.809,1.69,3.6898,2.367,4.0,0.566,1.039,-0.076,nan,2
1.2083543267113876e-07,13.0,-0.2999999999999998,0.90270787,0.809,1.688,3.6904,2.372,4.0,0.571,1.042,-0.069,nan,2
1.1922788520655795e-07,13.0,-0.2999999999999998,0.90277833,0.81,1.685,3.691,2.377,4.0,0.575,1.045,-0.063,nan,2
1.1819384116161189e-07,13.0,-0.2999999999999998,0.90284508,0.81,1.683,3.6915,2.381,4.0,0.579,1.048,-0.058,nan,2
1.2093970602014571e-07,13.0,-0.2999999999999998,0.90291435,0.81,1.681,3.692,2.385,4.0,0.582,1.049,-0.054,nan,2
1.1891506515934413e-07,13.0,-0.2999999999999998,0.90298426,0.81,1.68,3.6925,2.388,4.0,0.585,1.051,-0.051,nan,2
1.0550725035920518e-07,13.0,-0.2999999999999998,0.9030512,0.81,1.679,3.6928,2.391,4.0,0.587,1.052,-0.048,nan,2
5.370946421264873e-08,13.0,-0.2999999999999998,0.90310568,0.81,1.678,3.6931,2.393,4.0,0.588,1.053,-0.046,nan,2
6.457996085226777e-08,13.0,-0.2999999999999998,0.90311301,0.81,1.678,3.6931,2.393,4.0,0.588,1.053,-0.046,nan,2
1.1870651846094432e-07,13.0,-0.2999999999999998,0.90318,0.81,1.677,3.6934,2.395,4.0,0.589,1.053,-0.044,nan,2
1.1990566197558555e-07,13.0,-0.2999999999999998,0.90324962,0.81,1.677,3.6937,2.397,4.0,0.59,1.053,-0.043,nan,2
1.1663843037143807e-07,13.0,-0.2999999999999998,0.90331799,0.81,1.676,3.6938,2.397,4.0,0.59,1.053,-0.042,nan,2
1.1596065360241048e-07,13.0,-0.2999999999999998,0.90338385,0.81,1.677,3.6939,2.398,4.0,0.589,1.052,-0.043,nan,2
1.176724744161912e-07,13.0,-0.2999999999999998,0.90345144,0.81,1.677,3.694,2.397,4.0,0.588,1.05,-0.044,nan,2
1.1695125041865188e-07,13.0,-0.2999999999999998,0.90351927,0.81,1.678,3.6939,2.396,4.0,0.585,1.048,-0.047,nan,2
6.411942022734231e-08,13.0,-0.2999999999999998,0.90358603,0.81,1.68,3.6938,2.394,4.0,0.582,1.045,-0.05,nan,2
2.8692549883560845e-08,13.0,-0.2999999999999998,0.90359306,0.81,1.68,3.6938,2.394,4.0,0.581,1.044,-0.051,nan,2
8.017751598271052e-08,13.0,-0.2999999999999998,0.90361905,0.811,1.681,3.6937,2.393,4.0,0.58,1.043,-0.053,nan,2
1.1441393225813197e-07,13.0,-0.2999999999999998,0.90368533,0.811,1.683,3.6935,2.39,4.0,0.575,1.038,-0.058,nan,2
1.149787462322573e-07,13.0,-0.2999999999999998,0.90375072,0.811,1.686,3.6932,2.386,4.0,0.569,1.033,-0.065,nan,2
1.1492660955765735e-07,13.0,-0.2999999999999998,0.90381765,0.811,1.689,3.6927,2.38,4.0,0.56,1.026,-0.074,nan,2
1.1353629823679279e-07,13.0,-0.2999999999999998,0.90388298,0.811,1.693,3.6922,2.374,4.0,0.551,1.018,-0.084,nan,2
1.129627948169651e-07,13.0,-0.2999999999999998,0.90394831,0.811,1.698,3.6916,2.367,4.0,0.541,1.009,-0.097,nan,2
1.1331906209288358e-07,13.0,-0.2999999999999998,0.90401298,0.811,1.704,3.691,2.359,4.0,0.528,0.998,-0.111,nan,2
1.1415324888551809e-07,13.0,-0.2999999999999998,0.90407872,0.811,1.71,3.6902,2.35,4.0,0.514,0.986,-0.127,nan,2
1.1301493149156505e-07,13.0,-0.2999999999999998,0.90414435,0.811,1.716,3.6896,2.341,4.0,0.501,0.975,-0.141,nan,2
1.1482233620865039e-07,13.0,-0.2999999999999998,0.90420878,0.811,1.715,3.6898,2.343,4.0,0.504,0.977,-0.138,nan,2
1.1772461109079114e-07,13.0,-0.2999999999999998,0.90427649,0.811,1.729,3.6881,2.323,4.0,0.473,0.951,-0.173,nan,2
1.1192875077201902e-07,13.0,-0.2999999999999998,0.90434426,0.811,1.753,3.6855,2.288,4.0,0.42,0.906,-0.232,nan,2
7.748378779877662e-08,13.0,-0.2999999999999998,0.9044053,0.811,1.791,3.6814,2.234,4.0,0.337,0.834,-0.325,nan,2
3.7025728362852897e-08,13.0,-0.2999999999999998,0.90443343,0.811,1.827,3.6776,2.183,4.0,0.26,0.767,-0.411,nan,2
1.931663791362038e-08,13.0,-0.2999999999999998,0.90444791,0.811,1.862,3.674,2.133,4.0,0.184,0.703,-0.495,nan,2
1.0157962087782068e-08,13.0,-0.2999999999999998,0.90445566,0.811,1.899,3.6701,2.081,4.0,0.104,0.634,-0.585,nan,2
5.49172971726064e-09,13.0,-0.2999999999999998,0.9044596,0.811,1.936,3.6663,2.029,4.0,0.025,0.567,-0.672,nan,2
3.41495218166615e-09,13.0,-0.2999999999999998,0.90446198,0.811,1.972,3.6627,1.978,4.0,-0.053,0.499,-0.76,nan,2
2.0680880898921464e-09,13.0,-0.2999999999999998,0.90446353,0.811,2.011,3.6589,1.924,4.0,-0.135,0.429,-0.852,nan,2
1.2425907427670454e-09,13.0,-0.2999999999999998,0.90446436,0.811,2.035,3.6566,1.891,7.0,-0.187,0.385,-0.909,nan,2
1.5554107903667538e-09,13.0,-0.2999999999999998,0.90446496,0.811,2.058,3.6544,1.859,7.0,-0.235,0.344,-0.963,nan,2
2.120224764106209e-09,13.0,-0.2999999999999998,0.90446615,0.811,2.103,3.6501,1.796,7.0,-0.332,0.261,-1.069,nan,2
3.4236416275614385e-09,13.0,-0.2999999999999998,0.9044674,0.811,2.141,3.6465,1.745,7.0,-0.41,0.194,-1.156,nan,2
5.335319693653731e-09,13.0,-0.2999999999999998,0.90447009,0.811,2.152,3.6456,1.73,7.0,-0.433,0.174,-1.181,nan,2
2.910095383407928e-08,13.0,-0.2999999999999998,0.90447354,0.811,2.117,3.6489,1.778,7.0,-0.36,0.236,-1.101,nan,2
5.402228425966961e-08,13.0,-0.2999999999999998,0.90450358,0.809,2.105,3.65,1.793,7.0,-0.336,0.257,-1.074,nan,2
4.8017877243076516e-08,13.0,-0.2999999999999998,0.90453571,0.808,2.137,3.6469,1.748,7.0,-0.403,0.201,-1.148,nan,2
3.4497099648035304e-08,13.0,-0.2999999999999998,0.90455884,0.806,2.177,3.6431,1.692,7.0,-0.485,0.131,-1.239,nan,2
3.149055141669465e-08,13.0,-0.2999999999999998,0.90457541,0.805,2.208,3.6402,1.649,7.0,-0.549,0.075,-1.309,nan,2
3.2941688857861494e-08,13.0,-0.2999999999999998,0.90459508,0.803,2.246,3.6367,1.596,7.0,-0.626,0.01,-1.394,nan,2
3.0143687324534756e-08,13.0,-0.2999999999999998,0.90461332,0.801,2.284,3.6331,1.542,7.0,-0.704,-0.057,-1.481,nan,2
2.7241412442393994e-08,13.0,-0.2999999999999998,0.90462977,0.798,2.323,3.6296,1.487,7.0,-0.783,-0.124,-1.568,nan,2
2.4547684258267153e-08,13.0,-0.2999999999999998,0.90464467,0.796,2.363,3.626,1.432,7.0,-0.862,-0.189,-1.657,nan,2
2.2010366097747222e-08,13.0,-0.2999999999999998,0.90465802,0.793,2.403,3.6225,1.376,7.0,-0.941,-0.253,-1.746,nan,2
1.9838004659041062e-08,13.0,-0.2999999999999998,0.90467,0.789,2.442,3.6189,1.32,7.0,-1.019,-0.316,-1.834,nan,2
1.8021910496253385e-08,13.0,-0.2999999999999998,0.90468085,0.785,2.482,3.6153,1.264,7.0,-1.096,-0.378,-1.922,nan,2
1.6675046404286437e-08,13.0,-0.2999999999999998,0.90469074,0.781,2.521,3.6115,1.207,7.0,-1.171,-0.436,-2.008,nan,2
1.564100235914742e-08,13.0,-0.2999999999999998,0.90470004,0.776,2.561,3.6071,1.147,7.0,-1.241,-0.485,-2.091,nan,2
1.4919778361608112e-08,13.0,-0.2999999999999998,0.90470874,0.77,2.6,3.6002,1.078,7.0,-1.292,-0.504,-2.162,nan,2
1.455482163979434e-08,13.0,-0.2999999999999998,0.90471721,0.763,2.639,3.5952,1.014,7.0,-1.353,-0.539,-2.239,nan,2
1.3720634847352787e-08,13.0,-0.2999999999999998,0.90472549,0.755,2.68,3.591,0.952,7.0,-1.422,-0.584,-2.322,nan,2
1.2843000826206564e-08,13.0,-0.2999999999999998,0.904733,0.745,2.719,3.587,0.891,7.0,-1.486,-0.623,-2.401,nan,2
1.1600410083053632e-08,13.0,-0.2999999999999998,0.90474027,0.733,2.761,3.5828,0.825,7.0,-1.554,-0.662,-2.486,nan,2
8.863234670415072e-09,13.0,-0.2999999999999998,0.90474635,0.721,2.803,3.5785,0.758,7.0,-1.619,-0.695,-2.568,nan,2
6.3693637384068585e-09,13.0,-0.2999999999999998,0.90475047,0.71,2.842,3.5744,0.697,7.0,-1.674,-0.716,-2.641,nan,2
5.335319693653731e-09,13.0,-0.2999999999999998,0.90475368,0.699,2.88,3.5703,0.636,7.0,-1.727,-0.733,-2.711,nan,2
4.8747790687282886e-09,13.0,-0.2999999999999998,0.90475661,0.687,2.919,3.5659,0.572,7.0,-1.772,-0.729,-2.779,nan,2
4.292586203005313e-09,13.0,-0.2999999999999998,0.90475929,0.674,2.959,3.5614,0.506,7.0,-1.816,-0.724,-2.847,nan,2
4.09272895069374e-09,13.0,-0.2999999999999998,0.90476155,0.659,2.995,3.5574,0.443,7.0,-1.85,-0.7,-2.905,nan,2
4.56195902151447e-09,13.0,-0.2999999999999998,0.904764,0.637,3.035,3.5532,0.372,7.0,-1.889,-0.673,-2.969,nan,2
3.988455601493837e-09,13.0,-0.2999999999999998,0.9047668,0.603,3.08,3.5506,0.293,7.0,-1.959,-0.697,-3.057,nan,2
1.6075474647737608e-09,13.0,-0.2999999999999998,0.90476859,0.575,3.101,3.5525,0.259,7.0,-2.036,-0.797,-3.124,nan,2
1.0427334900695835e-10,13.0,-0.2999999999999998,0.90476865,0.574,3.098,3.5532,0.264,7.0,-2.038,-0.809,-3.122,nan,2
1.4772057790456602e-10,13.0,-0.2999999999999998,0.90476871,0.573,3.093,3.5542,0.271,7.0,-2.041,-0.827,-3.12,nan,2
1.9985725231157294e-10,13.0,-0.2999999999999998,0.90476882,0.57,3.106,3.5539,0.255,7.0,-2.067,-0.847,-3.148,nan,2
2.085466980139167e-10,13.0,-0.2999999999999998,0.90476894,0.567,3.087,3.5571,0.285,7.0,-2.066,-0.893,-3.127,nan,2
2.6068337280681256e-10,13.0,-0.2999999999999998,0.90476906,0.565,3.096,3.5569,0.274,7.0,-2.086,-0.91,-3.149,nan,2
3.6495672162082646e-10,13.0,-0.2999999999999998,0.90476924,0.562,3.107,3.5567,0.259,7.0,-2.11,-0.929,-3.175,nan,2
5.213667454206807e-10,13.0,-0.2999999999999998,0.90476948,0.558,3.124,3.5564,0.238,7.0,-2.145,-0.958,-3.212,nan,2
6.256400942346946e-10,13.0,-0.2999999999999998,0.90476984,0.549,3.148,3.5576,0.212,7.0,-2.217,-1.043,-3.279,nan,2
5.648139741253438e-10,13.0,-0.2999999999999998,0.9047702,0.538,3.165,3.5634,0.209,7.0,-2.334,-1.228,-3.366,nan,2
2.5199392691152437e-10,13.0,-0.2999999999999998,0.90477049,0.528,3.177,3.5742,0.232,7.0,-2.479,-1.475,-3.466,nan,2
0.0,13.0,-0.2999999999999998,0.89347,0.554,-14.99308,0.94912,7.92542,10.0,12.46387,12.54447,12.29574,0.775,2
1.41464187471214e-05,13.0,-0.2999999999999998,0.89347,0.554,-15.01534,0.94372,7.9261,10.0,12.50776,12.59268,12.33142,0.8,2
2.0765564717116313e-05,13.0,-0.2999999999999998,0.91638,0.556,-15.63596,0.79266,7.94404,10.0,13.80104,14.06165,13.37326,1.95,2
1.3550817467496381e-05,13.0,-0.2999999999999998,0.91638,0.556,-15.64494,0.79048,7.94429,10.0,13.82128,14.08565,13.3892,1.975,2
1.3324018971298135e-05,13.0,-0.2999999999999998,0.93929,0.558,-15.86832,0.73708,7.95563,10.0,14.36818,14.7396,13.82347,3.0,2
1.9574209411066246e-05,13.0,-0.2999999999999998,0.93929,0.558,-15.87109,0.73642,7.95577,10.0,14.37546,14.74836,13.82932,3.025,2
1.2783503866859778e-05,13.0,-0.2999999999999998,0.9622,0.56,-15.94312,0.71979,7.96285,10.0,14.56819,14.97963,13.98578,3.925,2
1.2577305655101745e-05,13.0,-0.2999999999999998,0.9622,0.56,-15.94482,0.71939,7.96293,10.0,14.57284,14.98524,13.98954,3.95,2
1.8491109137033327e-05,13.0,-0.2999999999999998,0.98511,0.562,-15.9908,0.70892,7.96859,10.0,14.69863,15.13589,14.09189,4.75,2
1.208503748132071e-05,13.0,-0.2999999999999998,0.98511,0.562,-15.99212,0.70861,7.96866,10.0,14.70229,15.1403,14.09484,4.775,2
1.1896926279975237e-05,13.0,-0.2999999999999998,1.00802,0.564,-16.03079,0.69981,7.97367,10.0,14.80913,15.26868,14.18218,5.5,2
1.171357614181939e-05,13.0,-0.2999999999999998,1.00802,0.564,-16.02931,0.70017,7.97362,10.0,14.80502,15.26369,14.17884,5.475,2
1.7236590865051137e-05,13.0,-0.2999999999999998,1.03093,0.566,-16.06783,0.69131,7.97824,10.0,14.91136,15.39242,14.26634,6.125,2
1.1274959140237163e-05,13.0,-0.2999999999999998,1.03093,0.566,-16.0694,0.69093,7.97829,10.0,14.91574,15.39779,14.26993,6.15,2
1.1107012810261174e-05,13.0,-0.2999999999999998,1.05384,0.568,-16.10508,0.68268,7.98254,10.0,15.01406,15.51748,14.35124,6.7,2
1.6354484413896954e-05,13.0,-0.2999999999999998,1.05384,0.568,-16.1069,0.68224,7.98258,10.0,15.01905,15.52362,14.35533,6.725,2
1.0704655093907164e-05,13.0,-0.2999999999999998,1.07675,0.57,-16.14539,0.67323,7.98656,10.0,15.12352,15.65093,14.44157,7.225,2
1.0550369816022778e-05,13.0,-0.2999999999999998,1.07675,0.57,-16.14763,0.67268,7.98659,10.0,15.12958,15.65839,14.44652,7.25,2
1.0399702944121497e-05,13.0,-0.2999999999999998,1.09966,0.572,-16.18979,0.6627,7.99036,10.0,15.24211,15.79595,14.53917,7.7,2
1.5324682609071922e-05,13.0,-0.2999999999999998,1.09966,0.572,-16.19243,0.66205,7.99039,10.0,15.24906,15.80452,14.54485,7.725,2
1.003811038870072e-05,13.0,-0.2999999999999998,1.12257,0.574,-16.23172,0.65276,7.99405,10.0,15.34994,15.92808,14.62832,8.1,2
9.899217672730843e-06,13.0,-0.2999999999999998,1.12257,0.574,-16.23461,0.65205,7.99408,10.0,15.35722,15.93708,14.6343,8.125,2
1.459521913204339e-05,13.0,-0.2999999999999998,1.14548,0.576,-16.28195,0.64076,7.99777,10.0,15.47361,16.08021,14.73076,8.525,2
9.565460678346104e-06,13.0,-0.2999999999999998,1.14548,0.576,-16.27864,0.64158,7.99774,10.0,15.46567,16.07037,14.72421,8.5,2
9.437100248973464e-06,13.0,-0.2999999999999998,1.16838,0.578,-16.32053,0.63164,8.00137,10.0,15.56375,16.19101,14.80631,8.825,2
9.311544427060377e-06,13.0,-0.2999999999999998,1.16838,0.578,-16.32412,0.63075,8.00141,10.0,15.57189,16.20108,14.81311,8.85,2
1.3737827348644073e-05,13.0,-0.2999999999999998,1.19129,0.58,-16.35868,0.62263,8.00498,10.0,15.64785,16.29415,14.8776,9.1,2
9.009378278663792e-06,13.0,-0.2999999999999998,1.19129,0.58,-16.36266,0.62164,8.00502,10.0,15.65627,16.30459,14.88471,9.125,2
8.892993838891385e-06,13.0,-0.2999999999999998,1.2142,0.582,-16.38377,0.61685,8.00845,10.0,15.70059,16.35859,14.92292,9.275,2
1.3126607122394851e-05,13.0,-0.2999999999999998,1.2142,0.582,-16.38793,0.61582,8.0085,10.0,15.70914,16.36918,14.93019,9.3,2
8.612591352860358e-06,13.0,-0.2999999999999998,1.23711,0.584,-16.40988,0.61082,8.01193,10.0,15.75404,16.42369,14.96921,9.45,2
8.50447232527661e-06,13.0,-0.2999999999999998,1.23711,0.584,-16.41416,0.60976,8.01197,10.0,15.76261,16.43425,14.97656,9.475,2
1.2558805155768493e-05,13.0,-0.2999999999999998,1.26002,0.586,-16.43661,0.60463,8.0154,10.0,15.80755,16.48842,15.01593,9.625,2
8.243712795457943e-06,13.0,-0.2999999999999998,1.26002,0.586,-16.44094,0.60356,8.01544,10.0,15.81605,16.49877,15.02329,9.65,2
8.143064756168006e-06,13.0,-0.2999999999999998,1.28293,0.588,-16.46357,0.59839,8.01888,10.0,15.86057,16.55195,15.06254,9.8,2
8.044419058278453e-06,13.0,-0.2999999999999998,1.28293,0.588,-16.45921,0.59947,8.01883,10.0,15.85221,16.54181,15.05528,9.775,2
1.1885913180677227e-05,13.0,-0.2999999999999998,1.30584,0.59,-16.48217,0.59423,8.0223,10.0,15.89653,16.59464,15.09437,9.925,2
7.80620891042724e-06,13.0,-0.2999999999999998,1.30584,0.59,-16.48661,0.59313,8.02235,10.0,15.90482,16.60467,15.10161,9.95,2
7.71415078571591e-06,13.0,-0.2999999999999998,1.32875,0.592,-16.50118,0.58996,8.02572,10.0,15.93255,16.63725,15.12646,10.05,2
1.1402475082444442e-05,13.0,-0.2999999999999998,1.32875,0.592,-16.50569,0.58885,8.02577,10.0,15.94087,16.64724,15.13378,10.075,2
7.491644726552172e-06,13.0,-0.2999999999999998,1.35166,0.594,-16.52057,0.5856,8.02912,10.0,15.96902,16.68006,15.15915,10.175,2
7.405577832087583e-06,13.0,-0.2999999999999998,1.35166,0.594,-16.52518,0.58446,8.02917,10.0,15.97745,16.69008,15.16664,10.2,2
7.321122862832533e-06,13.0,-0.2999999999999998,1.37457,0.596,-16.54049,0.5811,8.03249,10.0,16.00622,16.7232,15.19286,10.3,2
1.0826755054060207e-05,13.0,-0.2999999999999998,1.37457,0.596,-16.54522,0.57992,8.03251,10.0,16.01484,16.7333,15.20061,10.325,2
7.116767379728222e-06,13.0,-0.2999999999999998,1.39748,0.598,-16.56102,0.57642,8.03578,10.0,16.04448,16.76699,15.22792,10.425,2
7.037634701875568e-06,13.0,-0.2999999999999998,1.39748,0.598,-16.56589,0.57521,8.03579,10.0,16.05337,16.77722,15.23604,10.45,2
1.041120697467122e-05,13.0,-0.2999999999999998,1.42039,0.6,-16.5773,0.5728,8.039,10.0,16.07499,16.80126,15.25627,10.525,2
6.8460018181652966e-06,13.0,-0.2999999999999998,1.42039,0.6,-16.58229,0.57155,8.039,10.0,16.08405,16.81159,15.26464,10.55,2
6.755956363881577e-06,13.0,-0.2999999999999998,1.4433,0.602,-16.59911,0.56778,8.0422,10.0,16.11525,16.84633,15.29394,10.65,2
6.621071827856166e-06,13.0,-0.2999999999999998,1.4433,0.602,-16.594,0.56906,8.0422,10.0,16.10607,16.83594,15.28539,10.625,2
9.686535159486828e-06,13.0,-0.2999999999999998,1.46621,0.604,-16.61107,0.56523,8.0454,10.0,16.13753,16.87086,15.31517,10.725,2
6.2993374981860815e-06,13.0,-0.2999999999999998,1.46621,0.604,-16.61631,0.56392,8.0454,10.0,16.14686,16.88132,15.32396,10.75,2
6.1765296337163556e-06,13.0,-0.2999999999999998,1.48912,0.606,-16.62328,0.56262,8.04858,10.0,16.16016,16.89557,15.33676,10.8,2
9.04149793696014e-06,13.0,-0.2999999999999998,1.48912,0.606,-16.62862,0.56128,8.04858,10.0,16.16963,16.9061,15.34575,10.825,2
5.883277185152962e-06,13.0,-0.2999999999999998,1.51203,0.608,-16.64112,0.55859,8.05176,10.0,16.19267,16.93099,15.36809,10.9,2
5.771218058520801e-06,13.0,-0.2999999999999998,1.51203,0.608,-16.6466,0.55722,8.05176,10.0,16.20237,16.9416,15.37741,10.925,2
5.662010832121299e-06,13.0,-0.2999999999999998,1.53494,0.61,-16.65388,0.55584,8.05494,10.0,16.21616,16.95612,15.39095,10.975,2
8.294269109798414e-06,13.0,-0.2999999999999998,1.53494,0.61,-16.65946,0.55445,8.05494,10.0,16.22605,16.96681,15.40054,11.0,2
5.4008836767145366e-06,13.0,-0.2999999999999998,1.55785,0.612,-16.66686,0.55303,8.0581,10.0,16.24011,16.98144,15.41439,11.05,2
5.300966819890493e-06,13.0,-0.2999999999999998,1.55785,0.612,-16.67255,0.55161,8.0581,10.0,16.25021,16.9922,15.42427,11.075,2
7.769489021275152e-06,13.0,-0.2999999999999998,1.58076,0.614,-16.68588,0.54871,8.06127,10.0,16.27482,17.01777,15.44871,11.15,2
5.061816295165029e-06,13.0,-0.2999999999999998,1.58076,0.614,-16.68008,0.55016,8.06127,10.0,16.2645,17.00694,15.43851,11.125,2
4.9702180690327595e-06,13.0,-0.2999999999999998,1.60367,0.616,-16.68772,0.54869,8.06442,10.0,16.27903,17.02183,15.45299,11.175,2
7.288408437762953e-06,13.0,-0.2999999999999998,1.60367,0.616,-16.69359,0.54722,8.06442,10.0,16.28949,17.03272,15.46338,11.2,2
4.750769537141062e-06,13.0,-0.2999999999999998,1.62658,0.618,-16.70136,0.54571,8.06757,10.0,16.30431,17.04774,15.47827,11.25,2
4.666638019919511e-06,13.0,-0.2999999999999998,1.62658,0.618,-16.70734,0.54422,8.06757,10.0,16.31503,17.05869,15.48901,11.275,2
4.5844981483625855e-06,13.0,-0.2999999999999998,1.64948,0.62,-16.70927,0.54417,8.07071,10.0,16.31927,17.06282,15.49351,11.3,2
6.726947295656999e-06,13.0,-0.2999999999999998,1.64948,0.62,-16.71533,0.54266,8.07071,10.0,16.33014,17.07383,15.50447,11.325,2
4.387480606702968e-06,13.0,-0.2999999999999998,1.67239,0.622,-16.72344,0.54106,8.07385,10.0,16.34563,17.08918,15.52014,11.375,2
4.311861256014687e-06,13.0,-0.2999999999999998,1.67239,0.622,-16.72965,0.53951,8.07384,10.0,16.35676,17.10031,15.53151,11.4,2
6.329803620514739e-06,13.0,-0.2999999999999998,1.6953,0.624,-16.73166,0.53944,8.07698,10.0,16.36124,17.10473,15.53616,11.425,2
4.130327200564979e-06,13.0,-0.2999999999999998,1.6953,0.624,-16.73796,0.53787,8.07697,10.0,16.37251,17.11592,15.54777,11.45,2
4.060591029910717e-06,13.0,-0.2999999999999998,1.71821,0.626,-16.74637,0.5362,8.08009,10.0,16.38852,17.13157,15.56432,11.5,2
3.992429252952659e-06,13.0,-0.2999999999999998,1.71821,0.626,-16.73999,0.53779,8.0801,10.0,16.3771,17.12032,15.55248,11.475,2
5.864175630608939e-06,13.0,-0.2999999999999998,1.74112,0.628,-16.74851,0.5361,8.08321,10.0,16.39316,17.13604,15.56916,11.525,2
3.828625062345231e-06,13.0,-0.2999999999999998,1.74112,0.628,-16.75496,0.53448,8.08321,10.0,16.40472,17.14734,15.58123,11.55,2
3.765633683357314e-06,13.0,-0.2999999999999998,1.76403,0.63,-16.75708,0.53438,8.08632,10.0,16.40947,17.15194,15.58614,11.575,2
5.5333631254729775e-06,13.0,-0.2999999999999998,1.76403,0.63,-16.7636,0.53275,8.08631,10.0,16.42118,17.16328,15.59844,11.6,2
3.6141360088910893e-06,13.0,-0.2999999999999998,1.78694,0.632,-16.76583,0.53263,8.08942,10.0,16.42608,17.16794,15.60355,11.625,2
3.555831683196263e-06,13.0,-0.2999999999999998,1.78694,0.632,-16.77243,0.53097,8.08941,10.0,16.43795,17.17933,15.61607,11.65,2
3.4987853867956955e-06,13.0,-0.2999999999999998,1.80985,0.634,-16.77475,0.53083,8.09251,10.0,16.44296,17.18417,15.62127,11.675,2
5.1438850125171876e-06,13.0,-0.2999999999999998,1.80985,0.634,-16.78142,0.52916,8.09251,10.0,16.45498,17.19559,15.63403,11.7,2
3.3614536185617277e-06,13.0,-0.2999999999999998,1.83276,0.636,-16.77707,0.53068,8.09561,10.0,16.4481,17.18904,15.62654,11.7,2
3.3085504023948697e-06,13.0,-0.2999999999999998,1.83276,0.636,-16.78376,0.52901,8.0956,10.0,16.46015,17.20049,15.63935,11.725,2
4.866060373386119e-06,13.0,-0.2999999999999998,1.85567,0.638,-16.79295,0.52714,8.09869,10.0,16.47761,17.21698,15.65792,11.775,2
3.1811011914349613e-06,13.0,-0.2999999999999998,1.85567,0.638,-16.78619,0.52883,8.0987,10.0,16.46539,17.20549,15.64487,11.75,2
3.1319699264512693e-06,13.0,-0.2999999999999998,1.87858,0.64,-16.79544,0.52695,8.10178,10.0,16.48302,17.22206,15.66358,11.8,2
4.608047240261989e-06,13.0,-0.2999999999999998,1.87858,0.64,-16.80227,0.52524,8.10177,10.0,16.4954,17.2336,15.67688,11.825,2
3.0135259652732063e-06,13.0,-0.2999999999999998,1.90149,0.642,-16.79802,0.52674,8.10486,10.0,16.48856,17.22741,15.66936,11.825,2
2.96783483179128e-06,13.0,-0.2999999999999998,1.90149,0.642,-16.80488,0.52502,8.10485,10.0,16.50099,17.23896,15.68272,11.85,2
2.9230705864857885e-06,13.0,-0.2999999999999998,1.9244,0.644,-16.80755,0.52478,8.10793,10.0,16.50674,17.24441,15.68881,11.875,2
4.302642824620313e-06,13.0,-0.2999999999999998,1.9244,0.644,-16.81448,0.52305,8.10792,10.0,16.51935,17.256,15.70244,11.9,2
2.815062621635712e-06,13.0,-0.2999999999999998,1.94731,0.646,-16.81034,0.52452,8.111,10.0,16.51259,17.24992,15.69499,11.9,2
2.7733620225281946e-06,13.0,-0.2999999999999998,1.94731,0.646,-16.8173,0.52277,8.11099,10.0,16.52526,17.26154,15.7087,11.925,2
4.083656945353891e-06,13.0,-0.2999999999999998,1.97022,0.648,-16.81319,0.52424,8.11407,10.0,16.51867,17.25564,15.70139,11.925,2
2.6726821908683564e-06,13.0,-0.2999999999999998,1.97022,0.648,-16.82017,0.52249,8.11406,10.0,16.53141,17.26729,15.71519,11.95,2
2.6337863490621862e-06,13.0,-0.2999999999999998,1.99313,0.65,-16.82315,0.52218,8.11713,10.0,16.53777,17.27327,15.72183,11.975,2
2.5956480171140473e-06,13.0,-0.2999999999999998,1.99313,0.65,-16.81614,0.52393,8.11714,10.0,16.52497,17.26158,15.70795,11.95,2
3.823574448557015e-06,13.0,-0.2999999999999998,2.01604,0.652,-16.83336,0.52005,8.12019,10.0,16.55733,17.29111,15.74296,12.025,2
2.5034965717013566e-06,13.0,-0.2999999999999998,2.01604,0.652,-16.82626,0.52183,8.12019,10.0,16.54431,17.27937,15.72878,12.0,2
2.4678677616436493e-06,13.0,-0.2999999999999998,2.03895,0.654,-16.82949,0.52146,8.12325,10.0,16.55098,17.28565,15.7359,12.025,2
3.6364776939991775e-06,13.0,-0.2999999999999998,2.03895,0.654,-16.83663,0.51967,8.12325,10.0,16.56408,17.29743,15.75019,12.05,2
2.38172951311164e-06,13.0,-0.2999999999999998,2.06186,0.656,-16.83284,0.52105,8.12631,10.0,16.55802,17.29221,15.74336,12.05,2
2.34840620203422e-06,13.0,-0.2999999999999998,2.06186,0.656,-16.84002,0.51925,8.1263,10.0,16.57121,17.30404,15.75775,12.075,2
2.3157069374630625e-06,13.0,-0.2999999999999998,2.08477,0.658,-16.83631,0.52062,8.12936,10.0,16.56524,17.29893,15.75107,12.075,2
3.4135785248301256e-06,13.0,-0.2999999999999998,2.08477,0.658,-16.84352,0.51881,8.12936,10.0,16.57851,17.3108,15.76559,12.1,2
2.2365940835018803e-06,13.0,-0.2999999999999998,2.10767,0.66,-16.83997,0.52014,8.13241,10.0,16.57274,17.30589,15.75907,12.1,2
2.205966557862508e-06,13.0,-0.2999999999999998,2.10767,0.66,-16.84722,0.51832,8.13241,10.0,16.58612,17.31781,15.7737,12.125,2
3.2527478211522583e-06,13.0,-0.2999999999999998,2.13058,0.662,-16.84372,0.51963,8.13546,10.0,16.58058,17.31315,15.76743,12.125,2
2.1318259345996226e-06,13.0,-0.2999999999999998,2.13058,0.662,-16.85102,0.5178,8.13545,10.0,16.59407,17.32513,15.78221,12.15,2
2.1031078696135825e-06,13.0,-0.2999999999999998,2.15349,0.664,-16.8477,0.51907,8.1385,10.0,16.58875,17.32057,15.77609,12.15,2
2.0749077086997583e-06,13.0,-0.2999999999999998,2.15349,0.664,-16.85506,0.51723,8.1385,10.0,16.60235,17.3326,15.79101,12.175,2
3.0605905073668673e-06,13.0,-0.2999999999999998,2.1764,0.666,-16.85923,0.51662,8.14154,10.0,16.61094,17.3405,15.80024,12.2,2
2.0065972526429427e-06,13.0,-0.2999999999999998,2.1764,0.666,-16.85182,0.51847,8.14154,10.0,16.59721,17.32839,15.78515,12.175,2
1.9801198134866205e-06,13.0,-0.2999999999999998,2.19931,0.668,-16.85614,0.51783,8.14458,10.0,16.60602,17.33648,15.79463,12.2,2
2.9215549142885674e-06,13.0,-0.2999999999999998,2.19931,0.668,-16.86361,0.51596,8.14458,10.0,16.61988,17.34865,15.80988,12.225,2
1.915950132891361e-06,13.0,-0.2999999999999998,2.22222,0.67,-16.86066,0.51713,8.14762,10.0,16.61518,17.34484,15.8045,12.225,2
1.8910652315372698e-06,13.0,-0.2999999999999998,2.22222,0.67,-16.86819,0.51525,8.14762,10.0,16.62919,17.35708,15.81993,12.25,2
2.790882746027658e-06,13.0,-0.2999999999999998,2.24513,0.672,-16.85786,0.51827,8.15066,10.0,16.61077,17.3413,15.79952,12.225,2
1.8307257912918318e-06,13.0,-0.2999999999999998,2.24513,0.672,-16.86539,0.51638,8.15065,10.0,16.62472,17.35359,15.81487,12.25,2
1.8073149091878508e-06,13.0,-0.2999999999999998,2.26804,0.674,-16.86274,0.51748,8.15369,10.0,16.62079,17.35027,15.81014,12.25,2
1.7843048983916771e-06,13.0,-0.2999999999999998,2.26804,0.674,-16.87034,0.51558,8.15369,10.0,16.63492,17.36264,15.8257,12.275,2
2.634169405617612e-06,13.0,-0.2999999999999998,2.29095,0.676,-16.8679,0.51663,8.15672,10.0,16.63109,17.35969,15.82128,12.275,2
1.7284778721240211e-06,13.0,-0.2999999999999998,2.29095,0.676,-16.87558,0.51471,8.15672,10.0,16.64539,17.37215,15.83706,12.3,2
1.7068047191389405e-06,13.0,-0.2999999999999998,2.31386,0.678,-16.88104,0.51378,8.15975,10.0,16.65648,17.38202,15.84903,12.325,2
2.5203639040023776e-06,13.0,-0.2999999999999998,2.31386,0.678,-16.87328,0.51572,8.15975,10.0,16.64197,17.36947,15.83301,12.3,2
1.6541973315671776e-06,13.0,-0.2999999999999998,2.33677,0.68,-16.87114,0.51669,8.16278,10.0,16.6389,17.36706,15.82929,12.3,2
1.6337648834333437e-06,13.0,-0.2999999999999998,2.33677,0.68,-16.8789,0.51475,8.16278,10.0,16.65338,17.37966,15.84527,12.325,2
1.6136704310822277e-06,13.0,-0.2999999999999998,2.35968,0.682,-16.877,0.51566,8.16581,10.0,16.65066,17.37755,15.84203,12.325,2
2.383550741649667e-06,13.0,-0.2999999999999998,2.35968,0.682,-16.88486,0.5137,8.1658,10.0,16.66536,17.39026,15.85828,12.35,2
1.5648675499684246e-06,13.0,-0.2999999999999998,2.38259,0.684,-16.88317,0.51456,8.16883,10.0,16.663,17.38865,15.85541,12.35,2
1.5459021204982777e-06,13.0,-0.2999999999999998,2.38259,0.684,-16.89114,0.51257,8.16883,10.0,16.67795,17.40148,15.87197,12.375,2
2.2839647101572277e-06,13.0,-0.2999999999999998,2.4055,0.686,-16.88171,0.51537,8.17186,10.0,16.66102,17.3873,15.85298,12.35,2
1.4998217579813424e-06,13.0,-0.2999999999999998,2.4055,0.686,-16.88969,0.51337,8.17185,10.0,16.67597,17.40019,15.86951,12.375,2
1.4819067826592025e-06,13.0,-0.2999999999999998,2.42841,0.688,-16.88844,0.51412,8.17488,10.0,16.67446,17.39924,15.86761,12.375,2
1.4642784305456633e-06,13.0,-0.2999999999999998,2.42841,0.688,-16.89654,0.5121,8.17488,10.0,16.68968,17.41227,15.88449,12.4,2
2.1639773863148916e-06,13.0,-0.2999999999999998,2.45132,0.69,-16.89558,0.51278,8.1779,10.0,16.68853,17.41173,15.88296,12.4,2
1.4214242074408522e-06,13.0,-0.2999999999999998,2.45132,0.69,-16.88745,0.51481,8.1779,10.0,16.67329,17.39863,15.86607,12.375,2
1.4047547422762835e-06,13.0,-0.2999999999999998,2.47423,0.692,-16.89483,0.51341,8.18092,10.0,16.68794,17.41158,15.88196,12.4,2
2.0764482760015208e-06,13.0,-0.2999999999999998,2.47423,0.692,-16.90309,0.51134,8.18092,10.0,16.7035,17.42483,15.89924,12.425,2
1.36421549315682e-06,13.0,-0.2999999999999998,2.49714,0.694,-16.90261,0.5119,8.18394,10.0,16.70342,17.42509,15.89891,12.425,2
1.3484402838473874e-06,13.0,-0.2999999999999998,2.49714,0.694,-16.91104,0.5098,8.18394,10.0,16.71937,17.43852,15.91671,12.45,2
1.9936151629715697e-06,13.0,-0.2999999999999998,2.52005,0.696,-16.90244,0.51239,8.18696,10.0,16.70388,17.42592,15.89906,12.425,2
1.3100610338218023e-06,13.0,-0.2999999999999998,2.52005,0.696,-16.9109,0.51027,8.18696,10.0,16.7199,17.43944,15.91689,12.45,2
1.2951206233610373e-06,13.0,-0.2999999999999998,2.54296,0.698,-16.91103,0.51068,8.18998,10.0,16.72085,17.4407,15.91765,12.45,2
1.280408474466564e-06,13.0,-0.2999999999999998,2.54296,0.698,-16.9197,0.50852,8.18998,10.0,16.73735,17.45442,15.93615,12.475,2
1.8935160380422937e-06,13.0,-0.2999999999999998,2.56586,0.7,-16.92011,0.50886,8.193,10.0,16.73897,17.45616,15.9377,12.475,2
1.24459834868546e-06,13.0,-0.2999999999999998,2.56586,0.7,-16.91138,0.51104,8.193,10.0,16.72237,17.44232,15.91911,12.45,2
1.2306513933473713e-06,13.0,-0.2999999999999998,2.58877,0.702,-16.92975,0.50689,8.19602,10.0,16.75812,17.47252,15.95904,12.5,2
1.820283513716442e-06,13.0,-0.2999999999999998,2.58877,0.702,-16.92079,0.50913,8.19602,10.0,16.74097,17.45844,15.93968,12.475,2
1.1966915085870963e-06,13.0,-0.2999999999999998,2.61168,0.704,-16.92143,0.50942,8.19903,10.0,16.743,17.46051,15.94148,12.475,2
1.1834604012064677e-06,13.0,-0.2999999999999998,2.61168,0.704,-16.93047,0.50716,8.19903,10.0,16.76029,17.47472,15.96096,12.5,2
1.170425296233698e-06,13.0,-0.2999999999999998,2.63459,0.706,-16.93113,0.50744,8.20204,10.0,16.76239,17.4769,15.963,12.5,2
1.7316169536883748e-06,13.0,-0.2999999999999998,2.63459,0.706,-16.94041,0.50511,8.20203,10.0,16.78026,17.49136,15.98328,12.525,2
1.1386713919833363e-06,13.0,-0.2999999999999998,2.6575,0.708,-16.93185,0.5077,8.20504,10.0,16.76445,17.47914,15.965,12.5,2
1.1262941998818993e-06,13.0,-0.2999999999999998,2.6575,0.708,-16.94121,0.50536,8.20504,10.0,16.78246,17.49374,15.98543,12.525,2
1.666627505915854e-06,13.0,-0.2999999999999998,2.68041,0.71,-16.93253,0.50797,8.20804,10.0,16.76644,17.48138,15.9669,12.5,2
1.0961327335913317e-06,13.0,-0.2999999999999998,2.68041,0.71,-16.94196,0.50561,8.20804,10.0,16.78459,17.49611,15.98747,12.525,2
1.0843722660191566e-06,13.0,-0.2999999999999998,2.70332,0.712,-16.94269,0.50588,8.21104,10.0,16.78688,17.49845,15.98963,12.525,2
1.0727808760761762e-06,13.0,-0.2999999999999998,2.70332,0.712,-16.95238,0.50345,8.21103,10.0,16.80564,17.51344,16.01103,12.55,2
1.5877998428391258e-06,13.0,-0.2999999999999998,2.72623,0.714,-16.95323,0.50368,8.21403,10.0,16.80794,17.51584,16.01334,12.55,2
1.0445223074019873e-06,13.0,-0.2999999999999998,2.72623,0.714,-16.94346,0.50613,8.21403,10.0,16.78903,17.50071,15.99177,12.525,2
1.0334991526141104e-06,13.0,-0.2999999999999998,2.74914,0.716,-16.95401,0.50393,8.21701,10.0,16.81036,17.51839,16.01551,12.55,2
1.5299205684880496e-06,13.0,-0.2999999999999998,2.74914,0.716,-16.96404,0.50142,8.21701,10.0,16.82987,17.53379,16.03791,12.575,2
1.0066172663303123e-06,13.0,-0.2999999999999998,2.77205,0.718,-16.95492,0.50415,8.22,10.0,16.8127,17.52086,16.01784,12.55,2
9.96127781967594e-07,13.0,-0.2999999999999998,2.77205,0.718,-16.96504,0.50162,8.22,10.0,16.83239,17.53641,16.04041,12.575,2
9.857847815767004e-07,13.0,-0.2999999999999998,2.79496,0.72,-16.95569,0.5044,8.22298,10.0,16.81502,17.52329,16.02014,12.55,2
1.9411137460795415e-06,13.0,-0.2999999999999998,2.79496,0.72,-16.96589,0.50185,8.22298,10.0,16.83487,17.53899,16.0429,12.575,2
1.429737264218256e-06,13.0,-0.2999999999999998,2.82873,0.722,-16.9668,0.50206,8.22596,10.0,16.83737,17.54163,16.04522,12.575,2
5.198950934976499e-07,13.0,-0.2999999999999998,2.82873,0.722,-16.97725,0.49945,8.22595,10.0,16.85781,17.55757,16.06879,12.6,2
5.172390376640151e-07,13.0,-0.2999999999999998,2.83978,0.724,-16.96779,0.50226,8.22894,10.0,16.8399,17.5442,16.04776,12.575,2
9.314048864535834e-07,13.0,-0.2999999999999998,2.83978,0.724,-16.97834,0.49962,8.22893,10.0,16.86052,17.56031,16.07154,12.6,2
5.093795524751277e-07,13.0,-0.2999999999999998,2.85083,0.726,-16.97932,0.49982,8.2319,10.0,16.86325,17.56309,16.07423,12.6,2
5.06795434465722e-07,13.0,-0.2999999999999998,2.85083,0.726,-16.96869,0.50248,8.23191,10.0,16.84246,17.54685,16.05026,12.575,2
5.042289171180309e-07,13.0,-0.2999999999999998,2.86188,0.728,-16.96962,0.50269,8.23488,10.0,16.84494,17.54949,16.05265,12.575,2
5.016798500687114e-07,13.0,-0.2999999999999998,2.86188,0.728,-16.98034,0.50001,8.23488,10.0,16.8659,17.56588,16.07682,12.6,2
4.991480844984533e-07,13.0,-0.2999999999999998,2.87293,0.73,-16.98135,0.5002,8.23784,10.0,16.86859,17.56866,16.07956,12.6,2
4.966334731135584e-07,13.0,-0.2999999999999998,2.87293,0.73,-16.9923,0.49746,8.23784,10.0,16.89012,17.58528,16.10453,12.625,2
4.941358701276808e-07,13.0,-0.2999999999999998,2.88398,0.732,-16.98238,0.50039,8.24081,10.0,16.87137,17.57139,16.08202,12.6,2
4.916551312437303e-07,13.0,-0.2999999999999998,2.88398,0.732,-16.99343,0.49763,8.2408,10.0,16.89307,17.58814,16.1072,12.625,2
8.854137803368324e-07,13.0,-0.2999999999999998,2.89503,0.734,-16.98337,0.50059,8.24377,10.0,16.8741,17.57422,16.08488,12.6,2
4.843126782005015e-07,13.0,-0.2999999999999998,2.89503,0.734,-16.99451,0.4978,8.24377,10.0,16.89598,17.59112,16.11024,12.625,2
4.818979819226217e-07,13.0,-0.2999999999999998,2.90608,0.736,-16.98442,0.50077,8.24674,10.0,16.8767,17.57703,16.08749,12.6,2
4.794994499873903e-07,13.0,-0.2999999999999998,2.90608,0.736,-16.99565,0.49796,8.24673,10.0,16.89877,17.59408,16.11306,12.625,2
4.771169466689242e-07,13.0,-0.2999999999999998,2.91713,0.738,-16.99678,0.49812,8.24969,10.0,16.90175,17.59696,16.116,12.625,2
4.7475033761107163e-07,13.0,-0.2999999999999998,2.91713,0.738,-16.98547,0.50095,8.2497,10.0,16.87954,17.57977,16.09026,12.6,2
4.7239948981165367e-07,13.0,-0.2999999999999998,2.92818,0.74,-16.98648,0.50114,8.25265,10.0,16.88228,17.5826,16.09282,12.6,2
4.7006427160626086e-07,13.0,-0.2999999999999998,2.92818,0.74,-16.99788,0.49829,8.25265,10.0,16.90468,17.59993,16.11876,12.625,2
4.6774455265258073e-07,13.0,-0.2999999999999998,2.93923,0.742,-16.9875,0.50134,8.25561,10.0,16.88505,17.58543,16.09571,12.6,2
4.6544020391498125e-07,13.0,-0.2999999999999998,2.93923,0.742,-16.99898,0.49846,8.2556,10.0,16.90759,17.6029,16.12182,12.625,2
8.382825296818583e-07,13.0,-0.2999999999999998,2.95028,0.744,-17.00015,0.49862,8.25856,10.0,16.91057,17.60593,16.12465,12.625,2
4.5861810792239143e-07,13.0,-0.2999999999999998,2.95028,0.744,-17.01184,0.49569,8.25855,10.0,16.93366,17.62357,16.15154,12.65,2
4.563739752946484e-07,13.0,-0.2999999999999998,2.96133,0.746,-17.00134,0.49877,8.26151,10.0,16.91361,17.60892,16.12767,12.625,2
4.541445867762715e-07,13.0,-0.2999999999999998,2.96133,0.746,-17.01312,0.49582,8.2615,10.0,16.93686,17.62669,16.15477,12.65,2
4.5192982085735503e-07,13.0,-0.2999999999999998,2.97238,0.748,-17.00247,0.49893,8.26446,10.0,16.91662,17.61192,16.13072,12.625,2
4.4972955723172976e-07,13.0,-0.2999999999999998,2.97238,0.748,-17.01432,0.49597,8.26445,10.0,16.94004,17.62982,16.15798,12.65,2
4.4754367678311943e-07,13.0,-0.2999999999999998,2.98343,0.75,-17.00362,0.49909,8.26741,10.0,16.91963,17.61491,16.13359,12.625,2
4.4537206157140036e-07,13.0,-0.2999999999999998,2.98343,0.75,-17.01555,0.49611,8.2674,10.0,16.94318,17.63296,16.16102,12.65,2
4.43214594818964e-07,13.0,-0.2999999999999998,2.99448,0.752,-17.01681,0.49624,8.27035,10.0,16.94641,17.63616,16.16424,12.65,2
4.406720014757257e-07,13.0,-0.2999999999999998,2.99448,0.752,-17.0048,0.49925,8.27036,10.0,16.92271,17.618,16.13662,12.625,2
7.944645164055524e-07,13.0,-0.2999999999999998,3.00552,0.754,-17.00599,0.49939,8.27331,10.0,16.92575,17.6211,16.13982,12.625,2
4.347239167946522e-07,13.0,-0.2999999999999998,3.00552,0.754,-17.01808,0.49637,8.2733,10.0,16.94959,17.63937,16.1676,12.65,2
4.326354804369972e-07,13.0,-0.2999999999999998,3.01657,0.756,-17.00722,0.49954,8.27625,10.0,16.92883,17.62424,16.14288,12.625,2
4.305605155495122e-07,13.0,-0.2999999999999998,3.01657,0.756,-17.01938,0.4965,8.27625,10.0,16.95282,17.64262,16.17082,12.65,2
4.2849891312749607e-07,13.0,-0.2999999999999998,3.02762,0.758,-17.02069,0.49662,8.27919,10.0,16.95605,17.64584,16.17406,12.65,2
4.2645056522660704e-07,13.0,-0.2999999999999998,3.02762,0.758,-17.033,0.49354,8.27918,10.0,16.9805,17.66434,16.2027,12.675,2
4.2441536495072524e-07,13.0,-0.2999999999999998,3.03867,0.76,-17.022,0.49674,8.28214,10.0,16.9594,17.64906,16.17748,12.65,2
4.223932064400671e-07,13.0,-0.2999999999999998,3.03867,0.76,-17.03437,0.49364,8.28213,10.0,16.98397,17.66767,16.20628,12.675,2
4.203839848595294e-07,13.0,-0.2999999999999998,3.04972,0.762,-17.02332,0.49686,8.28508,10.0,16.96269,17.65235,16.18077,12.65,2
7.572626178952359e-07,13.0,-0.2999999999999998,3.04972,0.762,-17.03576,0.49375,8.28507,10.0,16.98739,17.67106,16.20971,12.675,2
4.144329084752892e-07,13.0,-0.2999999999999998,3.06077,0.764,-17.03719,0.49384,8.28802,10.0,16.99086,17.67448,16.2133,12.675,2
4.12474406354944e-07,13.0,-0.2999999999999998,3.06077,0.764,-17.02467,0.49697,8.28802,10.0,16.96604,17.65569,16.1842,12.65,2
4.105283319587624e-07,13.0,-0.2999999999999998,3.07182,0.766,-17.02602,0.49709,8.29096,10.0,16.96949,17.65904,16.18752,12.65,2
4.0859458636147406e-07,13.0,-0.2999999999999998,3.07182,0.766,-17.03858,0.49395,8.29096,10.0,16.99444,17.67792,16.21673,12.675,2
4.0667307158442144e-07,13.0,-0.2999999999999998,3.08287,0.768,-17.02739,0.4972,8.29391,10.0,16.97296,17.66233,16.19102,12.65,2
4.047636905850551e-07,13.0,-0.2999999999999998,3.08287,0.768,-17.04,0.49404,8.2939,10.0,16.99801,17.68129,16.22037,12.675,2
4.028663472464582e-07,13.0,-0.2999999999999998,3.09392,0.77,-17.02881,0.4973,8.29685,10.0,16.97621,17.66576,16.1946,12.65,2
4.0098094636712713e-07,13.0,-0.2999999999999998,3.09392,0.77,-17.04148,0.49413,8.29684,10.0,17.00134,17.6848,16.22406,12.675,2
3.991073936504715e-07,13.0,-0.2999999999999998,3.10497,0.772,-17.03019,0.4974,8.29979,10.0,16.97983,17.66917,16.19803,12.65,2
7.189965532944238e-07,13.0,-0.2999999999999998,3.10497,0.772,-17.04291,0.49422,8.29978,10.0,17.00506,17.68828,16.22757,12.675,2
3.935568948792899e-07,13.0,-0.2999999999999998,3.11602,0.774,-17.04438,0.49431,8.30273,10.0,17.00867,17.69186,16.23129,12.675,2
3.9172980960277704e-07,13.0,-0.2999999999999998,3.11602,0.774,-17.05722,0.4911,8.30272,10.0,17.03429,17.71102,16.26147,12.7,2
3.8991411423654975e-07,13.0,-0.2999999999999998,3.12707,0.776,-17.05875,0.49117,8.30566,10.0,17.03816,17.71466,16.26544,12.7,2
3.8810971970842266e-07,13.0,-0.2999999999999998,3.12707,0.776,-17.04588,0.49439,8.30567,10.0,17.01247,17.69544,16.23517,12.675,2
3.863165377835937e-07,13.0,-0.2999999999999998,3.13812,0.778,-17.04739,0.49447,8.30861,10.0,17.01616,17.69902,16.23878,12.675,2
3.8453448105545257e-07,13.0,-0.2999999999999998,3.13812,0.778,-17.0603,0.49124,8.30861,10.0,17.04192,17.7183,16.26912,12.7,2
3.8276346293657114e-07,13.0,-0.2999999999999998,3.14917,0.78,-17.0489,0.49455,8.31155,10.0,17.01986,17.70257,16.24264,12.675,2
3.8100339764973925e-07,13.0,-0.2999999999999998,3.14917,0.78,-17.06184,0.49131,8.31155,10.0,17.04569,17.72191,16.27311,12.7,2
6.864329415729164e-07,13.0,-0.2999999999999998,3.16022,0.782,-17.05042,0.49463,8.31449,10.0,17.02357,17.70623,16.24654,12.675,2
3.757880729766557e-07,13.0,-0.2999999999999998,3.16022,0.782,-17.06338,0.49138,8.31449,10.0,17.04948,17.72559,16.27708,12.7,2
3.7407097714167056e-07,13.0,-0.2999999999999998,3.17127,0.784,-17.05199,0.49469,8.31743,10.0,17.02734,17.70987,16.25045,12.675,2
3.723644170992958e-07,13.0,-0.2999999999999998,3.17127,0.784,-17.06498,0.49144,8.31743,10.0,17.05326,17.72926,16.28104,12.7,2
3.7066831175131816e-07,13.0,-0.2999999999999998,3.18232,0.786,-17.05356,0.49476,8.32038,10.0,17.03127,17.71362,16.25438,12.675,2
3.689825807499812e-07,13.0,-0.2999999999999998,3.18232,0.786,-17.06658,0.4915,8.32038,10.0,17.05726,17.73306,16.28501,12.7,2
3.673071444899412e-07,13.0,-0.2999999999999998,3.19337,0.788,-17.06814,0.49157,8.32332,10.0,17.06118,17.73677,16.28896,12.7,2
3.656419241002569e-07,13.0,-0.2999999999999998,3.19337,0.788,-17.05512,0.49483,8.32332,10.0,17.03518,17.71731,16.25831,12.675,2
3.639868414364142e-07,13.0,-0.2999999999999998,3.20442,0.79,-17.05676,0.49488,8.32626,10.0,17.03908,17.7211,16.2624,12.675,2
3.6234181907251225e-07,13.0,-0.2999999999999998,3.20442,0.79,-17.06978,0.49162,8.32626,10.0,17.0651,17.74058,16.2931,12.7,2
6.52862950757684e-07,13.0,-0.2999999999999998,3.21547,0.792,-17.07145,0.49167,8.32921,10.0,17.06904,17.74441,16.29716,12.7,2
3.574663501401592e-07,13.0,-0.2999999999999998,3.21547,0.792,-17.08459,0.48838,8.32921,10.0,17.09544,17.76392,16.3285,12.725,2
3.558608088222034e-07,13.0,-0.2999999999999998,3.22652,0.794,-17.07313,0.49171,8.33216,10.0,17.07313,17.74824,16.3013,12.7,2
3.542649511877249e-07,13.0,-0.2999999999999998,3.22652,0.794,-17.08627,0.48843,8.33216,10.0,17.09955,17.76777,16.33265,12.725,2
3.5267870396397173e-07,13.0,-0.2999999999999998,3.23757,0.796,-17.07479,0.49176,8.3351,10.0,17.07719,17.75208,16.30543,12.7,2
3.511019945447301e-07,13.0,-0.2999999999999998,3.23757,0.796,-17.08794,0.48847,8.3351,10.0,17.10363,17.77163,16.33678,12.725,2
3.4953475098324416e-07,13.0,-0.2999999999999998,3.24862,0.798,-17.07642,0.49182,8.33805,10.0,17.08127,17.75589,16.30974,12.7,2
3.4797690198528334e-07,13.0,-0.2999999999999998,3.24862,0.798,-17.08956,0.48853,8.33805,10.0,17.10773,17.77543,16.34115,12.725,2
3.4642837690223154e-07,13.0,-0.2999999999999998,3.25967,0.8,-17.09127,0.48857,8.341,10.0,17.11181,17.77942,16.34533,12.725,2
6.24233675518899e-07,13.0,-0.2999999999999998,3.25967,0.8,-17.07812,0.49186,8.341,10.0,17.08537,17.75986,16.31393,12.7,2
3.418380481969487e-07,13.0,-0.2999999999999998,3.27072,0.802,-17.09319,0.48856,8.34395,10.0,17.11626,17.78362,16.3501,12.725,2
3.4032612496148044e-07,13.0,-0.2999999999999998,3.27072,0.802,-17.08004,0.49184,8.34395,10.0,17.08981,17.76407,16.3187,12.7,2
3.388231818453847e-07,13.0,-0.2999999999999998,3.28177,0.804,-17.08224,0.49176,8.34689,10.0,17.09489,17.76864,16.32397,12.7,2
3.373291519329823e-07,13.0,-0.2999999999999998,3.28177,0.804,-17.09539,0.48847,8.34689,10.0,17.1214,17.7882,16.35542,12.725,2
3.358439689081325e-07,13.0,-0.2999999999999998,3.29282,0.806,-17.08471,0.49161,8.34984,10.0,17.10057,17.77374,16.33021,12.7,2
3.3436756704788607e-07,13.0,-0.2999999999999998,3.29282,0.806,-17.09789,0.48831,8.34984,10.0,17.12711,17.79333,16.36176,12.725,2
3.328998812163627e-07,13.0,-0.2999999999999998,3.30387,0.808,-17.08744,0.49139,8.35277,10.0,17.10694,17.7793,16.33696,12.7,2
3.314408468585546e-07,13.0,-0.2999999999999998,3.30387,0.808,-17.10064,0.48809,8.35277,10.0,17.13358,17.79892,16.36862,12.725,2
3.299903999942767e-07,13.0,-0.2999999999999998,3.31492,0.81,-17.10385,0.48775,8.35571,10.0,17.1406,17.80502,16.37635,12.725,2
5.946578773072493e-07,13.0,-0.2999999999999998,3.31492,0.81,-17.11734,0.48438,8.35571,10.0,17.168,17.82498,16.40903,12.75,2
3.2568995305890224e-07,13.0,-0.2999999999999998,3.32597,0.812,-17.1073,0.48736,8.35864,10.0,17.14819,17.81144,16.3849,12.725,2
3.2427322765655645e-07,13.0,-0.2999999999999998,3.32597,0.812,-17.12087,0.48396,8.35864,10.0,17.17575,17.8315,16.41784,12.75,2
3.228647782629931e-07,13.0,-0.2999999999999998,3.33702,0.814,-17.11103,0.48689,8.36158,10.0,17.1565,17.81848,16.3942,12.725,2
3.214645442241204e-07,13.0,-0.2999999999999998,3.33702,0.814,-17.12469,0.48347,8.36157,10.0,17.18429,17.83869,16.42744,12.75,2
3.2007246542028576e-07,13.0,-0.2999999999999998,3.34807,0.816,-17.12881,0.48291,8.3645,10.0,17.19339,17.84634,16.43756,12.75,2
3.186884822607762e-07,13.0,-0.2999999999999998,3.34807,0.816,-17.11504,0.48635,8.3645,10.0,17.16538,17.82597,16.40403,12.725,2
3.173125356784402e-07,13.0,-0.2999999999999998,3.35912,0.818,-17.11938,0.48573,8.36743,10.0,17.17506,17.83389,16.41491,12.725,2
3.1594456712431617e-07,13.0,-0.2999999999999998,3.35912,0.818,-17.13326,0.48226,8.36743,10.0,17.20339,17.85443,16.44882,12.75,2
5.693837440040922e-07,13.0,-0.2999999999999998,3.37017,0.82,-17.12412,0.48502,8.37036,10.0,17.18532,17.84224,16.42648,12.725,2
3.118879518026217e-07,13.0,-0.2999999999999998,3.37017,0.82,-17.13815,0.48151,8.37035,10.0,17.21396,17.86298,16.46082,12.75,2
3.105513200501389e-07,13.0,-0.2999999999999998,3.38122,0.822,-17.12913,0.48423,8.37328,10.0,17.19616,17.85109,16.43891,12.725,2
3.092223811697168e-07,13.0,-0.2999999999999998,3.38122,0.822,-17.14332,0.48068,8.37328,10.0,17.22516,17.87205,16.4737,12.75,2
3.0790107961198395e-07,13.0,-0.2999999999999998,3.39227,0.824,-17.1344,0.48338,8.3762,10.0,17.20774,17.86045,16.45186,12.725,2
3.0630990568514925e-07,13.0,-0.2999999999999998,3.39227,0.824,-17.14877,0.47979,8.3762,10.0,17.23713,17.88167,16.48717,12.75,2
3.0500489612293076e-07,13.0,-0.2999999999999998,3.40331,0.826,-17.1401,0.48242,8.37912,10.0,17.21993,17.87026,16.46597,12.725,2
3.0398245058650636e-07,13.0,-0.2999999999999998,3.40331,0.826,-17.15468,0.47877,8.37912,10.0,17.24978,17.89176,16.50183,12.75,2
3.026911523987714e-07,13.0,-0.2999999999999998,3.41436,0.828,-17.16086,0.4777,8.38204,10.0,17.26309,17.90233,16.51708,12.75,2
3.01407220924294e-07,13.0,-0.2999999999999998,3.41436,0.828,-17.14607,0.48139,8.38204,10.0,17.23278,17.88051,16.48063,12.725,2
5.432228116474015e-07,13.0,-0.2999999999999998,3.42541,0.83,-17.1524,0.48028,8.38496,10.0,17.24647,17.89133,16.49623,12.725,2
2.975991017659543e-07,13.0,-0.2999999999999998,3.42541,0.83,-17.16742,0.47652,8.38496,10.0,17.27732,17.91349,16.53334,12.75,2
2.9634411438075593e-07,13.0,-0.2999999999999998,3.43646,0.832,-17.15906,0.47908,8.38788,10.0,17.26083,17.90254,16.51288,12.725,2
2.9509623456184896e-07,13.0,-0.2999999999999998,3.43646,0.832,-17.17437,0.47525,8.38788,10.0,17.29234,17.92509,16.55085,12.75,2
2.938554118051876e-07,13.0,-0.2999999999999998,3.44751,0.834,-17.18166,0.4739,8.39079,10.0,17.30807,17.93745,16.56957,12.75,2
2.9262159603819245e-07,13.0,-0.2999999999999998,3.44751,0.834,-17.19802,0.46981,8.39079,10.0,17.34237,17.9614,16.61129,12.775,2
2.91394737615446e-07,13.0,-0.2999999999999998,3.45856,0.836,-17.18946,0.47242,8.39371,10.0,17.32503,17.95035,16.58904,12.75,2
2.901747873144877e-07,13.0,-0.2999999999999998,3.45856,0.836,-17.20618,0.46824,8.39371,10.0,17.36019,17.97476,16.63195,12.775,2
2.8896169633160644e-07,13.0,-0.2999999999999998,3.46961,0.838,-17.19761,0.47085,8.39663,10.0,17.34275,17.96376,16.60992,12.75,2
5.208242828554261e-07,13.0,-0.2999999999999998,3.46961,0.838,-17.21466,0.46659,8.39663,10.0,17.37879,17.98862,16.65402,12.775,2
2.853630974478078e-07,13.0,-0.2999999999999998,3.48066,0.84,-17.2236,0.46483,8.39954,10.0,17.39812,18.00312,16.67721,12.775,2
2.841769639296816e-07,13.0,-0.2999999999999998,3.48066,0.84,-17.20622,0.46917,8.39954,10.0,17.36128,17.97784,16.63199,12.75,2
2.8299745184784964e-07,13.0,-0.2999999999999998,3.49171,0.842,-17.21511,0.46742,8.40246,10.0,17.38095,17.99248,16.65506,12.75,2
2.8182451482516836e-07,13.0,-0.2999999999999998,3.49171,0.842,-17.23281,0.46299,8.40246,10.0,17.41861,18.01813,16.70136,12.775,2
2.8065810687509556e-07,13.0,-0.2999999999999998,3.50276,0.844,-17.2245,0.46554,8.40538,10.0,17.40135,18.00763,16.67938,12.75,2
2.7949818239784894e-07,13.0,-0.2999999999999998,3.50276,0.844,-17.24245,0.46106,8.40538,10.0,17.43973,18.03364,16.72668,12.775,2
2.783446961765574e-07,13.0,-0.2999999999999998,3.51381,0.846,-17.23424,0.46358,8.4083,10.0,17.42272,18.02322,16.70477,12.75,2
2.7719760337350644e-07,13.0,-0.2999999999999998,3.51381,0.846,-17.25248,0.45902,8.4083,10.0,17.46173,18.04955,16.7531,12.775,2
2.7605685952647395e-07,13.0,-0.2999999999999998,3.52486,0.848,-17.24428,0.46154,8.41122,10.0,17.44485,18.03934,16.73123,12.75,2
4.975971412580343e-07,13.0,-0.2999999999999998,3.52486,0.848,-17.26272,0.45693,8.41122,10.0,17.48445,18.06589,16.78042,12.775,2
2.726722826545747e-07,13.0,-0.2999999999999998,3.53591,0.85,-17.25464,0.45943,8.41413,10.0,17.4677,18.05589,16.75871,12.75,2
2.7155649739114454e-07,13.0,-0.2999999999999998,3.53591,0.85,-17.27329,0.45476,8.41413,10.0,17.5079,18.08264,16.8087,12.775,2
2.7044684427754223e-07,13.0,-0.2999999999999998,3.54696,0.852,-17.28418,0.45252,8.41706,10.0,17.53178,18.09985,16.83777,12.775,2
2.693432810286833e-07,13.0,-0.2999999999999998,3.54696,0.852,-17.26537,0.45722,8.41706,10.0,17.49122,18.07292,16.78712,12.75,2
2.6824576571006695e-07,13.0,-0.2999999999999998,3.55801,0.854,-17.27634,0.45495,8.41998,10.0,17.51552,18.09018,16.81642,12.75,2
2.671542567343825e-07,13.0,-0.2999999999999998,3.55801,0.854,-17.29527,0.45022,8.41998,10.0,17.55645,18.1172,16.86767,12.775,2
2.6606871285819847e-07,13.0,-0.2999999999999998,3.56906,0.856,-17.2876,0.45262,8.4229,10.0,17.54038,18.10788,16.84643,12.75,2
2.6498909317864273e-07,13.0,-0.2999999999999998,3.56906,0.856,-17.30661,0.44786,8.4229,10.0,17.58155,18.13498,16.89824,12.775,2
4.776748545340541e-07,13.0,-0.2999999999999998,3.58011,0.858,-17.29897,0.45025,8.42583,10.0,17.56564,18.12595,16.87732,12.75,2
2.6178537533003783e-07,13.0,-0.2999999999999998,3.58011,0.858,-17.31803,0.44549,8.42583,10.0,17.60701,18.15303,16.9295,12.775,2
2.6072905010452013e-07,13.0,-0.2999999999999998,3.59116,0.86,-17.32971,0.44305,8.42876,10.0,17.63284,18.1711,16.96133,12.775,2
2.5967844955550696e-07,13.0,-0.2999999999999998,3.59116,0.86,-17.34861,0.43832,8.42876,10.0,17.67404,18.1978,17.01402,12.8,2
2.5863353475558403e-07,13.0,-0.2999999999999998,3.60221,0.862,-17.34143,0.4406,8.43169,10.0,17.65894,18.18947,16.99364,12.775,2
2.5759426709565425e-07,13.0,-0.2999999999999998,3.60221,0.862,-17.36042,0.43585,8.43168,10.0,17.70041,18.21616,17.04699,12.8,2
2.5656060828189743e-07,13.0,-0.2999999999999998,3.61326,0.864,-17.37245,0.43332,8.43461,10.0,17.72745,18.23457,17.0808,12.8,2
2.5553252033271877e-07,13.0,-0.2999999999999998,3.61326,0.864,-17.35322,0.43813,8.43462,10.0,17.68533,18.20774,17.02631,12.775,2
2.5450996557577493e-07,13.0,-0.2999999999999998,3.62431,0.866,-17.36541,0.43556,8.43755,10.0,17.71246,18.22646,17.06013,12.775,2
2.534929066450789e-07,13.0,-0.2999999999999998,3.62431,0.866,-17.38488,0.4307,8.43755,10.0,17.7552,18.25343,17.11573,12.8,2
4.5697974023184696e-07,13.0,-0.2999999999999998,3.63536,0.868,-17.37782,0.43295,8.44049,10.0,17.74003,18.24548,17.09505,12.775,2
2.5047433568484207e-07,13.0,-0.2999999999999998,3.63536,0.868,-17.39752,0.42802,8.44048,10.0,17.78335,18.27257,17.15172,12.8,2
2.49478892424812e-07,13.0,-0.2999999999999998,3.64641,0.87,-17.39039,0.43029,8.44342,10.0,17.76823,18.26468,17.13095,12.775,2
6.732944119557575e-07,13.0,-0.2999999999999998,3.64641,0.87,-17.41028,0.42531,8.44342,10.0,17.81203,18.29189,17.18857,12.8,2
6.653367829499645e-07,13.0,-0.2999999999999998,3.67665,0.872,-17.40338,0.42753,8.44637,10.0,17.79712,18.284,17.16728,12.775,2
4.3919926575046817e-07,13.0,-0.2999999999999998,3.67665,0.872,-17.42341,0.42252,8.44636,10.0,17.84135,18.31137,17.2257,12.8,2
6.523527873845068e-07,13.0,-0.2999999999999998,3.7006,0.874,-17.43662,0.4197,8.44931,10.0,17.87126,18.33118,17.26413,12.8,2
4.306571021140945e-07,13.0,-0.2999999999999998,3.7006,0.874,-17.41648,0.42474,8.44931,10.0,17.82673,18.30376,17.20503,12.775,2
4.2730279464893597e-07,13.0,-0.2999999999999998,3.72455,0.876,-17.44992,0.41687,8.45226,10.0,17.90127,18.35118,17.30255,12.8,2
6.347413985609638e-07,13.0,-0.2999999999999998,3.72455,0.876,-17.42972,0.42192,8.45226,10.0,17.8565,18.32369,17.24293,12.775,2
4.1906934182180375e-07,13.0,-0.2999999999999998,3.7485,0.878,-17.46339,0.41399,8.45521,10.0,17.93166,18.37136,17.34212,12.8,2
6.225514046777061e-07,13.0,-0.2999999999999998,3.7485,0.878,-17.48342,0.40898,8.45521,10.0,17.97618,18.39878,17.40189,12.825,2
4.11047848775649e-07,13.0,-0.2999999999999998,3.77246,0.88,-17.47689,0.41111,8.45817,10.0,17.9621,18.39167,17.3817,12.8,2
4.078970656799055e-07,13.0,-0.2999999999999998,3.77246,0.88,-17.49675,0.40614,8.45816,10.0,18.00636,18.41903,17.44128,12.825,2
6.060086339663932e-07,13.0,-0.2999999999999998,3.79641,0.882,-17.49045,0.40821,8.46113,10.0,17.99271,18.41203,17.42141,12.8,2
4.001609327003537e-07,13.0,-0.2999999999999998,3.79641,0.882,-17.51008,0.4033,8.46113,10.0,18.03663,18.43931,17.48067,12.825,2
5.94552578765976e-07,13.0,-0.2999999999999998,3.82036,0.884,-17.50397,0.40533,8.4641,10.0,18.02315,18.43248,17.46117,12.8,2
3.9262085004987043e-07,13.0,-0.2999999999999998,3.82036,0.884,-17.52331,0.40049,8.46409,10.0,18.06655,18.45967,17.51981,12.825,2
3.8965831377725684e-07,13.0,-0.2999999999999998,3.84431,0.886,-17.51741,0.40246,8.46707,10.0,18.05384,18.45299,17.50098,12.8,2
5.789982070626794e-07,13.0,-0.2999999999999998,3.84431,0.886,-17.53636,0.39773,8.46707,10.0,18.09658,18.48001,17.5588,12.825,2
3.823823347475232e-07,13.0,-0.2999999999999998,3.86826,0.888,-17.54922,0.39501,8.47004,10.0,18.12601,18.50032,17.59739,12.825,2
5.682214150361982e-07,13.0,-0.2999999999999998,3.86826,0.888,-17.53067,0.39965,8.47004,10.0,18.08403,18.47359,17.5406,12.8,2
3.7528791269974595e-07,13.0,-0.2999999999999998,3.89222,0.89,-17.5437,0.39689,8.47302,10.0,18.11395,18.49407,17.57939,12.8,2
3.7249970568947224e-07,13.0,-0.2999999999999998,3.89222,0.89,-17.56189,0.39234,8.47302,10.0,18.15511,18.52035,17.63516,12.825,2
5.535823645674444e-07,13.0,-0.2999999999999998,3.91617,0.892,-17.55665,0.39416,8.47601,10.0,18.14351,18.51427,17.61834,12.8,2
3.656500087404604e-07,13.0,-0.2999999999999998,3.91617,0.892,-17.57453,0.38969,8.47601,10.0,18.18395,18.54013,17.67317,12.825,2
5.434349910260256e-07,13.0,-0.2999999999999998,3.94012,0.894,-17.56938,0.39148,8.479,10.0,18.17274,18.53456,17.65638,12.8,2
3.5896864631625357e-07,13.0,-0.2999999999999998,3.94012,0.894,-17.58697,0.38708,8.479,10.0,18.21256,18.56007,17.71044,12.825,2
3.5634207151840616e-07,13.0,-0.2999999999999998,3.96407,0.896,-17.59933,0.3845,8.48199,10.0,18.24095,18.5797,17.7477,12.825,2
5.296445929240302e-07,13.0,-0.2999999999999998,3.96407,0.896,-17.61632,0.38025,8.48199,10.0,18.2796,18.60458,17.80034,12.85,2
3.4988774243766323e-07,13.0,-0.2999999999999998,3.98802,0.898,-17.61167,0.38192,8.48499,10.0,18.2695,18.5995,17.78511,12.825,2
3.473500305155588e-07,13.0,-0.2999999999999998,3.98802,0.898,-17.62857,0.3777,8.48499,10.0,18.30798,18.62436,17.83769,12.85,2
5.163207695924656e-07,13.0,-0.2999999999999998,4.01198,0.9,-17.64084,0.37514,8.488,10.0,18.33631,18.64424,17.87514,12.85,2
3.411131254359728e-07,13.0,-0.2999999999999998,4.01198,0.9,-17.62398,0.37935,8.488,10.0,18.2978,18.61926,17.82236,12.825,2
5.070784788304062e-07,13.0,-0.2999999999999998,4.03593,0.902,-17.63647,0.37674,8.49101,10.0,18.32636,18.63922,17.86002,12.825,2
3.350259100478758e-07,13.0,-0.2999999999999998,4.03593,0.902,-17.65335,0.37252,8.49101,10.0,18.36507,18.66442,17.91325,12.85,2
3.326319265641522e-07,13.0,-0.2999999999999998,4.05988,0.904,-17.64898,0.37413,8.49402,10.0,18.35527,18.65952,17.89831,12.825,2
4.945093003651883e-07,13.0,-0.2999999999999998,4.05988,0.904,-17.66596,0.36988,8.49402,10.0,18.39436,18.68507,17.95228,12.85,2
3.2674677581140763e-07,13.0,-0.2999999999999998,4.08383,0.906,-17.66171,0.37146,8.49703,10.0,18.38525,18.68046,17.93766,12.825,2
4.857867001110153e-07,13.0,-0.2999999999999998,4.08383,0.906,-17.67892,0.36715,8.49703,10.0,18.42498,18.70654,17.99271,12.85,2
3.2100081615238697e-07,13.0,-0.2999999999999998,4.10778,0.908,-17.67484,0.36869,8.50004,10.0,18.41581,18.70185,17.97858,12.825,2
3.187404798898792e-07,13.0,-0.2999999999999998,4.10778,0.908,-17.69237,0.36431,8.50004,10.0,18.45643,18.72865,18.03504,12.85,2
4.7391923325281675e-07,13.0,-0.2999999999999998,4.13174,0.91,-17.68837,0.36582,8.50305,10.0,18.44741,18.72415,18.02084,12.825,2
3.1318251335776153e-07,13.0,-0.2999999999999998,4.13174,0.91,-17.70634,0.36133,8.50305,10.0,18.48919,18.75183,18.07918,12.85,2
4.656801303745022e-07,13.0,-0.2999999999999998,4.15569,0.912,-17.72091,0.3582,8.50606,10.0,18.52347,18.77606,18.12585,12.85,2
3.0775411338474733e-07,13.0,-0.2999999999999998,4.15569,0.912,-17.70235,0.36284,8.50606,10.0,18.48022,18.74728,18.0652,12.825,2
3.0561818250857905e-07,13.0,-0.2999999999999998,4.17964,0.914,-17.71704,0.35968,8.50907,10.0,18.51465,18.77167,18.11166,12.825,2
4.5446584937591687e-07,13.0,-0.2999999999999998,4.17964,0.914,-17.73632,0.35486,8.50907,10.0,18.55966,18.80178,18.17508,12.85,2
3.00364867497853e-07,13.0,-0.2999999999999998,4.20359,0.916,-17.75268,0.35129,8.51208,10.0,18.59822,18.82895,18.22806,12.85,2
4.4667704320680235e-07,13.0,-0.2999999999999998,4.20359,0.916,-17.77336,0.34612,8.51208,10.0,18.64677,18.86174,18.29731,12.875,2
2.9523228465758874e-07,13.0,-0.2999999999999998,4.22754,0.918,-17.76971,0.34755,8.5151,10.0,18.63824,18.85744,18.28322,12.85,2
2.932122761203034e-07,13.0,-0.2999999999999998,4.22754,0.918,-17.7908,0.34227,8.5151,10.0,18.68799,18.89121,18.35467,12.875,2
4.360714066171114e-07,13.0,-0.2999999999999998,4.2515,0.92,-17.78733,0.34366,8.51811,10.0,18.68019,18.88711,18.34158,12.85,2
2.882429225000489e-07,13.0,-0.2999999999999998,4.2515,0.92,-17.80897,0.33825,8.51811,10.0,18.73149,18.92213,18.41576,12.875,2
4.28702403606751e-07,13.0,-0.2999999999999998,4.27545,0.922,-17.80578,0.33956,8.52113,10.0,18.72414,18.91853,18.4037,12.85,2
2.833861819878545e-07,13.0,-0.2999999999999998,4.27545,0.922,-17.82811,0.33398,8.52113,10.0,18.77734,18.95509,18.48104,12.875,2
2.814742996726872e-07,13.0,-0.2999999999999998,4.2994,0.924,-17.84828,0.32946,8.52415,10.0,18.82578,18.99014,18.55059,12.875,2
4.186644769442664e-07,13.0,-0.2999999999999998,4.2994,0.924,-17.82511,0.33525,8.52415,10.0,18.7703,18.95173,18.46931,12.85,2
2.767698860823992e-07,13.0,-0.2999999999999998,4.32335,0.926,-17.84572,0.33062,8.52717,10.0,18.81968,18.98707,18.53925,12.85,2
4.11687236037e-07,13.0,-0.2999999999999998,4.32335,0.926,-17.86999,0.32455,8.52717,10.0,18.87784,19.02766,18.62506,12.875,2
2.721706150456983e-07,13.0,-0.2999999999999998,4.34731,0.928,-17.86754,0.32569,8.5302,10.0,18.87233,19.02513,18.61473,12.85,2
2.7035968559514813e-07,13.0,-0.2999999999999998,4.34731,0.928,-17.89305,0.31931,8.5302,10.0,18.93372,19.06837,18.70569,12.875,2
4.0217935481980264e-07,13.0,-0.2999999999999998,4.37126,0.93,-17.89086,0.32038,8.53322,10.0,18.92901,19.06615,18.69661,12.85,2
2.6590270416236974e-07,13.0,-0.2999999999999998,4.37126,0.93,-17.91787,0.31363,8.53322,10.0,18.99412,19.11245,18.79371,12.875,2
3.9556805988353984e-07,13.0,-0.2999999999999998,4.39521,0.932,-17.91635,0.31453,8.53625,10.0,18.98992,19.1107,18.78593,12.85,2
2.6154398346864787e-07,13.0,-0.2999999999999998,4.39521,0.932,-17.94517,0.30733,8.53625,10.0,19.05924,19.16045,18.88987,12.875,2
2.59827398884739e-07,13.0,-0.2999999999999998,4.41916,0.934,-17.94385,0.30818,8.53928,10.0,19.05638,19.15947,18.88312,12.85,2
3.8655552822060996e-07,13.0,-0.2999999999999998,4.41916,0.934,-17.97475,0.30046,8.53928,10.0,19.13048,19.21316,18.99476,12.875,2
2.5560171626561155e-07,13.0,-0.2999999999999998,4.44311,0.936,-18.00713,0.29289,8.54232,10.0,19.20841,19.27179,19.1121,12.875,2
3.8028638433136896e-07,13.0,-0.2999999999999998,4.44311,0.936,-17.97364,0.30126,8.54232,10.0,19.12824,19.21285,18.9897,12.85,2
2.514679477662939e-07,13.0,-0.2999999999999998,4.46707,0.938,-18.0069,0.29347,8.54536,10.0,19.207,19.27216,19.1079,12.85,2
2.4983961398812115e-07,13.0,-0.2999999999999998,4.46707,0.938,-18.04327,0.28438,8.54536,10.0,19.2945,19.3376,19.24358,12.875,2
3.717372049022172e-07,13.0,-0.2999999999999998,4.49102,0.94,-18.0434,0.28488,8.5484,10.0,19.29527,19.33871,19.24234,12.85,2
2.4583034682326913e-07,13.0,-0.2999999999999998,4.49102,0.94,-18.0828,0.27503,8.5484,10.0,19.39034,19.41109,19.39155,12.875,2
2.4425086620695487e-07,13.0,-0.2999999999999998,4.51497,0.942,-18.12588,0.26479,8.55144,10.0,19.49495,19.49393,19.55503,12.875,2
3.6344452380956606e-07,13.0,-0.2999999999999998,4.51497,0.942,-18.17127,0.25344,8.55144,10.0,19.60592,19.58174,19.72986,12.9,2
2.4036142507889577e-07,13.0,-0.2999999999999998,4.53892,0.944,-18.17307,0.25352,8.55449,10.0,19.61136,19.58612,19.73485,12.875,2
3.576728874923508e-07,13.0,-0.2999999999999998,4.53892,0.944,-18.22184,0.24133,8.55449,10.0,19.73173,19.68302,19.92359,12.9,2
2.36554828201815e-07,13.0,-0.2999999999999998,4.56287,0.946,-18.22475,0.24114,8.55754,10.0,19.73878,19.68952,19.93189,12.875,2
2.3505488951361635e-07,13.0,-0.2999999999999998,4.56287,0.946,-18.27821,0.22777,8.55754,10.0,19.87432,19.80263,20.1434,12.9,2
3.497978321932186e-07,13.0,-0.2999999999999998,4.58683,0.948,-18.28219,0.22731,8.5606,10.0,19.88422,19.81165,20.15654,12.875,2
2.3136058589213433e-07,13.0,-0.2999999999999998,4.58683,0.948,-18.34119,0.21256,8.5606,10.0,20.03674,19.94322,20.39471,12.9,2
3.4431499181688973e-07,13.0,-0.2999999999999998,4.61078,0.95,-18.41125,0.19558,8.56366,10.0,20.21751,20.10381,20.67528,12.9,2
2.2774395183788154e-07,13.0,-0.2999999999999998,4.61078,0.95,-18.34636,0.2118,8.56366,10.0,20.04962,19.95594,20.41336,12.875,2
2.2631858638745496e-07,13.0,-0.2999999999999998,4.63473,0.952,-18.41808,0.19441,8.56672,10.0,20.23509,20.11919,20.69906,12.875,2
0.0,13.0,-0.2999999999999998,0.89347,0.554,-14.97189,0.96252,7.95786,11.0,12.45513,12.51349,12.31115,0.775,2
3.53660468678035e-06,13.0,-0.2999999999999998,0.89347,0.554,-14.99324,0.95729,7.95828,11.0,12.49279,12.55564,12.3417,0.8,2
5.191391179279078e-06,13.0,-0.2999999999999998,0.91638,0.556,-15.60937,0.80617,7.97148,11.0,13.7393,13.96204,13.3595,1.95,2
3.3877043668740954e-06,13.0,-0.2999999999999998,0.91638,0.556,-15.61765,0.80413,7.97159,11.0,13.7582,13.98373,13.37476,1.975,2
3.3310047428245336e-06,13.0,-0.2999999999999998,0.93929,0.558,-15.78476,0.76367,7.97842,11.0,14.14819,14.43304,13.69349,3.0,2
4.893552352766561e-06,13.0,-0.2999999999999998,0.93929,0.558,-15.78748,0.763,7.97849,11.0,14.15466,14.44058,13.69875,3.025,2
3.1958759667149445e-06,13.0,-0.2999999999999998,0.9622,0.56,-15.87667,0.74155,7.98341,11.0,14.37159,14.69363,13.87745,3.925,2
3.1443264137754363e-06,13.0,-0.2999999999999998,0.9622,0.56,-15.87897,0.74098,7.98344,11.0,14.3773,14.70032,13.88213,3.95,2
4.622777284258332e-06,13.0,-0.2999999999999998,0.98511,0.562,-15.94624,0.72488,7.98787,11.0,14.54569,14.89644,14.02051,4.75,2
3.0212593703301777e-06,13.0,-0.2999999999999998,0.98511,0.562,-15.94844,0.72434,7.9879,11.0,14.55127,14.90297,14.02508,4.775,2
2.9742315699938093e-06,13.0,-0.2999999999999998,1.00802,0.564,-16.01673,0.70795,7.99217,11.0,14.72565,15.10657,14.16932,5.475,2
2.9283940354548476e-06,13.0,-0.2999999999999998,1.00802,0.564,-16.0195,0.70727,7.99221,11.0,14.73284,15.11501,14.17525,5.5,2
4.309147716262784e-06,13.0,-0.2999999999999998,1.03093,0.566,-16.10358,0.68678,7.9959,11.0,14.95459,15.37639,14.35847,6.125,2
2.8187397850592906e-06,13.0,-0.2999999999999998,1.03093,0.566,-16.1078,0.68573,7.99591,11.0,14.96592,15.38987,14.36777,6.15,2
2.7767532025652934e-06,13.0,-0.2999999999999998,1.05384,0.568,-16.2128,0.66008,7.99985,11.0,15.25324,15.73381,14.60416,6.725,2
4.088621103474239e-06,13.0,-0.2999999999999998,1.05384,0.568,-16.20766,0.66136,7.9998,11.0,15.23891,15.71652,14.5924,6.7,2
2.676163773476791e-06,13.0,-0.2999999999999998,1.07675,0.57,-16.31527,0.63501,8.00355,11.0,15.54621,16.08337,14.84897,7.225,2
2.6375924540056945e-06,13.0,-0.2999999999999998,1.07675,0.57,-16.32072,0.63365,8.00356,11.0,15.56218,16.10248,14.86237,7.25,2
2.5999257360303742e-06,13.0,-0.2999999999999998,1.09966,0.572,-16.41707,0.60998,8.00677,11.0,15.84936,16.45057,15.10304,7.7,2
3.831170652267981e-06,13.0,-0.2999999999999998,1.09966,0.572,-16.42269,0.60858,8.00676,11.0,15.86641,16.47143,15.11731,7.725,2
2.50952759717518e-06,13.0,-0.2999999999999998,1.12257,0.574,-16.50553,0.58843,8.01053,11.0,16.1163,16.77452,15.32924,8.1,2
2.4748044181827107e-06,13.0,-0.2999999999999998,1.12257,0.574,-16.51136,0.58699,8.01062,11.0,16.13397,16.79597,15.3443,8.125,2
3.6488047830108473e-06,13.0,-0.2999999999999998,1.14548,0.576,-16.59856,0.56575,8.01433,11.0,16.40518,17.12604,15.57661,8.5,2
2.391365169586526e-06,13.0,-0.2999999999999998,1.14548,0.576,-16.60479,0.56419,8.01433,11.0,16.42517,17.1506,15.59371,8.525,2
2.359275062243366e-06,13.0,-0.2999999999999998,1.16838,0.578,-16.67861,0.54617,8.01757,11.0,16.66471,17.4445,15.8001,8.825,2
2.3278861067650943e-06,13.0,-0.2999999999999998,1.16838,0.578,-16.68516,0.54453,8.01757,11.0,16.68635,17.4711,15.81876,8.85,2
3.4344568371610183e-06,13.0,-0.2999999999999998,1.19129,0.58,-16.74915,0.52897,8.02081,11.0,16.89964,17.73233,16.00406,9.1,2
2.252344569665948e-06,13.0,-0.2999999999999998,1.19129,0.58,-16.75599,0.52726,8.02081,11.0,16.92283,17.76084,16.02422,9.125,2
2.2232484597228464e-06,13.0,-0.2999999999999998,1.2142,0.582,-16.79491,0.51796,8.02404,11.0,17.05437,17.92152,16.1393,9.275,2
0.0,13.0,-0.2999999999999998,1.2142,0.582,-16.80196,0.5162,8.02404,11.0,17.07855,17.95124,16.16038,9.3,2
