# z[pc], Q_thin.d, Q_mol.g, Q_atom.gas, Q_thick.d, Q_DM, Q_st.halo with Q = Kz[km^2/s^2/kpc]
1.000000000000000000e+00 4.291397105286922198e+00 1.677989698277325026e+00 2.754781138341189983e+00 3.909679082194567057e-01 1.536067424037553364e+00 9.709981356197146252e-02
3.000000000000000000e+00 8.123449774168001625e+00 3.331223196568364742e+00 5.508857735165927139e+00 4.790852679996211450e-01 3.037818726236923172e+00 9.709981356197143476e-02
5.000000000000000000e+00 1.207379578705477030e+01 4.995579808629730501e+00 8.262649501451072354e+00 7.151562648877427542e-01 4.556586837701428472e+00 9.709981356197147639e-02
7.000000000000000000e+00 1.604894532033550902e+01 6.658996140158808252e+00 1.101623650961441570e+01 9.534655683234660728e-01 6.075194085776436381e+00 9.709981356197144864e-02
9.000000000000000000e+00 2.005273561291036089e+01 8.320829593274678970e+00 1.376925249489077530e+01 1.191778545376723120e+00 7.593744263122220950e+00 9.709981356197143476e-02
1.100000000000000000e+01 2.406061962567063262e+01 9.980196538845163445e+00 1.652054574832947509e+01 1.430112451474671698e+00 9.113318386176185726e+00 9.709981356197135149e-02
1.300000000000000000e+01 2.806925443291488165e+01 1.163869601516746854e+01 1.927388597752714716e+01 1.668345488313355496e+00 1.063124060450751784e+01 1.029564070037593815e-01
1.500000000000000000e+01 3.207396503043688796e+01 1.329342808460118874e+01 2.202425428798077434e+01 1.906919019391221326e+00 1.214996836520169055e+01 1.176598214447694274e-01
1.700000000000000000e+01 3.607956165495156142e+01 1.494539307728907573e+01 2.477376089705556694e+01 2.145109978441009257e+00 1.366894504044477543e+01 1.323429535779090116e-01
1.900000000000000000e+01 4.008414424405178522e+01 1.659436462737845375e+01 2.752295058270017591e+01 2.383403126685055273e+00 1.518711808362137106e+01 1.470406554691663648e-01
2.100000000000000000e+01 4.408510940613112439e+01 1.823911453974981711e+01 3.027012496982940704e+01 2.621759527577508297e+00 1.670631831398177880e+01 1.617439903963217018e-01
2.300000000000000000e+01 4.808003962710360923e+01 1.987862452717452655e+01 3.301349549285100693e+01 2.860099847747273216e+00 1.822636400409570712e+01 1.764494607906069157e-01
2.500000000000000000e+01 5.209005521194583821e+01 2.151790802474831210e+01 3.576438456490875240e+01 3.098279160055948722e+00 1.974092447651002047e+01 1.911300586152002712e-01
2.700000000000000000e+01 5.607848075557252798e+01 2.314817992965800642e+01 3.850413427570791924e+01 3.336803002629846304e+00 2.126327382806382005e+01 2.058507182647152656e-01
2.900000000000000000e+01 6.007387135446738569e+01 2.477118048532595296e+01 4.124293688902105970e+01 3.574587206143527318e+00 2.278263297145321431e+01 2.205324853045350086e-01
3.100000000000000000e+01 6.406562032098504744e+01 2.639776579985538163e+01 4.398814364041825797e+01 3.813471101390180529e+00 2.429712590208868761e+01 2.352296415632897653e-01
3.300000000000000000e+01 6.805187766864011678e+01 2.800724102457658304e+01 4.672024886180442138e+01 4.051347902832655556e+00 2.582092097109865847e+01 2.499520682438241270e-01
3.500000000000000000e+01 7.203265317376910559e+01 2.962500860978349593e+01 4.946021986721128627e+01 4.290811894052562359e+00 2.733765429841005812e+01 2.646792795077481109e-01
3.700000000000000000e+01 7.601500537021814807e+01 3.122114499464774795e+01 5.218501949906487880e+01 4.528165060647307172e+00 2.885745110765162025e+01 2.793465846350492443e-01
3.900000000000000000e+01 7.999570239204996369e+01 3.281916530978374880e+01 5.492502832840348503e+01 4.766709114635168554e+00 3.037468510128491062e+01 2.940501112123567462e-01
4.100000000000000000e+01 8.399383954854954482e+01 3.440642447728608744e+01 5.766030633855707066e+01 5.004992732254766707e+00 3.188965075463320886e+01 3.087354861026946895e-01
4.300000000000000000e+01 8.794820378068914124e+01 3.598619467199909394e+01 6.036754211143443172e+01 5.242503775297260304e+00 3.341483546412072769e+01 3.234294202500776483e-01
4.500000000000000000e+01 9.192754475518334800e+01 3.755615382228106114e+01 6.311341586713248120e+01 5.481824932107401516e+00 3.492194387587521476e+01 3.381209627009089669e-01
4.700000000000000000e+01 9.588490039475701110e+01 3.912995896880267566e+01 6.582422811608870461e+01 5.720325226776659555e+00 3.645283092347560938e+01 3.528825707106221787e-01
4.900000000000000000e+01 9.984994671497416618e+01 4.068056962164047263e+01 6.854138789286307087e+01 5.958098021608587480e+00 3.796621763854644627e+01 3.675384958119532475e-01
5.100000000000000000e+01 1.038072281451796641e+02 4.223708148751344282e+01 7.125171236166372069e+01 6.195524480438828974e+00 3.948692191600272139e+01 3.821710730259837985e-01
5.300000000000000000e+01 1.077361580147984625e+02 4.377850463146700122e+01 7.395313303606398847e+01 6.435539957818869894e+00 4.101373214070203943e+01 3.970512967487243028e-01
5.500000000000000000e+01 1.117355730318009535e+02 4.529077253041821649e+01 7.669722845401344102e+01 6.673473705560070357e+00 4.251485804214302533e+01 4.116291544520076506e-01
5.700000000000000000e+01 1.156183124644577163e+02 4.683416975933000970e+01 7.936545744181468365e+01 6.911238087468050573e+00 4.405218972915982789e+01 4.263804342492964472e-01
5.900000000000000000e+01 1.196298545300369227e+02 4.833803725640161275e+01 8.208785380273580756e+01 7.147876282476104848e+00 4.555340303644383226e+01 4.409233694410494842e-01
6.100000000000000000e+01 1.235394250965345719e+02 4.983434521116935656e+01 8.479403903570266721e+01 7.389653480733235469e+00 4.707128690403850868e+01 4.558081477112085333e-01
6.300000000000000000e+01 1.274640395692769346e+02 5.132685754440771575e+01 8.748001179466672284e+01 7.626860330815277145e+00 4.860428546542956241e+01 4.704932543425073832e-01
6.500000000000000000e+01 1.313912939672038647e+02 5.281120506152412730e+01 9.016852104511173138e+01 7.864655016244302743e+00 5.011676170268373198e+01 4.851522140612009593e-01
6.700000000000000000e+01 1.353126912814629748e+02 5.428269919152190681e+01 9.285214799287071230e+01 8.102428495320223689e+00 5.162879595533049581e+01 4.998085420409074109e-01
6.900000000000000000e+01 1.392189050409364484e+02 5.573603827073244332e+01 9.552301612243716988e+01 8.339501589520944336e+00 5.315874193780853574e+01 5.144113490185363569e-01
7.100000000000000000e+01 1.430962537452432741e+02 5.716567824467442449e+01 9.820799460274007231e+01 8.580352121049646286e+00 5.468535010274007391e+01 5.294268414505458598e-01
7.300000000000000000e+01 1.470888470685239326e+02 5.864917081843581315e+01 1.009211793888796933e+02 8.819666865026732694e+00 5.618988372883577398e+01 5.440181967393942220e-01
7.500000000000000000e+01 1.509419765780011176e+02 6.003896476063430754e+01 1.035409108638346112e+02 9.053627079276630241e+00 5.769310297085733197e+01 5.584311960335552882e-01
7.700000000000000000e+01 1.548218442541072193e+02 6.147624794456169894e+01 1.062439889780049072e+02 9.296389568347558807e+00 5.924931071117454451e+01 5.735750228504423731e-01
7.900000000000000000e+01 1.587416842953675769e+02 6.284308263761016633e+01 1.088717083652535109e+02 9.530743139218534665e+00 6.072213253453543302e+01 5.878356992995278363e-01
8.100000000000000000e+01 1.626137168456806990e+02 6.428239946778754188e+01 1.115728431478742664e+02 9.773385885799852346e+00 6.228869109623836664e+01 6.029869658846175318e-01
8.300000000000000000e+01 1.664254844463642371e+02 6.563390200463450697e+01 1.141596867461924774e+02 1.000538768039663218e+01 6.377958860741142644e+01 6.172968934674881725e-01
8.500000000000000000e+01 1.704156894999450174e+02 6.698364888789291172e+01 1.168628559450215931e+02 1.024983426534541486e+01 6.527776154630652172e+01 6.321459016083659233e-01
8.700000000000000000e+01 1.742313580005888980e+02 6.835242885192791107e+01 1.195115443943260374e+02 1.048747305747629177e+01 6.684645717524581698e+01 6.470167652465150798e-01
8.900000000000000000e+01 1.780548548773099355e+02 6.970952983247677537e+01 1.221228192642501966e+02 1.072320303672358044e+01 6.834701722143007885e+01 6.615554997531619685e-01
9.100000000000000000e+01 1.818910684481806470e+02 7.103082852403679226e+01 1.247425202909551274e+02 1.096018864966010575e+01 6.985501101671376034e+01 6.761647177098497608e-01
9.300000000000000000e+01 1.857348750874180325e+02 7.234261538193288743e+01 1.273664131894343399e+02 1.119811192868889549e+01 7.136917766028871313e+01 6.908395776214313333e-01
9.500000000000000000e+01 1.896180067107719935e+02 7.364218948159508216e+01 1.299932862750999902e+02 1.143778962975685154e+01 7.288817359317965838e+01 7.055561923015012393e-01
9.700000000000000000e+01 1.934409604967272855e+02 7.492817662479014018e+01 1.326182042942842259e+02 1.167750221114138220e+01 7.441007885046090564e+01 7.203099237970146396e-01
9.900000000000000000e+01 1.972483943190212017e+02 7.619770653361109680e+01 1.352398514989994283e+02 1.191467665388610619e+01 7.593364366009119237e+01 7.350727851190229645e-01
1.010000000000000000e+02 2.011044794467063070e+02 7.745424101055164101e+01 1.378526750533256688e+02 1.215374175967077086e+01 7.745653954376030015e+01 7.498394504882659461e-01
1.030000000000000000e+02 2.049359771692084280e+02 7.874940128737040368e+01 1.404550811644389796e+02 1.239428534946428329e+01 7.897729044459579484e+01 7.645784469697949337e-01
1.050000000000000000e+02 2.087357472077562477e+02 7.997673492973534337e+01 1.430410436635494307e+02 1.263273449231416024e+01 8.049345481560965254e+01 7.792824903776285339e-01
1.070000000000000000e+02 2.125107692851539696e+02 8.117972319944614412e+01 1.456084499498343234e+02 1.287026583587107353e+01 8.200295886964488545e+01 7.939176022282323775e-01
1.090000000000000000e+02 2.162517504563789146e+02 8.235588889629546827e+01 1.481510155466230003e+02 1.310636493152653159e+01 8.350359235281081283e+01 8.084728267806010615e-01
1.110000000000000000e+02 2.199592662207676597e+02 8.362319500058926280e+01 1.507644687832144825e+02 1.334072813032559779e+01 8.501631117532903659e+01 8.229130898887619949e-01
1.130000000000000000e+02 2.239324164617621307e+02 8.477967597149607570e+01 1.533998468540668227e+02 1.358175559868636917e+01 8.660209150192142147e+01 8.381647685985634810e-01
1.150000000000000000e+02 2.276413154547192050e+02 8.589433281239428197e+01 1.558891076574296051e+02 1.382705582705714420e+01 8.808595468071837331e+01 8.529013161720890857e-01
1.170000000000000000e+02 2.312566518176928980e+02 8.714934638838977321e+01 1.583835864115833658e+02 1.405799247047957046e+01 8.955226160588085804e+01 8.671256560652694789e-01
1.190000000000000000e+02 2.351811874445328954e+02 8.820660394187626707e+01 1.611020087158055958e+02 1.429161335294495316e+01 9.114870352683659860e+01 8.819649317984069592e-01
1.210000000000000000e+02 2.388777137547024836e+02 8.939834568194336839e+01 1.635071764449518525e+02 1.454421470264860261e+01 9.264380238805627243e+01 8.971008175090297021e-01
1.230000000000000000e+02 2.424748369515342574e+02 9.045686550521908487e+01 1.661018679136192020e+02 1.476884937091515582e+01 9.409573890779140015e+01 9.109424312911625909e-01
1.250000000000000000e+02 2.464525672390982436e+02 9.161297823435931775e+01 1.686365156344489833e+02 1.501550865566613346e+01 9.573322246184947915e+01 9.266221894999396858e-01
1.270000000000000000e+02 2.498399914292915582e+02 9.262562240047007833e+01 1.710956967651794116e+02 1.525088166707065440e+01 9.713269132396551697e+01 9.406508271956914857e-01
1.290000000000000000e+02 2.539471177751232460e+02 9.379587140552003177e+01 1.737073509776559490e+02 1.548657617292197486e+01 9.876056338377402710e+01 9.556887027837265292e-01
1.310000000000000000e+02 2.572546745943008091e+02 9.476678185556068001e+01 1.761193026027696362e+02 1.572994199794896275e+01 1.001762293388613756e+02 9.701782288920813846e-01
1.330000000000000000e+02 2.613429195210479179e+02 9.587576208456464144e+01 1.786996047753713412e+02 1.596289394080533874e+01 1.017943208022291799e+02 9.850703734942776180e-01
1.350000000000000000e+02 2.647032701090553246e+02 9.689922076278078578e+01 1.811632936181417506e+02 1.620426370299480823e+01 1.031889579479927761e+02 9.994162385322559183e-01
1.370000000000000000e+02 2.686089728897786699e+02 9.785398496558886450e+01 1.835897044344316384e+02 1.644363860044321513e+01 1.048556162428317720e+02 1.014725402339646143e+00
1.390000000000000000e+02 2.721796545171773118e+02 9.894636815540768282e+01 1.862183023013813283e+02 1.667198212401620339e+01 1.062382818821833155e+02 1.028234953209538061e+00
1.410000000000000000e+02 2.757028597782416455e+02 9.992311904070450623e+01 1.885021682581722473e+02 1.692795858988944246e+01 1.078598342089151316e+02 1.044611085545265938e+00
1.430000000000000000e+02 2.796707554122227180e+02 1.008568001136618193e+02 1.911227748598411722e+02 1.714771105500033599e+01 1.093397968280116288e+02 1.058164602917714081e+00
1.450000000000000000e+02 2.830767135966957539e+02 1.018091574860882105e+02 1.935676768035602038e+02 1.739825120331358832e+01 1.107715507564076631e+02 1.072999373686531754e+00
1.470000000000000000e+02 2.866619539807541059e+02 1.028497419255046594e+02 1.958718200158052696e+02 1.763723872581752161e+01 1.124562962776984847e+02 1.088370472928454902e+00
1.490000000000000000e+02 2.905752709843362709e+02 1.037573622399910391e+02 1.984515040803042893e+02 1.786081340075896051e+01 1.138806817120374291e+02 1.102159930061639814e+00
1.510000000000000000e+02 2.940084053152864385e+02 1.046577976694304795e+02 2.009256084083523604e+02 1.811266685844536894e+01 1.153132004517803040e+02 1.117025306981548338e+00
1.530000000000000000e+02 2.974841497326632407e+02 1.055504611876303329e+02 2.032423296446461620e+02 1.835384054266957321e+01 1.170124364518798359e+02 1.132581489097790772e+00
1.550000000000000000e+02 3.012929311377900490e+02 1.064354972098906416e+02 2.055659936682919522e+02 1.858072517588242434e+01 1.184640126232104080e+02 1.146574264279450528e+00
1.570000000000000000e+02 3.049399672690902321e+02 1.073991945631193090e+02 2.082033655870999667e+02 1.880871076600297798e+01 1.199166809918203001e+02 1.160649418149145351e+00
1.590000000000000000e+02 3.084071280358044760e+02 1.082655914929665499e+02 2.105803838634283807e+02 1.907595155776041906e+01 1.214213520253458540e+02 1.176392317968717238e+00
1.610000000000000000e+02 3.118997723294139632e+02 1.091155176455386453e+02 2.129059595722528115e+02 1.930487933053651517e+01 1.230733108130617239e+02 1.191249072424420907e+00
1.630000000000000000e+02 3.153817304443930993e+02 1.099561887241032139e+02 2.152343359758477277e+02 1.953545691064044831e+01 1.245422112201063527e+02 1.205481313396315590e+00
1.650000000000000000e+02 3.192455534909525454e+02 1.107868950139128970e+02 2.175639462567019393e+02 1.976699565147478665e+01 1.260168446458223031e+02 1.219776184148527953e+00
1.670000000000000000e+02 3.227552356470562813e+02 1.116071004290497370e+02 2.200706058765381101e+02 2.000835515159846878e+01 1.274980941710153672e+02 1.234124333569566856e+00
1.690000000000000000e+02 3.262351890533708456e+02 1.124167872580293306e+02 2.224855903187937542e+02 2.026279268715937931e+01 1.290069872661361217e+02 1.250055319385670494e+00
1.710000000000000000e+02 3.297292724196261133e+02 1.132157128590921218e+02 2.248030028813969352e+02 2.049598791390461017e+01 1.306553799129998481e+02 1.264745505672814518e+00
1.730000000000000000e+02 3.332139078897031936e+02 1.140032374836292206e+02 2.271193118501008712e+02 2.073006363139715802e+01 1.321453505108438264e+02 1.279187636453803067e+00
1.750000000000000000e+02 3.366980577781882857e+02 1.147789466805348013e+02 2.294352251970034615e+02 2.096499101996224468e+01 1.336410152512259515e+02 1.293675840891664430e+00
1.770000000000000000e+02 3.401820871250544656e+02 1.155428474941305836e+02 2.317487001523795698e+02 2.120053767418387736e+01 1.351410622314481316e+02 1.308216000617106634e+00
1.790000000000000000e+02 3.436640199479472813e+02 1.162946467510837465e+02 2.340580628238308805e+02 2.143669974363174546e+01 1.366445515205551260e+02 1.322795899302191547e+00
1.810000000000000000e+02 3.471831165780126298e+02 1.170338038624166330e+02 2.363641975583474846e+02 2.167360613828384786e+01 1.381522687199430948e+02 1.337405965887873860e+00
1.830000000000000000e+02 3.507786377694388875e+02 1.177599629796318368e+02 2.386667001553913394e+02 2.191453622943644319e+01 1.396641444895575148e+02 1.352056236129127953e+00
1.850000000000000000e+02 3.542250488195462026e+02 1.184730813286356863e+02 2.409633591513938029e+02 2.216296292394462242e+01 1.411787407011860012e+02 1.366824212083306733e+00
1.870000000000000000e+02 3.576644460603034190e+02 1.191729683221859659e+02 2.432527652741723898e+02 2.239942716981643045e+01 1.426954359935359662e+02 1.382185721327561456e+00
1.890000000000000000e+02 3.610990465968351373e+02 1.198592105890021173e+02 2.455361849631543407e+02 2.263634185350354144e+01 1.442154075244296223e+02 1.396792664194469902e+00
1.910000000000000000e+02 3.645296348685246244e+02 1.205314686752512756e+02 2.478125620712732200e+02 2.287347502454885273e+01 1.457602144487644864e+02 1.411423947844486992e+00
1.930000000000000000e+02 3.679471512557462347e+02 1.211895909694420652e+02 2.500796288467570605e+02 2.311067177727436572e+01 1.472939327152526232e+02 1.426070228929527062e+00
1.950000000000000000e+02 3.713512149133592857e+02 1.218433137734134704e+02 2.523360599682673922e+02 2.334802622037573983e+01 1.488036877372401250e+02 1.440717821254218878e+00
1.970000000000000000e+02 3.747454747071493557e+02 1.225750000114244500e+02 2.545830611292043386e+02 2.358554992682521245e+01 1.503146547686851306e+02 1.455362903491031812e+00
1.990000000000000000e+02 3.781277826470744685e+02 1.232007501382654766e+02 2.568194328065849845e+02 2.382301394765500646e+01 1.518257010710603367e+02 1.470014834570920081e+00
2.010000000000000000e+02 3.814947687460899601e+02 1.238115791776415477e+02 2.590429985937841479e+02 2.406026465151119353e+01 1.533353452929742105e+02 1.484664243701242947e+00
2.030000000000000000e+02 3.850048976286506672e+02 1.244075101518109818e+02 2.612523409269108470e+02 2.429737054230880844e+01 1.548517053953050038e+02 1.499297337631464222e+00
2.050000000000000000e+02 3.884345219410504910e+02 1.249884254233191001e+02 2.634480825082128490e+02 2.453434997160035635e+01 1.564125744686031965e+02 1.513907932237571918e+00
2.070000000000000000e+02 3.917981191132576555e+02 1.255541687129218218e+02 2.656294313758012322e+02 2.477097813766902590e+01 1.579358805296694754e+02 1.528505968796299408e+00
2.090000000000000000e+02 3.951425109415142174e+02 1.262301818547365286e+02 2.677944896178419754e+02 2.500705266451582531e+01 1.594564446176754302e+02 1.543474073024111659e+00
2.110000000000000000e+02 3.984655902940008900e+02 1.268198448715187681e+02 2.699415784594397110e+02 2.524651787760008759e+01 1.609736733417932726e+02 1.558732005058814707e+00
2.130000000000000000e+02 4.017682532472375669e+02 1.273498282278473965e+02 2.720701384322896956e+02 2.549846973392599025e+01 1.624884791994024340e+02 1.573422606130878698e+00
2.150000000000000000e+02 4.050493869679002046e+02 1.278642793112465483e+02 2.741803700526037346e+02 2.573618094275133927e+01 1.639999842002878552e+02 1.588085346431757250e+00
2.170000000000000000e+02 4.083063214013205879e+02 1.283608276209326959e+02 2.763592505047219561e+02 2.597309186771290967e+01 1.655067768120343317e+02 1.602712241806377724e+00
2.190000000000000000e+02 4.115363572804382102e+02 1.290626041692058550e+02 2.787303551364376517e+02 2.620921365430184480e+01 1.670079381578342463e+02 1.617289588323605143e+00
2.210000000000000000e+02 4.147376126959467229e+02 1.295400597733323877e+02 2.808129380248201983e+02 2.644458009909157070e+01 1.685035669767021034e+02 1.631807033887910485e+00
2.230000000000000000e+02 4.184136346440290595e+02 1.300018438872845365e+02 2.828737615462469535e+02 2.667903878855748090e+01 1.699935982195810880e+02 1.646265021361265291e+00
2.250000000000000000e+02 4.217372400005273221e+02 1.304415226110837693e+02 2.849115256182803364e+02 2.691237424537229828e+01 1.714768786298750740e+02 1.660663163376275397e+00
2.270000000000000000e+02 4.249153482288978694e+02 1.311295446061191114e+02 2.869245893486090040e+02 2.714443929118659327e+01 1.730154250665261486e+02 1.674991774303617342e+00
2.290000000000000000e+02 4.280746482969768749e+02 1.315537456769992843e+02 2.889112764589153812e+02 2.737520547562463591e+01 1.747041991586109475e+02 1.690152971179708308e+00
2.310000000000000000e+02 4.311790534798244607e+02 1.319623278202934387e+02 2.913395376826853180e+02 2.764400635829580466e+01 1.761888055557711823e+02 1.706362597950343840e+00
2.330000000000000000e+02 4.342484840318227839e+02 1.324663583730903724e+02 2.934184066746666417e+02 2.788484567865152286e+01 1.776648404739129603e+02 1.720692781577424668e+00
2.350000000000000000e+02 4.380096158031327036e+02 1.330169405171167796e+02 2.953647774128331207e+02 2.811555614855336671e+01 1.791309347946423145e+02 1.734935077977512563e+00
2.370000000000000000e+02 4.412334482865718428e+02 1.333878065378366671e+02 2.972815515895568410e+02 2.834460899053833316e+01 1.805860240125787186e+02 1.749076560090069288e+00
2.390000000000000000e+02 4.442591781392167150e+02 1.337822657608588770e+02 2.991672784541377155e+02 2.857196218806221211e+01 1.820293336026075508e+02 1.763105746360191795e+00
2.410000000000000000e+02 4.472718739565315218e+02 1.343905395000111582e+02 3.016195657874081917e+02 2.879754198456980419e+01 1.838033596727236443e+02 1.777571943649413511e+00
2.430000000000000000e+02 4.502150007540327010e+02 1.347237076170589205e+02 3.036252636103953364e+02 2.907287425689359850e+01 1.853244145226485671e+02 1.795033288431187479e+00
2.450000000000000000e+02 4.542157318257236511e+02 1.350688357920279259e+02 3.054602853739618809e+02 2.931555767968256987e+01 1.867623239907570110e+02 1.809011432448940138e+00
2.470000000000000000e+02 4.571642089964336151e+02 1.356738403626234515e+02 3.072609821774775583e+02 2.953980869977779733e+01 1.881860592995018635e+02 1.822856049522071364e+00
2.490000000000000000e+02 4.600404805230455736e+02 1.359697544922532870e+02 3.094772817775153158e+02 2.976186197759340857e+01 1.895948749463762795e+02 1.836556713874272884e+00
2.510000000000000000e+02 4.629042157349290960e+02 1.363244964365539147e+02 3.116705232036453594e+02 2.998159645439108090e+01 1.913665563217040813e+02 1.850759535868028660e+00
2.530000000000000000e+02 4.667126019950144951e+02 1.368670389079308620e+02 3.134113022887263469e+02 3.026878264320715672e+01 1.929285362675485089e+02 1.868865452061748700e+00
2.550000000000000000e+02 4.698269089139465677e+02 1.371263481782624751e+02 3.151142098885502492e+02 3.050532382204302806e+01 1.943257817932695843e+02 1.882456385584099223e+00
2.570000000000000000e+02 4.725723689354486510e+02 1.375475351420777770e+02 3.174534907470285816e+02 3.072274933665420349e+01 1.957053422602366766e+02 1.895879674311083507e+00
2.590000000000000000e+02 4.752941794229253105e+02 1.379707858793831008e+02 3.194629804789466334e+02 3.093736414475181817e+01 1.972420447273891568e+02 1.909124716416022327e+00
2.610000000000000000e+02 4.794527224345124523e+02 1.381945052707439743e+02 3.210978079018142353e+02 3.119771132895136745e+01 1.990644941690135283e+02 1.926960396109466567e+00
2.630000000000000000e+02 4.821835783449869268e+02 1.387363703315774615e+02 3.228338362457625408e+02 3.146516107445124888e+01 2.004273416383178699e+02 1.941709485910187771e+00
2.650000000000000000e+02 4.847832792921344662e+02 1.389864831872361037e+02 3.253992862614369415e+02 3.167682718792841357e+01 2.017698097060921612e+02 1.954773850295992377e+00
2.670000000000000000e+02 4.881173803114612610e+02 1.393174993035914326e+02 3.269616042521697636e+02 3.188514582635777117e+01 2.032990047695724058e+02 1.967635081872998848e+00
2.690000000000000000e+02 4.916779449515909732e+02 1.397479648006043931e+02 3.284791901287916289e+02 3.215511237489477736e+01 2.051492332188131513e+02 1.986173521070424552e+00
2.710000000000000000e+02 4.941780978998782530e+02 1.399162366066226753e+02 3.309976334885241727e+02 3.241563572044410790e+01 2.064683432185339029e+02 2.000406220998219187e+00
2.730000000000000000e+02 4.968943680576100519e+02 1.404522681757044040e+02 3.326938859075489177e+02 3.262021532521612244e+01 2.077642533939078930e+02 2.013020756736081385e+00
2.750000000000000000e+02 5.009964027665010349e+02 1.406263152249490247e+02 3.341286827458159792e+02 3.282096725399269133e+01 2.095404770604495468e+02 2.026637901725244273e+00
2.770000000000000000e+02 5.034224576270120792e+02 1.410055187953465463e+02 3.364954774477549790e+02 3.314206667966271169e+01 2.111588615837014515e+02 2.045955709179951842e+00
2.790000000000000000e+02 5.058104500433149724e+02 1.413063603202631100e+02 3.382817798818111896e+02 3.335308122560054045e+01 2.124251226150739171e+02 2.058298810079401520e+00
2.810000000000000000e+02 5.101419725069533797e+02 1.415491837589112265e+02 3.396295827183840856e+02 3.354889087689303295e+01 2.138063704059116503e+02 2.070381290109787997e+00
2.830000000000000000e+02 5.124985829983792200e+02 1.419566562690108640e+02 3.420386966142144729e+02 3.381662594182294157e+01 2.158301504781665585e+02 2.088903236156798737e+00
2.850000000000000000e+02 5.148355715141990459e+02 1.420831280747494532e+02 3.437117692723333562e+02 3.408294347304442340e+01 2.170640140470138704e+02 2.103359528203855966e+00
2.870000000000000000e+02 5.191196383679772453e+02 1.425773843442444502e+02 3.449650972048518724e+02 3.427326816755806504e+01 2.182685204926574158e+02 2.115103113248695710e+00
2.890000000000000000e+02 5.213766536856306857e+02 1.426549877044840287e+02 3.476200560575048257e+02 3.450498404443207079e+01 2.203712082224731432e+02 2.131480449842945823e+00
2.910000000000000000e+02 5.239672579057164512e+02 1.431209493729656970e+02 3.489711431474504479e+02 3.480801037451959701e+01 2.216735285929952397e+02 2.148167492967467229e+00
2.930000000000000000e+02 5.279218310072302529e+02 1.432278301219738808e+02 3.504265416959078152e+02 3.499210814841293171e+01 2.228367898312938280e+02 2.159521370612892177e+00
2.950000000000000000e+02 5.300410838142933017e+02 1.436246617268202215e+02 3.529407839603960610e+02 3.520720863622504027e+01 2.248572878012721503e+02 2.174908848368427350e+00
2.970000000000000000e+02 5.331983239324081296e+02 1.437724835344966436e+02 3.540471932748923223e+02 3.552764850507183780e+01 2.262455355929275527e+02 2.192597385914196284e+00
2.990000000000000000e+02 5.365017847162230282e+02 1.441181324608828902e+02 3.560637001225574068e+02 3.570470892917263939e+01 2.273644740571510283e+02 2.203523966883626617e+00
3.010000000000000000e+02 5.384854721238433513e+02 1.442894062966262538e+02 3.579270452878490687e+02 3.592380495696164644e+01 2.294367410560151370e+02 2.219238722864399715e+00
3.030000000000000000e+02 5.425321781507187779e+02 1.446010812927787583e+02 3.589252718441335332e+02 3.623968415751360794e+01 2.307702360120891569e+02 2.236607894760045845e+00
3.050000000000000000e+02 5.448456089024354014e+02 1.447790261749262015e+02 3.617357594040823301e+02 3.640895663072855371e+01 2.318378727229810465e+02 2.247047470726060592e+00
3.070000000000000000e+02 5.473854339225084686e+02 1.450734355361088319e+02 3.627114361619276792e+02 3.665482053569289178e+01 2.341070115127133988e+02 2.264455422018575526e+00
3.090000000000000000e+02 5.512708100854666782e+02 1.452420058948959536e+02 3.645831105238226542e+02 3.694339539187723176e+01 2.352387048775838423e+02 2.280059826458686434e+00
3.110000000000000000e+02 5.529533233968970762e+02 1.455352087553329454e+02 3.664492111731843806e+02 3.710400021356293365e+01 2.364791869443813539e+02 2.289966353713091873e+00
3.130000000000000000e+02 5.568679951703481947e+02 1.456790782260360118e+02 3.674361502779311763e+02 3.740080387322952760e+01 2.386468114287795572e+02 2.310610091601312810e+00
3.150000000000000000e+02 5.592302544411949157e+02 1.459863554052341783e+02 3.701379770335933586e+02 3.763647500054167949e+01 2.396406832393376760e+02 2.322901184812072639e+00
3.170000000000000000e+02 5.617294299504727633e+02 1.460909170876434189e+02 3.709091006425315982e+02 3.778742093449641004e+01 2.412925840861753954e+02 2.334038636258297217e+00
3.190000000000000000e+02 5.655154352675689324e+02 1.464265942414683650e+02 3.731646465026955752e+02 3.816178074320554003e+01 2.430342383187111466e+02 2.355868034433205249e+00
3.210000000000000000e+02 5.669032538009477094e+02 1.464781501687257901e+02 3.744885404847933046e+02 3.831779972266499357e+01 2.439641139997429491e+02 2.364982491436128154e+00
3.230000000000000000e+02 5.714107397582382646e+02 1.468558969197923432e+02 3.760376131571032374e+02 3.854822271511154952e+01 2.462060563280252552e+02 2.381589072027379572e+00
3.250000000000000000e+02 5.730390958464959112e+02 1.468558969197923432e+02 3.780113403677610222e+02 3.884849011972710286e+01 2.473412812393702040e+02 2.397794881156106506e+00
3.270000000000000000e+02 5.763179567551037508e+02 1.472600387403093123e+02 3.789144670974685027e+02 3.898523533892408466e+01 2.486997392764193933e+02 2.406234039323420504e+00
3.290000000000000000e+02 5.791372712689658329e+02 1.472743376723499011e+02 3.814768501679902215e+02 3.933229593714392536e+01 2.507178755011863984e+02 2.430136626823924395e+00
3.310000000000000000e+02 5.812664910111683412e+02 1.475897702541209640e+02 3.819962845592839926e+02 3.951213116231019029e+01 2.515513161515953584e+02 2.438818239852493797e+00
3.330000000000000000e+02 5.851502941697306142e+02 1.476819225910844580e+02 3.846847628723647858e+02 3.973050012758201177e+01 2.537612543713433411e+02 2.454760535233315277e+00
3.350000000000000000e+02 5.863053148723423647e+02 1.478974019543475151e+02 3.853378796775386377e+02 4.003915670498879109e+01 2.549030145453015166e+02 2.471385908106208618e+00
3.370000000000000000e+02 5.910349169655636388e+02 1.480783870751027109e+02 3.875757121049247189e+02 4.015950998994513554e+01 2.563321613113182025e+02 2.479644570626509115e+00
3.390000000000000000e+02 5.920546204483365500e+02 1.481838743310490258e+02 3.886151096772933897e+02 4.053888752788929395e+01 2.582524824271212651e+02 2.503952782968556168e+00
3.410000000000000000e+02 5.961693119161383265e+02 1.484637474174349450e+02 3.904685487563299944e+02 4.068122872164566672e+01 2.589754131223027116e+02 2.511086750879324203e+00
3.430000000000000000e+02 5.978662646951403303e+02 1.484637474174349450e+02 3.918262754912162791e+02 4.094897299820009096e+01 2.615488304734707299e+02 2.530191032241861926e+00
3.450000000000000000e+02 6.012704066408931567e+02 1.488245503952853994e+02 3.933649358852514411e+02 4.120220742898604271e+01 2.622873639605057861e+02 2.543307079398549941e+00
3.470000000000000000e+02 6.035398466526009997e+02 1.488381346519845181e+02 3.949709335736902744e+02 4.136348462514772706e+01 2.641973899589114012e+02 2.555828859627666372e+00
3.490000000000000000e+02 6.064096615019451519e+02 1.490607792899297976e+02 3.962643262524125589e+02 4.172240297293659950e+01 2.655945212588772506e+02 2.575461563566387557e+00
3.510000000000000000e+02 6.091235011347622503e+02 1.492016082520327984e+02 3.980461209057879159e+02 4.181837702996074313e+01 2.668737790051172851e+02 2.581737066675530823e+00
3.530000000000000000e+02 6.115753934591474490e+02 1.492788822727003151e+02 3.991647789200209218e+02 4.220498503029908477e+01 2.688935935980622958e+02 2.607559377349355945e+00
3.550000000000000000e+02 6.146240422411333384e+02 1.495539382943833573e+02 4.010486337918586059e+02 4.233128256488083707e+01 2.695763585626843906e+02 2.613120795897736048e+00
3.570000000000000000e+02 6.167649307974285193e+02 1.495539382943833573e+02 4.020649189372289243e+02 4.263185920857386435e+01 2.721809011660500914e+02 2.634364719155940726e+00
3.590000000000000000e+02 6.200759166901035542e+02 1.498211614131463705e+02 4.039776507513103070e+02 4.284245178508261631e+01 2.727010646841072230e+02 2.644746878759166808e+00
3.610000000000000000e+02 6.219503363189708125e+02 1.498951850180223175e+02 4.049662304059231701e+02 4.306333861640897709e+01 2.750616698110304696e+02 2.661058218484497306e+00
3.630000000000000000e+02 6.254662416814696826e+02 1.499952248305066291e+02 4.068320160666161200e+02 4.335186518164145753e+01 2.759381556957565067e+02 2.676242653700992236e+00
3.650000000000000000e+02 6.271357013631878772e+02 1.502255300951269987e+02 4.078681612500189999e+02 4.349923678983839892e+01 2.778478360644697318e+02 2.688032743092734211e+00
3.670000000000000000e+02 6.307676692280683710e+02 1.502255300951269987e+02 4.096090192807176891e+02 4.385885215731966724e+01 2.791610661029286575e+02 2.707617221584280642e+00
3.690000000000000000e+02 6.323391596078721477e+02 1.504740188918926549e+02 4.107687881948953645e+02 4.393929281663226760e+01 2.806612880611224341e+02 2.715294629038360608e+00
3.710000000000000000e+02 6.359798612991198752e+02 1.505450854828011416e+02 4.123060492287281704e+02 4.436308677915933174e+01 2.823658545660165942e+02 2.738839072868775482e+00
3.730000000000000000e+02 6.375639480655855778e+02 1.506087796530322294e+02 4.136667043680864140e+02 4.441569376187576523e+01 2.835013175634141476e+02 2.742827255902311467e+00
3.750000000000000000e+02 6.410945292594294642e+02 1.508536730933309116e+02 4.149220590044487835e+02 4.483276837314523533e+01 2.855525698868596010e+02 2.769870060253437849e+00
3.770000000000000000e+02 6.428171785324637995e+02 1.508536730933287515e+02 4.165631982603126744e+02 4.490984827441499760e+01 2.863715235107292756e+02 2.772636751198148453e+00
3.790000000000000000e+02 6.461060034752488264e+02 1.510287844578737690e+02 4.174561062104953066e+02 4.528650394114929867e+01 2.887208740889099090e+02 2.798704620809435717e+00
3.810000000000000000e+02 6.480953895273864873e+02 1.511513953166357282e+02 4.194577088059876360e+02 4.540058900289302102e+01 2.892719327855785991e+02 2.803000037140477296e+00
3.830000000000000000e+02 6.510081572765672036e+02 1.511513953166400768e+02 4.199063638028050036e+02 4.574456944206458786e+01 2.918668938364007204e+02 2.827088810373543648e+00
3.850000000000000000e+02 6.533958654381154929e+02 1.514160342992515211e+02 4.223483443167169753e+02 4.588735890689128638e+01 2.922007677336191591e+02 2.833148246517849689e+00
3.870000000000000000e+02 6.557984080223562842e+02 1.514384760992757037e+02 4.223483443166996381e+02 4.620708555965467212e+01 2.949871506085881379e+02 2.855755187922110583e+00
3.890000000000000000e+02 6.587227000497230165e+02 1.514955393967397015e+02 4.251560302475677418e+02 4.637009105118504237e+01 2.951572406779089306e+02 2.863040256539058248e+00
3.910000000000000000e+02 6.604748630146666528e+02 1.517150761275523507e+02 4.252336797081445070e+02 4.667458557004516706e+01 2.980829310260738225e+02 2.884692235738696375e+00
3.930000000000000000e+02 6.640767805782737696e+02 1.517150761275480022e+02 4.274279880613889873e+02 4.684872477580791639e+01 2.981450727869685693e+02 2.892653508114511940e+00
3.950000000000000000e+02 6.650332590955690648e+02 1.518322543897845947e+02 4.281147931094325827e+02 4.714687864946464657e+01 3.011522954917898574e+02 2.913932839770261740e+00
3.970000000000000000e+02 6.694545835734068078e+02 1.519810839251686900e+02 4.296112517263150608e+02 4.732263977963993540e+01 3.011643678561954971e+02 2.921992189682514951e+00
3.990000000000000000e+02 6.697894875804589674e+02 1.519810839251643984e+02 4.309911101957295045e+02 4.762368064287849023e+01 3.041909078518434058e+02 2.943485522770397989e+00
4.010000000000000000e+02 6.745315726807991723e+02 1.521403690382889238e+02 4.317042127656138177e+02 4.779131978271060177e+01 3.042132749083749559e+02 2.951033224603031524e+00
4.030000000000000000e+02 6.751805249951471524e+02 1.522366410397230538e+02 4.338607864562886220e+02 4.810510379863945474e+01 3.071954680152009587e+02 2.973332324449632580e+00
4.050000000000000000e+02 6.788682092964626236e+02 1.522366410397187337e+02 4.338607864562986265e+02 4.825462650699374478e+01 3.072909232105808428e+02 2.979736849754331729e+00
4.070000000000000000e+02 6.805882087728563192e+02 1.524215128770756564e+02 4.365671627923290430e+02 4.859171085374916288e+01 3.101671358660998408e+02 3.003460901185885046e+00
4.090000000000000000e+02 6.830829751628157283e+02 1.524820034346126363e+02 4.367223944174922394e+02 4.871244456825267122e+01 3.104011567450987741e+02 3.008075633087258449e+00
4.110000000000000000e+02 6.860127150920166059e+02 1.524820034346082878e+02 4.384678388843175867e+02 4.908330937549907702e+01 3.131034304869936022e+02 3.033904951417631057e+00
4.130000000000000000e+02 6.871712066509614942e+02 1.526773298719938055e+02 4.395767897328283311e+02 4.916418412252319570e+01 3.135441637431082995e+02 3.036049374878659002e+00
4.150000000000000000e+02 6.914500760743674164e+02 1.527173739235059884e+02 4.402745829748831738e+02 4.957960293101024973e+01 3.160001496147621651e+02 3.064674217466418327e+00
4.170000000000000000e+02 6.916092890395093491e+02 1.527173739235059884e+02 4.424233806610412785e+02 4.960924431816145130e+01 3.167180171398080120e+02 3.064674217466514694e+00
4.190000000000000000e+02 6.964162731442077074e+02 1.529092115104720051e+02 4.424233806610325814e+02 5.008069454558854972e+01 3.188538871250718216e+02 3.094715162860221191e+00
4.210000000000000000e+02 6.971041688248276387e+02 1.529427184730758427e+02 4.448236947322778860e+02 5.008069454558921763e+01 3.199217594089145678e+02 3.095750036916489201e+00
4.230000000000000000e+02 7.002015526126195937e+02 1.529427184730714941e+02 4.452603870781045430e+02 5.055373318482657652e+01 3.216640529874344452e+02 3.122174841991993244e+00
4.250000000000000000e+02 7.026225982233602281e+02 1.531186756288400375e+02 4.464295475703957550e+02 5.058717746063089749e+01 3.231593577181359365e+02 3.127119206186635747e+00
4.270000000000000000e+02 7.038489775465882303e+02 1.531582135375205951e+02 4.480863970558918936e+02 5.098996158146677971e+01 3.244287619720391831e+02 3.149197085897874171e+00
4.290000000000000000e+02 7.081546774852816952e+02 1.531582135375118980e+02 4.480863970558746132e+02 5.109885808043121358e+01 3.264310926944955895e+02 3.158816223150957114e+00
4.310000000000000000e+02 7.082074256349658299e+02 1.533073502337335867e+02 4.507540838354257744e+02 5.141839000910369606e+01 3.271447273394539934e+02 3.175760685519005921e+00
4.330000000000000000e+02 7.128439505376729812e+02 1.533641354725060637e+02 4.509020351068811010e+02 5.161542723232224716e+01 3.297349583602372718e+02 3.190852139661565445e+00
4.350000000000000000e+02 7.137279164528137017e+02 1.533641354725016868e+02 4.521547364540061835e+02 5.183860228983350993e+01 3.298081546331588925e+02 3.201831488438299012e+00
4.370000000000000000e+02 7.162325319366062786e+02 1.534768114832023400e+02 4.537066883236608419e+02 5.213697790083355699e+01 3.330699065344334144e+02 3.223207569575313958e+00
4.390000000000000000e+02 7.193082808573926741e+02 1.535607200546561160e+02 4.537066883236437889e+02 5.225030513449668490e+01 3.330699065344318797e+02 3.227373481387422860e+00
4.410000000000000000e+02 7.195786589868616829e+02 1.535607200546517959e+02 4.562491887374073940e+02 5.266413487286659745e+01 3.357849217679947742e+02 3.255868414184757142e+00
4.430000000000000000e+02 7.247482660840257722e+02 1.536285245357614713e+02 4.564986596624883077e+02 5.266413487286741457e+01 3.364400277117334213e+02 3.255868414184942328e+00
4.450000000000000000e+02 7.250758655546460432e+02 1.537480161662406317e+02 4.574397674378567444e+02 5.318581277745371239e+01 3.383702526265491883e+02 3.285350113496496416e+00
4.470000000000000000e+02 7.278929794583791590e+02 1.537480161662319631e+02 4.592765726990025428e+02 5.319670388964658514e+01 3.398457033276878292e+02 3.288869955231265685e+00
4.490000000000000000e+02 7.306048743117663662e+02 1.537639517471033344e+02 4.592765726990112398e+02 5.358456602703142124e+01 3.408952533907102520e+02 3.310099708666827123e+00
4.510000000000000000e+02 7.309578243482457083e+02 1.539262296510694341e+02 4.612955570875354852e+02 5.373436255724111987e+01 3.432848456083354449e+02 3.322224648601986630e+00
4.530000000000000000e+02 7.360763412475610039e+02 1.539262296510693773e+02 4.620408164599701877e+02 5.397335494329730921e+01 3.433564087042424831e+02 3.334242539735886801e+00
4.550000000000000000e+02 7.365452921130299728e+02 1.539262296510694341e+02 4.622739412851350380e+02 5.427719297195108084e+01 3.467563117298949464e+02 3.355912362803170623e+00
4.570000000000000000e+02 7.389132806361234316e+02 1.540539649938151854e+02 4.647907538954949587e+02 5.435178643545796717e+01 3.467563117298752218e+02 3.357744911030795976e+00
4.590000000000000000e+02 7.420649552849901056e+02 1.540956449894072477e+02 4.647907538955209930e+02 5.482585250042946257e+01 3.492569764762606042e+02 3.389918067681693792e+00
4.610000000000000000e+02 7.422893127190164932e+02 1.540956449894116815e+02 4.658876514259141572e+02 5.482585250042932756e+01 3.502643154069183424e+02 3.389918067681819025e+00
4.630000000000000000e+02 7.469035339467249059e+02 1.541526430747776999e+02 4.675247909836788835e+02 5.527383669408982314e+01 3.516172142420986688e+02 3.414921271156898808e+00
4.650000000000000000e+02 7.479531029180208179e+02 1.542565197729627471e+02 4.675247909836880922e+02 5.538014677896561011e+01 3.538093477643760707e+02 3.424277810619711815e+00
4.670000000000000000e+02 7.493235202825969736e+02 1.542565197729670388e+02 4.693693601333891365e+02 5.563575870340007867e+01 3.539050529197291439e+02 3.437401592215171942e+00
4.690000000000000000e+02 7.535847136570073417e+02 1.542565197729583701e+02 4.702416085817801559e+02 5.593973969025898896e+01 3.573892362944940260e+02 3.459005550733411205e+00
4.710000000000000000e+02 7.536730924666850342e+02 1.543920584580081368e+02 4.702416085818061902e+02 5.598575113916880497e+01 3.573892362944940260e+02 3.459005550733682544e+00
4.730000000000000000e+02 7.571153164578611268e+02 1.544089848933049609e+02 4.727180259861714831e+02 5.650470156580983883e+01 3.597304616364328353e+02 3.494231079300153198e+00
4.750000000000000000e+02 7.593910426022503088e+02 1.544089848933004987e+02 4.729413611097772332e+02 5.650470156581097569e+01 3.610027394118712891e+02 3.494080389606212922e+00
4.770000000000000000e+02 7.594330181619824316e+02 1.544604270874507677e+02 4.732509130627106515e+02 5.689410562107714497e+01 3.618970487868114105e+02 3.515558407462743506e+00
4.790000000000000000e+02 7.647911337730723744e+02 1.545532688661082261e+02 4.756233856097500166e+02 5.707572337433229137e+01 3.646541936764869547e+02 3.529486328130996942e+00
4.810000000000000000e+02 7.651227089080696260e+02 1.545532688661081124e+02 4.756233856097403532e+02 5.722458042026342895e+01 3.646541936764836009e+02 3.536091617636799356e+00
4.830000000000000000e+02 7.666380061636787104e+02 1.545532688661082261e+02 4.763491881013995908e+02 5.765261126805803826e+01 3.676708242845577956e+02 3.565260158290164405e+00
4.850000000000000000e+02 7.708712016796961279e+02 1.546562993132594670e+02 4.782862119077913121e+02 5.765261126805965830e+01 3.683442092670269403e+02 3.565260158290266546e+00
4.870000000000000000e+02 7.709566953143847741e+02 1.546896522470163404e+02 4.782862119077565808e+02 5.812404781371837004e+01 3.697059468317498272e+02 3.591947998521940910e+00
4.890000000000000000e+02 7.739212875948369401e+02 1.546896522470250090e+02 4.793112688213432762e+02 5.823501488241302582e+01 3.720705259537340908e+02 3.601417446466494976e+00
4.910000000000000000e+02 7.766369923201476695e+02 1.547004940385087650e+02 4.809286013973294871e+02 5.843256868100040435e+01 3.720705259537099323e+02 3.611159350167024051e+00
4.930000000000000000e+02 7.769490640397643801e+02 1.548184021592278725e+02 4.809286013973195395e+02 5.882299187917460159e+01 3.754122167628420925e+02 3.637936505869202364e+00
4.950000000000000000e+02 7.808889023979343165e+02 1.548184021592323347e+02 4.821364742602743263e+02 5.882299187917251970e+01 3.758317991370728350e+02 3.637936505869476811e+00
4.970000000000000000e+02 7.825077377117065680e+02 1.548184021592278725e+02 4.835504808807201016e+02 5.932060703035254079e+01 3.772999520152798709e+02 3.666335053592339577e+00
4.990000000000000000e+02 7.828822883561141452e+02 1.548598081746627884e+02 4.835504808807287418e+02 5.941726783389679412e+01 3.796324875601927715e+02 3.674800329707585966e+00
5.010000000000000000e+02 7.876547032196158398e+02 1.549397238412905438e+02 4.848248088465365413e+02 5.960535588455866218e+01 3.796324875602056181e+02 3.684061823140110103e+00
5.030000000000000000e+02 7.885044251766516936e+02 1.549397238412904301e+02 4.861511614398378924e+02 6.001765010316804450e+01 3.829306094672748486e+02 3.712046430552176535e+00
5.050000000000000000e+02 7.889340312618302278e+02 1.549397238412949207e+02 4.861511614398481811e+02 6.001765010316603366e+01 3.834733303183604676e+02 3.712046430552116139e+00
5.070000000000000000e+02 7.940679569334838561e+02 1.549996558344001016e+02 4.873757044662579005e+02 6.048044234252146367e+01 3.846579440481070833e+02 3.738450501242278623e+00
5.090000000000000000e+02 7.944766835399811953e+02 1.550538607263770245e+02 4.887293179523972526e+02 6.062377352813160769e+01 3.873519764255600535e+02 3.749692091076077816e+00
5.110000000000000000e+02 7.953301512542119553e+02 1.550538607263812025e+02 4.887293179523868503e+02 6.073870713104845720e+01 3.873519764255728433e+02 3.754569819156587940e+00
5.130000000000000000e+02 8.000600635916241572e+02 1.550538607263726192e+02 4.897887118787691634e+02 6.123568216858569713e+01 3.901950093912823263e+02 3.787714814881110392e+00
5.150000000000000000e+02 8.003377102055726482e+02 1.551218329363425426e+02 4.912838165684746059e+02 6.123568216858895141e+01 3.912669738783888533e+02 3.787714814881449232e+00
5.170000000000000000e+02 8.015398693518674236e+02 1.551610785174763976e+02 4.912838165684746059e+02 6.159804503776253171e+01 3.917446427504668236e+02 3.808022449982358282e+00
5.190000000000000000e+02 8.060909588880382444e+02 1.551610785174677005e+02 4.920641225101413170e+02 6.185413718799367899e+01 3.952229026321293759e+02 3.826096547492616295e+00
5.210000000000000000e+02 8.061733438797783720e+02 1.551610785174763976e+02 4.938143703803535232e+02 6.185413718799584615e+01 3.952229026321467700e+02 3.826096547492751743e+00
5.230000000000000000e+02 8.076814290858225149e+02 1.552280815720220062e+02 4.938143703803101516e+02 6.245240676062187646e+01 3.971770856980860458e+02 3.861135563362424694e+00
5.250000000000000000e+02 8.119944615423985397e+02 1.552616414891676300e+02 4.942026219060743983e+02 6.247894790822081035e+01 3.992206410746451866e+02 3.864875494931477196e+00
5.270000000000000000e+02 8.120173326937199363e+02 1.552616414891589329e+02 4.963202667264583283e+02 6.266967882949565904e+01 3.992206410746191523e+02 3.874729210405800650e+00
5.290000000000000000e+02 8.136493264048426681e+02 1.552616414891589329e+02 4.963202667264757224e+02 6.310973380473268435e+01 4.025720070975971794e+02 3.904070770313053274e+00
5.310000000000000000e+02 8.178720954691291354e+02 1.553200654598723531e+02 4.963202667264583283e+02 6.310973380473159722e+01 4.032577443880639407e+02 3.904070770312917382e+00
5.330000000000000000e+02 8.178720954691142424e+02 1.553558152633197551e+02 4.986849847435359493e+02 6.350466527656803351e+01 4.038462921123961564e+02 3.926729234857248674e+00
5.350000000000000000e+02 8.194270396834720032e+02 1.553558152633067664e+02 4.988003464471458983e+02 6.374652437700074614e+01 4.073326486347082778e+02 3.943659046711829319e+00
5.370000000000000000e+02 8.237384300998679691e+02 1.553558152633197551e+02 4.988003464471632356e+02 6.374652437700834184e+01 4.073326486347082778e+02 3.943659046711829319e+00
5.390000000000000000e+02 8.238350166612827934e+02 1.553993520478097992e+02 5.005250496175304988e+02 6.433264870238505750e+01 4.091089866586038397e+02 3.978271940928754358e+00
5.410000000000000000e+02 8.248909408263087926e+02 1.554438496882085587e+02 5.012536049377180802e+02 6.439011732679617239e+01 4.114500536806301056e+02 3.983621180662781036e+00
5.430000000000000000e+02 8.296132954245429119e+02 1.554438496882259528e+02 5.012536049377354175e+02 6.450301635949583101e+01 4.114500536806647801e+02 3.988970690480919234e+00
5.450000000000000000e+02 8.298195109041978412e+02 1.554438496882085587e+02 5.022302358937552640e+02 6.504032478009706608e+01 4.143245480085245731e+02 4.023996041199766616e+00
5.470000000000000000e+02 8.301431331369515192e+02 1.554674217235304923e+02 5.036795630538292130e+02 6.504032478010140039e+01 4.156109881085171196e+02 4.023996041200105900e+00
5.490000000000000000e+02 8.354677660521039115e+02 1.555259866306470826e+02 5.036795630538117621e+02 6.530860097530991482e+01 4.156109881084911422e+02 4.039141572655135626e+00
5.510000000000000000e+02 8.358147631902697867e+02 1.555259866306514311e+02 5.038020799087543651e+02 6.569675024941865615e+01 4.194867149990080861e+02 4.064804691308806284e+00
5.530000000000000000e+02 8.360361832487922129e+02 1.555259866306470826e+02 5.060774894567570072e+02 6.569675024941648189e+01 4.198129101583378997e+02 4.064804691308602003e+00
5.550000000000000000e+02 8.404514581144095473e+02 1.555259866306557512e+02 5.060774894567743445e+02 6.610467787271583973e+01 4.203462890099360152e+02 4.088784513023275835e+00
5.570000000000000000e+02 8.418119960818605705e+02 1.556021656862801592e+02 5.060774894567570072e+02 6.635940769098750991e+01 4.240541392833141572e+02 4.106022953038387158e+00
5.590000000000000000e+02 8.419289672789686847e+02 1.556024761435043047e+02 5.076113641022325851e+02 6.635940769098317560e+01 4.240541392833227974e+02 4.106022953038047874e+00
5.610000000000000000e+02 8.452435255267766934e+02 1.556024761435173218e+02 5.084464107303967353e+02 6.689120330717439344e+01 4.253428109233375949e+02 4.137816835580624186e+00
5.630000000000000000e+02 8.477751374094607399e+02 1.556024761435043047e+02 5.084464107303621176e+02 6.702913225704506317e+01 4.283394936048859449e+02 4.147630551271677568e+00
5.650000000000000000e+02 8.478306038523240886e+02 1.556465622669627749e+02 5.088925059833042610e+02 6.702913225704833167e+01 4.283394936049032822e+02 4.147630551271813459e+00
5.670000000000000000e+02 8.498429823154788210e+02 1.556736253185975158e+02 5.107854753729629351e+02 6.766769452307055133e+01 4.302750528921775413e+02 4.186217087598403275e+00
5.690000000000000000e+02 8.536960003799102878e+02 1.556736253186105330e+02 5.107854753729976665e+02 6.770573979996905223e+01 4.326701633429377125e+02 4.189666984155050677e+00
5.710000000000000000e+02 8.537374472633788400e+02 1.556736253185975158e+02 5.107854753729629351e+02 6.774976736918640086e+01 4.326701633429116782e+02 4.191488436312514665e+00
5.730000000000000000e+02 8.541998910210630811e+02 1.556839417326139596e+02 5.123545064885868214e+02 6.838881724463736589e+01 4.351373632558407394e+02 4.232155389384014477e+00
5.750000000000000000e+02 8.596156202071881580e+02 1.557396815966577890e+02 5.130940414272561156e+02 6.838881724463954015e+01 4.370435066562358770e+02 4.232155389384216981e+00
5.770000000000000000e+02 8.596460226580605877e+02 1.557396815966577890e+02 5.130940414272213275e+02 6.849625319411880753e+01 4.370435066562011457e+02 4.238105904005666780e+00
5.790000000000000000e+02 8.598247639463621681e+02 1.557396815966708061e+02 5.133517717977737220e+02 6.907836199838979496e+01 4.399216955999762604e+02 4.275070718023813221e+00
5.810000000000000000e+02 8.640194221278301256e+02 1.557396815966577890e+02 5.153713673586648838e+02 6.907836199838546065e+01 4.414577215659884928e+02 4.275070718023813221e+00
5.830000000000000000e+02 8.655585088965301566e+02 1.557766112517816453e+02 5.153713673586648838e+02 6.922995428903719528e+01 4.414577215660145271e+02 4.283951422044013135e+00
5.850000000000000000e+02 8.657618698860345603e+02 1.558008565900967994e+02 5.153713673586648838e+02 6.977524752947716991e+01 4.446256395279623916e+02 4.318391519246340238e+00
5.870000000000000000e+02 8.678610139986913055e+02 1.558008565901054681e+02 5.164717339521153008e+02 6.977524752947716991e+01 4.459177424161620706e+02 4.318391519246881138e+00
5.890000000000000000e+02 8.714762747271016678e+02 1.558008565900881308e+02 5.176166831455732336e+02 6.995077378161695947e+01 4.459177424161707677e+02 4.328965396839349999e+00
5.910000000000000000e+02 8.716905739879330213e+02 1.558008565901054681e+02 5.176166831455907413e+02 7.047929442823529200e+01 4.492469103983647187e+02 4.362157882766861228e+00
5.930000000000000000e+02 8.720410888762353352e+02 1.558551277951441421e+02 5.176166831455732336e+02 7.047929442823529200e+01 4.504249330579065713e+02 4.362157882766725336e+00
5.950000000000000000e+02 8.768121879473202398e+02 1.558573767729276653e+02 5.194070604821326924e+02 7.065758892716139883e+01 4.504249330579413026e+02 4.373135534454651641e+00
5.970000000000000000e+02 8.776066493636229779e+02 1.558573767729276653e+02 5.198293125178824994e+02 7.119007237825231016e+01 4.537783195042617308e+02 4.406395151385880560e+00
5.990000000000000000e+02 8.779637283146379332e+02 1.558573767729276653e+02 5.198293125178478249e+02 7.119007237825015011e+01 4.549765484083978322e+02 4.406395151385745557e+00
6.010000000000000000e+02 8.801553914569090011e+02 1.558690607149273433e+02 5.199802122684073993e+02 7.134922564462110017e+01 4.549765484084151694e+02 4.416419978400939250e+00
6.030000000000000000e+02 8.835062036630661169e+02 1.559095689801070534e+02 5.220084880833488796e+02 7.190756121167214587e+01 4.582122646963962325e+02 4.451077385894121718e+00
6.050000000000000000e+02 8.838808751542644586e+02 1.559095689801156936e+02 5.220084880833662737e+02 7.190756121167214587e+01 4.595706600826580939e+02 4.451077385893986715e+00
6.070000000000000000e+02 8.839058016171012468e+02 1.559095689801156936e+02 5.220084880833488796e+02 7.202497529671531140e+01 4.595706600826407566e+02 4.458740812128861641e+00
6.090000000000000000e+02 8.887330964317329745e+02 1.559095689801156936e+02 5.225856036665533111e+02 7.263267352248386999e+01 4.625461486945647493e+02 4.496181914243968514e+00
6.110000000000000000e+02 8.897949084234570591e+02 1.559284541375726576e+02 5.241534704964606135e+02 7.263267352247953568e+01 4.642123162110298722e+02 4.496181914243561728e+00
6.130000000000000000e+02 8.898296565508802587e+02 1.559576696608544921e+02 5.241534704965300762e+02 7.268456800971992493e+01 4.642123162110385124e+02 4.500031565245047105e+00
6.150000000000000000e+02 8.915181857913252088e+02 1.559576696608631892e+02 5.241534704964954017e+02 7.336523574593550734e+01 4.667762586866783181e+02 4.541749376360113999e+00
6.170000000000000000e+02 8.957063049408708366e+02 1.559576696608458519e+02 5.250129040372877398e+02 7.336523574593550734e+01 4.689030668328548472e+02 4.541749376359573098e+00
6.190000000000000000e+02 8.957548903793594945e+02 1.559576696608544921e+02 5.262637075158573907e+02 7.336523574593550734e+01 4.689030668328722413e+02 4.541749376360113999e+00
6.210000000000000000e+02 8.957993884716954653e+02 1.559781906291385383e+02 5.262637075157880417e+02 7.406651972912889903e+01 4.708957367954153028e+02 4.586323464702992680e+00
6.230000000000000000e+02 8.998422351120675557e+02 1.560018566396439894e+02 5.262637075158227162e+02 7.410479963995859976e+01 4.736400604504232774e+02 4.587807456219361590e+00
6.250000000000000000e+02 9.016776783216703279e+02 1.560018566396439894e+02 5.272650525897994385e+02 7.410479963995425123e+01 4.736400604504059402e+02 4.587807456219361590e+00
6.270000000000000000e+02 9.016776783216691911e+02 1.560018566396439894e+02 5.283387172274819932e+02 7.469739484674848029e+01 4.748971088943017094e+02 4.625931008982382409e+00
6.290000000000000000e+02 9.021664560608991223e+02 1.560018566396439894e+02 5.283387172274299246e+02 7.485132641703827971e+01 4.784212371426905861e+02 4.634329305866968340e+00
6.310000000000000000e+02 9.075253200713136721e+02 1.560195495534100303e+02 5.283387172274819932e+02 7.485132641703827971e+01 4.784212371427426547e+02 4.634329305867239235e+00
6.330000000000000000e+02 9.075948668478395120e+02 1.560423262251825918e+02 5.293452276989435177e+02 7.530942633382758800e+01 4.787740434843839807e+02 4.664349612245818122e+00
6.350000000000000000e+02 9.079624495863718039e+02 1.560423262251999859e+02 5.303776516312960894e+02 7.560576854066889041e+01 4.832517559616617859e+02 4.681290985023515816e+00
6.370000000000000000e+02 9.095681073396239071e+02 1.560423262251912888e+02 5.303776516312614149e+02 7.560576854067322472e+01 4.832517559616705398e+02 4.681290985023109030e+00
6.390000000000000000e+02 9.135087292310932980e+02 1.560423262251912888e+02 5.303776516312614149e+02 7.590157982002939718e+01 4.832517559616445055e+02 4.701538747064613943e+00
6.410000000000000000e+02 9.137537959081313375e+02 1.560537785151149706e+02 5.312567585114696840e+02 7.636795949979638465e+01 4.874045070006258129e+02 4.728733638466070310e+00
6.430000000000000000e+02 9.141153505478390571e+02 1.560794030732934345e+02 5.323797901907179266e+02 7.636795949979205034e+01 4.881333662635350947e+02 4.728733638465935307e+00
6.450000000000000000e+02 9.166273298936130232e+02 1.560794030732934345e+02 5.323797901907524874e+02 7.647274249627730569e+01 4.881333662635697692e+02 4.737449113097397912e+00
6.470000000000000000e+02 9.195312324225292286e+02 1.560794030732934345e+02 5.323797901907179266e+02 7.713743240973010984e+01 4.910692639591845818e+02 4.776687433228731905e+00
6.490000000000000000e+02 9.199975082948441241e+02 1.560794030732934345e+02 5.330035571900550622e+02 7.713743240973877846e+01 4.930631069587423667e+02 4.776687433228867796e+00
6.510000000000000000e+02 9.200544130746749261e+02 1.560820239150141617e+02 5.343448083441892322e+02 7.713743240973010984e+01 4.930631069586903550e+02 4.776687433228731905e+00
6.530000000000000000e+02 9.233963220683781401e+02 1.561133049426781270e+02 5.343448083442066263e+02 7.779845703609865382e+01 4.945919665627976087e+02 4.820465332772855049e+00
6.550000000000000000e+02 9.258261844996003447e+02 1.561133049426781270e+02 5.343448083441892322e+02 7.791412880357771087e+01 4.980387813012521292e+02 4.825124595108883696e+00
6.570000000000000000e+02 9.259649465734152045e+02 1.561133049426781270e+02 5.345900907383766025e+02 7.791412880357120230e+01 4.980387813012000606e+02 4.825124595108612802e+00
6.590000000000000000e+02 9.259649465734183877e+02 1.561133049426868240e+02 5.362724332544020172e+02 7.833206202647896532e+01 4.980387813012173979e+02 4.854101535855127381e+00
6.610000000000000000e+02 9.301696830167121561e+02 1.561133049426694583e+02 5.362724332543672290e+02 7.869904168109933096e+01 5.029928286974516709e+02 4.874019867026027519e+00
6.630000000000000000e+02 9.318533238923475892e+02 1.561361567567562929e+02 5.362724332544365780e+02 7.869904168109933096e+01 5.030656559432654831e+02 4.874019867026299302e+00
6.650000000000000000e+02 9.318665850459781268e+02 1.561441751906072568e+02 5.362724332543672290e+02 7.884176354194372038e+01 5.030656559432134145e+02 4.886264267689227836e+00
6.670000000000000000e+02 9.319787826835349733e+02 1.561441751906158970e+02 5.379106047538953135e+02 7.949201290208610260e+01 5.062657745295850873e+02 4.923414849074031707e+00
6.690000000000000000e+02 9.366288178395910791e+02 1.561441751906072568e+02 5.381617874489902533e+02 7.949201290208176829e+01 5.081456932666885677e+02 4.923414849073759925e+00
6.710000000000000000e+02 9.377605932564786144e+02 1.561441751906158970e+02 5.381617874490075337e+02 7.949201290208610260e+01 5.081456932667059618e+02 4.923414849074302602e+00
6.730000000000000000e+02 9.377605932565111289e+02 1.561524496714039572e+02 5.381617874490249278e+02 8.012708155281760014e+01 5.093779460542402262e+02 4.966813404362493856e+00
6.750000000000000000e+02 9.382031999135756450e+02 1.561721765211149773e+02 5.391523370485915621e+02 8.029255618786662296e+01 5.132758194193593226e+02 4.973342339148424607e+00
6.770000000000000000e+02 9.425652551188777579e+02 1.561721765211149773e+02 5.400121901286482853e+02 8.029255618787097148e+01 5.132758194193593226e+02 4.973342339148695501e+00
6.790000000000000000e+02 9.436471446793839277e+02 1.561721765211063087e+02 5.400121901285963304e+02 8.059318336090491641e+01 5.132758194193245345e+02 4.996355047004008121e+00
6.810000000000000000e+02 9.438456083096536986e+02 1.561721765211236743e+02 5.400121901286482853e+02 8.110059232032448051e+01 5.175006565431156105e+02 5.023773620439460963e+00
6.830000000000000000e+02 9.442680085958801328e+02 1.561721765211063087e+02 5.402484420800533371e+02 8.110059232032014620e+01 5.184536953781529292e+02 5.023773620439325072e+00
6.850000000000000000e+02 9.481310595082131840e+02 1.561910196635259922e+02 5.418235485996416401e+02 8.110059232032448051e+01 5.184536953782223918e+02 5.023773620439460963e+00
6.870000000000000000e+02 9.495229075912478720e+02 1.561976119422106990e+02 5.418235485996416401e+02 8.184846464250311726e+01 5.203201757228783890e+02 5.075130047345994377e+00
6.890000000000000000e+02 9.500308047360804267e+02 1.561976119422106990e+02 5.418235485996764282e+02 8.191715541321565297e+01 5.236846915897610870e+02 5.074682068885433495e+00
6.910000000000000000e+02 9.501954434492747623e+02 1.561976119422020588e+02 5.418235485996416401e+02 8.191715541320913019e+01 5.236846915897610870e+02 5.074682068885026709e+00
6.930000000000000000e+02 9.533842782176375295e+02 1.561976119422193960e+02 5.429769091419220786e+02 8.226728290459689674e+01 5.236846915897610870e+02 5.101749902793810243e+00
6.950000000000000000e+02 9.555971193557520564e+02 1.561993156134772676e+02 5.435958079768113294e+02 8.274209712958324303e+01 5.282438877611539283e+02 5.126109685985870357e+00
6.970000000000000000e+02 9.560190608626937774e+02 1.562206743583715536e+02 5.435958079767766549e+02 8.274209712958324303e+01 5.289709977557808998e+02 5.126109685985464459e+00
6.990000000000000000e+02 9.560649303201596467e+02 1.562206743583802222e+02 5.435958079768113294e+02 8.274209712958324303e+01 5.289709977558329683e+02 5.126109685985870357e+00
7.010000000000000000e+02 9.583227774630528302e+02 1.562206743583802222e+02 5.437599900685180501e+02 8.348940258009508852e+01 5.307460363289731049e+02 5.178536538561623104e+00
7.030000000000000000e+02 9.617137120704803692e+02 1.562206743583802222e+02 5.453281168830981187e+02 8.357491100892660540e+01 5.343094241084047553e+02 5.178092054341142614e+00
7.050000000000000000e+02 9.619219320470790535e+02 1.562206743583802222e+02 5.453281168830634442e+02 8.357491100892227109e+01 5.343094241084047553e+02 5.178092054341142614e+00
7.070000000000000000e+02 9.619219320471214587e+02 1.562267534288824322e+02 5.453281168830981187e+02 8.385584116434115742e+01 5.343094241084395435e+02 5.201988406909574536e+00
7.090000000000000000e+02 9.630887715970633280e+02 1.562414744703688996e+02 5.453281168830634442e+02 8.441549600156275801e+01 5.384398611175608949e+02 5.230599499506245920e+00
7.110000000000000000e+02 9.677000842993051037e+02 1.562414744703862652e+02 5.461075045512174029e+02 8.441549600157358668e+01 5.396974837284726618e+02 5.230599499506652705e+00
7.130000000000000000e+02 9.677668206620008959e+02 1.562414744703775966e+02 5.470198591890282387e+02 8.441549600156707811e+01 5.396974837284205933e+02 5.230599499506517702e+00
7.150000000000000000e+02 9.677668206619971443e+02 1.562414744703775966e+02 5.470198591889414956e+02 8.503957633926999904e+01 5.405920883850765222e+02 5.276481627647561901e+00
7.170000000000000000e+02 9.681263451856599431e+02 1.562414744703775966e+02 5.470198591889935642e+02 8.526492781099798890e+01 5.451406465370456544e+02 5.283603978581282945e+00
7.190000000000000000e+02 9.730611764114131574e+02 1.562488216428139935e+02 5.470198591889935642e+02 8.526492781099365459e+01 5.451406465369589114e+02 5.283603978580606153e+00
7.210000000000000000e+02 9.735972260304763495e+02 1.562601410291016748e+02 5.482530457019685173e+02 8.534939595103256238e+01 5.451406465370456544e+02 5.296441580212023048e+00
7.230000000000000000e+02 9.735972260303717576e+02 1.562601410290930062e+02 5.486711714287190489e+02 8.612306945805001135e+01 5.480308030606645389e+02 5.337147836002452905e+00
7.250000000000000000e+02 9.741858302710081716e+02 1.562601410291103434e+02 5.486711714287363293e+02 8.612306945805434566e+01 5.506413444383504157e+02 5.337147836002452905e+00
7.270000000000000000e+02 9.770412315705649462e+02 1.562601410290930062e+02 5.486711714287190489e+02 8.612306945805001135e+01 5.506413444383156275e+02 5.337147836002452905e+00
7.290000000000000000e+02 9.794102543475471521e+02 1.562601410291016748e+02 5.486711714287190489e+02 8.649126513912958103e+01 5.506413444383156275e+02 5.368383056373194684e+00
7.310000000000000000e+02 9.795768059331517179e+02 1.562664490094983591e+02 5.502037265481609438e+02 8.698939347719959869e+01 5.553596823942506262e+02 5.391269599058615469e+00
7.330000000000000000e+02 9.800546360462991515e+02 1.562769405613444178e+02 5.502822183403934559e+02 8.698939347720175874e+01 5.561962686258248141e+02 5.391269599058480466e+00
7.350000000000000000e+02 9.806809582905854086e+02 1.562769405613531148e+02 5.502822183404455245e+02 8.698939347719959869e+01 5.561962686258248141e+02 5.391269599058345463e+00
7.370000000000000000e+02 9.852061786352802528e+02 1.562769405613444178e+02 5.502822183403934559e+02 8.761374906521984940e+01 5.569582821403352000e+02 5.439234078806075345e+00
7.390000000000000000e+02 9.855288029570992876e+02 1.562769405613531148e+02 5.503958672439800921e+02 8.786377588980258224e+01 5.618027784942692051e+02 5.445938622175128252e+00
7.410000000000000000e+02 9.858933682034836465e+02 1.562769405613531148e+02 5.518522319746671201e+02 8.786377588979823372e+01 5.618027784942864855e+02 5.445938622175128252e+00
7.430000000000000000e+02 9.859253078781798649e+02 1.562804941762207420e+02 5.518522319747019083e+02 8.786377588980258224e+01 5.618027784943037659e+02 5.453669167614484614e+00
7.450000000000000000e+02 9.890543883191112400e+02 1.562920370285631009e+02 5.518522319747019083e+02 8.871656676790340157e+01 5.639809655260535237e+02 5.501125390014330208e+00
7.470000000000000000e+02 9.914449518422978826e+02 1.562920370285804381e+02 5.518522319747019083e+02 8.874733436750213400e+01 5.674664385750191968e+02 5.501125390014601102e+00
7.490000000000000000e+02 9.917111155260407713e+02 1.562920370285717411e+02 5.520176816198319329e+02 8.874733436750429405e+01 5.674664385750191968e+02 5.501125390014330208e+00
7.510000000000000000e+02 9.917116388561547637e+02 1.562920370285717411e+02 5.533806890100843248e+02 8.890620581686846435e+01 5.674664385750538713e+02 5.521467924598783661e+00
7.530000000000000000e+02 9.920173389642989150e+02 1.562920370285804381e+02 5.533806890101188856e+02 8.963994496024879766e+01 5.708720862521512345e+02 5.556872526734821349e+00
7.550000000000000000e+02 9.973476350135174471e+02 1.562920370285717411e+02 5.533806890100495366e+02 8.963994496024446335e+01 5.731899384466693164e+02 5.556872526734821349e+00
7.570000000000000000e+02 9.974789221301501811e+02 1.563051180011442796e+02 5.533806890100843248e+02 8.963994496024879766e+01 5.731899384467041045e+02 5.556872526734821349e+00
7.590000000000000000e+02 9.974789221300798090e+02 1.563055121574143982e+02 5.534653293655724156e+02 8.995720501939717906e+01 5.731899384466693164e+02 5.587946804104016785e+00
7.610000000000000000e+02 9.975572860054651301e+02 1.563055121574317070e+02 5.548679448694540497e+02 9.054105834540010278e+01 5.776221748672940066e+02 5.613221670520659679e+00
7.630000000000000000e+02 1.000298932092551127e+03 1.563055121574143982e+02 5.548679448694193752e+02 9.054105834539792852e+01 5.789698471846127177e+02 5.613221670520659679e+00
7.650000000000000000e+02 1.003223977934353570e+03 1.563055121574317070e+02 5.548679448694887242e+02 9.054105834539575426e+01 5.789698471846994607e+02 5.613221670520930573e+00
7.670000000000000000e+02 1.003223977934318782e+03 1.563055121574143982e+02 5.548679448694193752e+02 9.098401367945307072e+01 5.789698471846127177e+02 5.653028052861135855e+00
7.690000000000000000e+02 1.003370124354605764e+03 1.563124314189583117e+02 5.548679448694887242e+02 9.145052648317027888e+01 5.842177427260730838e+02 5.670141192935265195e+00
7.710000000000000000e+02 1.003885348904601301e+03 1.563174630312639124e+02 5.561935022363115877e+02 9.145052648317462740e+01 5.848033645326420356e+02 5.670141192935535202e+00
7.730000000000000000e+02 1.007660883928066028e+03 1.563174630312639124e+02 5.563143772640763700e+02 9.145052648316595878e+01 5.848033645326072474e+02 5.670141192935265195e+00
7.750000000000000000e+02 1.008947080144893448e+03 1.563174630312639124e+02 5.563143772641283249e+02 9.198583553971829474e+01 5.848033645326420356e+02 5.716577786789290627e+00
7.770000000000000000e+02 1.009138232955440344e+03 1.563174630312639124e+02 5.563143772641110445e+02 9.236950931249249663e+01 5.906546480140273161e+02 5.727600050794121600e+00
7.790000000000000000e+02 1.009624402772398071e+03 1.563174630312726094e+02 5.563143772641110445e+02 9.236950931249249663e+01 5.906961441918233504e+02 5.727600050794528386e+00
7.810000000000000000e+02 1.009701842912075449e+03 1.563174630312552722e+02 5.572765893784372793e+02 9.236950931248814811e+01 5.906961441918059563e+02 5.727600050794121600e+00
7.830000000000000000e+02 1.014537453326183140e+03 1.563287228268511626e+02 5.577193573426051216e+02 9.296183935276515342e+01 5.909728679330193017e+02 5.778533713350544332e+00
7.850000000000000000e+02 1.014861472830413618e+03 1.563281107968585104e+02 5.577193573425530531e+02 9.329789768550665485e+01 5.966511494738535930e+02 5.785641079815657228e+00
7.870000000000000000e+02 1.015336476172480388e+03 1.563281107968674064e+02 5.577193573426368403e+02 9.329789768551195550e+01 5.966511494739047521e+02 5.785641079816120858e+00
7.890000000000000000e+02 1.015411537173436500e+03 1.563281107968496428e+02 5.577193573425387285e+02 9.329789768551002282e+01 5.966511494738890633e+02 5.785641079815598609e+00
7.910000000000000000e+02 1.016108785927019198e+03 1.563281107968672075e+02 5.582102654824381034e+02 9.391007660557171732e+01 5.970103406410452180e+02 5.838857107330999163e+00
7.930000000000000000e+02 1.020536001992644856e+03 1.563281107968672075e+02 5.590824845348729468e+02 9.423511954665450219e+01 6.026648243149732025e+02 5.844309201600216497e+00
7.950000000000000000e+02 1.021018225345634733e+03 1.563319355744363008e+02 5.590824845348412282e+02 9.423511954665347901e+01 6.026648243149389828e+02 5.844309201600020209e+00
7.970000000000000000e+02 1.021097086296306429e+03 1.563375887697272901e+02 5.590824845349018233e+02 9.423511954666086865e+01 6.026648243150069675e+02 5.844309201600609960e+00
7.990000000000000000e+02 1.021097086296275506e+03 1.563375887697093276e+02 5.590824845348412282e+02 9.482873486073623326e+01 6.028610057950623968e+02 5.897428183321784090e+00
8.010000000000000000e+02 1.022415170149604478e+03 1.563375887697181952e+02 5.590824845348729468e+02 9.518100162590053515e+01 6.087342026640450285e+02 5.903571795113021992e+00
8.030000000000000000e+02 1.026666693441787857e+03 1.563375887697093276e+02 5.603251654543618088e+02 9.518100162589729507e+01 6.087342026640450285e+02 5.903571795112686260e+00
8.050000000000000000e+02 1.026755766076935060e+03 1.563375887697185931e+02 5.604043146499188879e+02 9.518100162590702951e+01 6.087342026640793620e+02 5.903571795113422560e+00
8.070000000000000000e+02 1.026755766076768168e+03 1.563375887697093276e+02 5.604043146498580654e+02 9.571696484359543433e+01 6.087342026640450285e+02 5.954119134849939599e+00
8.090000000000000000e+02 1.026877779120952709e+03 1.563427285767877208e+02 5.604043146498552233e+02 9.613674634335488633e+01 6.146433055793585254e+02 5.963396232032369682e+00
8.110000000000000000e+02 1.028649793635211836e+03 1.563459545073260415e+02 5.604043146498898977e+02 9.613674634336571501e+01 6.148650213432665623e+02 5.963396232032234678e+00
8.130000000000000000e+02 1.032388533854266143e+03 1.563459545073258425e+02 5.609458151293142691e+02 9.613674634335158942e+01 6.148650213431968723e+02 5.963396232031760391e+00
8.150000000000000000e+02 1.032388533854292518e+03 1.563459545073351364e+02 5.616854227057043545e+02 9.657350471565781902e+01 6.148650213432670171e+02 6.008866041625653409e+00
8.170000000000000000e+02 1.032426047236054046e+03 1.563459545073258425e+02 5.616854227056434183e+02 9.710226122852976971e+01 6.201550094890588980e+02 6.023825486337329060e+00
8.190000000000000000e+02 1.033050370459409123e+03 1.563459545073347385e+02 5.616854227057099251e+02 9.710226122853093500e+01 6.210605340361065601e+02 6.023825486337671009e+00
8.210000000000000000e+02 1.034107334435296934e+03 1.563459545073258425e+02 5.616854227056434183e+02 9.710226122852976971e+01 6.210605340360540367e+02 6.023825486337329060e+00
8.230000000000000000e+02 1.037995471890591944e+03 1.563509871631723627e+02 5.616854227057043545e+02 9.739649420713553241e+01 6.210605340361079243e+02 6.061603340340422363e+00
8.250000000000000000e+02 1.037995471890420959e+03 1.563532775994758595e+02 5.626844067917912753e+02 9.807695059420616701e+01 6.254520397742926434e+02 6.084907941935865594e+00
8.270000000000000000e+02 1.038560083516344093e+03 1.563532775994934241e+02 5.629253689207886282e+02 9.807695059420306904e+01 6.273170565927397320e+02 6.084907941936481990e+00
8.290000000000000000e+02 1.038792014467328499e+03 1.563532775994934241e+02 5.629253689207886282e+02 9.807695059421173767e+01 6.273170565927223379e+02 6.084907941936211984e+00
8.310000000000000000e+02 1.039067452514290608e+03 1.563532775994845565e+02 5.629253689207218940e+02 9.818406254287444312e+01 6.273170565926693598e+02 6.112216117126950898e+00
8.330000000000000000e+02 1.043573566496419744e+03 1.563532775994849828e+02 5.629253689207512252e+02 9.906061473367388714e+01 6.305222587999284087e+02 6.146609977725205454e+00
8.350000000000000000e+02 1.044000452270633559e+03 1.563532775994934241e+02 5.630294341230426198e+02 9.906061473367692827e+01 6.336314508409781183e+02 6.146609977725669971e+00
8.370000000000000000e+02 1.044340061795461679e+03 1.563572740769392624e+02 5.641239051668369484e+02 9.906061473367692827e+01 6.336314508409608379e+02 6.146609977725399077e+00
8.390000000000000000e+02 1.044379951806480676e+03 1.563597310565068028e+02 5.641239051668396769e+02 9.906061473367996939e+01 6.336314508409075188e+02 6.160583942476767660e+00
8.410000000000000000e+02 1.044379951806584359e+03 1.563597310565160967e+02 5.641239051668663933e+02 9.992824569319675732e+01 6.353566607445279715e+02 6.208897320993231439e+00
8.430000000000000000e+02 1.048634508318476264e+03 1.563597310565068028e+02 5.641239051668048887e+02 1.000544986680339292e+02 6.400095300324716163e+02 6.208897320993258084e+00
8.450000000000000000e+02 1.049849817654241861e+03 1.563597310565070302e+02 5.641239051668717366e+02 1.000544986680396136e+02 6.400095300325078824e+02 6.208897320993068902e+00
8.470000000000000000e+02 1.049934680148067628e+03 1.563597310565156704e+02 5.644293665923659091e+02 1.000544986680396136e+02 6.400095300325078824e+02 6.208897320993610691e+00
8.490000000000000000e+02 1.049934680148005782e+03 1.563597310565068028e+02 5.652817610688641707e+02 1.006505501703643546e+02 6.400095300324368282e+02 6.269506742131884636e+00
8.510000000000000000e+02 1.049992196364861229e+03 1.563620491059575102e+02 5.652817610688588275e+02 1.010585285826965958e+02 6.463912321827087908e+02 6.271813005353901183e+00
8.530000000000000000e+02 1.053199200660668339e+03 1.563654182272933895e+02 5.652817610688615559e+02 1.010585285826995374e+02 6.464548554317717617e+02 6.271813005354358594e+00
8.550000000000000000e+02 1.055458794477978699e+03 1.563654182273020581e+02 5.652817610688962304e+02 1.010585285826995374e+02 6.464548554318063225e+02 6.271813005354086812e+00
8.570000000000000000e+02 1.055458794477924130e+03 1.563654182272931905e+02 5.652817610688641707e+02 1.013326967621031685e+02 6.464548554317696016e+02 6.313731614384687774e+00
8.590000000000000000e+02 1.055458794477954370e+03 1.563654182273024844e+02 5.656554705372619765e+02 1.020720842378278945e+02 6.507901139297642885e+02 6.335409062330084495e+00
8.610000000000000000e+02 1.055947156930704978e+03 1.563654182272931905e+02 5.663996841874196662e+02 1.020720842378148348e+02 6.529636119479546323e+02 6.335409062330360719e+00
8.630000000000000000e+02 1.057059713791523336e+03 1.563654182272933895e+02 5.663996841874518395e+02 1.020720842378249671e+02 6.529636119480263687e+02 6.335409062329906860e+00
8.650000000000000000e+02 1.060951703687178906e+03 1.563654182273020581e+02 5.663996841874518395e+02 1.020720842378249671e+02 6.529636119479918079e+02 6.355406836542308646e+00
8.670000000000000000e+02 1.060951703687160034e+03 1.563706215675262285e+02 5.663996841874146639e+02 1.029957627492600523e+02 6.549201428244039107e+02 6.399650865833087288e+00
8.690000000000000000e+02 1.061177035046303217e+03 1.563703776838885915e+02 5.663996841874196662e+02 1.030949382459609325e+02 6.595324827743706919e+02 6.399650865832631652e+00
8.710000000000000000e+02 1.061685823952007695e+03 1.563703776838974591e+02 5.667185906117755394e+02 1.030949382459797903e+02 6.595324827744601635e+02 6.399650865833265811e+00
8.730000000000000000e+02 1.061789152036025371e+03 1.563703776838974591e+02 5.674774637351096089e+02 1.030949382459667873e+02 6.595324827744080949e+02 6.399650865832724023e+00
8.750000000000000000e+02 1.065086441862279344e+03 1.563703776838972601e+02 5.674774637350774356e+02 1.036021683500775055e+02 6.595324827744053664e+02 6.459272326677985454e+00
8.770000000000000000e+02 1.066410916108500487e+03 1.563703776838978854e+02 5.674774637351046067e+02 1.041283782454227236e+02 6.654045144116319079e+02 6.464502437463650608e+00
8.790000000000000000e+02 1.067015610626020589e+03 1.563703776838972601e+02 5.674774637350774356e+02 1.041283782454136428e+02 6.661673502247164151e+02 6.464502437463091056e+00
8.810000000000000000e+02 1.067243535943688357e+03 1.563726927324929932e+02 5.674774637351096089e+02 1.041283782454195688e+02 6.661673502247715533e+02 6.464502437463457873e+00
8.830000000000000000e+02 1.067256641980443419e+03 1.563746567128602010e+02 5.676291156798615702e+02 1.041632039810221784e+02 6.661673502247542729e+02 6.496133559004933389e+00
8.850000000000000000e+02 1.068030576980614342e+03 1.563746567128517881e+02 5.685150307727762993e+02 1.051723511600520595e+02 6.690311808837631133e+02 6.530006786317573031e+00
8.870000000000000000e+02 1.072110360471467629e+03 1.563746567128513334e+02 5.685150307727463996e+02 1.051723511600574597e+02 6.728721009076655264e+02 6.530006786316830514e+00
8.890000000000000000e+02 1.072590878236329672e+03 1.563746567128602010e+02 5.685150307727788004e+02 1.051723511600677625e+02 6.728721009076690507e+02 6.530006786317201772e+00
8.910000000000000000e+02 1.072689234733238436e+03 1.563746567128602010e+02 5.685150307727788004e+02 1.051723511600547596e+02 6.728721009076690507e+02 6.530006786317743561e+00
8.930000000000000000e+02 1.072689234733173635e+03 1.563746567128513334e+02 5.685150307727463996e+02 1.057310954577012296e+02 6.728721009076655264e+02 6.596314977677451452e+00
8.950000000000000000e+02 1.072689234733280045e+03 1.563746567128606557e+02 5.685150307728085863e+02 1.062262112552381126e+02 6.791261982861958586e+02 6.596219783298852946e+00
8.970000000000000000e+02 1.075726801611842802e+03 1.563779360431222187e+02 5.693959953754375647e+02 1.062262112552330251e+02 6.796427860470511177e+02 6.596219783297458505e+00
8.990000000000000000e+02 1.078063842151341078e+03 1.563783827481304911e+02 5.695132548878822263e+02 1.062262112552347162e+02 6.796427860470896576e+02 6.596219783298646000e+00
9.010000000000000000e+02 1.078086077412576287e+03 1.563783827481218225e+02 5.695132548878822263e+02 1.062262112552347162e+02 6.796427860470896576e+02 6.627960378846586842e+00
9.030000000000000000e+02 1.078086077412563782e+03 1.563783827481307185e+02 5.695132548878452781e+02 1.072693133724140893e+02 6.822001321251212858e+02 6.663105795269475884e+00
9.050000000000000000e+02 1.078282634475975783e+03 1.563783827481129265e+02 5.695132548878499392e+02 1.072897021807345368e+02 6.864759034980834258e+02 6.663105795269532727e+00
9.070000000000000000e+02 1.078830258337838131e+03 1.563783827481304911e+02 5.695132548878822263e+02 1.072897021807406333e+02 6.864759034981224204e+02 6.663105795269640197e+00
9.090000000000000000e+02 1.082631361583437638e+03 1.563783827481304911e+02 5.699954775112771586e+02 1.072897021807406333e+02 6.864759034981570949e+02 6.663105795269640197e+00
9.110000000000000000e+02 1.083446683997468426e+03 1.563783827481215951e+02 5.704730230126862125e+02 1.077031505858647051e+02 6.864759034980487513e+02 6.723993398896868534e+00
9.130000000000000000e+02 1.083446683997577111e+03 1.563818375012637887e+02 5.704730230127487403e+02 1.083641540944436485e+02 6.918475287261230733e+02 6.730627074718042557e+00
9.150000000000000000e+02 1.083904966166084023e+03 1.563816318967540155e+02 5.704730230126862125e+02 1.083641540944295087e+02 6.933773965567569348e+02 6.730627074717166813e+00
9.170000000000000000e+02 1.084260168520276920e+03 1.563816318967629115e+02 5.704730230127186132e+02 1.083641540944400106e+02 6.933773965567269215e+02 6.730627074718362302e+00
9.190000000000000000e+02 1.084324738953958104e+03 1.563816318967540155e+02 5.704730230126862125e+02 1.083641540944338573e+02 6.933773965566874722e+02 6.749899991103081476e+00
9.210000000000000000e+02 1.088808744883405780e+03 1.563816318967720065e+02 5.704730230127487403e+02 1.091690815163730122e+02 6.943219008036334117e+02 6.798826516353551952e+00
9.230000000000000000e+02 1.088769933891236178e+03 1.563816318967540155e+02 5.713974210497957529e+02 1.094495368455229283e+02 7.003514954730412683e+02 6.798826516352935556e+00
9.250000000000000000e+02 1.089460808798031394e+03 1.563816318967629115e+02 5.713943790230588320e+02 1.094495368455161355e+02 7.003514954731504076e+02 6.798826516353321914e+00
9.270000000000000000e+02 1.089645415727736236e+03 1.563818759911083589e+02 5.713943790230935065e+02 1.094495368455204698e+02 7.003514954730810587e+02 6.798826516353321914e+00
9.290000000000000000e+02 1.089656601348918684e+03 1.563844286857957115e+02 5.713943790230264312e+02 1.095051432305489953e+02 7.003514954730412683e+02 6.841333685589239266e+00
9.310000000000000000e+02 1.090126948678662529e+03 1.563844286857874408e+02 5.713943790230565583e+02 1.105451782419640239e+02 7.034859686839683945e+02 6.867764028685896527e+00
9.330000000000000000e+02 1.094229177610798843e+03 1.563844286857959389e+02 5.713943790230588320e+02 1.105451782419664113e+02 7.073941151727880197e+02 6.867764028686319300e+00
9.350000000000000000e+02 1.094805900356860320e+03 1.563844286858046075e+02 5.717320994580443312e+02 1.105451782419794284e+02 7.073941151728574823e+02 6.867764028685506617e+00
9.370000000000000000e+02 1.094948779940307759e+03 1.563844286857870429e+02 5.722774538072260384e+02 1.105451782419601301e+02 7.073941151727478882e+02 6.867764028685658495e+00
9.390000000000000000e+02 1.094948779940420309e+03 1.563844286858050054e+02 5.722774538072543464e+02 1.108898383811664559e+02 7.073941151728683963e+02 6.930668780384117156e+00
9.410000000000000000e+02 1.094948779940311852e+03 1.563844286857870429e+02 5.722774538072260384e+02 1.116507916508058571e+02 7.124173776080639300e+02 6.937402972665521084e+00
9.430000000000000000e+02 1.095771146143390979e+03 1.563844286857959389e+02 5.722774538072585528e+02 1.116507916508122094e+02 7.145015612746580018e+02 6.937402972666729006e+00
9.450000000000000000e+02 1.100093812800791284e+03 1.563866820230089161e+02 5.722774538072585528e+02 1.116507916508078750e+02 7.145015612746232136e+02 6.937402972665915435e+00
9.470000000000000000e+02 1.100200501167185848e+03 1.563868034770968052e+02 5.722774538071914776e+02 1.116507916508145399e+02 7.145015612746174156e+02 6.947399640897764961e+00
9.490000000000000000e+02 1.100200501167231778e+03 1.563868034771059286e+02 5.728162420996405899e+02 1.122361423812224928e+02 7.145015612745597764e+02 7.007703766013809066e+00
9.510000000000000000e+02 1.100200501167249513e+03 1.563868034771143698e+02 5.731232173089226762e+02 1.127677495272368731e+02 7.211055851909231933e+02 7.007703766014495628e+00
9.530000000000000000e+02 1.100668889745003753e+03 1.563868034771057012e+02 5.731232173089226762e+02 1.127677495272325388e+02 7.216798292290770860e+02 7.007703766014765634e+00
9.550000000000000000e+02 1.101033030922047601e+03 1.563868034771054738e+02 5.731232173088901618e+02 1.127677495272304640e+02 7.216798292290707195e+02 7.007703766014096836e+00
9.570000000000000000e+02 1.105497975385698282e+03 1.563868034771148245e+02 5.731232173089182425e+02 1.127677495272410226e+02 7.216798292290203563e+02 7.031336040394343456e+00
9.590000000000000000e+02 1.105412263212680273e+03 1.563868034770968052e+02 5.731232173088901618e+02 1.135431155342551932e+02 7.222912660886515823e+02 7.078709093281942089e+00
9.610000000000000000e+02 1.105412263212738253e+03 1.563881194059732991e+02 5.731232173089226762e+02 1.138960469359954999e+02 7.289335117322686983e+02 7.078709093281801756e+00
9.630000000000000000e+02 1.105976222531311123e+03 1.563888444471549235e+02 5.737418865222819022e+02 1.138960469359954999e+02 7.289335117323380473e+02 7.078709093282344433e+00
9.650000000000000000e+02 1.106272750720770546e+03 1.563888444471551225e+02 5.739326558149341508e+02 1.138960469359846286e+02 7.289335117322060569e+02 7.078709093281662312e+00
9.670000000000000000e+02 1.106332555050903466e+03 1.563888444471547245e+02 5.739326558149035691e+02 1.138960469359890340e+02 7.289335117322273163e+02 7.112779215861226412e+00
9.690000000000000000e+02 1.109863284818271040e+03 1.563888444471549235e+02 5.739326558149709854e+02 1.148079265244142420e+02 7.303920321321405709e+02 7.150483105262429362e+00
9.710000000000000000e+02 1.110582424369855516e+03 1.563888444471636205e+02 5.739326558149709854e+02 1.150349842462573804e+02 7.362583849510745040e+02 7.150483105263242933e+00
9.730000000000000000e+02 1.111205516516117768e+03 1.563888444471460275e+02 5.739326558149035691e+02 1.150349842462421748e+02 7.362583849510326672e+02 7.150483105262023464e+00
9.750000000000000000e+02 1.111461346979411246e+03 1.563888444471639900e+02 5.739326558149667790e+02 1.150349842462617715e+02 7.362583849511233893e+02 7.150483105262700256e+00
9.770000000000000000e+02 1.111511065096998891e+03 1.563891464083971812e+02 5.745215798791065254e+02 1.150349842462508434e+02 7.362583849510326672e+02 7.191614160432963310e+00
9.790000000000000000e+02 1.111511065096992525e+03 1.563906046249396979e+02 5.747060758062166315e+02 1.160277810290533722e+02 7.382096549051614147e+02 7.222988161687871944e+00
9.810000000000000000e+02 1.113785809865097463e+03 1.563906046249483666e+02 5.747060758062166315e+02 1.161842431842297714e+02 7.436505551721567144e+02 7.222988161688684627e+00
9.830000000000000000e+02 1.116353381399190312e+03 1.563906046249399253e+02 5.747060758062145851e+02 1.161842431842276966e+02 7.436505551721295433e+02 7.222988161687739606e+00
9.850000000000000000e+02 1.116596589636949375e+03 1.563906046249394706e+02 5.747060758061840033e+02 1.161842431842144947e+02 7.436505551721144229e+02 7.222988161688003395e+00
9.870000000000000000e+02 1.116645576152143349e+03 1.563906046249483666e+02 5.747060758062166315e+02 1.161842431842297714e+02 7.436505551720873655e+02 7.267645780583559478e+00
9.890000000000000000e+02 1.116645576152210424e+03 1.563906046249483666e+02 5.747060758062166315e+02 1.172016555167285077e+02 7.457283155064276343e+02 7.296182777535788588e+00
9.910000000000000000e+02 1.116645576152082185e+03 1.563906046249394706e+02 5.751675492511271841e+02 1.173452381439245897e+02 7.511160603877315225e+02 7.296182777535645592e+00
9.930000000000000000e+02 1.117900255297949343e+03 1.563906046249487929e+02 5.754438191925241881e+02 1.173452381439272472e+02 7.511160603877901849e+02 7.296182777536075470e+00
9.950000000000000000e+02 1.121678359177560651e+03 1.563913901367513404e+02 5.754438191924260764e+02 1.173452381439245897e+02 7.511160603876968480e+02 7.296182777534832020e+00
9.970000000000000000e+02 1.121736371428176881e+03 1.563920987623663166e+02 5.754438191924934927e+02 1.173452381439312546e+02 7.511160603877048061e+02 7.340737908834616299e+00
9.990000000000000000e+02 1.121736371428174152e+03 1.563920987623663166e+02 5.754438191924588182e+02 1.183274305154545516e+02 7.529389720502266528e+02 7.370109325335275408e+00
1.001000000000000000e+03 1.121736371428090024e+03 1.563920987623665440e+02 5.754438191924914463e+02 1.185179917977793878e+02 7.586598750177350894e+02 7.370109325334339267e+00
1.003000000000000000e+03 1.122306657548842395e+03 1.563920987623748147e+02 5.754438191924260764e+02 1.185179917977702644e+02 7.586598750177183774e+02 7.370109325334857076e+00
1.005000000000000000e+03 1.122614075845576735e+03 1.563920987623750136e+02 5.756923414863834978e+02 1.185179917977726518e+02 7.586598750177614647e+02 7.370109325335275408e+00
1.007000000000000000e+03 1.125378631437656622e+03 1.563920987623750136e+02 5.761469131589437893e+02 1.185179917977813346e+02 7.586598750177614647e+02 7.410797882965329819e+00
1.009000000000000000e+03 1.126782973440902651e+03 1.563920987623661176e+02 5.761469131589110475e+02 1.194021092565148052e+02 7.598285344074652130e+02 7.444836409253938747e+00
1.011000000000000000e+03 1.126782973441089325e+03 1.563920987623754115e+02 5.761469131589400376e+02 1.197017760772246078e+02 7.662776341863834659e+02 7.444836409254123488e+00
1.013000000000000000e+03 1.127253329947231805e+03 1.563929759853131713e+02 5.761469131589110475e+02 1.197017760772215524e+02 7.662776341862529534e+02 7.444836409253938747e+00
1.015000000000000000e+03 1.127639558413786062e+03 1.563933452139280860e+02 5.761469131589092285e+02 1.197017760772196766e+02 7.662776341864006326e+02 7.444836409253819731e+00
1.017000000000000000e+03 1.127746519778476340e+03 1.563933452139191900e+02 5.761469131589110475e+02 1.197017760772215524e+02 7.662776341863223024e+02 7.477674430059100708e+00
1.019000000000000000e+03 1.127973746776569442e+03 1.563933452139285123e+02 5.761469131589745984e+02 1.204230217933010465e+02 7.662776341863834659e+02 7.520325396454569322e+00
1.021000000000000000e+03 1.131783393738794530e+03 1.563933452139018527e+02 5.767777363207082999e+02 1.208962396718784476e+02 7.740658287947848066e+02 7.520325396454372147e+00
1.023000000000000000e+03 1.132110132208005325e+03 1.563933452139280860e+02 5.768163988961738369e+02 1.208962396718766428e+02 7.739652375506055932e+02 7.520325396454256683e+00
1.025000000000000000e+03 1.132607734702756716e+03 1.563933452139280860e+02 5.768163988961391624e+02 1.208962396718853114e+02 7.739652375506402677e+02 7.520325396454256683e+00
1.027000000000000000e+03 1.132755257095628167e+03 1.563933452139280860e+02 5.768163988961738369e+02 1.208962396718766428e+02 7.739652375506750559e+02 7.541183350715050082e+00
1.029000000000000000e+03 1.132755257095478555e+03 1.563933452139107487e+02 5.768163988961391624e+02 1.213883652784533638e+02 7.739652375506055932e+02 7.596532828758450151e+00
1.031000000000000000e+03 1.132755257095620664e+03 1.563940866375693020e+02 5.768163988961391624e+02 1.221028384073945290e+02 7.803322699469899817e+02 7.596532828758991940e+00
1.033000000000000000e+03 1.134277105049809506e+03 1.563944011299771262e+02 5.768163988961738369e+02 1.221028384073945290e+02 7.817287552102508243e+02 7.596532828759263722e+00
1.035000000000000000e+03 1.137522859107791646e+03 1.563944011299771262e+02 5.770638481928518786e+02 1.221028384073815118e+02 7.817287552101814754e+02 7.596532828758991940e+00
1.037000000000000000e+03 1.137712213011919175e+03 1.563944011299597889e+02 5.774528336267153463e+02 1.221028384073858462e+02 7.817287552101814754e+02 7.601155612116817117e+00
1.039000000000000000e+03 1.137717227287758533e+03 1.563944011299684291e+02 5.774528336267848090e+02 1.222959006656493983e+02 7.817287552102508243e+02 7.673500658542759645e+00
1.041000000000000000e+03 1.137717227287749665e+03 1.563944011299771262e+02 5.774528336267501345e+02 1.233216250551717081e+02 7.862314721048674073e+02 7.673500658542217856e+00
1.043000000000000000e+03 1.137717227287827882e+03 1.563944011299771262e+02 5.774528336267848090e+02 1.233216250551717081e+02 7.895735630178423889e+02 7.673500658541946073e+00
1.045000000000000000e+03 1.138414010239416484e+03 1.563944011299771262e+02 5.774528336267501345e+02 1.233216250551717081e+02 7.895735630178423889e+02 7.673500658542217856e+00
1.047000000000000000e+03 1.140714558102474939e+03 1.563944011299597889e+02 5.774528336267153463e+02 1.233216250551630253e+02 7.895735630177035773e+02 7.673500658541676067e+00
1.049000000000000000e+03 1.142631801590941222e+03 1.563948666922360076e+02 5.774528336267848090e+02 1.233216250551717081e+02 7.895735630178423889e+02 7.735240743718722278e+00
1.051000000000000000e+03 1.142631801590938949e+03 1.563953013212701535e+02 5.778695200983619316e+02 1.243733161965070195e+02 7.917447089259011364e+02 7.751302160788103635e+00
1.053000000000000000e+03 1.142631801590941222e+03 1.563953013212528163e+02 5.780567690048463874e+02 1.245518420943999445e+02 7.974951529723244903e+02 7.751302160788375417e+00
1.055000000000000000e+03 1.143051207029173611e+03 1.563953013212354790e+02 5.780567690047422502e+02 1.245518420943869415e+02 7.974951529723244903e+02 7.751302160787561846e+00
1.057000000000000000e+03 1.143490238562936156e+03 1.563953013212528163e+02 5.780567690048463874e+02 1.245518420943999445e+02 7.974951529723939530e+02 7.751302160788103635e+00
1.059000000000000000e+03 1.143631273885206610e+03 1.563953013212701535e+02 5.780567690048115992e+02 1.245518420943999445e+02 7.974951529723244903e+02 7.788529072996351665e+00
1.061000000000000000e+03 1.145938096890515681e+03 1.563953013212528163e+02 5.780567690048115992e+02 1.251684042192363648e+02 7.974951529723939530e+02 7.829897723110470942e+00
1.063000000000000000e+03 1.147497660648666169e+03 1.563953013212528163e+02 5.780567690048115992e+02 1.257931037449214102e+02 8.048486980186120263e+02 7.829897723111014507e+00
1.065000000000000000e+03 1.147589426167753572e+03 1.563953013212528163e+02 5.780567690047768110e+02 1.257931037449127558e+02 8.054892105996414102e+02 7.829897723110470942e+00
1.067000000000000000e+03 1.148305879465917997e+03 1.563954105060494442e+02 5.785390124413494277e+02 1.257931037449257445e+02 8.054892105996067357e+02 7.829897723110470942e+00
1.069000000000000000e+03 1.148477872851484790e+03 1.563960541508570259e+02 5.786292456303604013e+02 1.257931037449214102e+02 8.054892105996414102e+02 7.837815982892053945e+00
1.071000000000000000e+03 1.148505679407927801e+03 1.563960541508396886e+02 5.786292456303604013e+02 1.258976075967349004e+02 8.054892105997107592e+02 7.909241841224844194e+00
1.073000000000000000e+03 1.148505679407921434e+03 1.563960541508396886e+02 5.786292456303257268e+02 1.270469065951188554e+02 8.096127211427300381e+02 7.909241841224844194e+00
1.075000000000000000e+03 1.150598778352170939e+03 1.563960541508570259e+02 5.786292456303257268e+02 1.270469065951362353e+02 8.135618268120814491e+02 7.909241841224844194e+00
1.077000000000000000e+03 1.152841465589095606e+03 1.563960541508396886e+02 5.786292456303604013e+02 1.270469065951232182e+02 8.135618268120119865e+02 7.909241841225385095e+00
1.079000000000000000e+03 1.153205337448509681e+03 1.563960541508570259e+02 5.786292456303257268e+02 1.270469065951275383e+02 8.135618268119773120e+02 7.909241841224844194e+00
1.081000000000000000e+03 1.153330956452172131e+03 1.563960541508223230e+02 5.786292456303604013e+02 1.270469065951275383e+02 8.135618268120119865e+02 7.963047955820131918e+00
1.083000000000000000e+03 1.153330956452246028e+03 1.563960541508570259e+02 5.790860884893195362e+02 1.278247133977908305e+02 8.139393516266163715e+02 7.989375932768767896e+00
1.085000000000000000e+03 1.153330956452242845e+03 1.563960541508570259e+02 5.791713138228460593e+02 1.283133361018509220e+02 8.217187989858348374e+02 7.989375932769309685e+00
1.087000000000000000e+03 1.153432677067525674e+03 1.563964125331045238e+02 5.791713138228460593e+02 1.283133361018422249e+02 8.217187989857654884e+02 7.989375932769038791e+00
1.089000000000000000e+03 1.155598676812993062e+03 1.563966700230713514e+02 5.791713138228460593e+02 1.283133361018465450e+02 8.217187989858001629e+02 7.989375932769309685e+00
1.091000000000000000e+03 1.158072740751602169e+03 1.563966700230713514e+02 5.791713138227765967e+02 1.283133361018335279e+02 8.217187989857654884e+02 8.004609533741229299e+00
1.093000000000000000e+03 1.158106324938579064e+03 1.563966700230887170e+02 5.791713138228460593e+02 1.284265829218714146e+02 8.217187989858348374e+02 8.070378167238947853e+00
1.095000000000000000e+03 1.158106324938511534e+03 1.563966700230887170e+02 5.791713138228460593e+02 1.295916042640382102e+02 8.260490678661108177e+02 8.070378167238947853e+00
1.097000000000000000e+03 1.158106324938589751e+03 1.563966700230887170e+02 5.791713138227765967e+02 1.295916042640382102e+02 8.299554741395681958e+02 8.070378167238947853e+00
1.099000000000000000e+03 1.158556715164442039e+03 1.563966700230713514e+02 5.795237783141199088e+02 1.295916042640295132e+02 8.299554741395681958e+02 8.070378167238404288e+00
1.101000000000000000e+03 1.158985637360273813e+03 1.563966700230887170e+02 5.796837498030226925e+02 1.295916042640382102e+02 8.299554741396375448e+02 8.070378167238947853e+00
1.103000000000000000e+03 1.159514600199346887e+03 1.563966700230713514e+02 5.796837498030226925e+02 1.295916042640382102e+02 8.299554741396375448e+02 8.123491556691581295e+00
1.105000000000000000e+03 1.162830375347348763e+03 1.563966700230887170e+02 5.796837498030921552e+02 1.302442026024103825e+02 8.299554741396375448e+02 8.152207970561871520e+00
1.107000000000000000e+03 1.162830375347336940e+03 1.563970931346518682e+02 5.796837498029881317e+02 1.308812893618949147e+02 8.378397385620794466e+02 8.152207970561871520e+00
1.109000000000000000e+03 1.162830375347264180e+03 1.563971835131725072e+02 5.796837498029533435e+02 1.308812893618862461e+02 8.382673159589709257e+02 8.152207970561059724e+00
1.111000000000000000e+03 1.163586248422883500e+03 1.563971835131898445e+02 5.796837498030921552e+02 1.308812893618949147e+02 8.382673159590403884e+02 8.152207970561871520e+00
1.113000000000000000e+03 1.163787789455847815e+03 1.563971835131725072e+02 5.796837498030226925e+02 1.308812893618949147e+02 8.382673159591097374e+02 8.156661343518733176e+00
1.115000000000000000e+03 1.163875557613088631e+03 1.563971835131898445e+02 5.798646279026736465e+02 1.308812893618949147e+02 8.382673159590403884e+02 8.234817716722544034e+00
1.117000000000000000e+03 1.163875557613006094e+03 1.563971835131464729e+02 5.801672990996680710e+02 1.320091540807366641e+02 8.409042466734489381e+02 8.234817716722000469e+00
1.119000000000000000e+03 1.166392181303778898e+03 1.563971835131898445e+02 5.801672990997375337e+02 1.321839279018986701e+02 8.466604239772135543e+02 8.234817716722814041e+00
1.121000000000000000e+03 1.167673429381592541e+03 1.563971835131725072e+02 5.801672990997375337e+02 1.321839279019073672e+02 8.466604239772829033e+02 8.234817716723085823e+00
1.123000000000000000e+03 1.168348003856571722e+03 1.563971835131898445e+02 5.801672990997375337e+02 1.321839279018986701e+02 8.466604239771788798e+02 8.234817716722544034e+00
1.125000000000000000e+03 1.168527204294369994e+03 1.563971835131725072e+02 5.801672990997375337e+02 1.321839279019073672e+02 8.466604239772829033e+02 8.268357612084445307e+00
1.127000000000000000e+03 1.168556885908129516e+03 1.563975586398036342e+02 5.801672990996680710e+02 1.324042123352232068e+02 8.466604239771440916e+02 8.318248167425409179e+00
1.129000000000000000e+03 1.168556885908205459e+03 1.563976160511536193e+02 5.801672990997375337e+02 1.334996407026216332e+02 8.519352799570694970e+02 8.318248167426492756e+00
1.131000000000000000e+03 1.168556885908282538e+03 1.563976160511536193e+02 5.801672990997375337e+02 1.334996407026303018e+02 8.551410375055857003e+02 8.318248167427306328e+00
1.133000000000000000e+03 1.169513341980033829e+03 1.563976160511362821e+02 5.805764578268451714e+02 1.334996407026216332e+02 8.551410375056550492e+02 8.318248167426492756e+00
1.135000000000000000e+03 1.172991996529655808e+03 1.563976160511362821e+02 5.806229742575525279e+02 1.334996407026129361e+02 8.551410375055162376e+02 8.318248167425409179e+00
1.137000000000000000e+03 1.173186143810490194e+03 1.563976160511536193e+02 5.806229742576912258e+02 1.334996407026216332e+02 8.551410375055857003e+02 8.376675294508830305e+00
1.139000000000000000e+03 1.173186143810557269e+03 1.563976160511536193e+02 5.806229742576218769e+02 1.340443352132979271e+02 8.551410375055857003e+02 8.402582616506164115e+00
1.141000000000000000e+03 1.173186143810558406e+03 1.563976160511536193e+02 5.806229742575872024e+02 1.348276082437961634e+02 8.626029415702284950e+02 8.402582616506164115e+00
1.143000000000000000e+03 1.173186143810561589e+03 1.563976160511362821e+02 5.806229742576912258e+02 1.348276082437961634e+02 8.637043569830609613e+02 8.402582616506435897e+00
1.145000000000000000e+03 1.173723893508539959e+03 1.563976160511362821e+02 5.806229742575525279e+02 1.348276082437874663e+02 8.637043569830609613e+02 8.402582616505082314e+00
1.147000000000000000e+03 1.174098746659626613e+03 1.563978679907165770e+02 5.806229742576912258e+02 1.348276082437961634e+02 8.637043569830262868e+02 8.402582616506164115e+00
1.149000000000000000e+03 1.176019368965574358e+03 1.563979720888876273e+02 5.807326621627695431e+02 1.348276082437961634e+02 8.637043569831304239e+02 8.481449292867413448e+00
1.151000000000000000e+03 1.177762112248941321e+03 1.563979720888876273e+02 5.810517911232493589e+02 1.356226780620598049e+02 8.642378141109768421e+02 8.487779551391268384e+00
1.153000000000000000e+03 1.177762112248788299e+03 1.563979720888876273e+02 5.810517911231798962e+02 1.361673713603378530e+02 8.723456163367559384e+02 8.487779551389643018e+00
1.155000000000000000e+03 1.177762112248945641e+03 1.563979720888876273e+02 5.810517911232493589e+02 1.361673713603551903e+02 8.723456163368254010e+02 8.487779551391268384e+00
1.157000000000000000e+03 1.178407996876543393e+03 1.563979720888876273e+02 5.810517911232493589e+02 1.361673713603551903e+02 8.723456163368254010e+02 8.487779551391268384e+00
1.159000000000000000e+03 1.178703601344066328e+03 1.563979720889049929e+02 5.810517911232493589e+02 1.361673713603551903e+02 8.723456163368254010e+02 8.496389940959494069e+00
1.161000000000000000e+03 1.178845449276908312e+03 1.563979720888876273e+02 5.810517911232493589e+02 1.361673713603551903e+02 8.723456163368254010e+02 8.573789145918100374e+00
1.163000000000000000e+03 1.178845449276756426e+03 1.563979720888702900e+02 5.810517911231798962e+02 1.371370314562358885e+02 8.740246841650034639e+02 8.573789145918100374e+00
1.165000000000000000e+03 1.181294017158000770e+03 1.563979720888876273e+02 5.810517911232493589e+02 1.375205054417183419e+02 8.810709105934455465e+02 8.573789145918643939e+00
1.167000000000000000e+03 1.182283623803795535e+03 1.563980692670212420e+02 5.812307168243102069e+02 1.375205054417183419e+02 8.810709105934455465e+02 8.573789145919183952e+00
1.169000000000000000e+03 1.182986005482831615e+03 1.563982571316582835e+02 5.814546956200982777e+02 1.375205054417356791e+02 8.810709105935148955e+02 8.573789145918100374e+00
1.171000000000000000e+03 1.183241917739820565e+03 1.563982571316409178e+02 5.814546956200982777e+02 1.375205054417010047e+02 8.810709105933761975e+02 8.592503400469503561e+00
1.173000000000000000e+03 1.183377001591459930e+03 1.563982571316756207e+02 5.814546956200982777e+02 1.375205054417183419e+02 8.810709105934455465e+02 8.660651377889088565e+00
1.175000000000000000e+03 1.183377001591258022e+03 1.563982571316582835e+02 5.814546956201677403e+02 1.385851503308763029e+02 8.833883053636915292e+02 8.660651377890172142e+00
1.177000000000000000e+03 1.183377001591253702e+03 1.563982571316582835e+02 5.814546956200982777e+02 1.388871694274311608e+02 8.898869416605614333e+02 8.660651377889630353e+00
1.179000000000000000e+03 1.183377001591110684e+03 1.563982571316582835e+02 5.814546956200982777e+02 1.388871694274137951e+02 8.898869416604227354e+02 8.660651377889088565e+00
1.181000000000000000e+03 1.186742867746082084e+03 1.563982571316582835e+02 5.814546956200982777e+02 1.388871694274484980e+02 8.898869416605961078e+02 8.660651377889088565e+00
1.183000000000000000e+03 1.187712332622126496e+03 1.563982571316582835e+02 5.814546956201677403e+02 1.388871694274311608e+02 8.898869416605614333e+02 8.684456218842340647e+00
1.185000000000000000e+03 1.187854418842071254e+03 1.563982571316582835e+02 5.816281819569918525e+02 1.388871694274311608e+02 8.898869416604920843e+02 8.748454901257115779e+00
1.187000000000000000e+03 1.187854418842071254e+03 1.563982571316582835e+02 5.818325960996183994e+02 1.399630612694893728e+02 8.923114938087783230e+02 8.748454901257115779e+00
1.189000000000000000e+03 1.187854418841841152e+03 1.563984352966757285e+02 5.818325960996183994e+02 1.402665112307070672e+02 8.987887620836437463e+02 8.748454901257115779e+00
1.191000000000000000e+03 1.187854418842071254e+03 1.563984906249350786e+02 5.818325960996183994e+02 1.402665112307070672e+02 8.987887620837130953e+02 8.748454901257115779e+00
1.193000000000000000e+03 1.188503873779365676e+03 1.563984906249350786e+02 5.818325960996183994e+02 1.402665112307070672e+02 8.987887620837477698e+02 8.748454901257115779e+00
1.195000000000000000e+03 1.188804489191568564e+03 1.563984906249350786e+02 5.818325960995838386e+02 1.402665112307070672e+02 8.987887620836437463e+02 8.772094105999023839e+00
1.197000000000000000e+03 1.191381436145683438e+03 1.563984906249177129e+02 5.818325960995490505e+02 1.402665112307070672e+02 8.987887620836437463e+02 8.837157294006850350e+00
1.199000000000000000e+03 1.192276631387662974e+03 1.563984906249350786e+02 5.818325960996183994e+02 1.412669137401852026e+02 9.007676983750767477e+02 8.837157294007933928e+00
1.201000000000000000e+03 1.192276631387796442e+03 1.563984906249350786e+02 5.818325960996183994e+02 1.416580327012403870e+02 9.077713679014887020e+02 8.837157294008475716e+00
1.203000000000000000e+03 1.192276631387665020e+03 1.563984906249350786e+02 5.819376470602571771e+02 1.416580327012577243e+02 9.077713679014887020e+02 8.837157294007933928e+00
1.205000000000000000e+03 1.192812300667013005e+03 1.563984906249350786e+02 5.821864409021742404e+02 1.416580327012403870e+02 9.077713679014887020e+02 8.837157294007933928e+00
1.207000000000000000e+03 1.193200257192071604e+03 1.563984906249177129e+02 5.821864409021048914e+02 1.416580327012230498e+02 9.077713679014193531e+02 8.855155853513792863e+00
1.209000000000000000e+03 1.193399090146094522e+03 1.563984906249350786e+02 5.821864409021742404e+02 1.416580327012577243e+02 9.077713679014887020e+02 8.926706448477654376e+00
1.211000000000000000e+03 1.193399090145953551e+03 1.563986789798917130e+02 5.821864409021742404e+02 1.424943629372600640e+02 9.087331274473115172e+02 8.926706448476569022e+00
1.213000000000000000e+03 1.195121805381696959e+03 1.563986848793913396e+02 5.821864409022090285e+02 1.430633468701807089e+02 9.168408355348517489e+02 8.926706448478194389e+00
1.215000000000000000e+03 1.196642987276575241e+03 1.563986848793913396e+02 5.821864409021048914e+02 1.430633468701633717e+02 9.168408355347822862e+02 8.926706448476569022e+00
1.217000000000000000e+03 1.197004624678191703e+03 1.563986848793913396e+02 5.821864409021742404e+02 1.430633468701807089e+02 9.168408355348517489e+02 8.926706448476569022e+00
1.219000000000000000e+03 1.197551580870172529e+03 1.563986848793913396e+02 5.821864409021742404e+02 1.430633468701807089e+02 9.168408355348517489e+02 8.933396285958290051e+00
1.221000000000000000e+03 1.197750191770890751e+03 1.563986848793913396e+02 5.821864409021742404e+02 1.430633468701807089e+02 9.168408355349210979e+02 9.017141423668618927e+00
1.223000000000000000e+03 1.197775718734226984e+03 1.563986848794087052e+02 5.825018339386533626e+02 1.436422840809734112e+02 9.168408355348517489e+02 9.017141423668618927e+00
1.225000000000000000e+03 1.197775718734075099e+03 1.563986848793740023e+02 5.825171734228500782e+02 1.444826536311713596e+02 9.253529870848625478e+02 9.017141423667533573e+00
1.227000000000000000e+03 1.197775718734223574e+03 1.563986848793913396e+02 5.825171734228500782e+02 1.444826536312060341e+02 9.260043503141885139e+02 9.017141423667533573e+00
1.229000000000000000e+03 1.198506188026414065e+03 1.563986848794087052e+02 5.825171734228500782e+02 1.444826536311886969e+02 9.260043503141885139e+02 9.017141423668618927e+00
1.231000000000000000e+03 1.201870843062207769e+03 1.563986848793913396e+02 5.825171734228500782e+02 1.444826536312060341e+02 9.260043503142231884e+02 9.017141423668618927e+00
1.233000000000000000e+03 1.202006773367437518e+03 1.563988352282219410e+02 5.825171734228500782e+02 1.444826536311713596e+02 9.260043503141190513e+02 9.098028009036632113e+00
1.235000000000000000e+03 1.202097085013064770e+03 1.563988421111363323e+02 5.825171734228500782e+02 1.447069446478335522e+02 9.260043503141885139e+02 9.108556475193257285e+00
1.237000000000000000e+03 1.202097085013062724e+03 1.563988421111363323e+02 5.825171734228500782e+02 1.459150672788317422e+02 9.323724374556140901e+02 9.108556475192173707e+00
1.239000000000000000e+03 1.202097085013135029e+03 1.563988421111363323e+02 5.825171734228500782e+02 1.459150672788144050e+02 9.352568158942781338e+02 9.108556475192173707e+00
1.241000000000000000e+03 1.202097085013056130e+03 1.563988421111363323e+02 5.826484821099680858e+02 1.459150672788317422e+02 9.352568158942086711e+02 9.108556475193257285e+00
1.243000000000000000e+03 1.202843283538636570e+03 1.563988421111189950e+02 5.828258472007074715e+02 1.459150672788144050e+02 9.352568158942433456e+02 9.108556475192173707e+00
1.245000000000000000e+03 1.203078732657837463e+03 1.563988421111363323e+02 5.828258472008462832e+02 1.459150672788144050e+02 9.352568158942086711e+02 9.167007404347563337e+00
1.247000000000000000e+03 1.205445118524625286e+03 1.563988421111363323e+02 5.828258472007769342e+02 1.459150672788317422e+02 9.352568158942781338e+02 9.200908307082549697e+00
1.249000000000000000e+03 1.206361540761046626e+03 1.563988421111363323e+02 5.828258472007769342e+02 1.471295366680010090e+02 9.388362395586214006e+02 9.200908307082549697e+00
1.251000000000000000e+03 1.206361540760900198e+03 1.563988421111189950e+02 5.828258472007769342e+02 1.473600491047784260e+02 9.445929820828257562e+02 9.200908307081464343e+00
1.253000000000000000e+03 1.206361540761055267e+03 1.563988421111363323e+02 5.828258472007769342e+02 1.473600491047784260e+02 9.445929820828952188e+02 9.200908307082549697e+00
1.255000000000000000e+03 1.206744955062708641e+03 1.563989304077459224e+02 5.828258472007769342e+02 1.473600491047784260e+02 9.445929820828952188e+02 9.200908307082549697e+00
1.257000000000000000e+03 1.207293912320597428e+03 1.563989650257141477e+02 5.828258472008462832e+02 1.473600491047957632e+02 9.445929820828952188e+02 9.230519431896629712e+00
1.259000000000000000e+03 1.207484822689382781e+03 1.563989650257141477e+02 5.828258472007769342e+02 1.473600491047784260e+02 9.445929820829645678e+02 9.294142445737465508e+00
1.261000000000000000e+03 1.207524055480094603e+03 1.563989650256968105e+02 5.830295508492399676e+02 1.480296506893921560e+02 9.445929820828257562e+02 9.294142445736381930e+00
1.263000000000000000e+03 1.207524055480114157e+03 1.563989650257314850e+02 5.831134886137567719e+02 1.488192483182527894e+02 9.541475530108756402e+02 9.294142445738007297e+00
1.265000000000000000e+03 1.210787843712698077e+03 1.563989650257141477e+02 5.831134886138261209e+02 1.488192483182701551e+02 9.540188915870689925e+02 9.294142445737465508e+00
1.267000000000000000e+03 1.210568554571825416e+03 1.563989650257141477e+02 5.831134886137567719e+02 1.488192483182441208e+02 9.540188915870689925e+02 9.294142445737465508e+00
1.269000000000000000e+03 1.211460524542841085e+03 1.563989650256968105e+02 5.831134886137567719e+02 1.488192483182527894e+02 9.540188915869995299e+02 9.294142445737465508e+00
1.271000000000000000e+03 1.211588887488506543e+03 1.563989650257141477e+02 5.831134886137914464e+02 1.488192483182527894e+02 9.540188915871383415e+02 9.382482026994111379e+00
1.273000000000000000e+03 1.211741563007292370e+03 1.563989650257141477e+02 5.831134886138261209e+02 1.488192483182701551e+02 9.540188915870689925e+02 9.388296889409472712e+00
1.275000000000000000e+03 1.211741563007296463e+03 1.563989650257314850e+02 5.831134886137567719e+02 1.503092609955562864e+02 9.595266330480328634e+02 9.388296889408387358e+00
1.277000000000000000e+03 1.211741563007278273e+03 1.563989898571878427e+02 5.831134886137567719e+02 1.502929086632555311e+02 9.635422340552313472e+02 9.388296889408929147e+00
1.279000000000000000e+03 1.211741563007283503e+03 1.563990637425995089e+02 5.831134886138261209e+02 1.502929086632728684e+02 9.635422340553006961e+02 9.388296889409472712e+00
1.281000000000000000e+03 1.212992053032377953e+03 1.563990637425821717e+02 5.833268730016937980e+02 1.502929086632815370e+02 9.635422340553700451e+02 9.388296889408387358e+00
1.283000000000000000e+03 1.215668912288537740e+03 1.563990637425995089e+02 5.833809534242645896e+02 1.502929086632728684e+02 9.635422340553006961e+02 9.435331668300158015e+00
1.285000000000000000e+03 1.215852855153203564e+03 1.563990637425821717e+02 5.833809534241951269e+02 1.502929086632555311e+02 9.635422340553006961e+02 9.483471742403837723e+00
1.287000000000000000e+03 1.215903087934213545e+03 1.563990637425821717e+02 5.833809534241257779e+02 1.510311417180984392e+02 9.642803688455353495e+02 9.483471742402754145e+00
1.289000000000000000e+03 1.215903087934365431e+03 1.563990637425821717e+02 5.833809534241951269e+02 1.517801097622277382e+02 9.731577636028221150e+02 9.483471742404381288e+00
1.291000000000000000e+03 1.215903087934363157e+03 1.563990637425821717e+02 5.833809534242298014e+02 1.517801097622277382e+02 9.731577636029609266e+02 9.483471742404923077e+00
1.293000000000000000e+03 1.215903087934363157e+03 1.563990637425995089e+02 5.833809534241951269e+02 1.517801097622104010e+02 9.731577636028221150e+02 9.483471742403837723e+00
1.295000000000000000e+03 1.216683619451254572e+03 1.563990637425648060e+02 5.833809534241257779e+02 1.517801097622104010e+02 9.731577636028914640e+02 9.483471742402754145e+00
1.297000000000000000e+03 1.216898314388970221e+03 1.563990637425995089e+02 5.833809534241951269e+02 1.517801097622104010e+02 9.731577636029609266e+02 9.578160703949599508e+00
1.299000000000000000e+03 1.218109450480525993e+03 1.563990637425821717e+02 5.833809534242645896e+02 1.517801097622277382e+02 9.731577636028221150e+02 9.579622877347366838e+00
1.301000000000000000e+03 1.220007360517021652e+03 1.563991084257455952e+02 5.835521765550078044e+02 1.531513211752537416e+02 9.780885920519788215e+02 9.579622877348452192e+00
1.303000000000000000e+03 1.220007360517162397e+03 1.563991448256043952e+02 5.836290831309071336e+02 1.532802707455982443e+02 9.828599752517708339e+02 9.579622877347366838e+00
1.305000000000000000e+03 1.220007360517005282e+03 1.563991448255870580e+02 5.836290831308376710e+02 1.532802707455809070e+02 9.828599752516320223e+02 9.579622877346283261e+00
1.307000000000000000e+03 1.220146338436198903e+03 1.563991448256043952e+02 5.836290831309071336e+02 1.532802707455982443e+02 9.828599752518401829e+02 9.579622877348452192e+00
1.309000000000000000e+03 1.220972662395228781e+03 1.563991448256043952e+02 5.836290831309071336e+02 1.532802707455809070e+02 9.828599752517708339e+02 9.619361167702072279e+00
1.311000000000000000e+03 1.221082777726116547e+03 1.563991448256043952e+02 5.836290831309071336e+02 1.532802707455982443e+02 9.828599752517708339e+02 9.676693367026466319e+00
1.313000000000000000e+03 1.221210823131543293e+03 1.563991448255870580e+02 5.836290831309071336e+02 1.536791583235837209e+02 9.828599752516320223e+02 9.676693367024297388e+00
1.315000000000000000e+03 1.221210823131547613e+03 1.563991448256043952e+02 5.836290831309071336e+02 1.547950752973058286e+02 9.914010510514436874e+02 9.676693367025922754e+00
1.317000000000000000e+03 1.221923196071634493e+03 1.563991448256043952e+02 5.836290831309071336e+02 1.547950752972884629e+02 9.926548618430231272e+02 9.676693367025382742e+00
1.319000000000000000e+03 1.224052933678037107e+03 1.563991448256043952e+02 5.836290831309071336e+02 1.547950752973058286e+02 9.926548618428843156e+02 9.676693367025382742e+00
1.321000000000000000e+03 1.224444528432298966e+03 1.563991448256043952e+02 5.837166109252250408e+02 1.547950752973058286e+02 9.926548618429536646e+02 9.676693367026466319e+00
1.323000000000000000e+03 1.225027020604787822e+03 1.563991448255870580e+02 5.838589707450603328e+02 1.547950752972884629e+02 9.926548618428843156e+02 9.751906913593602511e+00
1.325000000000000000e+03 1.225193657322749459e+03 1.563991842930441294e+02 5.838589707451991444e+02 1.547950752973058286e+02 9.926548618428843156e+02 9.774719999802121251e+00
1.327000000000000000e+03 1.225267097471241186e+03 1.563992093017198215e+02 5.838589707451296817e+02 1.556264761160518049e+02 9.943111730741082965e+02 9.774719999802121251e+00
1.329000000000000000e+03 1.225267097471104307e+03 1.563992093017024843e+02 5.838589707451991444e+02 1.563248139575118500e+02 1.002550638194016301e+03 9.774719999802121251e+00
1.331000000000000000e+03 1.225267097471090210e+03 1.563992093017024843e+02 5.838589707451296817e+02 1.563248139574945128e+02 1.002550638193877603e+03 9.774719999801035897e+00
1.333000000000000000e+03 1.225267097471102261e+03 1.563992093017024843e+02 5.838589707451296817e+02 1.563248139575205187e+02 1.002550638194016301e+03 9.774719999802121251e+00
1.335000000000000000e+03 1.225845407778858089e+03 1.563992093017198215e+02 5.838589707451991444e+02 1.563248139575118500e+02 1.002550638194085877e+03 9.780449548511512603e+00
1.337000000000000000e+03 1.229001876501369679e+03 1.563992093017024843e+02 5.838589707451296817e+02 1.563248139575118500e+02 1.002550638194016301e+03 9.873808980915329769e+00
1.339000000000000000e+03 1.229230836362652553e+03 1.563992093017198215e+02 5.838589707451991444e+02 1.563248139575118500e+02 1.002550638194016301e+03 9.873808980915329769e+00
1.341000000000000000e+03 1.229266300962997775e+03 1.563992093016851186e+02 5.838589707451296817e+02 1.574884385666629214e+02 1.006483479642911107e+03 9.873808980913160838e+00
1.343000000000000000e+03 1.229266300963151707e+03 1.563992093017198215e+02 5.840430973869797526e+02 1.578685306260520065e+02 1.012541908614328349e+03 9.873808980915869782e+00
1.345000000000000000e+03 1.229266300963150570e+03 1.563992093017024843e+02 5.840717057856853671e+02 1.578685306260520065e+02 1.012541908614328349e+03 9.873808980915329769e+00
1.347000000000000000e+03 1.229266300963151707e+03 1.563992093017198215e+02 5.840717057856853671e+02 1.578685306260260006e+02 1.012541908614328349e+03 9.873808980915329769e+00
1.349000000000000000e+03 1.229962254633979455e+03 1.563992304056023670e+02 5.840717057856159045e+02 1.578685306260346692e+02 1.012541908614259114e+03 9.901871021524314642e+00
1.351000000000000000e+03 1.230257386986306074e+03 1.563992583991126537e+02 5.840717057856853671e+02 1.578685306260520065e+02 1.012541908614328349e+03 9.973915401852336160e+00
1.353000000000000000e+03 1.230487113398530710e+03 1.563992583991126537e+02 5.840717057856159045e+02 1.578685306260520065e+02 1.012541908614328349e+03 9.973915401853419738e+00
1.355000000000000000e+03 1.232040250140160424e+03 1.563992583990952880e+02 5.840717057856853671e+02 1.592596698141331046e+02 1.018086586781902156e+03 9.973915401852336160e+00
1.357000000000000000e+03 1.233208166331965003e+03 1.563992583991126537e+02 5.840717057856853671e+02 1.594256006411456781e+02 1.022622904573305959e+03 9.973915401852336160e+00
1.359000000000000000e+03 1.233208166331962730e+03 1.563992583990952880e+02 5.840717057856159045e+02 1.594256006411110036e+02 1.022622904573167148e+03 9.973915401852336160e+00
1.361000000000000000e+03 1.233208166332101655e+03 1.563992583991126537e+02 5.840717057856853671e+02 1.594256006411283408e+02 1.022622904573305959e+03 9.973915401852336160e+00
1.363000000000000000e+03 1.233950065224285254e+03 1.563992583990952880e+02 5.840991679628010615e+02 1.594256006411283408e+02 1.022622904573167148e+03 1.001778584461916388e+01
1.365000000000000000e+03 1.234207085521968793e+03 1.563992583991126537e+02 5.842680324258386690e+02 1.594256006411283408e+02 1.022622904573305959e+03 1.007497979069356298e+01
1.367000000000000000e+03 1.234441727126615433e+03 1.563992583990952880e+02 5.842680324256998574e+02 1.594256006411283408e+02 1.022622904573167148e+03 1.007497979069247940e+01
1.369000000000000000e+03 1.234453415712892820e+03 1.563992583990952880e+02 5.842680324257693201e+02 1.609375082522491880e+02 1.029093152846993689e+03 1.007497979069356298e+01
1.371000000000000000e+03 1.234453415713031745e+03 1.563992583991126537e+02 5.842680324258386690e+02 1.609977402004976454e+02 1.032799551816121493e+03 1.007497979069410476e+01
1.373000000000000000e+03 1.234453415713029472e+03 1.563992583991126537e+02 5.842680324257693201e+02 1.609977402004976454e+02 1.032799551816121493e+03 1.007497979069356298e+01
1.375000000000000000e+03 1.237029720768838843e+03 1.563992969402273729e+02 5.842680324256998574e+02 1.609977402004803082e+02 1.032799551816121493e+03 1.007497979069247940e+01
1.377000000000000000e+03 1.237806358263243055e+03 1.563992969650859663e+02 5.842680324258386690e+02 1.609977402004976454e+02 1.032799551816260191e+03 1.012788818892905418e+01
1.379000000000000000e+03 1.238099652723532699e+03 1.563992969651033320e+02 5.842680324257693201e+02 1.609977402004976454e+02 1.032799551816121493e+03 1.017703756949275906e+01
1.381000000000000000e+03 1.238320678938270021e+03 1.563992969650859663e+02 5.842680324257693201e+02 1.609977402004976454e+02 1.032799551816121493e+03 1.017703756949275906e+01
1.383000000000000000e+03 1.238347928000122465e+03 1.563992969651033320e+02 5.842680324258386690e+02 1.625182271405151084e+02 1.039484481301783262e+03 1.017703756949275906e+01
1.385000000000000000e+03 1.238347927999974900e+03 1.563992969650859663e+02 5.843040330615057201e+02 1.625852896197481243e+02 1.043080611007329935e+03 1.017703756949167371e+01
1.387000000000000000e+03 1.238347928000131105e+03 1.563992969651033320e+02 5.844486712740931580e+02 1.625852896197654900e+02 1.043080611007329935e+03 1.017703756949275906e+01
1.389000000000000000e+03 1.238347928000122465e+03 1.563992969651033320e+02 5.844486712740931580e+02 1.625852896197915243e+02 1.043080611007329935e+03 1.017703756949275906e+01
1.391000000000000000e+03 1.238958269697844798e+03 1.563992969650859663e+02 5.844486712741625070e+02 1.625852896197654900e+02 1.043080611007329935e+03 1.023198429809754018e+01
1.393000000000000000e+03 1.239910559574534545e+03 1.563992969650859663e+02 5.844486712740238090e+02 1.625852896197481243e+02 1.043080611007329935e+03 1.028020130149857181e+01
1.395000000000000000e+03 1.242122670357776542e+03 1.563992969651033320e+02 5.844486712741625070e+02 1.625852896197654900e+02 1.043080611007329935e+03 1.028020130149857181e+01
1.397000000000000000e+03 1.242184727077580646e+03 1.563992969650859663e+02 5.844486712740931580e+02 1.639963720867845893e+02 1.049230871053158353e+03 1.028020130149857181e+01
1.399000000000000000e+03 1.242184727077730486e+03 1.563993068315512573e+02 5.844486712740931580e+02 1.641872560335065714e+02 1.053460536800804221e+03 1.028020130149965539e+01
1.401000000000000000e+03 1.242184727077581783e+03 1.563993282291051230e+02 5.844486712741625070e+02 1.641872560335239086e+02 1.053460536800665523e+03 1.028020130149857181e+01
1.403000000000000000e+03 1.242184727077509251e+03 1.563993282290704201e+02 5.844486712740238090e+02 1.641872560334978743e+02 1.053460536800665523e+03 1.028020130149748823e+01
1.405000000000000000e+03 1.242610692519087479e+03 1.563993282291051230e+02 5.844486712741625070e+02 1.641872560335239086e+02 1.053460536800665523e+03 1.032980851408109935e+01
1.407000000000000000e+03 1.243209936435318468e+03 1.563993282290877858e+02 5.844486712740931580e+02 1.641872560335239086e+02 1.053460536800804221e+03 1.038442535576623449e+01
1.409000000000000000e+03 1.243345791894423201e+03 1.563993282290877858e+02 5.846212032999814028e+02 1.641872560335239086e+02 1.053460536800665523e+03 1.038442535576623449e+01
1.411000000000000000e+03 1.243462587347259159e+03 1.563993282290877858e+02 5.846146883818626065e+02 1.653669693051952549e+02 1.058298028135257255e+03 1.038442535576406733e+01
1.413000000000000000e+03 1.244143908502594968e+03 1.563993282290877858e+02 5.846146883819319555e+02 1.658029693323015294e+02 1.063933288136253850e+03 1.038442535576623449e+01
1.415000000000000000e+03 1.245963614306970385e+03 1.563993282290877858e+02 5.846146883818626065e+02 1.658029693323015294e+02 1.063933288136253850e+03 1.038442535576515091e+01
1.417000000000000000e+03 1.245963614306970385e+03 1.563993282291051230e+02 5.846146883819319555e+02 1.658029693322928892e+02 1.063933288136115152e+03 1.038442535576623449e+01
1.419000000000000000e+03 1.246122644089290588e+03 1.563993282290877858e+02 5.846146883818626065e+02 1.658029693323015294e+02 1.063933288136253850e+03 1.042101600783702331e+01
1.421000000000000000e+03 1.246996787246138865e+03 1.563993282290877858e+02 5.846146883818626065e+02 1.658029693322841922e+02 1.063933288136115152e+03 1.048964762097922332e+01
1.423000000000000000e+03 1.247059346185524873e+03 1.563993282290877858e+02 5.846146883818626065e+02 1.658029693323015294e+02 1.063933288136253850e+03 1.048964762098030867e+01
1.425000000000000000e+03 1.247251424178132311e+03 1.563993373381901506e+02 5.846146883819319555e+02 1.666265246662648849e+02 1.066656881507921298e+03 1.048964762098139225e+01
1.427000000000000000e+03 1.247251424178119123e+03 1.563993526320327305e+02 5.846146883818626065e+02 1.674341759905738343e+02 1.074504705325801751e+03 1.048964762098085046e+01
1.429000000000000000e+03 1.247251424177976332e+03 1.563993526319980276e+02 5.846146883818626065e+02 1.674341759905564970e+02 1.074504705325662826e+03 1.048964762097922332e+01
1.431000000000000000e+03 1.247251424178130037e+03 1.563993526320327305e+02 5.847145746878251202e+02 1.674341759905738343e+02 1.074504705325801751e+03 1.048964762098030867e+01
1.433000000000000000e+03 1.247622861956024281e+03 1.563993526320153649e+02 5.847671770269068929e+02 1.674341759905738343e+02 1.074504705325801751e+03 1.050529184505729852e+01
1.435000000000000000e+03 1.250533860245334836e+03 1.563993526320327305e+02 5.847671770269068929e+02 1.674341759905911715e+02 1.074504705325801751e+03 1.059590198909362080e+01
1.437000000000000000e+03 1.250727068304142449e+03 1.563993526320153649e+02 5.847671770269763556e+02 1.674341759905738343e+02 1.074504705325801751e+03 1.059590198909362080e+01
1.439000000000000000e+03 1.250951660103462928e+03 1.563993526320153649e+02 5.847671770268375440e+02 1.677705004467233607e+02 1.074504705325801751e+03 1.059590198909253722e+01
1.441000000000000000e+03 1.250983675149834198e+03 1.563993526320327305e+02 5.847671770269068929e+02 1.690812690930722226e+02 1.084958812319347544e+03 1.059590198909253722e+01
1.443000000000000000e+03 1.250983675149765077e+03 1.563993526320153649e+02 5.847671770269068929e+02 1.690812690930895599e+02 1.085184115236226262e+03 1.059590198909362080e+01
1.445000000000000000e+03 1.250983675149977444e+03 1.563993526320327305e+02 5.847671770269068929e+02 1.690812690930722226e+02 1.085184115236087564e+03 1.059590198909362080e+01
1.447000000000000000e+03 1.250983675149678220e+03 1.563993526319980276e+02 5.847671770269068929e+02 1.690812690930635256e+02 1.085184115236087564e+03 1.059590198909145187e+01
1.449000000000000000e+03 1.251400755221477084e+03 1.563993526320327305e+02 5.847671770269068929e+02 1.690812690930722226e+02 1.085184115236226262e+03 1.068974220207663173e+01
1.451000000000000000e+03 1.252035108414385377e+03 1.563993556503301363e+02 5.847671770269068929e+02 1.690812690930722226e+02 1.085184115236087564e+03 1.070330764286770631e+01
1.453000000000000000e+03 1.252145249356030035e+03 1.563993706857683037e+02 5.847671770269068929e+02 1.690812690930895599e+02 1.085184115236087564e+03 1.070330764286770631e+01
1.455000000000000000e+03 1.254302868551318170e+03 1.563993706857509665e+02 5.849125992846148847e+02 1.704561408577380632e+02 1.091921614875118621e+03 1.070330764286824632e+01
1.457000000000000000e+03 1.254659532358135948e+03 1.563993706857509665e+02 5.849067606465696372e+02 1.707432179797081631e+02 1.095965823468408871e+03 1.070330764286662095e+01
1.459000000000000000e+03 1.254659532358283286e+03 1.563993706857683037e+02 5.849067606467084488e+02 1.707432179797255287e+02 1.095965823468547569e+03 1.070330764286770631e+01
1.461000000000000000e+03 1.254659532358296246e+03 1.563993706857683037e+02 5.849067606466389861e+02 1.707432179797428660e+02 1.095965823468547569e+03 1.070330764286770631e+01
1.463000000000000000e+03 1.254659532358278966e+03 1.563993706857683037e+02 5.849067606467084488e+02 1.707432179797255287e+02 1.095965823468478447e+03 1.076042696296071277e+01
1.465000000000000000e+03 1.255612550158631848e+03 1.563993706857509665e+02 5.849067606466389861e+02 1.707432179797081631e+02 1.095965823468408871e+03 1.081181829682711104e+01
1.467000000000000000e+03 1.255719456268828935e+03 1.563993706857509665e+02 5.849067606466389861e+02 1.707432179797428660e+02 1.095965823468547569e+03 1.081181829682927820e+01
1.469000000000000000e+03 1.255953205752556187e+03 1.563993706857683037e+02 5.849067606467084488e+02 1.713688210872553555e+02 1.098085033645196290e+03 1.081181829682819462e+01
1.471000000000000000e+03 1.255980505927662989e+03 1.563993706857683037e+02 5.849067606466389861e+02 1.724193054177328008e+02 1.106843507251154051e+03 1.081181829682819462e+01
1.473000000000000000e+03 1.255980505927658669e+03 1.563993706857509665e+02 5.849067606466389861e+02 1.724193054177154636e+02 1.106843507251015126e+03 1.081181829682819462e+01
1.475000000000000000e+03 1.256803215194642462e+03 1.563993706857509665e+02 5.849067606466389861e+02 1.724193054177328008e+02 1.106843507251154051e+03 1.081181829682819462e+01
1.477000000000000000e+03 1.258277460715840789e+03 1.563993706857683037e+02 5.849315443262614735e+02 1.724193054177241606e+02 1.106843507251154051e+03 1.082327369892168178e+01
1.479000000000000000e+03 1.258620364156691039e+03 1.563993802561163022e+02 5.850340310373929924e+02 1.724193054177328008e+02 1.106843507251154051e+03 1.092136910180088094e+01
1.481000000000000000e+03 1.259345462615276119e+03 1.563993845150706079e+02 5.850340310373236434e+02 1.724193054177328008e+02 1.106843507251154051e+03 1.092136910180088094e+01
1.483000000000000000e+03 1.259420204647514083e+03 1.563993845150532422e+02 5.850340310373236434e+02 1.724193054177154636e+02 1.106843507251015126e+03 1.092136910180088094e+01
1.485000000000000000e+03 1.259608526148914734e+03 1.563993845150879451e+02 5.850340310373929924e+02 1.738428071006506457e+02 1.114395749962915261e+03 1.092136910180088094e+01
1.487000000000000000e+03 1.259608526148914734e+03 1.563993845150706079e+02 5.850340310373236434e+02 1.741113056257653682e+02 1.117822901987308796e+03 1.092136910180196452e+01
1.489000000000000000e+03 1.259608526148919282e+03 1.563993845150706079e+02 5.850340310373929924e+02 1.741113056257827338e+02 1.117822901987308796e+03 1.092136910180088094e+01
1.491000000000000000e+03 1.259608526148761030e+03 1.563993845150706079e+02 5.850340310372542945e+02 1.741113056257740368e+02 1.117822901987308796e+03 1.092136910180088094e+01
1.493000000000000000e+03 1.259608526148776036e+03 1.563993845150706079e+02 5.850340310373929924e+02 1.741113056257653682e+02 1.117822901987377918e+03 1.098856916954111185e+01
1.495000000000000000e+03 1.260321143050375213e+03 1.563993845150706079e+02 5.850340310373236434e+02 1.741113056257827338e+02 1.117822901987308796e+03 1.103199224839336345e+01
1.497000000000000000e+03 1.262191056386860510e+03 1.563993845150706079e+02 5.850340310373929924e+02 1.741113056257653682e+02 1.117822901987447494e+03 1.103199224839444881e+01
1.499000000000000000e+03 1.263071452937002277e+03 1.563993845150879451e+02 5.850340310373236434e+02 1.745052188059301272e+02 1.118967252158181736e+03 1.103199224839336345e+01
1.501000000000000000e+03 1.263179964669804804e+03 1.563993845150532422e+02 5.850340310373236434e+02 1.758196674431916620e+02 1.128913920612345464e+03 1.103199224839227988e+01
1.503000000000000000e+03 1.263179964669965102e+03 1.563993845150706079e+02 5.851625927359021944e+02 1.758196674431916620e+02 1.128913920612623087e+03 1.103199224839336345e+01
1.505000000000000000e+03 1.263179964669960782e+03 1.563993845150879451e+02 5.851499700763179135e+02 1.758196674431916620e+02 1.128913920612484389e+03 1.103199224839336345e+01
1.507000000000000000e+03 1.263179964670017398e+03 1.563993949386596682e+02 5.851499700763179135e+02 1.758196674432089992e+02 1.128913920612692664e+03 1.103199224839336345e+01
1.509000000000000000e+03 1.263179964669817764e+03 1.563993955768644355e+02 5.851499700762485645e+02 1.758196674431743247e+02 1.128913920612484389e+03 1.114765348766435160e+01
1.511000000000000000e+03 1.264179087386713036e+03 1.563993955768644355e+02 5.851499700763179135e+02 1.758196674432089992e+02 1.128913920612484389e+03 1.114381380433395030e+01
1.513000000000000000e+03 1.264266506397593048e+03 1.563993955768644355e+02 5.851499700763179135e+02 1.758196674431916620e+02 1.128913920612623087e+03 1.114381380433503566e+01
1.515000000000000000e+03 1.264484094280942145e+03 1.563993955768644355e+02 5.851499700763179135e+02 1.767507322839728658e+02 1.133839850865347898e+03 1.114381380433449387e+01
1.517000000000000000e+03 1.264533849168704137e+03 1.563993955768644355e+02 5.851499700763179135e+02 1.775433214051651305e+02 1.140110720765918813e+03 1.114381380433395030e+01
1.519000000000000000e+03 1.266255807286049730e+03 1.563993955768470983e+02 5.851499700762485645e+02 1.775433214051477648e+02 1.140110720765780115e+03 1.114381380433395030e+01
1.521000000000000000e+03 1.266696253219802202e+03 1.563993955768644355e+02 5.851499700763179135e+02 1.775433214051824677e+02 1.140110720765918813e+03 1.114381380433395030e+01
1.523000000000000000e+03 1.266696253219819482e+03 1.563993955768644355e+02 5.851499700763179135e+02 1.775433214051651305e+02 1.140110720765988162e+03 1.118724011217120662e+01
1.525000000000000000e+03 1.266799321933504871e+03 1.563993955768817727e+02 5.851499700763179135e+02 1.775433214051651305e+02 1.140110720765918813e+03 1.125678690755546185e+01
1.527000000000000000e+03 1.267791412732236267e+03 1.563993955768470983e+02 5.852322922010599768e+02 1.775433214051477648e+02 1.140110720765918813e+03 1.125678690755546185e+01
1.529000000000000000e+03 1.267791412732392246e+03 1.563993955768644355e+02 5.852556176634549274e+02 1.775433214051651305e+02 1.140110720765918813e+03 1.125678690755546185e+01
1.531000000000000000e+03 1.268048286865814816e+03 1.563993955768644355e+02 5.852556176633854648e+02 1.788803288498008612e+02 1.147987349982837486e+03 1.125678690755546185e+01
1.533000000000000000e+03 1.268060965687284124e+03 1.563993955768644355e+02 5.852556176634549274e+02 1.792815014647550242e+02 1.151406688581629851e+03 1.125678690755546185e+01
1.535000000000000000e+03 1.268060965687127918e+03 1.563994033030625985e+02 5.852556176633854648e+02 1.792815014647376586e+02 1.151406688581629851e+03 1.125678690755654721e+01
1.537000000000000000e+03 1.268060965686984900e+03 1.563994040456283301e+02 5.852556176633854648e+02 1.792815014647376586e+02 1.151406688581491153e+03 1.125678690755437827e+01
1.539000000000000000e+03 1.268060965687262524e+03 1.563994040456283301e+02 5.852556176633854648e+02 1.792815014647550242e+02 1.151406688581629851e+03 1.133170626874124842e+01
1.541000000000000000e+03 1.269767008635464435e+03 1.563994040456456673e+02 5.852556176634549274e+02 1.792815014647550242e+02 1.151406688581629851e+03 1.137084386855047136e+01
1.543000000000000000e+03 1.271260030114378651e+03 1.563994040456456673e+02 5.852556176633854648e+02 1.792815014647376586e+02 1.151406688581629851e+03 1.137084386854938778e+01
1.545000000000000000e+03 1.271260030114148776e+03 1.563994040456283301e+02 5.852556176633854648e+02 1.792815014647376586e+02 1.151406688581491153e+03 1.137084386854938778e+01
1.547000000000000000e+03 1.271533465032129243e+03 1.563994040456456673e+02 5.852556176634549274e+02 1.808900060921991724e+02 1.161375423660848583e+03 1.137084386855047136e+01
1.549000000000000000e+03 1.271531619540969132e+03 1.563994040456283301e+02 5.852556176633854648e+02 1.810360067372104709e+02 1.162807433918305833e+03 1.137084386854938778e+01
1.551000000000000000e+03 1.271531619541129430e+03 1.563994040456456673e+02 5.852748390164364309e+02 1.810360067372278365e+02 1.162807433918305833e+03 1.137084386855047136e+01
1.553000000000000000e+03 1.271531619540969132e+03 1.563994040456456673e+02 5.853514766040318591e+02 1.810360067372104709e+02 1.162807433918444531e+03 1.137084386854938778e+01
1.555000000000000000e+03 1.271531619540951851e+03 1.563994040456283301e+02 5.853514766039625101e+02 1.810360067372018307e+02 1.162807433918236256e+03 1.146884850766272379e+01
1.557000000000000000e+03 1.271741844974401829e+03 1.563994040456456673e+02 5.853514766040318591e+02 1.810360067372104709e+02 1.162807433918444531e+03 1.148601499786688507e+01
1.559000000000000000e+03 1.272644279549234398e+03 1.563994040456456673e+02 5.853514766039625101e+02 1.810360067372104709e+02 1.162807433918305833e+03 1.148601499786688507e+01
1.561000000000000000e+03 1.272644279549368775e+03 1.563994040456283301e+02 5.853514766040318591e+02 1.810360067372278365e+02 1.162807433918305833e+03 1.148601499786688507e+01
1.563000000000000000e+03 1.273789460791356532e+03 1.563994076657706955e+02 5.853514766039625101e+02 1.827754840494528992e+02 1.173982236207377127e+03 1.148601499786634328e+01
1.565000000000000000e+03 1.274946342317648941e+03 1.563994101159635193e+02 5.853514766040318591e+02 1.828073447675097896e+02 1.174323474965877040e+03 1.148601499786688507e+01
1.567000000000000000e+03 1.274946342317640301e+03 1.563994101159635193e+02 5.853514766039625101e+02 1.828073447674924239e+02 1.174323474965877040e+03 1.148601499786797042e+01
1.569000000000000000e+03 1.274946342317640301e+03 1.563994101159635193e+02 5.853514766040318591e+02 1.828073447675097896e+02 1.174323474965877040e+03 1.148601499786688507e+01
1.571000000000000000e+03 1.274946342317635754e+03 1.563994101159461820e+02 5.853514766039625101e+02 1.828073447674750867e+02 1.174323474965738342e+03 1.159846016027341697e+01
1.573000000000000000e+03 1.275066587805564723e+03 1.563994101159635193e+02 5.853514766040318591e+02 1.828073447675097896e+02 1.174323474965738342e+03 1.160243351704614234e+01
1.575000000000000000e+03 1.276068451851958571e+03 1.563994101159635193e+02 5.853514766039625101e+02 1.828073447674924239e+02 1.174323474965877040e+03 1.160243351704614234e+01
1.577000000000000000e+03 1.276068451851941290e+03 1.563994101159808849e+02 5.853832809762233182e+02 1.828073447675097896e+02 1.174323474965877040e+03 1.160243351704614234e+01
1.579000000000000000e+03 1.276304244724555474e+03 1.563994101159635193e+02 5.854380122846669110e+02 1.845299904227465220e+02 1.185766679655808503e+03 1.160243351704505876e+01
1.581000000000000000e+03 1.276344356543027288e+03 1.563994101159635193e+02 5.854380122845975620e+02 1.845944063021999568e+02 1.185948823016064125e+03 1.160243351704614234e+01
1.583000000000000000e+03 1.276344356542877904e+03 1.563994101159457557e+02 5.854380122845310552e+02 1.845944063021789816e+02 1.185948823015929520e+03 1.160243351704482428e+01
1.585000000000000000e+03 1.276344356542996820e+03 1.563994101159644003e+02 5.854380122846613403e+02 1.845944063022072328e+02 1.185948823016195092e+03 1.160243351704769665e+01
1.587000000000000000e+03 1.278188780156446001e+03 1.563994101159635193e+02 5.854380122845975620e+02 1.845944063021999568e+02 1.185948823016064125e+03 1.172014779214441127e+01
1.589000000000000000e+03 1.278306608772192703e+03 1.563994101159630929e+02 5.854380122846004042e+02 1.845944063021789816e+02 1.185948823016068218e+03 1.172005207627186962e+01
1.591000000000000000e+03 1.279367162108201910e+03 1.563994101159635193e+02 5.854380122845975620e+02 1.845944063021999568e+02 1.185948823016064125e+03 1.172005207627320011e+01
1.593000000000000000e+03 1.279437441894064250e+03 1.563994145837438339e+02 5.854380122845975620e+02 1.845944063021999568e+02 1.185948823016064125e+03 1.172005207627320011e+01
1.595000000000000000e+03 1.279617254212298121e+03 1.563994146346232696e+02 5.854380122845975620e+02 1.861471254420605987e+02 1.196684328177016823e+03 1.172005207627320011e+01
1.597000000000000000e+03 1.279715579535879897e+03 1.563994146346232696e+02 5.854380122846669110e+02 1.863963747804342574e+02 1.197676563534783099e+03 1.172005207627320011e+01
1.599000000000000000e+03 1.279715579535862616e+03 1.563994146346232696e+02 5.854380122845975620e+02 1.863963747804168918e+02 1.197676563534644174e+03 1.172005207627428547e+01
1.601000000000000000e+03 1.279715579535713005e+03 1.563994146346055061e+02 5.854380122845310552e+02 1.863963747804130549e+02 1.197676563534646903e+03 1.172005207627186962e+01
1.603000000000000000e+03 1.279715579535854658e+03 1.563994146346241507e+02 5.854594805241391668e+02 1.863963747804419597e+02 1.197676563534777870e+03 1.183345221478496079e+01
1.605000000000000000e+03 1.279715579535875804e+03 1.563994146346232696e+02 5.855160803074771820e+02 1.863963747804168918e+02 1.197676563534644174e+03 1.183880003901649758e+01
1.607000000000000000e+03 1.280490105233964641e+03 1.563994146346055061e+02 5.855160803074800242e+02 1.863963747804130549e+02 1.197676563534646903e+03 1.183880003901406930e+01
1.609000000000000000e+03 1.281296513141972810e+03 1.563994146346232696e+02 5.855160803074771820e+02 1.863963747804342574e+02 1.197676563534644174e+03 1.183880003901649758e+01
1.611000000000000000e+03 1.282849716742803139e+03 1.563994146346232696e+02 5.855160803075465310e+02 1.876226426174472408e+02 1.206703137798942407e+03 1.183880003901541400e+01
1.613000000000000000e+03 1.283032155278765458e+03 1.563994146346232696e+02 5.855160803074771820e+02 1.882150710312384376e+02 1.209512159018877355e+03 1.183880003901649758e+01
1.615000000000000000e+03 1.283032155278891196e+03 1.563994146346232696e+02 5.855160803075465310e+02 1.882150710312384376e+02 1.209512159018738430e+03 1.183880003901541400e+01
1.617000000000000000e+03 1.283032155278623804e+03 1.563994146346055061e+02 5.855160803074105615e+02 1.882150710312170645e+02 1.209512159018601096e+03 1.183880003901515288e+01
1.619000000000000000e+03 1.283032155278891196e+03 1.563994146346232696e+02 5.855160803074771820e+02 1.882150710312297406e+02 1.209512159018877355e+03 1.193802303577117385e+01
1.621000000000000000e+03 1.283032155278879372e+03 1.563994146346415164e+02 5.855160803075409603e+02 1.882150710312465662e+02 1.209512159018874854e+03 1.195870564955958315e+01
1.623000000000000000e+03 1.283413932942141628e+03 1.563994184977657369e+02 5.855160803075465310e+02 1.882150710312557749e+02 1.209512159018738430e+03 1.195870564955903070e+01
1.625000000000000000e+03 1.284180642615349825e+03 1.563994182001387969e+02 5.855160803074105615e+02 1.882150710312170645e+02 1.209512159018601096e+03 1.195870564955767179e+01
1.627000000000000000e+03 1.284180642615369834e+03 1.563994182001739262e+02 5.855160803075465310e+02 1.889507983091065455e+02 1.215791091839918408e+03 1.195870564955849069e+01
1.629000000000000000e+03 1.284451753611960839e+03 1.563994182001739262e+02 5.855160803074771820e+02 1.900510641910518927e+02 1.221466751201855004e+03 1.195870564955903070e+01
1.631000000000000000e+03 1.284462845268837555e+03 1.563994182001565605e+02 5.855807987228955653e+02 1.900510641910345271e+02 1.221466751201716306e+03 1.195870564955903070e+01
1.633000000000000000e+03 1.285026058214129534e+03 1.563994182001739262e+02 5.855866189900110612e+02 1.900510641910518927e+02 1.221466751201716306e+03 1.195870564955794713e+01
1.635000000000000000e+03 1.286295565240152655e+03 1.563994182001387969e+02 5.855866189900139034e+02 1.900510641910302922e+02 1.221466751201716306e+03 1.203356393306624561e+01
1.637000000000000000e+03 1.286295565240179712e+03 1.563994182001739262e+02 5.855866189900110612e+02 1.900510641910345271e+02 1.221466751201716306e+03 1.207990955486102536e+01
1.639000000000000000e+03 1.286295565240287715e+03 1.563994182001748072e+02 5.855866189900748395e+02 1.900510641910604193e+02 1.221466751201855459e+03 1.207990955485943552e+01
1.641000000000000000e+03 1.287331007555947508e+03 1.563994182001561342e+02 5.855866189900139034e+02 1.900510641910129550e+02 1.221466751201577608e+03 1.207990955485965223e+01
1.643000000000000000e+03 1.287453608307780087e+03 1.563994182001565605e+02 5.855866189900110612e+02 1.900510641910518927e+02 1.223906391410456308e+03 1.207990955485994000e+01
1.645000000000000000e+03 1.287590420893601959e+03 1.563994182001739262e+02 5.855866189900804102e+02 1.919774828370093758e+02 1.233534207203124197e+03 1.207990955486102536e+01
1.647000000000000000e+03 1.287738136431393968e+03 1.563994182001739262e+02 5.855866189900110612e+02 1.919032042682622432e+02 1.233534207203124197e+03 1.207990955486102536e+01
1.649000000000000000e+03 1.287738136431281418e+03 1.563994182001565605e+02 5.855866189900804102e+02 1.919032042682622432e+02 1.233534207203124197e+03 1.207990955485885642e+01
1.651000000000000000e+03 1.287738136431393968e+03 1.563994182001739262e+02 5.855866189900110612e+02 1.919032042682969177e+02 1.233534207203262895e+03 1.211964115537715969e+01
1.653000000000000000e+03 1.287738136431126350e+03 1.563994205397603423e+02 5.855866189900139034e+02 1.919032042682230781e+02 1.233534207202983907e+03 1.220236401806755921e+01
1.655000000000000000e+03 1.287738136431393968e+03 1.563994208758981301e+02 5.855866189900110612e+02 1.919032042682622432e+02 1.233534207203124197e+03 1.220236401807111370e+01
1.657000000000000000e+03 1.288442963213534767e+03 1.563994208759163769e+02 5.856049645717258727e+02 1.919032042683058989e+02 1.233534207203127153e+03 1.220236401807172122e+01
1.659000000000000000e+03 1.290672773792507769e+03 1.563994208758803666e+02 5.856500183024804755e+02 1.919032042682404438e+02 1.233534207202983907e+03 1.220236401806864279e+01
1.661000000000000000e+03 1.290672773792637145e+03 1.563994208759154958e+02 5.856500183025469823e+02 1.930076267233488068e+02 1.243181790816227931e+03 1.220236401806894477e+01
1.663000000000000000e+03 1.290933212613086198e+03 1.563994208758981301e+02 5.856500183025469823e+02 1.937706224864818410e+02 1.245707302065107797e+03 1.220236401807111370e+01
1.665000000000000000e+03 1.290959550623378846e+03 1.563994208758981301e+02 5.856500183025469823e+02 1.937706224864818410e+02 1.245707302065107797e+03 1.220236401807111370e+01
1.667000000000000000e+03 1.290959550623400446e+03 1.563994208759154958e+02 5.856500183025469823e+02 1.937706224864818410e+02 1.245707302065107797e+03 1.220236401807111370e+01
1.669000000000000000e+03 1.290959550623383166e+03 1.563994208758981301e+02 5.856500183025469823e+02 1.937706224864645037e+02 1.245707302065177146e+03 1.231946435995955724e+01
1.671000000000000000e+03 1.290959550623379755e+03 1.563994208758803666e+02 5.856500183024804755e+02 1.937706224864598425e+02 1.245707302065104841e+03 1.232599534447654044e+01
1.673000000000000000e+03 1.290959550623383166e+03 1.563994208758981301e+02 5.856500183025469823e+02 1.937706224864818410e+02 1.245707302065107797e+03 1.232599534447794198e+01
1.675000000000000000e+03 1.291830129712612688e+03 1.563994208759163769e+02 5.856500183025414117e+02 1.937706224864912485e+02 1.245707302065113481e+03 1.232599534448074508e+01
1.677000000000000000e+03 1.292134692180758975e+03 1.563994208758803666e+02 5.856500183024804755e+02 1.938717849182246482e+02 1.249335952563237697e+03 1.232599534447545686e+01
1.679000000000000000e+03 1.292204443644122421e+03 1.563994208759154958e+02 5.856500183025469823e+02 1.956551578504578401e+02 1.257991327912183351e+03 1.232599534447794198e+01
1.681000000000000000e+03 1.292423531275570440e+03 1.563994208758981301e+02 5.856500183025469823e+02 1.956551578504578401e+02 1.257991327912044653e+03 1.232599534447794198e+01
1.683000000000000000e+03 1.293754964870191998e+03 1.563994215342083578e+02 5.856500183025469823e+02 1.956551578504578401e+02 1.257991327912044653e+03 1.232599534447794198e+01
1.685000000000000000e+03 1.294127630711160464e+03 1.563994227288083323e+02 5.856718110350960842e+02 1.956551578504578401e+02 1.257991327912044653e+03 1.238652932662991724e+01
1.687000000000000000e+03 1.294127630711160464e+03 1.563994227287909666e+02 5.857066280248734529e+02 1.956551578504751774e+02 1.257991327912044653e+03 1.245082951841771823e+01
1.689000000000000000e+03 1.294127630711026313e+03 1.563994227287905687e+02 5.857066280248762951e+02 1.956551578504356144e+02 1.257991327911901635e+03 1.245082951841630425e+01
1.691000000000000000e+03 1.294127630711160464e+03 1.563994227288083323e+02 5.857066280248734529e+02 1.956551578504578401e+02 1.257991327912044653e+03 1.245082951841988717e+01
1.693000000000000000e+03 1.295340146118314124e+03 1.563994227288092134e+02 5.857066280249373449e+02 1.956551578504676456e+02 1.257991327912191991e+03 1.245082951841838259e+01
1.695000000000000000e+03 1.295312230936160859e+03 1.563994227287732031e+02 5.857066280248762951e+02 1.964653070896922884e+02 1.266797652294532782e+03 1.245082951841630425e+01
1.697000000000000000e+03 1.295451743686419377e+03 1.563994227288083323e+02 5.857066280248734529e+02 1.975574438737442904e+02 1.270398067175770848e+03 1.245082951841771823e+01
1.699000000000000000e+03 1.295603082495733588e+03 1.563994227287909666e+02 5.857066280248734529e+02 1.975574438737789933e+02 1.270398067175770848e+03 1.245082951841988717e+01
1.701000000000000000e+03 1.295603082495612171e+03 1.563994227288083323e+02 5.857066280249429155e+02 1.975574438737442904e+02 1.270398067175909546e+03 1.245082951841771823e+01
1.703000000000000000e+03 1.295603082495594890e+03 1.563994227288083323e+02 5.857066280248734529e+02 1.975574438737963305e+02 1.270398067175840197e+03 1.256904334302798532e+01
1.705000000000000000e+03 1.295603082495612171e+03 1.563994227287909666e+02 5.857066280249429155e+02 1.975574438737789933e+02 1.270398067175770848e+03 1.257701488593292538e+01
1.707000000000000000e+03 1.295883547096292432e+03 1.563994227287905687e+02 5.857066280248069461e+02 1.975574438737218372e+02 1.270398067175765163e+03 1.257701488593149541e+01
1.709000000000000000e+03 1.297496942318536185e+03 1.563994227287909666e+02 5.857066280249429155e+02 1.975574438737789933e+02 1.270398067175770848e+03 1.257701488593509254e+01
1.711000000000000000e+03 1.298439178029514551e+03 1.563994227288092134e+02 5.857066280248678822e+02 1.975574438737892251e+02 1.270398067175921142e+03 1.257701488593361816e+01
1.713000000000000000e+03 1.298439178029388131e+03 1.563994227287905687e+02 5.857166634049033291e+02 1.989140470144128301e+02 1.283356686607304937e+03 1.257701488593366435e+01
1.715000000000000000e+03 1.298621399107532397e+03 1.563994234228711946e+02 5.857571537118410561e+02 1.994762889200030145e+02 1.282921245571999634e+03 1.257701488593292538e+01
1.717000000000000000e+03 1.298732361202960192e+03 1.563994240634872313e+02 5.857571537119105187e+02 1.994762889200030145e+02 1.282921245572138332e+03 1.257701488593292538e+01
1.719000000000000000e+03 1.298732361202817174e+03 1.563994240635045685e+02 5.857571537118410561e+02 1.994762889199683116e+02 1.282921245571999634e+03 1.261552003765844354e+01
1.721000000000000000e+03 1.298732361202947232e+03 1.563994240634872313e+02 5.857571537118410561e+02 1.994762889200030145e+02 1.282921245571999634e+03 1.270450343672123061e+01
1.723000000000000000e+03 1.298732361202823540e+03 1.563994240634872313e+02 5.857571537119105187e+02 1.994762889200030145e+02 1.282921245572138332e+03 1.270450343672339955e+01
1.725000000000000000e+03 1.298732361202816946e+03 1.563994240634694393e+02 5.857571537117745493e+02 1.994762889199456595e+02 1.282921245571853888e+03 1.270450343671978644e+01
1.727000000000000000e+03 1.299095665962756811e+03 1.563994240635054496e+02 5.857571537119049481e+02 1.994762889200137010e+02 1.282921245572152657e+03 1.270450343672412075e+01
1.729000000000000000e+03 1.299935450783701526e+03 1.563994240634872313e+02 5.857571537118410561e+02 1.994762889199683116e+02 1.286323326985111407e+03 1.270450343672339955e+01
1.731000000000000000e+03 1.299935450783397755e+03 1.563994240634694393e+02 5.857571537118438982e+02 2.012095266857562592e+02 1.295553317798561693e+03 1.270450343671978644e+01
1.733000000000000000e+03 1.300640910080522644e+03 1.563994240634872313e+02 5.857571537118410561e+02 2.014107703026193974e+02 1.295553317798708804e+03 1.270450343672339955e+01
1.735000000000000000e+03 1.301811154014878866e+03 1.563994240634872313e+02 5.857571537118410561e+02 2.014107703026540719e+02 1.295553317798708804e+03 1.270450343672123061e+01
1.737000000000000000e+03 1.301811154014883414e+03 1.563994240634872313e+02 5.857571537119105187e+02 2.014107703026540719e+02 1.295553317798708804e+03 1.277911129359508813e+01
1.739000000000000000e+03 1.301811154014740168e+03 1.563994240634872313e+02 5.857571537118410561e+02 2.014107703026193974e+02 1.295553317798639227e+03 1.283321830202605085e+01
1.741000000000000000e+03 1.301811154014861586e+03 1.563994240634872313e+02 5.857571537118410561e+02 2.014107703026540719e+02 1.295553317798570106e+03 1.283321830202821801e+01
1.743000000000000000e+03 1.301811154014592148e+03 1.563994240634868049e+02 5.857899326931786845e+02 2.014107703026311924e+02 1.295553317798561693e+03 1.283321830202459246e+01
1.745000000000000000e+03 1.302168837583490358e+03 1.563994240634881123e+02 5.858023981256066008e+02 2.014107703026305103e+02 1.295553317798864782e+03 1.283321830202896940e+01
1.747000000000000000e+03 1.303022555345823321e+03 1.563994244396099589e+02 5.858023981255428225e+02 2.014107703026540719e+02 1.300810679623620672e+03 1.283321830202605085e+01
1.749000000000000000e+03 1.303022555345540695e+03 1.563994251022218691e+02 5.858023981254762020e+02 2.033467138726670953e+02 1.308299381391338102e+03 1.283321830202675962e+01
1.751000000000000000e+03 1.303204433555221840e+03 1.563994251022396327e+02 5.858023981256121715e+02 2.033627412888552897e+02 1.308299381391486577e+03 1.283321830202821801e+01
1.753000000000000000e+03 1.303320058311102684e+03 1.563994251022396327e+02 5.858023981255428225e+02 2.033627412888552897e+02 1.308299381391347879e+03 1.283321830202605085e+01
1.755000000000000000e+03 1.303320058310976719e+03 1.563994251022396327e+02 5.858023981255428225e+02 2.033627412888205868e+02 1.308299381391486577e+03 1.293313107951976271e+01
1.757000000000000000e+03 1.303320058311102684e+03 1.563994251022396327e+02 5.858023981256121715e+02 2.033627412888552897e+02 1.308299381391278303e+03 1.296318300512055544e+01
1.759000000000000000e+03 1.303668523713313107e+03 1.563994251022396327e+02 5.858023981255428225e+02 2.033627412888552897e+02 1.308299381391486577e+03 1.296318300512272437e+01
1.761000000000000000e+03 1.304838670391901815e+03 1.563994251022218691e+02 5.858023981254762020e+02 2.033627412888321828e+02 1.308299381391199177e+03 1.296318300511908284e+01
1.763000000000000000e+03 1.305070242000793769e+03 1.563994251022405138e+02 5.858023981256066008e+02 2.033627412888321544e+02 1.308299381391506813e+03 1.296318300512025168e+01
1.765000000000000000e+03 1.306059547875257522e+03 1.563994251022396327e+02 5.858023981255428225e+02 2.033627412888552897e+02 1.314262122526082976e+03 1.296318300512055544e+01
1.767000000000000000e+03 1.306059547874974442e+03 1.563994251022392064e+02 5.858023981255456647e+02 2.053198557573745973e+02 1.321171875221088612e+03 1.296318300511908284e+01
1.769000000000000000e+03 1.306196374427186356e+03 1.563994251022396327e+02 5.858023981255428225e+02 2.053329024145899950e+02 1.321171875221238679e+03 1.296318300512055544e+01
1.771000000000000000e+03 1.306359055185048419e+03 1.563994251022396327e+02 5.858023981255428225e+02 2.053329024146246979e+02 1.321171875221377377e+03 1.296318300512055544e+01
1.773000000000000000e+03 1.306359055185044099e+03 1.563994251022396327e+02 5.858408997879565732e+02 2.053329024145899950e+02 1.321171875221238679e+03 1.307728265466032092e+01
1.775000000000000000e+03 1.306359055184926774e+03 1.563994251022396327e+02 5.858426517166282110e+02 2.053329024145726578e+02 1.321171875221238679e+03 1.309455386604846439e+01
1.777000000000000000e+03 1.306359055185044099e+03 1.563994251022396327e+02 5.858426517165587484e+02 2.053329024146246979e+02 1.321171875221238679e+03 1.309455386604846439e+01
1.779000000000000000e+03 1.306359055184897898e+03 1.563994251022218691e+02 5.858426517164922416e+02 2.053329024145666892e+02 1.321171875221088612e+03 1.309455386604914473e+01
1.781000000000000000e+03 1.306359055185041825e+03 1.563994257703866140e+02 5.858426517166226404e+02 2.053329024146020174e+02 1.321171875221400342e+03 1.309455386604927440e+01
1.783000000000000000e+03 1.307569879142531136e+03 1.563994258659863306e+02 5.858426517166282110e+02 2.053329024146246979e+02 1.326635611699905667e+03 1.309455386604846439e+01
1.785000000000000000e+03 1.307589610036510294e+03 1.563994258659859327e+02 5.858426517164922416e+02 2.071206064518702590e+02 1.334164386996837266e+03 1.309455386604914473e+01
1.787000000000000000e+03 1.308945195561579567e+03 1.563994258659863306e+02 5.858426517166282110e+02 2.073200195448765442e+02 1.334164386996849998e+03 1.309455386604846439e+01
1.789000000000000000e+03 1.309349791490310281e+03 1.563994258660036962e+02 5.858426517165587484e+02 2.073200195448418697e+02 1.334164386996988696e+03 1.309455386604846439e+01
1.791000000000000000e+03 1.309349791490444659e+03 1.563994258659863306e+02 5.858426517166282110e+02 2.073200195448765442e+02 1.334164386996988696e+03 1.321109075521709464e+01
1.793000000000000000e+03 1.309349791490310281e+03 1.563994258660036962e+02 5.858426517165587484e+02 2.073200195448765442e+02 1.334164386996919347e+03 1.322728272860635634e+01
1.795000000000000000e+03 1.309349791490448979e+03 1.563994258659863306e+02 5.858426517165587484e+02 2.073200195448418697e+02 1.334164386996988696e+03 1.322728272860852350e+01
1.797000000000000000e+03 1.309349791490148618e+03 1.563994258659859327e+02 5.858426517165615905e+02 2.073200195448529826e+02 1.334164386996698340e+03 1.322728272860485177e+01
1.799000000000000000e+03 1.309349791490447615e+03 1.563994258659872116e+02 5.858426517166226404e+02 2.073200195448890213e+02 1.334164386997014617e+03 1.322728272860611121e+01
1.801000000000000000e+03 1.310188712430821170e+03 1.563994258660036962e+02 5.858426517165587484e+02 2.073200195448418697e+02 1.337877966195305589e+03 1.322728272860852350e+01
1.803000000000000000e+03 1.310589220857377768e+03 1.563994258659685670e+02 5.858742048829607256e+02 2.087412288505104243e+02 1.347269041005308054e+03 1.322728272860485177e+01
1.805000000000000000e+03 1.310589220857383680e+03 1.563994258660036962e+02 5.858781651683215159e+02 2.093231144060375755e+02 1.347269041005322379e+03 1.322728272860852350e+01
1.807000000000000000e+03 1.310845469081824149e+03 1.563994258659863306e+02 5.858781651683215159e+02 2.093231144060722499e+02 1.347269041005461077e+03 1.322728272860635634e+01
1.809000000000000000e+03 1.310893311206231374e+03 1.563994258660036962e+02 5.858781651683215159e+02 2.093231144060375755e+02 1.347269041005461077e+03 1.333398923771249933e+01
1.811000000000000000e+03 1.310893311206374392e+03 1.563994258659863306e+02 5.858781651683215159e+02 2.093231144060549127e+02 1.347269041005322379e+03 1.336128942912555928e+01
1.813000000000000000e+03 1.311301761229885642e+03 1.563994258659859327e+02 5.858781651682548954e+02 2.093231144060137865e+02 1.347269041005308054e+03 1.336128942912404227e+01
1.815000000000000000e+03 1.312292969030039785e+03 1.563994264016689613e+02 5.858781651682520533e+02 2.093231144060722499e+02 1.347269041005322379e+03 1.336128942912555928e+01
1.817000000000000000e+03 1.312292969030021595e+03 1.563994263754581482e+02 5.858781651683852942e+02 2.093231144060504789e+02 1.347269041005489953e+03 1.336128942912642970e+01
1.819000000000000000e+03 1.312626221726068707e+03 1.563994263754572671e+02 5.858781651683215159e+02 2.093231144060722499e+02 1.347939773363587847e+03 1.336128942912555928e+01
1.821000000000000000e+03 1.313540693721864045e+03 1.563994263754221663e+02 5.858781651682548954e+02 2.101756751295949357e+02 1.360490714789870026e+03 1.336128942912404227e+01
1.823000000000000000e+03 1.313540693721852676e+03 1.563994263754572671e+02 5.858781651682520533e+02 2.113440502195251725e+02 1.360490714790232687e+03 1.336128942912555928e+01
1.825000000000000000e+03 1.313657146765358675e+03 1.563994263754399299e+02 5.858781651683215159e+02 2.113440502195598754e+02 1.360490714789885942e+03 1.336128942912555928e+01
1.827000000000000000e+03 1.313846839312926932e+03 1.563994263754399299e+02 5.858781651683215159e+02 2.113440502195598754e+02 1.360490714790163565e+03 1.344550644830858666e+01
1.829000000000000000e+03 1.313846839312762086e+03 1.563994263754572671e+02 5.858781651683215159e+02 2.113440502195251725e+02 1.360490714790024640e+03 1.349659482137834488e+01
1.831000000000000000e+03 1.313846839312773227e+03 1.563994263754221663e+02 5.858781651682548954e+02 2.113440502195531963e+02 1.360490714790008951e+03 1.349659482137681010e+01
1.833000000000000000e+03 1.313846839312926932e+03 1.563994263754572671e+02 5.858942778692866113e+02 2.113440502195598754e+02 1.360490714790024640e+03 1.349659482137834488e+01
1.835000000000000000e+03 1.313846839312906923e+03 1.563994263754581482e+02 5.859094886102118380e+02 2.113440502195385591e+02 1.360490714790195398e+03 1.349659482137924549e+01
1.837000000000000000e+03 1.313846839312922611e+03 1.563994263754399299e+02 5.859094886102172950e+02 2.113440502195598754e+02 1.360490714790163565e+03 1.349659482137725952e+01
1.839000000000000000e+03 1.314793962498507653e+03 1.563994263754395035e+02 5.859094886101506745e+02 2.113440502195358590e+02 1.370124458490284724e+03 1.349659482137681010e+01
1.841000000000000000e+03 1.315688602910808640e+03 1.563994263754399299e+02 5.859094886102172950e+02 2.134561892279049289e+02 1.373842517714551832e+03 1.349659482137834488e+01
1.843000000000000000e+03 1.316445889394902451e+03 1.563994263754399299e+02 5.859094886102172950e+02 2.133835970028266615e+02 1.373842517714274209e+03 1.349659482137834488e+01
1.845000000000000000e+03 1.316696359659583322e+03 1.563994263754572671e+02 5.859094886101479460e+02 2.133835970027919586e+02 1.373842517714551832e+03 1.354521749127044217e+01
1.847000000000000000e+03 1.316754021583716394e+03 1.563994263754399299e+02 5.859094886102172950e+02 2.133835970028266615e+02 1.373842517714413134e+03 1.363336347467341092e+01
1.849000000000000000e+03 1.316754021583406256e+03 1.563994266882274928e+02 5.859094886101506745e+02 2.133835970027677149e+02 1.373842517714395854e+03 1.363336347467186194e+01
1.851000000000000000e+03 1.316754021583581789e+03 1.563994267287510525e+02 5.859094886102172950e+02 2.133835970028266615e+02 1.373842517714274209e+03 1.363336347467124199e+01
1.853000000000000000e+03 1.316754021583703889e+03 1.563994267287692992e+02 5.859094886102811870e+02 2.133835970028058000e+02 1.373842517714586847e+03 1.363336347467434351e+01
1.855000000000000000e+03 1.316754021583427857e+03 1.563994267287332889e+02 5.859094886100813255e+02 2.133835970028024178e+02 1.373842517714395854e+03 1.363336347467294551e+01
1.857000000000000000e+03 1.316924262716855537e+03 1.563994267287510525e+02 5.859094886102172950e+02 2.133835970028266615e+02 1.377813712857001065e+03 1.363336347467341092e+01
1.859000000000000000e+03 1.318020884963754497e+03 1.563994267287684181e+02 5.859094886102172950e+02 2.145139344371035861e+02 1.387317903536189306e+03 1.363336347467341092e+01
1.861000000000000000e+03 1.318020884963754497e+03 1.563994267287510525e+02 5.859094886102172950e+02 2.154404773324972098e+02 1.387317903536466929e+03 1.363336347467124199e+01
1.863000000000000000e+03 1.318063968806485036e+03 1.563994267287510525e+02 5.859094886102172950e+02 2.154404773324972098e+02 1.387317903536189306e+03 1.363336347467341092e+01
1.865000000000000000e+03 1.318331331351890867e+03 1.563994267287510525e+02 5.859324911652863648e+02 2.154404773325319127e+02 1.387317903536466929e+03 1.377079948635274320e+01
1.867000000000000000e+03 1.318331331351897461e+03 1.563994267287506545e+02 5.859372723222871855e+02 2.154404773324727387e+02 1.387317903536170434e+03 1.377154722958569621e+01
1.869000000000000000e+03 1.318734293960471632e+03 1.563994267287510525e+02 5.859372723223538060e+02 2.154404773324972098e+02 1.387317903536466929e+03 1.377154722958509225e+01
1.871000000000000000e+03 1.319615683412707085e+03 1.563994267287692992e+02 5.859372723223483490e+02 2.154404773325115343e+02 1.387317903536227277e+03 1.377154722958605682e+01
1.873000000000000000e+03 1.319615683412432645e+03 1.563994267287332889e+02 5.859372723222871855e+02 2.154404773324727387e+02 1.387317903536309132e+03 1.377154722958461086e+01
1.875000000000000000e+03 1.319615683412584985e+03 1.563994267287510525e+02 5.859372723223538060e+02 2.154404773325319127e+02 1.387317903536189306e+03 1.377154722958509225e+01
1.877000000000000000e+03 1.320137142438982437e+03 1.563994267287510525e+02 5.859372723223538060e+02 2.154404773324972098e+02 1.397771220385812740e+03 1.377154722958726119e+01
1.879000000000000000e+03 1.320891401408739057e+03 1.563994267287684181e+02 5.859372723223538060e+02 2.174360255232168981e+02 1.400908655939669870e+03 1.377154722958509225e+01
1.881000000000000000e+03 1.320891401408756337e+03 1.563994267287510525e+02 5.859372723223538060e+02 2.175136557008156046e+02 1.400908655939947494e+03 1.377154722958509225e+01
1.883000000000000000e+03 1.321002946775072360e+03 1.563994268289486911e+02 5.859372723223538060e+02 2.175136557007809017e+02 1.400908655939669870e+03 1.384670395464509340e+01
1.885000000000000000e+03 1.321204090393380511e+03 1.563994269999052733e+02 5.859372723222871855e+02 2.175136557007908777e+02 1.400908655939788332e+03 1.391106250137979217e+01
1.887000000000000000e+03 1.321204090393513297e+03 1.563994269999230369e+02 5.859372723223538060e+02 2.175136557007982390e+02 1.400908655939808796e+03 1.391106250137920419e+01
1.889000000000000000e+03 1.321204090393514662e+03 1.563994269999239179e+02 5.859372723224176980e+02 2.175136557008303839e+02 1.400908655939988648e+03 1.391106250138019895e+01
1.891000000000000000e+03 1.321204090393519209e+03 1.563994269999052733e+02 5.859372723222178365e+02 2.175136557007908777e+02 1.400908655939510709e+03 1.391106250137762324e+01
1.893000000000000000e+03 1.321204090393517617e+03 1.563994269999230369e+02 5.859372723223538060e+02 2.175136557007809017e+02 1.400908655939947494e+03 1.391106250138028777e+01
1.895000000000000000e+03 1.321204090393530578e+03 1.563994269999230369e+02 5.859372723223538060e+02 2.175136557008156046e+02 1.402880160719932519e+03 1.391106250137920419e+01
1.897000000000000000e+03 1.321942552576982052e+03 1.563994269999056996e+02 5.859573827043245728e+02 2.180856047769019597e+02 1.414619405841754997e+03 1.391106250138137135e+01
1.899000000000000000e+03 1.323618299893776793e+03 1.563994269999230369e+02 5.859617236737834673e+02 2.196050005618191392e+02 1.414619405841754997e+03 1.391106250137920419e+01
1.901000000000000000e+03 1.323716362523065527e+03 1.563994269999230369e+02 5.859617236737141184e+02 2.196050005617844363e+02 1.414619405841754997e+03 1.391106250137920419e+01
1.903000000000000000e+03 1.323862804405076986e+03 1.563994269999052733e+02 5.859617236736474979e+02 2.196050005617941849e+02 1.414619405841316620e+03 1.405007947393998080e+01
1.905000000000000000e+03 1.324031087986772263e+03 1.563994269999230369e+02 5.859617236737141184e+02 2.196050005618191392e+02 1.414619405841754997e+03 1.405192725868796799e+01
1.907000000000000000e+03 1.324031087986891180e+03 1.563994269999239179e+02 5.859617236737780104e+02 2.196050005618344017e+02 1.414619405841799107e+03 1.405192725868899650e+01
1.909000000000000000e+03 1.324031087986465536e+03 1.563994269999052733e+02 5.859617236736474979e+02 2.196050005617941849e+02 1.414619405841594244e+03 1.405192725868637282e+01
1.911000000000000000e+03 1.324031087986767943e+03 1.563994269999230369e+02 5.859617236737141184e+02 2.196050005618191392e+02 1.414619405841754997e+03 1.405192725869013692e+01
1.913000000000000000e+03 1.324031087986752709e+03 1.563994269999230369e+02 5.859617236737141184e+02 2.196050005618191392e+02 1.414619405841754997e+03 1.405192725868796799e+01
1.915000000000000000e+03 1.324031087986767943e+03 1.563994269999056996e+02 5.859617236737834673e+02 2.196050005617844363e+02 1.420399833538255052e+03 1.405192725868796799e+01
1.917000000000000000e+03 1.324848717441833287e+03 1.563994269999230369e+02 5.859617236737141184e+02 2.206203654926686113e+02 1.428463945037650092e+03 1.405192725868796799e+01
1.919000000000000000e+03 1.325324437269283408e+03 1.563994270969287754e+02 5.859617236737141184e+02 2.217153536356736367e+02 1.428463945037372696e+03 1.405192725868796799e+01
1.921000000000000000e+03 1.325324437269119699e+03 1.563994271952004453e+02 5.859617236736474979e+02 2.217153536356484267e+02 1.428463945037487747e+03 1.410007861783629579e+01
1.923000000000000000e+03 1.325471087005457548e+03 1.563994271952182089e+02 5.859617236737141184e+02 2.217153536357083112e+02 1.428463945037372696e+03 1.419431459468529688e+01
1.925000000000000000e+03 1.325641120739375310e+03 1.563994271952190900e+02 5.859617236737780104e+02 2.217153536356893540e+02 1.428463945037558688e+03 1.419431459468635737e+01
1.927000000000000000e+03 1.325933322746418071e+03 1.563994271952004453e+02 5.859617236736474979e+02 2.217153536356831296e+02 1.428463945037210351e+03 1.419431459468368395e+01
1.929000000000000000e+03 1.326815038691941254e+03 1.563994271952182089e+02 5.859721866509348729e+02 2.217153536356736367e+02 1.428463945037372696e+03 1.419431459468312795e+01
1.931000000000000000e+03 1.326815038691815516e+03 1.563994271952182089e+02 5.859830135301197060e+02 2.217153536357083112e+02 1.428463945037650092e+03 1.419431459468529688e+01
1.933000000000000000e+03 1.326815038691820064e+03 1.563994271952182089e+02 5.859830135301197060e+02 2.217153536356736367e+02 1.428463945037372696e+03 1.419431459468529688e+01
1.935000000000000000e+03 1.326815038691941254e+03 1.563994271952182089e+02 5.859830135301197060e+02 2.217153536356736367e+02 1.436696086732358481e+03 1.419431459468529688e+01
1.937000000000000000e+03 1.327568747022840626e+03 1.563994271952182089e+02 5.859830135301197060e+02 2.229587490269746581e+02 1.442435598075775260e+03 1.419431459468312795e+01
1.939000000000000000e+03 1.328118033794073881e+03 1.563994271952004453e+02 5.859830135300530856e+02 2.238433934977172441e+02 1.442435598075333701e+03 1.419431459468368395e+01
1.941000000000000000e+03 1.328118033794362191e+03 1.563994271952190900e+02 5.859830135301142491e+02 2.238433934977242075e+02 1.442435598075825737e+03 1.427941931459179514e+01
1.943000000000000000e+03 1.328229239880365640e+03 1.563994271952182089e+02 5.859830135301197060e+02 2.238433934977426816e+02 1.442435598075497637e+03 1.433817650578223635e+01
1.945000000000000000e+03 1.328437005289241142e+03 1.563994271952004453e+02 5.859830135300530856e+02 2.238433934977172441e+02 1.442435598075750022e+03 1.433817650577843850e+01
1.947000000000000000e+03 1.328437005289392118e+03 1.563994271952182089e+02 5.859830135301197060e+02 2.238433934977253443e+02 1.442435598075775260e+03 1.433817650578223635e+01
1.949000000000000000e+03 1.328437005289535136e+03 1.563994271952182089e+02 5.859830135301197060e+02 2.238433934977426816e+02 1.442435598075497637e+03 1.433817650578006742e+01
1.951000000000000000e+03 1.328437005289392118e+03 1.563994271952355462e+02 5.859830135301197060e+02 2.238433934977426816e+02 1.442435598075775260e+03 1.433817650578331993e+01
1.953000000000000000e+03 1.328437005289396438e+03 1.563994271952182089e+02 5.859830135301197060e+02 2.238433934977426816e+02 1.442435598075497637e+03 1.433817650578006742e+01
1.955000000000000000e+03 1.328437005289530816e+03 1.563994272276575259e+02 5.859830135301197060e+02 2.238433934977079787e+02 1.451702527803522344e+03 1.433817650578223635e+01
1.957000000000000000e+03 1.329307565862718548e+03 1.563994273203260263e+02 5.859830135300530856e+02 2.250910010467934796e+02 1.456525797761510830e+03 1.433817650577843850e+01
1.959000000000000000e+03 1.330869442272133938e+03 1.563994273203446994e+02 5.859830135301835980e+02 2.259880258033586813e+02 1.456525797761452623e+03 1.433817650578332881e+01
1.961000000000000000e+03 1.330869442272130527e+03 1.563994273203438183e+02 5.859830135301197060e+02 2.259880258033766722e+02 1.456525797761676358e+03 1.444654508374549096e+01
1.963000000000000000e+03 1.330908140780344183e+03 1.563994273203260263e+02 5.859983643251326839e+02 2.259880258033163045e+02 1.456525797761233207e+03 1.448342585441435126e+01
1.965000000000000000e+03 1.331190632266015882e+03 1.563994273203438183e+02 5.860015467934465505e+02 2.259880258033419693e+02 1.456525797761537433e+03 1.448342585441599795e+01
1.967000000000000000e+03 1.331190632265864224e+03 1.563994273203264527e+02 5.860015467933770879e+02 2.259880258033419693e+02 1.456525797761676358e+03 1.448342585441816510e+01
1.969000000000000000e+03 1.331190632265998602e+03 1.563994273203438183e+02 5.860015467934465505e+02 2.259880258033419693e+02 1.456525797761398735e+03 1.448342585441599795e+01
1.971000000000000000e+03 1.331190632265864224e+03 1.563994273203438183e+02 5.860015467933770879e+02 2.259880258033419693e+02 1.456525797761398735e+03 1.448342585441708152e+01
1.973000000000000000e+03 1.331190632266015882e+03 1.563994273203438183e+02 5.860015467933770879e+02 2.259880258033419693e+02 1.456525797761676358e+03 1.448342585441599795e+01
1.975000000000000000e+03 1.331190632265851491e+03 1.563994273203260263e+02 5.860015467933799300e+02 2.259880258033510074e+02 1.465363920693074533e+03 1.448342585441435126e+01
1.977000000000000000e+03 1.331365983868962076e+03 1.563994273203446994e+02 5.860015467934409799e+02 2.270095359438620335e+02 1.470738900733516175e+03 1.448342585441712238e+01
1.979000000000000000e+03 1.332510559778552079e+03 1.563994273203438183e+02 5.860015467933770879e+02 2.281511190871734982e+02 1.470738900733459332e+03 1.448342585441599795e+01
1.981000000000000000e+03 1.332510559778517518e+03 1.563994273203260263e+02 5.860015467933799300e+02 2.281511190871128747e+02 1.470738900733292212e+03 1.460085221208616169e+01
1.983000000000000000e+03 1.332510559778552079e+03 1.563994273203438183e+02 5.860015467933770879e+02 2.281511190871734982e+02 1.470738900733459332e+03 1.463007750141832908e+01
1.985000000000000000e+03 1.332761715961824621e+03 1.563994273203438183e+02 5.860015467933770879e+02 2.281511190871734982e+02 1.470738900733598030e+03 1.463007750141832908e+01
1.987000000000000000e+03 1.332833755564840203e+03 1.563994273203438183e+02 5.860015467934465505e+02 2.281511190871561610e+02 1.470738900733459332e+03 1.463007750141832908e+01
1.989000000000000000e+03 1.333954372740682174e+03 1.563994273203264527e+02 5.860015467933770879e+02 2.281511190871734982e+02 1.470738900733459332e+03 1.463007750141832908e+01
1.991000000000000000e+03 1.333901743570354711e+03 1.563994273203438183e+02 5.860015467934465505e+02 2.281511190871734982e+02 1.470738900733459332e+03 1.463007750141507657e+01
1.993000000000000000e+03 1.333901743570081862e+03 1.563994273743626877e+02 5.860015467933105811e+02 2.281511190871475776e+02 1.470738900733292212e+03 1.463007750141666641e+01
1.995000000000000000e+03 1.333901743570359031e+03 1.563994274033859142e+02 5.860015467934409799e+02 2.281511190871560188e+02 1.477633853500584792e+03 1.463007750141948726e+01
1.997000000000000000e+03 1.333901743570354711e+03 1.563994274033676675e+02 5.860149919734159312e+02 2.287066926614025704e+02 1.485089390992344534e+03 1.463007750141832908e+01
1.999000000000000000e+03 9.801315158894869910e+02 1.463578374459405893e+02 5.000984948541620270e+02 1.169569866415344706e+02 7.501385472857356262e+02 7.352262018806237975e+00
