# |z|[pc], Q_thin.d, Q_mol.gas, Q_atom.gas, Q_thick.d, Q_DM, Q_st.halo with Q = rho(|z|)_i[Msun/pc^3]
1.000000000000000000e+00 3.687236479568845732e-02 1.528860174378747494e-02 2.531734775757567280e-02 2.191143614867048766e-03 1.396308815160780120e-02 1.351541903841822019e-04
3.000000000000000000e+00 3.685936594045221421e-02 1.522277113337618636e-02 2.530448805501571766e-02 2.191075101650785673e-03 1.396304304293636937e-02 1.351533346015476665e-04
5.000000000000000000e+00 3.684237577885690618e-02 1.513703833573946944e-02 2.528766679571210763e-02 2.190985432928657661e-03 1.396298400370177099e-02 1.351522145381710922e-04
7.000000000000000000e+00 3.682143342156388166e-02 1.503184678991925649e-02 2.526691240220538606e-02 2.190874720762470747e-03 1.396291110615822950e-02 1.351508315680327273e-04
9.000000000000000000e+00 3.679658190841388760e-02 1.490771176052379382e-02 2.524225496942097968e-02 2.190743077256851294e-03 1.396282442224197270e-02 1.351491870598068971e-04
1.100000000000000000e+01 3.676786805797861019e-02 1.476521635565651407e-02 2.521372622627214219e-02 2.190590614550676045e-03 1.396272402357178616e-02 1.351472823768591310e-04
1.300000000000000000e+01 3.673534230604766360e-02 1.460500717363156023e-02 2.518135949643282578e-02 2.190417444808602336e-03 1.396260998144953358e-02 1.351451188772440212e-04
1.500000000000000000e+01 3.669905853408395036e-02 1.442778962196043097e-02 2.514518965833370881e-02 2.190223680212702393e-03 1.396248236686072411e-02 1.351426979137030000e-04
1.700000000000000000e+01 3.665907388871909867e-02 1.423432295398583888e-02 2.510525310443476391e-02 2.190009432954196072e-03 1.396234125047504833e-02 1.351400208336623883e-04
1.900000000000000000e+01 3.661544859339037339e-02 1.402541506989237255e-02 2.506158769982734513e-02 2.189774815225288551e-03 1.396218670264695594e-02 1.351370889792320674e-04
2.100000000000000000e+01 3.656824575324064269e-02 1.380191712964025201e-02 2.501423274021874477e-02 2.189519939211108206e-03 1.396201879341621259e-02 1.351339036872038529e-04
2.300000000000000000e+01 3.651753115441449399e-02 1.356471802565710136e-02 2.496322890935168820e-02 2.189244917081742924e-03 1.396183759250847235e-02 1.351304662890507897e-04
2.500000000000000000e+01 3.646337305888544544e-02 1.331473876289853558e-02 2.490861823591111052e-02 2.188949860984378774e-03 1.396164316933586579e-02 1.351267781109260406e-04
2.700000000000000000e+01 3.640584199594334297e-02 1.305292679317264677e-02 2.485044404996980191e-02 2.188634883035541021e-03 1.396143559299757413e-02 1.351228404736625616e-04
2.900000000000000000e+01 3.634501055145570453e-02 1.278025034944347757e-02 2.478875093902438084e-02 2.188300095313426650e-03 1.396121493228042604e-02 1.351186546927727759e-04
3.100000000000000000e+01 3.628095315599479814e-02 1.249769282421613406e-02 2.472358470367222102e-02 2.187945609850345738e-03 1.396098125565949609e-02 1.351142220784485204e-04
3.300000000000000000e+01 3.621374587289204888e-02 1.220624723409738203e-02 2.465499231297953522e-02 2.187571538625254775e-03 1.396073463129870323e-02 1.351095439355612621e-04
3.500000000000000000e+01 3.614346618724443433e-02 1.190691081026074016e-02 2.458302185959000685e-02 2.187177993556391024e-03 1.396047512705142317e-02 1.351046215636626943e-04
3.700000000000000000e+01 3.607019279685520080e-02 1.160067975186634091e-02 2.450772251462284002e-02 2.186765086494001434e-03 1.396020281046109722e-02 1.350994562569852520e-04
3.900000000000000000e+01 3.599400540604184157e-02 1.128854417653830412e-02 2.442914448240816536e-02 2.186332929213177789e-03 1.395991774876185684e-02 1.350940493044432773e-04
4.100000000000000000e+01 3.591498452319143858e-02 1.097148329883225124e-02 2.434733895510700352e-02 2.185881633406776877e-03 1.395962000887914813e-02 1.350884019896340493e-04
4.300000000000000000e+01 3.583321126288536995e-02 1.065046086427935690e-02 2.426235806726217623e-02 2.185411310678444727e-03 1.395930965743035802e-02 1.350825155908393018e-04
4.500000000000000000e+01 3.574876715335413568e-02 1.032642086311803299e-02 2.417425485032556956e-02 2.184922072535734963e-03 1.395898676072545273e-02 1.350763913810270125e-04
4.700000000000000000e+01 3.566173394995886953e-02 1.000028354426593311e-02 2.408308318720632848e-02 2.184414030383324302e-03 1.395865138476762302e-02 1.350700306278529482e-04
4.900000000000000000e+01 3.557219345532958849e-02 9.672941746488116985e-03 2.398889776688348935e-02 2.183887295516317821e-03 1.395830359525392084e-02 1.350634345936632663e-04
5.100000000000000000e+01 3.548022734672246631e-02 9.345257560124740903e-03 2.389175403912561363e-02 2.183341979113657873e-03 1.395794345757592030e-02 1.350566045354964126e-04
5.300000000000000000e+01 3.538591701108934062e-02 9.018059329194329926e-03 2.379170816935896951e-02 2.182778192231615844e-03 1.395757103682036294e-02 1.350495417050861298e-04
5.500000000000000000e+01 3.528934338828391970e-02 8.692139000223872772e-03 2.368881699372465607e-02 2.182196045797387112e-03 1.395718639776983433e-02 1.350422473488638157e-04
5.700000000000000000e+01 3.519058682276030720e-02 8.368249820809614201e-03 2.358313797436404485e-02 2.181595650602774061e-03 1.395678960490341278e-02 1.350347227079620196e-04
5.900000000000000000e+01 3.508972692405146893e-02 8.047104387713343437e-03 2.347472915497078941e-02 2.180977117297964053e-03 1.395638072239735288e-02 1.350269690182172343e-04
6.100000000000000000e+01 3.498684243624943652e-02 7.729373041275858051e-03 2.336364911664649130e-02 2.180340556385394150e-03 1.395595981412575855e-02 1.350189875101736909e-04
6.300000000000000000e+01 3.488201111664414322e-02 7.415682600105767859e-03 2.324995693409589309e-02 2.179686078213718178e-03 1.395552694366125612e-02 1.350107794090867736e-04
6.500000000000000000e+01 3.477530962361580907e-02 7.106615427397574083e-03 2.313371213219646630e-02 2.179013792971850987e-03 1.395508217427568996e-02 1.350023459349270589e-04
6.700000000000000000e+01 3.466681341381683268e-02 6.802708817863906132e-03 2.301497464297580162e-02 2.178323810683114193e-03 1.395462556894080074e-02 1.349936883023843267e-04
6.900000000000000000e+01 3.455659664862211627e-02 6.504454692145047665e-03 2.289380476302929623e-02 2.177616241199465622e-03 1.395415719032893492e-02 1.349848077208718161e-04
7.100000000000000000e+01 3.444473210977470196e-02 6.212299583692249168e-03 2.277026311140912737e-02 2.176891194195821125e-03 1.395367710081372309e-02 1.349757053945307788e-04
7.300000000000000000e+01 3.433129112410351902e-02 5.926644901514730931e-03 2.264441058801449844e-02 2.176148779164463129e-03 1.395318536247079980e-02 1.349663825222351143e-04
7.500000000000000000e+01 3.421634349714509221e-02 5.647847450834460152e-03 2.251630833251177383e-02 2.175389105409539399e-03 1.395268203707850270e-02 1.349568402975962215e-04
7.700000000000000000e+01 3.409995745545891382e-02 5.376220192605755260e-03 2.238601768381189711e-02 2.174612282041645927e-03 1.395216718611858205e-02 1.349470799089681761e-04
7.900000000000000000e+01 3.398219959738909418e-02 5.112033222023262824e-03 2.225360014013128690e-02 2.173818417972503067e-03 1.395164087077691885e-02 1.349371025394528799e-04
8.100000000000000000e+01 3.386313485199095308e-02 4.855514945553919895e-03 2.211911731966112460e-02 2.173007621909707997e-03 1.395110315194425174e-02 1.349269093669056452e-04
8.300000000000000000e+01 3.374282644581185625e-02 4.606853435676051822e-03 2.198263092186870590e-02 2.172180002351586491e-03 1.395055409021687780e-02 1.349165015639406967e-04
8.500000000000000000e+01 3.362133587719057931e-02 4.366197942379152624e-03 2.184420268945321680e-02 2.171335667582117990e-03 1.394999374589740888e-02 1.349058802979371076e-04
8.700000000000000000e+01 3.349872289771726325e-02 4.133660540557065194e-03 2.170389437097723292e-02 2.170474725665950434e-03 1.394942217899547941e-02 1.348950467310447898e-04
8.900000000000000000e+01 3.337504550047937224e-02 3.909317892699653609e-03 2.156176768419379094e-02 2.169597284443501410e-03 1.394883944922849749e-02 1.348840020201907009e-04
9.100000000000000000e+01 3.325035991470454838e-02 3.693213106736663223e-03 2.141788428008778097e-02 2.168703451526138651e-03 1.394824561602236827e-02 1.348727473170851870e-04
9.300000000000000000e+01 3.312472060640168220e-02 3.485357669494902350e-03 2.127230570764918755e-02 2.167793334291444243e-03 1.394764073851225382e-02 1.348612837682285146e-04
9.500000000000000000e+01 3.299818028459417657e-02 3.285733436977724721e-03 2.112509337939441623e-02 2.166867039878562096e-03 1.394702487554330336e-02 1.348496125149176747e-04
9.700000000000000000e+01 3.287078991273657130e-02 3.094294663545877136e-03 2.097630853765086040e-02 2.165924675183631288e-03 1.394639808567141141e-02 1.348377346932532394e-04
9.900000000000000000e+01 3.274259872490451612e-02 2.910970053052442351e-03 2.082601222161855822e-02 2.164966346855289221e-03 1.394576042716397235e-02 1.348256514341464101e-04
1.010000000000000000e+02 3.261365424635106341e-02 2.735664816043683646e-03 2.067426523522169698e-02 2.163992161290268900e-03 1.394511195800062810e-02 1.348133638633263083e-04
1.030000000000000000e+02 3.248400231802676258e-02 2.568262718264525523e-03 2.052112811576159435e-02 2.163002224629063854e-03 1.394445273587404353e-02 1.348008731013473210e-04
1.050000000000000000e+02 3.235368712466847596e-02 2.408628106884697171e-03 2.036666110338151980e-02 2.161996642751682837e-03 1.394378281819064723e-02 1.347881802635966363e-04
1.070000000000000000e+02 3.222275122607131531e-02 2.256607902073287045e-03 2.021092411135275851e-02 2.160975521273474347e-03 1.394310226207142595e-02 1.347752864603021306e-04
1.090000000000000000e+02 3.209123559116917185e-02 2.112033542779961741e-03 2.005397669719010886e-02 2.159938965541037016e-03 1.394241112435266362e-02 1.347621927965400666e-04
1.110000000000000000e+02 3.195917963456241379e-02 1.974722876816238908e-03 1.989587803460395390e-02 2.158887080628198955e-03 1.394170946158674457e-02 1.347489003722432519e-04
1.130000000000000000e+02 3.182662125514554990e-02 1.844481986556742795e-03 1.973668688629501289e-02 2.157819971332082531e-03 1.394099733004290805e-02 1.347354102822091975e-04
1.150000000000000000e+02 3.169359687650316615e-02 1.721106942786433365e-03 1.957646157759683828e-02 2.156737742169238543e-03 1.394027478570803759e-02 1.347217236161084937e-04
1.170000000000000000e+02 3.156014148875894293e-02 1.604385480394622792e-03 1.941525997097000300e-02 2.155640497371861912e-03 1.393954188428743815e-02 1.347078414584932662e-04
1.190000000000000000e+02 3.142628869157977622e-02 1.494098590750934626e-03 1.925313944135117333e-02 2.154528340884072444e-03 1.393879868120562193e-02 1.346937648888058773e-04
1.210000000000000000e+02 3.129207073805472666e-02 1.390022026683879587e-03 1.909015685235895474e-02 2.153401376358285348e-03 1.393804523160710462e-02 1.346794949813877350e-04
1.230000000000000000e+02 3.115751857918703377e-02 1.291927717012944466e-03 1.892636853335781869e-02 2.152259707151639445e-03 1.393728159035718603e-02 1.346650328054882105e-04
1.250000000000000000e+02 3.102266190875514057e-02 1.199585088553930222e-03 1.876183025738019025e-02 2.151103436322506900e-03 1.393650781204274110e-02 1.346503794252737181e-04
1.270000000000000000e+02 3.088752920831789456e-02 1.112762294420906704e-03 1.859659721990606154e-02 2.149932666627077556e-03 1.393572395097303004e-02 1.346355358998369586e-04
1.290000000000000000e+02 3.075214779215679206e-02 1.031227348282793676e-03 1.843072401849860445e-02 2.148747500516005708e-03 1.393493006118048591e-02 1.346205032832062702e-04
1.310000000000000000e+02 3.061654385196652811e-02 9.547491649964046307e-04 1.826426463329334365e-02 2.147548040131138855e-03 1.393412619642152121e-02 1.346052826243552506e-04
1.330000000000000000e+02 3.048074250112279768e-02 8.830985087294192888e-04 1.809727240833772580e-02 2.146334387302307588e-03 1.393331241017732765e-02 1.345898749672121630e-04
1.350000000000000000e+02 3.034476781837354073e-02 8.160488503060095130e-04 1.792980003377707063e-02 2.145106643544193118e-03 1.393248875565468968e-02 1.345742813506699915e-04
1.370000000000000000e+02 3.020864289081662268e-02 7.533771360551962505e-04 1.776189952888216142e-02 2.143864910053258546e-03 1.393165528578678078e-02 1.345585028085960911e-04
1.390000000000000000e+02 3.007238985604306081e-02 6.948644709188705288e-04 1.759362222591299291e-02 2.142609287704749094e-03 1.393081205323399435e-02 1.345425403698424598e-04
1.410000000000000000e+02 2.993602994334036704e-02 6.402967189846122406e-04 1.742501875481247339e-02 2.141339877049766062e-03 1.392995911038473998e-02 1.345263950582557409e-04
1.430000000000000000e+02 2.979958351386521181e-02 5.894650249505872320e-04 1.725613902872321845e-02 2.140056778312398895e-03 1.392909650935626568e-02 1.345100678926874958e-04
1.450000000000000000e+02 2.966307009970864036e-02 5.421662603088575443e-04 1.708703223031998036e-02 2.138760091386933144e-03 1.392822430199548017e-02 1.344935598870048018e-04
1.470000000000000000e+02 2.952650844179020503e-02 4.982033982527784254e-04 1.691774679894946648e-02 2.137449915835120014e-03 1.392734253987976990e-02 1.344768720501006334e-04
1.490000000000000000e+02 2.938991652652941933e-02 4.573858214775389187e-04 1.674833041856891094e-02 2.136126350883507923e-03 1.392645127431781961e-02 1.344600053859045419e-04
1.510000000000000000e+02 2.925331162125481554e-02 4.195295671541895261e-04 1.657883000647404625e-02 2.134789495420846926e-03 1.392555055635043802e-02 1.344429608933934701e-04
1.530000000000000000e+02 2.911671030832108098e-02 3.844575134208815968e-04 1.640929170280669078e-02 2.133439447995550374e-03 1.392464043675139054e-02 1.344257395666026758e-04
1.550000000000000000e+02 2.898012851791470154e-02 3.519995117546573433e-04 1.623976086083151610e-02 2.132076306813224242e-03 1.392372096602822150e-02 1.344083423946366279e-04
1.570000000000000000e+02 2.884358155953748587e-02 3.219924695672563919e-04 1.607028203797129795e-02 2.130700169734258461e-03 1.392279219442308508e-02 1.343907703616802551e-04
1.590000000000000000e+02 2.870708415216531584e-02 2.942803873132521708e-04 1.590089898758920151e-02 2.129311134271478969e-03 1.392185417191358666e-02 1.343730244470101400e-04
1.610000000000000000e+02 2.857065045308696330e-02 2.687143543125874914e-04 1.573165465150649575e-02 2.127909297587861782e-03 1.392090694821359990e-02 1.343551056250058225e-04
1.630000000000000000e+02 2.843429408543420023e-02 2.451525073762541836e-04 1.556259115324352786e-02 2.126494756494310377e-03 1.391995057277412712e-02 1.343370148651612918e-04
1.650000000000000000e+02 2.829802816442035171e-02 2.234599561874405491e-04 1.539374979197145887e-02 2.125067607447493796e-03 1.391898509478411289e-02 1.343187531320965333e-04
1.670000000000000000e+02 2.816186532230951362e-02 2.035086792345994504e-04 1.522517103716186648e-02 2.123627946547737219e-03 1.391801056317130622e-02 1.343003213855692381e-04
1.690000000000000000e+02 2.802581773214313579e-02 1.851773939212176048e-04 1.505689452392107615e-02 2.122175869536983665e-03 1.391702702660308280e-02 1.342817205804865122e-04
1.710000000000000000e+02 2.788989713025440478e-02 1.683514042928357696e-04 1.488895904899571222e-02 2.120711471796804699e-03 1.391603453348730021e-02 1.342629516669167488e-04
1.730000000000000000e+02 2.775411483760415951e-02 1.529224296282038597e-04 1.472140256743568673e-02 2.119234848346471418e-03 1.391503313197314101e-02 1.342440155901017168e-04
1.750000000000000000e+02 2.761848177997478990e-02 1.387884169412281928e-04 1.455426218990059882e-02 2.117746093841087890e-03 1.391402286995195581e-02 1.342249132904684602e-04
1.770000000000000000e+02 2.748300850706050791e-02 1.258533402361494376e-04 1.438757418059530106e-02 2.116245302569771860e-03 1.391300379505811501e-02 1.342056457036415224e-04
1.790000000000000000e+02 2.734770521049436492e-02 1.140269891525560016e-04 1.422137395582017370e-02 2.114732568453900948e-03 1.391197595466985536e-02 1.341862137604553059e-04
1.810000000000000000e+02 2.721258174085339904e-02 1.032247494314908096e-04 1.405569608312144322e-02 2.113207985045408716e-03 1.391093939591012997e-02 1.341666183869662699e-04
1.830000000000000000e+02 2.707764762368433664e-02 9.336737743092135794e-05 1.389057428102669599e-02 2.111671645525138412e-03 1.390989416564746353e-02 1.341468605044655339e-04
1.850000000000000000e+02 2.694291207459250520e-02 8.438077071982276250e-05 1.372604141935073602e-02 2.110123642701247464e-03 1.390884031049680232e-02 1.341269410294912922e-04
1.870000000000000000e+02 2.680838401343721422e-02 7.619573658649719816e-05 1.356212952005656641e-02 2.108564069007670509e-03 1.390777787682037636e-02 1.341068608738414712e-04
1.890000000000000000e+02 2.667407207767621968e-02 6.874776010967809158e-05 1.339886975865643530e-02 2.106993016502631873e-03 1.390670691072854077e-02 1.340866209445865239e-04
1.910000000000000000e+02 2.653998463490207099e-02 6.197677326143950294e-05 1.323629246613760961e-02 2.105410576867212686e-03 1.390562745808065354e-02 1.340662221440820873e-04
1.930000000000000000e+02 2.640612979461209528e-02 5.582692633973269437e-05 1.307442713139763540e-02 2.103816841403968307e-03 1.390453956448591336e-02 1.340456653699820472e-04
1.950000000000000000e+02 2.627251541925322564e-02 5.024636286609800883e-05 1.291330240417359367e-02 2.102211901035596492e-03 1.390344327530423224e-02 1.340249515152512779e-04
1.970000000000000000e+02 2.613914913458196751e-02 4.518699893122685743e-05 1.275294609845012070e-02 2.100595846303661939e-03 1.390233863564709245e-02 1.340040814681789231e-04
1.990000000000000000e+02 2.600603833937854478e-02 4.060430782783820420e-05 1.259338519633067081e-02 2.098968767367360728e-03 1.390122569037840865e-02 1.339830561123913797e-04
2.010000000000000000e+02 2.587319021455319196e-02 3.645711067697540383e-05 1.243464585235671063e-02 2.097330754002344182e-03 1.390010448411538660e-02 1.339618763268655521e-04
2.030000000000000000e+02 2.574061173168126423e-02 3.270737363035787807e-05 1.227675339825945108e-02 2.095681895599587393e-03 1.389897506122939400e-02 1.339405429859420792e-04
2.050000000000000000e+02 2.560830966100234238e-02 2.932001211777419180e-05 1.211973234812879080e-02 2.094022281164304583e-03 1.389783746584681741e-02 1.339190569593388328e-04
2.070000000000000000e+02 2.547629057891734328e-02 2.626270250453595153e-05 1.196360640398430424e-02 2.092351999314914779e-03 1.389669174184993659e-02 1.338974191121642266e-04
2.090000000000000000e+02 2.534456087501582577e-02 2.350570142948049394e-05 1.180839846173293260e-02 2.090671138282054753e-03 1.389553793287778144e-02 1.338756303049306868e-04
2.110000000000000000e+02 2.521312675866459879e-02 2.102167300863815903e-05 1.165413061749843299e-02 2.088979785907637502e-03 1.389437608232700454e-02 1.338536913935684219e-04
2.130000000000000000e+02 2.508199426518689309e-02 1.878552401309335800e-05 1.150082417430748488e-02 2.087278029643957564e-03 1.389320623335274854e-02 1.338316032294388936e-04
2.150000000000000000e+02 2.495116926166009164e-02 1.677424706139189227e-05 1.134849964911762571e-02 2.085565956552840571e-03 1.389202842886951526e-02 1.338093666593485323e-04
2.170000000000000000e+02 2.482065745235850079e-02 1.496677180663896355e-05 1.119717678017221121e-02 2.083843653304839633e-03 1.389084271155203130e-02 1.337869825255626958e-04
2.190000000000000000e+02 2.469046438386602801e-02 1.334382404574563878e-05 1.104687453466780649e-02 2.082111206178474238e-03 1.388964912383612582e-02 1.337644516658193579e-04
2.210000000000000000e+02 2.456059544988241361e-02 1.188779263264180479e-05 1.089761111671954177e-02 2.080368701059514235e-03 1.388844770791958921e-02 1.337417749133429856e-04
2.230000000000000000e+02 2.443105589574520731e-02 1.058260403820419312e-05 1.074940397561007649e-02 2.078616223440308500e-03 1.388723850576305784e-02 1.337189530968587424e-04
2.250000000000000000e+02 2.430185082268815355e-02 9.413604366662270414e-06 1.060226981430803864e-02 2.076853858419150031e-03 1.388602155909087615e-02 1.336959870406062578e-04
2.270000000000000000e+02 2.417298519185565389e-02 8.367448610865511468e-06 1.045622459824200115e-02 2.075081690699694809e-03 1.388479690939197451e-02 1.336728775643539386e-04
2.290000000000000000e+02 2.404446382809137528e-02 7.431996906544601267e-06 1.031128356431617807e-02 2.073299804590407122e-03 1.388356459792073824e-02 1.336496254834130095e-04
2.310000000000000000e+02 2.391629142351814341e-02 6.596217528120659526e-06 1.016746123015424726e-02 2.071508284004060837e-03 1.388232466569788368e-02 1.336262316086517157e-04
2.330000000000000000e+02 2.378847254092497296e-02 5.850096355258176192e-06 1.002477140355796312e-02 2.069707212457270584e-03 1.388107715351132899e-02 1.336026967465097704e-04
2.350000000000000000e+02 2.366101161697585498e-02 5.184552529791659382e-06 9.883227192167319888e-03 2.067896673070069354e-03 1.387982210191707547e-02 1.335790216990124493e-04
2.370000000000000000e+02 2.353391296525423129e-02 4.591360016475557760e-06 9.742841013309383458e-03 2.066076748565521225e-03 1.387855955124007307e-02 1.335552072637851188e-04
2.390000000000000000e+02 2.340718077915564591e-02 4.063074777819324372e-06 9.603624604022987718e-03 2.064247521269373543e-03 1.387728954157509825e-02 1.335312542340676286e-04
2.410000000000000000e+02 2.328081913464048747e-02 3.592967272714276225e-06 9.465589031246869622e-03 2.062409073109755086e-03 1.387601211278763347e-02 1.335071633987288406e-04
2.430000000000000000e+02 2.315483199285767874e-02 3.174959990290468786e-06 9.328744702158921209e-03 2.060561485616897639e-03 1.387472730451473624e-02 1.334829355422810753e-04
2.450000000000000000e+02 2.302922320264925993e-02 2.803569734145586162e-06 9.193101374654531754e-03 2.058704839922908311e-03 1.387343515616591867e-02 1.334585714448948844e-04
2.470000000000000000e+02 2.290399650294525427e-02 2.473854377467882507e-06 9.058668167952301994e-03 2.056839216761574378e-03 1.387213570692402351e-02 1.334340718824134162e-04
2.490000000000000000e+02 2.277915552505727428e-02 2.181363816362987094e-06 8.925453573315542469e-03 2.054964696468200222e-03 1.387082899574609840e-02 1.334094376263673780e-04
2.510000000000000000e+02 2.265470379487873748e-02 1.922094856642629670e-06 8.793465464878276808e-03 2.053081358979485030e-03 1.386951506136427197e-02 1.333846694439895096e-04
2.530000000000000000e+02 2.253064473499883161e-02 1.692449778218868476e-06 8.662711110564758760e-03 2.051189283833435625e-03 1.386819394228663328e-02 1.333597680982296274e-04
2.550000000000000000e+02 2.240698166673694286e-02 1.489198330867096562e-06 8.533197183091714710e-03 2.049288550169309654e-03 1.386686567679809926e-02 1.333347343477691790e-04
2.570000000000000000e+02 2.228371781210350400e-02 1.309442925295242308e-06 8.404929771042837436e-03 2.047379236727601276e-03 1.386553030296130452e-02 1.333095689470363142e-04
2.590000000000000000e+02 2.216085629569282400e-02 1.150586794022465218e-06 8.277914390005225095e-03 2.045461421850052006e-03 1.386418785861746883e-02 1.332842726462206027e-04
2.610000000000000000e+02 2.203840014651302012e-02 1.010304907387126668e-06 8.152155993757868868e-03 2.043535183479698852e-03 1.386283838138727478e-02 1.332588461912882132e-04
2.630000000000000000e+02 2.191635229975763544e-02 8.865174409445097681e-07 8.027658985502410596e-03 2.041600599160957145e-03 1.386148190867174390e-02 1.332332903239966039e-04
2.650000000000000000e+02 2.179471559852313653e-02 7.773656014721841373e-07 7.904427229126778642e-03 2.039657746039730702e-03 1.386011847765311611e-02 1.332076057819097563e-04
2.670000000000000000e+02 2.167349279547620133e-02 6.811896296805973304e-07 7.782464060492463691e-03 2.037706700863559702e-03 1.385874812529572057e-02 1.331817932984131635e-04
2.690000000000000000e+02 2.155268655447431514e-02 5.965088084496090089e-07 7.661772298736586537e-03 2.035747539981795900e-03 1.385737088834685868e-02 1.331558536027289551e-04
2.710000000000000000e+02 2.143229945214279730e-02 5.220033159103903734e-07 7.542354257580065162e-03 2.033780339345810356e-03 1.385598680333767138e-02 1.331297874199309137e-04
2.730000000000000000e+02 2.131233397941124236e-02 4.564977729122196062e-07 7.424211756633530140e-03 2.031805174509230226e-03 1.385459590658402566e-02 1.331035954709597618e-04
2.750000000000000000e+02 2.119279254301201579e-02 3.989463443092248704e-07 7.307346132692864663e-03 2.029822120628207213e-03 1.385319823418738015e-02 1.330772784726382593e-04
2.770000000000000000e+02 2.107367746694311511e-02 3.484192630384580147e-07 7.191758251016502207e-03 2.027831252461715934e-03 1.385179382203565943e-02 1.330508371376865995e-04
2.790000000000000000e+02 2.095499099389773467e-02 3.040906551102722669e-07 7.077448516576952293e-03 2.025832644371878752e-03 1.385038270580414566e-02 1.330242721747373707e-04
2.810000000000000000e+02 2.083673528666242156e-02 2.652275523752753670e-07 6.964416885279190415e-03 2.023826370324320958e-03 1.384896492095633209e-02 1.329975842883511419e-04
2.830000000000000000e+02 2.071891242948563361e-02 2.311799882561622374e-07 6.852662875138850092e-03 2.021812503888556316e-03 1.384754050274480605e-02 1.329707741790315330e-04
2.850000000000000000e+02 2.060152442941835804e-02 2.013720795299244386e-07 6.742185577413436007e-03 2.019791118238394283e-03 1.384610948621213186e-02 1.329438425432407462e-04
2.870000000000000000e+02 2.048457321762829283e-02 1.752940047139224831e-07 6.632983667680003581e-03 2.017762286152381505e-03 1.384467190619170958e-02 1.329167900734148260e-04
2.890000000000000000e+02 2.036806065068890587e-02 1.524947966498084900e-07 6.525055416853005330e-03 2.015726080014264114e-03 1.384322779730865795e-02 1.328896174579790820e-04
2.910000000000000000e+02 2.025198851184462079e-02 1.325758734976971290e-07 6.418398702136270638e-03 2.013682571813481259e-03 1.384177719398068003e-02 1.328623253813635116e-04
2.930000000000000000e+02 2.013635851225327456e-02 1.151852385575646241e-07 6.313011017903348392e-03 2.011631833145680753e-03 1.384032013041894618e-02 1.328349145240181688e-04
2.950000000000000000e+02 2.002117229220680417e-02 1.000122851364935732e-07 6.208889486500621460e-03 2.009573935213264644e-03 1.383885664062895621e-02 1.328073855624288036e-04
2.970000000000000000e+02 1.990643142233110632e-02 8.678314809180434032e-08 6.106030868967909052e-03 2.007508948825952131e-03 1.383738675841141366e-02 1.327797391691321494e-04
2.990000000000000000e+02 1.979213740476597205e-02 7.525654871571660723e-08 6.004431575671533190e-03 2.005436944401377611e-03 1.383591051736310015e-02 1.327519760127315353e-04
3.010000000000000000e+02 1.967829167432575202e-02 6.522008430244422914e-08 5.904087676844950450e-03 2.003357991965705204e-03 1.383442795087773750e-02 1.327240967579124175e-04
3.030000000000000000e+02 1.956489559964158173e-02 5.648691807002062892e-08 5.804994913032404842e-03 2.001272161154269303e-03 1.383293909214686722e-02 1.326961020654579375e-04
3.050000000000000000e+02 1.945195048428565929e-02 4.889282911352758923e-08 5.707148705431224281e-03 1.999179521212237666e-03 1.383144397416071793e-02 1.326679925922643450e-04
3.070000000000000000e+02 1.933945756787834244e-02 4.229358576111319225e-08 5.610544166128605958e-03 1.997080140995302275e-03 1.382994262970906225e-02 1.326397689913567999e-04
3.090000000000000000e+02 1.922741802717839801e-02 3.656260910653533634e-08 5.515176108228982306e-03 1.994974088970382763e-03 1.382843509138210331e-02 1.326114319119047684e-04
3.110000000000000000e+02 1.911583297715708021e-02 3.158889661927456820e-08 5.421039055868270840e-03 1.992861433216367578e-03 1.382692139157132814e-02 1.325829819992378246e-04
3.130000000000000000e+02 1.900470347205635707e-02 2.727517860252987407e-08 5.328127254111479465e-03 1.990742241424857742e-03 1.382540156247037515e-02 1.325544198948610738e-04
3.150000000000000000e+02 1.889403050643182619e-02 2.353628289735498640e-08 5.236434678730471880e-03 1.988616580900949646e-03 1.382387563607591179e-02 1.325257462364709819e-04
3.170000000000000000e+02 1.878381501618052798e-02 2.029768563397805819e-08 5.145955045858673430e-03 1.986484518564026087e-03 1.382234364418848289e-02 1.324969616579709062e-04
3.190000000000000000e+02 1.867405787955424973e-02 1.749422802467975173e-08 5.056681821520035529e-03 1.984346120948576354e-03 1.382080561841339192e-02 1.324680667894868435e-04
3.210000000000000000e+02 1.856475991815844176e-02 1.506898119147423762e-08 4.968608231029385085e-03 1.982201454205032801e-03 1.381926159016154745e-02 1.324390622573830159e-04
3.230000000000000000e+02 1.845592189793716573e-02 1.297224284068752037e-08 4.881727268261795358e-03 1.980050584100626065e-03 1.381771159065033928e-02 1.324099486842776998e-04
3.250000000000000000e+02 1.834754453014434544e-02 1.116065124900405335e-08 4.796031704788645059e-03 1.977893576020264138e-03 1.381615565090449707e-02 1.323807266890587842e-04
3.270000000000000000e+02 1.823962847230156323e-02 9.596403524666760733e-09 4.711514098878233706e-03 1.975730494967425314e-03 1.381459380175694557e-02 1.323513968868995461e-04
3.290000000000000000e+02 1.813217432914270705e-02 8.246566465515641088e-09 4.628166804359033770e-03 1.973561405565074558e-03 1.381302607384967546e-02 1.323219598892743168e-04
3.310000000000000000e+02 1.802518265354563845e-02 7.082469563972986482e-09 4.545981979343797184e-03 1.971386372056593318e-03 1.381145249763459162e-02 1.322924163039743389e-04
3.330000000000000000e+02 1.791865394745115886e-02 6.079170818755725703e-09 4.464951594812943680e-03 1.969205458306736226e-03 1.380987310337438052e-02 1.322627667351233783e-04
3.350000000000000000e+02 1.781258866276946504e-02 5.214987014129458207e-09 4.385067443055774665e-03 1.967018727802590829e-03 1.380828792114335846e-02 1.322330117831933913e-04
3.370000000000000000e+02 1.770698720227432271e-02 4.471081029354521675e-09 4.306321145968267095e-03 1.964826243654572459e-03 1.380669698082834067e-02 1.322031520450204622e-04
3.390000000000000000e+02 1.760184992048507979e-02 3.831099552379218765e-09 4.228704163206313711e-03 1.962628068597419527e-03 1.380510031212948616e-02 1.321731881138203885e-04
3.410000000000000000e+02 1.749717712453680019e-02 3.280855300947621348e-09 4.152207800193446867e-03 1.960424264991216577e-03 1.380349794456115810e-02 1.321431205792045378e-04
3.430000000000000000e+02 1.739296907503862233e-02 2.808048508631469606e-09 4.076823215982253168e-03 1.958214894822429917e-03 1.380188990745277386e-02 1.321129500271955143e-04
3.450000000000000000e+02 1.728922598692051935e-02 2.402023019813748865e-09 4.002541430968798060e-03 1.956000019704957123e-03 1.380027622994966195e-02 1.320826770402429339e-04
3.470000000000000000e+02 1.718594803026865514e-02 2.053552862740633136e-09 3.929353334459471415e-03 1.953779700881196069e-03 1.379865694101390858e-02 1.320523021972391992e-04
3.490000000000000000e+02 1.708313533114946478e-02 1.754655639294883777e-09 3.857249692089951415e-03 1.951553999223125434e-03 1.379703206942521458e-02 1.320218260735352752e-04
3.510000000000000000e+02 1.698078797242261531e-02 1.498429489512720689e-09 3.786221153095921128e-03 1.949322975233403225e-03 1.379540164378173853e-02 1.319912492409563553e-04
3.530000000000000000e+02 1.687890599454298923e-02 1.278910763000648498e-09 3.716258257435448888e-03 1.947086689046479378e-03 1.379376569250094671e-02 1.319605722678177454e-04
3.550000000000000000e+02 1.677748939635182596e-02 1.090949862809315711e-09 3.647351442762961343e-03 1.944845200429719430e-03 1.379212424382046664e-02 1.319297957189405303e-04
3.570000000000000000e+02 1.667653813585720859e-02 9.301030240937437708e-10 3.579491051254942314e-03 1.942598568784546396e-03 1.379047732579891973e-02 1.318989201556672948e-04
3.590000000000000000e+02 1.657605213100389954e-02 7.925380537677922156e-10 3.512667336287507089e-03 1.940346853147594582e-03 1.378882496631678514e-02 1.318679461358779532e-04
3.610000000000000000e+02 1.647603126043286140e-02 6.749522917394862753e-10 3.446870468966208630e-03 1.938090112191875533e-03 1.378716719307722383e-02 1.318368742140054698e-04
3.630000000000000000e+02 1.637647536423035566e-02 5.745012622687261122e-10 3.382090544508444332e-03 1.935828404227958512e-03 1.378550403360693545e-02 1.318057049410516072e-04
3.650000000000000000e+02 1.627738424466691064e-02 4.887366683068300073e-10 3.318317588478998485e-03 1.933561787205164209e-03 1.378383551525699455e-02 1.317744388646025660e-04
3.670000000000000000e+02 1.617875766692625228e-02 4.155525448758597237e-10 3.255541562879324998e-03 1.931290318712768420e-03 1.378216166520369185e-02 1.317430765288448954e-04
3.690000000000000000e+02 1.608059535982420130e-02 3.531385318981322299e-10 3.193752372091246926e-03 1.929014055981220256e-03 1.378048251044936869e-02 1.317116184745810241e-04
3.710000000000000000e+02 1.598289701651783162e-02 2.999393544407317329e-10 3.132939868675881610e-03 1.926733055883370549e-03 1.377879807782326008e-02 1.316800652392451445e-04
3.730000000000000000e+02 1.588566229520484499e-02 2.546197109394868170e-10 3.073093859028644924e-03 1.924447374935713689e-03 1.377710839398233258e-02 1.316484173569187975e-04
3.750000000000000000e+02 1.578889081981338718e-02 2.160338692679796158e-10 3.014204108891286107e-03 1.922157069299637935e-03 1.377541348541211526e-02 1.316166753583466748e-04
3.770000000000000000e+02 1.569258218068231986e-02 1.831993580058646870e-10 2.956260348721971055e-03 1.919862194782688937e-03 1.377371337842753056e-02 1.315848397709521778e-04
3.790000000000000000e+02 1.559673593523214219e-02 1.552742172688581738e-10 2.899252278924517329e-03 1.917562806839842810e-03 1.377200809917374091e-02 1.315529111188532734e-04
3.810000000000000000e+02 1.550135160862661787e-02 1.315373411819403423e-10 2.843169574937945768e-03 1.915258960574790477e-03 1.377029767362695882e-02 1.315208899228780795e-04
3.830000000000000000e+02 1.540642869442520463e-02 1.113715035727769313e-10 2.788001892187564733e-03 1.912950710741231127e-03 1.376858212759529687e-02 1.314887767005804508e-04
3.850000000000000000e+02 1.531196665522645099e-02 9.424871068473471116e-11 2.733738870898906690e-03 1.910638111744176072e-03 1.376686148671958133e-02 1.314565719662558077e-04
3.870000000000000000e+02 1.521796492330237949e-02 7.971757050568425618e-11 2.680370140775822484e-03 1.908321217641260848e-03 1.376513577647419349e-02 1.314242762309566137e-04
3.890000000000000000e+02 1.512442290122401230e-02 6.739240843469388743e-11 2.627885325544200047e-03 1.906000082144070551e-03 1.376340502216787977e-02 1.313918900025081229e-04
3.910000000000000000e+02 1.503133996247811577e-02 5.694389413464842608e-11 2.576274047362686614e-03 1.903674758619467756e-03 1.376166924894458438e-02 1.313594137855239390e-04
3.930000000000000000e+02 1.493871545207528517e-02 4.809097514099266992e-11 2.525525931101999140e-03 1.901345300090935856e-03 1.375992848178427853e-02 1.313268480814216001e-04
3.950000000000000000e+02 1.484654868714944259e-02 4.059393964387467909e-11 2.475630608494336447e-03 1.899011759239926499e-03 1.375818274550376710e-02 1.312941933884382998e-04
3.970000000000000000e+02 1.475483895754883638e-02 3.424845430168509050e-11 2.426577722154452631e-03 1.896674188407215930e-03 1.375643206475752472e-02 1.312614502016461746e-04
3.990000000000000000e+02 1.466358552641866021e-02 2.888044339316218459e-11 2.378356929474109097e-03 1.894332639594271733e-03 1.375467646403849553e-02 1.312286190129682687e-04
4.010000000000000000e+02 1.457278763077538009e-02 2.434169343964174733e-11 2.330957906391489462e-03 1.891987164464623917e-03 1.375291596767893101e-02 1.311957003111936858e-04
4.030000000000000000e+02 1.448244448207287871e-02 2.050608295270432594e-11 2.284370351037362783e-03 1.889637814345247703e-03 1.375115059985119147e-02 1.311626945819934181e-04
4.050000000000000000e+02 1.439255526676041196e-02 1.726635047123017576e-11 2.238583987259636608e-03 1.887284640227947403e-03 1.374938038456856478e-02 1.311296023079356883e-04
4.070000000000000000e+02 1.430311914683263935e-02 1.453132579770552865e-11 2.193588568028165525e-03 1.884927692770752873e-03 1.374760534568607653e-02 1.310964239685015074e-04
4.090000000000000000e+02 1.421413526037165580e-02 1.222355954831817764e-11 2.149373878721538671e-03 1.882567022299322683e-03 1.374582550690130536e-02 1.310631600401001250e-04
4.110000000000000000e+02 1.412560272208119964e-02 1.027729499011619474e-11 2.105929740297673297e-03 1.880202678808349029e-03 1.374404089175518956e-02 1.310298109960845059e-04
4.130000000000000000e+02 1.403752062381311873e-02 8.636733822694155971e-12 2.063246012350076174e-03 1.877834711962972618e-03 1.374225152363283374e-02 1.309963773067668617e-04
4.150000000000000000e+02 1.394988803508614289e-02 7.254554222032637820e-12 2.021312596051597771e-03 1.875463171100203190e-03 1.374045742576432069e-02 1.309628594394338292e-04
4.170000000000000000e+02 1.386270400359708097e-02 6.090645232250838434e-12 1.980119436987560957e-03 1.873088105230347406e-03 1.373865862122550761e-02 1.309292578583621917e-04
4.190000000000000000e+02 1.377596755572453938e-02 5.111026582754597235e-12 1.939656527880169370e-03 1.870709563038436317e-03 1.373685513293883970e-02 1.308955730248339763e-04
4.210000000000000000e+02 1.368967769702519877e-02 4.286927324805277989e-12 1.899913911206056608e-03 1.868327592885667349e-03 1.373504698367413943e-02 1.308618053971520665e-04
4.230000000000000000e+02 1.360383341272277703e-02 3.594000411401889938e-12 1.860881681708921077e-03 1.865942242810843255e-03 1.373323419604941670e-02 1.308279554306553268e-04
4.250000000000000000e+02 1.351843366818975337e-02 3.011653564886895122e-12 1.822549988809145805e-03 1.863553560531819742e-03 1.373141679253166506e-02 1.307940235777341068e-04
4.270000000000000000e+02 1.343347740942191573e-02 2.522479555351810211e-12 1.784909038912329410e-03 1.861161593446960475e-03 1.372959479543765619e-02 1.307600102878453657e-04
4.290000000000000000e+02 1.334896356350583242e-02 2.111771408592936378e-12 1.747949097618665265e-03 1.858766388636589901e-03 1.372776822693473273e-02 1.307259160075281495e-04
4.310000000000000000e+02 1.326489103907931878e-02 1.767110126333937185e-12 1.711660491835080089e-03 1.856367992864456709e-03 1.372593710904160616e-02 1.306917411804186342e-04
4.330000000000000000e+02 1.318125872678498067e-02 1.478014278336961221e-12 1.676033611792097618e-03 1.853966452579197720e-03 1.372410146362914793e-02 1.306574862472655756e-04
4.350000000000000000e+02 1.309806549971695433e-02 1.235642354695476729e-12 1.641058912967332736e-03 1.851561813915808281e-03 1.372226131242117869e-02 1.306231516459452986e-04
4.370000000000000000e+02 1.301531021386081316e-02 1.032540080786978591e-12 1.606726917917549857e-03 1.849154122697114176e-03 1.372041667699525069e-02 1.305887378114770655e-04
4.390000000000000000e+02 1.293299170852684615e-02 8.624260263600359028e-13 1.573028218021227343e-03 1.846743424435248098e-03 1.371856757878344747e-02 1.305542451760381738e-04
4.410000000000000000e+02 1.285110880677672700e-02 7.200098094562412830e-13 1.539953475133540523e-03 1.844329764333129361e-03 1.371671403907315581e-02 1.305196741689789992e-04
4.430000000000000000e+02 1.276966031584363115e-02 6.008380273584422400e-13 1.507493423155673853e-03 1.841913187285947962e-03 1.371485607900785504e-02 1.304850252168382560e-04
4.450000000000000000e+02 1.268864502754590666e-02 5.011637595943827038e-13 1.475638869520379346e-03 1.839493737882649284e-03 1.371299371958789939e-02 1.304502987433580133e-04
4.470000000000000000e+02 1.260806171869437858e-02 4.178360987256742806e-13 1.444380696595682495e-03 1.837071460407423140e-03 1.371112698167128996e-02 1.304154951694987379e-04
4.490000000000000000e+02 1.252790915149335459e-02 3.482066874958452085e-13 1.413709863008617233e-03 1.834646398841195420e-03 1.370925588597446225e-02 1.303806149134543112e-04
4.510000000000000000e+02 1.244818607393538036e-02 2.900506882377585756e-13 1.383617404890864939e-03 1.832218596863123203e-03 1.370738045307305988e-02 1.303456583906671532e-04
4.530000000000000000e+02 1.236889122018985758e-02 2.414999929023502290e-13 1.354094437048179028e-03 1.829788097852086837e-03 1.370550070340270134e-02 1.303106260138430221e-04
4.550000000000000000e+02 1.229002331098557992e-02 2.009868088570662523e-13 1.325132154055438027e-03 1.827354944888193947e-03 1.370361665725976057e-02 1.302755181929661661e-04
4.570000000000000000e+02 1.221158105398726865e-02 1.671960346355858161e-13 1.296721831279156649e-03 1.824919180754273895e-03 1.370172833480213376e-02 1.302403353353140684e-04
4.590000000000000000e+02 1.213356314416614776e-02 1.390250779233923209e-13 1.268854825829292569e-03 1.822480847937383956e-03 1.369983575605001301e-02 1.302050778454724093e-04
4.610000000000000000e+02 1.205596826416469383e-02 1.155499711091782067e-13 1.241522577442158654e-03 1.820039988630309420e-03 1.369793894088664268e-02 1.301697461253500010e-04
4.630000000000000000e+02 1.197879508465554167e-02 9.599681277083848884e-14 1.214716609296198797e-03 1.817596644733071934e-03 1.369603790905910001e-02 1.301343405741935328e-04
4.650000000000000000e+02 1.190204226469471736e-02 7.971771083759194416e-14 1.188428528762444690e-03 1.815150857854432639e-03 1.369413268017904105e-02 1.300988615886023434e-04
4.670000000000000000e+02 1.182570845206919359e-02 6.617052860406394306e-14 1.162650028091375461e-03 1.812702669313400513e-03 1.369222327372347781e-02 1.300633095625434370e-04
4.690000000000000000e+02 1.174979228363883660e-02 5.490184146707406724e-14 1.137372885037917945e-03 1.810252120140741364e-03 1.369030970903552767e-02 1.300276848873659031e-04
4.710000000000000000e+02 1.167429238567289224e-02 4.553260295436330585e-14 1.112588963426321435e-03 1.807799251080484653e-03 1.368839200532517321e-02 1.299919879518158519e-04
4.730000000000000000e+02 1.159920737418097987e-02 3.774609566722059152e-14 1.088290213656577460e-03 1.805344102591435740e-03 1.368647018167002023e-02 1.299562191420510502e-04
4.750000000000000000e+02 1.152453585523871213e-02 3.127780817884291820e-14 1.064468673154070951e-03 1.802886714848683141e-03 1.368454425701604894e-02 1.299203788416555859e-04
4.770000000000000000e+02 1.145027642530803066e-02 2.590693443961605497e-14 1.041116466764118158e-03 1.800427127745112725e-03 1.368261425017837200e-02 1.298844674316544504e-04
4.790000000000000000e+02 1.137642767155223888e-02 2.144923931219393810e-14 1.018225807093000928e-03 1.797965380892913457e-03 1.368068017984197353e-02 1.298484852905281751e-04
4.810000000000000000e+02 1.130298817214589989e-02 1.775107375188711390e-14 9.957889947971338297e-04 1.795501513625091588e-03 1.367874206456247063e-02 1.298124327942273869e-04
4.830000000000000000e+02 1.122995649657961004e-02 1.468435693610621571e-14 9.737984188219304818e-04 1.793035564996980306e-03 1.367679992276684721e-02 1.297763103161873096e-04
4.850000000000000000e+02 1.115733120595969498e-02 1.214237124761850141e-14 9.522465565919255607e-04 1.790567573787749155e-03 1.367485377275420508e-02 1.297401182273422648e-04
4.870000000000000000e+02 1.108511085330292183e-02 1.003624021223901515e-14 9.311259741537089660e-04 1.788097578501914985e-03 1.367290363269650817e-02 1.297038568961402275e-04
4.890000000000000000e+02 1.101329398382633329e-02 8.291979948789460108e-15 9.104293262731768047e-04 1.785625617370851159e-03 1.367094952063931633e-02 1.296675266885571106e-04
4.910000000000000000e+02 1.094187913523212916e-02 6.848031975367642125e-15 8.901493564885807524e-04 1.783151728354295243e-03 1.366899145450252949e-02 1.296311279681112386e-04
4.930000000000000000e+02 1.087086483798784670e-02 5.653199814254563197e-15 8.702788971208613679e-04 1.780675949141858434e-03 1.366702945208111974e-02 1.295946610958777407e-04
4.950000000000000000e+02 1.080024961560171678e-02 4.664924159036155666e-15 8.508108692426886999e-04 1.778198317154532169e-03 1.366506353104587207e-02 1.295581264305027810e-04
4.970000000000000000e+02 1.073003198489339005e-02 3.847841760979073712e-15 8.317382826076416590e-04 1.775718869546192126e-03 1.366309370894410770e-02 1.295215243282179509e-04
4.990000000000000000e+02 1.066021045626005040e-02 3.172581954026564196e-15 8.130542355409058021e-04 1.773237643205107872e-03 1.366112000320042486e-02 1.294848551428545269e-04
5.010000000000000000e+02 1.059078353393791590e-02 2.614762120807104423e-15 7.947519147928632129e-04 1.770754674755440792e-03 1.365914243111741866e-02 1.294481192258575646e-04
5.030000000000000000e+02 1.052174971625931786e-02 2.154149619412526781e-15 7.768245953569230099e-04 1.768270000558750700e-03 1.365716100987641492e-02 1.294113169263002379e-04
5.050000000000000000e+02 1.045310749590528179e-02 1.773962923534286186e-15 7.592656402528948252e-04 1.765783656715493337e-03 1.365517575653818483e-02 1.293744485908979874e-04
5.070000000000000000e+02 1.038485536015374029e-02 1.460289130318944026e-15 7.420685002772082475e-04 1.763295679066521774e-03 1.365318668804368224e-02 1.293375145640225069e-04
5.090000000000000000e+02 1.031699179112344732e-02 1.201598690967891389e-15 7.252267137212489159e-04 1.760806103194582613e-03 1.365119382121474968e-02 1.293005151877158919e-04
5.110000000000000000e+02 1.024951526601359207e-02 9.883413286373510178e-16 7.087339060590379294e-04 1.758314964425811101e-03 1.364919717275484348e-02 1.292634508017048158e-04
5.130000000000000000e+02 1.018242425733922527e-02 8.126097196031128925e-16 6.925837896054908883e-04 1.755822297831224508e-03 1.364719675924975194e-02 1.292263217434143265e-04
5.150000000000000000e+02 1.011571723316253592e-02 6.678597055517048855e-16 6.767701631464289160e-04 1.753328138228215727e-03 1.364519259716830309e-02 1.291891283479819135e-04
5.170000000000000000e+02 1.004939265731999432e-02 5.486776436549025258e-16 6.612869115415292943e-04 1.750832520182038846e-03 1.364318470286308635e-02 1.291518709482714674e-04
5.190000000000000000e+02 9.983448989645494695e-03 4.505870428375694879e-16 6.461280053013361297e-04 1.748335478007298407e-03 1.364117309257115510e-02 1.291145498748871845e-04
5.210000000000000000e+02 9.917884686189499394e-03 3.698879266612434549e-16 6.312875001394711947e-04 1.745837045769433465e-03 1.363915778241473267e-02 1.290771654561873364e-04
5.230000000000000000e+02 9.852698199434219151e-03 3.035234454012912949e-16 6.167595365011154874e-04 1.743337257286198608e-03 1.363713878840193405e-02 1.290397180182982289e-04
5.250000000000000000e+02 9.787887978504971817e-03 2.489691658068665402e-16 6.025383390688539504e-04 1.740836146129144972e-03 1.363511612642744758e-02 1.290022078851278361e-04
5.270000000000000000e+02 9.723452469377613649e-03 2.041412250088499113e-16 5.886182162468919831e-04 1.738333745625095196e-03 1.363308981227325488e-02 1.289646353783796236e-04
5.290000000000000000e+02 9.659390115082332889e-03 1.673201689121992876e-16 5.749935596247158056e-04 1.735830088857618584e-03 1.363105986160932301e-02 1.289270008175663455e-04
5.310000000000000000e+02 9.595699355903581848e-03 1.370878252220881558e-16 5.616588434211337508e-04 1.733325208668501068e-03 1.362902628999430356e-02 1.288893045200235150e-04
5.330000000000000000e+02 9.532378629576423318e-03 1.122750038650889236e-16 5.486086239097167673e-04 1.730819137659213433e-03 1.362698911287622654e-02 1.288515468009231743e-04
5.350000000000000000e+02 9.469426371479237534e-03 9.191818714077742393e-17 5.358375388265623068e-04 1.728311908192377159e-03 1.362494834559319599e-02 1.288137279732875010e-04
5.370000000000000000e+02 9.406841014822836522e-03 7.522368037257156868e-17 5.233403067613154195e-04 1.725803552393225058e-03 1.362290400337408565e-02 1.287758483480022523e-04
5.390000000000000000e+02 9.344620990836065635e-03 6.153795110447639732e-17 5.111117265323405481e-04 1.723294102151059744e-03 1.362085610133921716e-02 1.287379082338303176e-04
5.410000000000000000e+02 9.282764728947954722e-03 5.032309939000555813e-17 4.991466765469391390e-04 1.720783589120710366e-03 1.361880465450105576e-02 1.286999079374253252e-04
5.430000000000000000e+02 9.221270656966403315e-03 4.113658046474652552e-17 4.874401141474475792e-04 1.718272044723981318e-03 1.361674967776489373e-02 1.286618477633447882e-04
5.450000000000000000e+02 9.160137201253533423e-03 3.361444997113358796e-17 4.759870749440711125e-04 1.715759500151103770e-03 1.361469118592953560e-02 1.286237280140638197e-04
5.470000000000000000e+02 9.099362786897685629e-03 2.745752584277890310e-17 4.647826721352463415e-04 1.713245986362178092e-03 1.361262919368797474e-02 1.285855489899882245e-04
5.490000000000000000e+02 9.038945837882138290e-03 2.241996408327446978e-17 4.538220958163357069e-04 1.710731534088615622e-03 1.361056371562807156e-02 1.285473109894679704e-04
5.510000000000000000e+02 8.978884777250607102e-03 1.829983144337782710e-17 4.431006122774152744e-04 1.708216173834575888e-03 1.360849476623323361e-02 1.285090143088104425e-04
5.530000000000000000e+02 8.919178027269540621e-03 1.493132929831995684e-17 4.326135632909041957e-04 1.705699935878400575e-03 1.360642235988308857e-02 1.284706592422935349e-04
5.550000000000000000e+02 8.859824009587268998e-03 1.217838226665516910e-17 4.223563653897602029e-04 1.703182850274040112e-03 1.360434651085415739e-02 1.284322460821789866e-04
5.570000000000000000e+02 8.800821145390090930e-03 9.929354309402018204e-18 4.123245091369517738e-04 1.700664946852484607e-03 1.360226723332052211e-02 1.283937751187255272e-04
5.590000000000000000e+02 8.742167855555234637e-03 8.092695886091696695e-18 4.025135583868784698e-04 1.698146255223178950e-03 1.360018454135449376e-02 1.283552466402019144e-04
5.610000000000000000e+02 8.683862560800928790e-03 6.593359627140412068e-18 3.929191495394263435e-04 1.695626804775445711e-03 1.359809844892728020e-02 1.283166609328999447e-04
5.630000000000000000e+02 8.625903681833364811e-03 5.369850080911266691e-18 3.835369907872734820e-04 1.693106624679895696e-03 1.359600896990964883e-02 1.282780182811476806e-04
5.650000000000000000e+02 8.568289639490838522e-03 4.371796385360774476e-18 3.743628613570956125e-04 1.690585743889835889e-03 1.359391611807258919e-02 1.282393189673221897e-04
5.670000000000000000e+02 8.511018854884996529e-03 3.557956011725031232e-18 3.653926107452678640e-04 1.688064191142677395e-03 1.359181990708796875e-02 1.282005632718626639e-04
5.690000000000000000e+02 8.454089749539213383e-03 2.894573708768964228e-18 3.566221579486459313e-04 1.685541994961330808e-03 1.358972035052919032e-02 1.281617514732832127e-04
5.710000000000000000e+02 8.397500745524200116e-03 2.354033004553772783e-18 3.480474906910018115e-04 1.683019183655608524e-03 1.358761746187185128e-02 1.281228838481857926e-04
5.730000000000000000e+02 8.341250265590842428e-03 1.913748567560746811e-18 3.396646646456587607e-04 1.680495785323608826e-03 1.358551125449439234e-02 1.280839606712729731e-04
5.750000000000000000e+02 8.285336733300344841e-03 1.555256780406887457e-18 3.314698026548638325e-04 1.677971827853108654e-03 1.358340174167874809e-02 1.280449822153605956e-04
5.770000000000000000e+02 8.229758573151684312e-03 1.263469361463413785e-18 3.234590939464025857e-04 1.675447338922942276e-03 1.358128893661099228e-02 1.280059487513907828e-04
5.790000000000000000e+02 8.174514210706444392e-03 1.026061051734356595e-18 3.156287933479677045e-04 1.672922346004379742e-03 1.357917285238199184e-02 1.279668605484443264e-04
5.810000000000000000e+02 8.119602072711029975e-03 8.329674899471982333e-19 3.079752204997425339e-04 1.670396876362499703e-03 1.357705350198804700e-02 1.279277178737535077e-04
5.830000000000000000e+02 8.065020587216368414e-03 6.759736135011918140e-19 3.004947590656835725e-04 1.667870957057556152e-03 1.357493089833152616e-02 1.278885209927145929e-04
5.850000000000000000e+02 8.010768183695065811e-03 5.483764006140151531e-19 2.931838559439360376e-04 1.665344614946344306e-03 1.357280505422151472e-02 1.278492701689005182e-04
5.870000000000000000e+02 7.956843293156070501e-03 4.447086373062895924e-19 2.860390204768123337e-04 1.662817876683554122e-03 1.357067598237444647e-02 1.278099656640731415e-04
5.890000000000000000e+02 7.903244348256935684e-03 3.605127575043945642e-19 2.790568236607625526e-04 1.660290768723128368e-03 1.356854369541474203e-02 1.277706077381960629e-04
5.910000000000000000e+02 7.849969783413658642e-03 2.921557531063447396e-19 2.722338973567232511e-04 1.657763317319607688e-03 1.356640820587543851e-02 1.277311966494466865e-04
5.930000000000000000e+02 7.797018034908126047e-03 2.366777558535776225e-19 2.655669335012352536e-04 1.655235548529474139e-03 1.356426952619881401e-02 1.276917326542288515e-04
5.950000000000000000e+02 7.744387540993299783e-03 1.916682142829892236e-19 2.590526833187059932e-04 1.652707488212490838e-03 1.356212766873703471e-02 1.276522160071851106e-04
5.970000000000000000e+02 7.692076741996003650e-03 1.551646765265233693e-19 2.526879565351600274e-04 1.650179162033032490e-03 1.355998264575276023e-02 1.276126469612089002e-04
5.990000000000000000e+02 7.640084080417554671e-03 1.255700843093500567e-19 2.464696205938341086e-04 1.647650595461415055e-03 1.355783446941977860e-02 1.275730257674569546e-04
6.010000000000000000e+02 7.588408001032088089e-03 1.015852190750181041e-19 2.403945998729344502e-04 1.645121813775215873e-03 1.355568315182362031e-02 1.275333526753613135e-04
6.030000000000000000e+02 7.537046950982758189e-03 8.215354574135368397e-20 2.344598749058801515e-04 1.642592842060594874e-03 1.355352870496218803e-02 1.274936279326416820e-04
6.050000000000000000e+02 7.485999379875718680e-03 6.641619628279240486e-20 2.286624816043234519e-04 1.640063705213601038e-03 1.355137114074636030e-02 1.274538517853174107e-04
6.070000000000000000e+02 7.435263739872025740e-03 5.367524322190315109e-20 2.229995104842475491e-04 1.637534427941483850e-03 1.354921047100061775e-02 1.274140244777195849e-04
6.090000000000000000e+02 7.384838485777436845e-03 4.336374793121260581e-20 2.174681058954094242e-04 1.635005034763991087e-03 1.354704670746365025e-02 1.273741462525030321e-04
6.110000000000000000e+02 7.334722075130145277e-03 3.502134337013865834e-20 2.120654652543995104e-04 1.632475550014665308e-03 1.354487986178896410e-02 1.273342173506583565e-04
6.130000000000000000e+02 7.284912968286495413e-03 2.827433620267640595e-20 2.067888382815621527e-04 1.629945997842134489e-03 1.354270994554549259e-02 1.272942380115238382e-04
6.150000000000000000e+02 7.235409628504717826e-03 2.281949796645005346e-20 2.016355262420272527e-04 1.627416402211397453e-03 1.354053697021820497e-02 1.272542084727972238e-04
6.170000000000000000e+02 7.186210522026665118e-03 1.841086634418388305e-20 1.966028811910720006e-04 1.624886786905100624e-03 1.353836094720870485e-02 1.272141289705477614e-04
6.190000000000000000e+02 7.137314118157671652e-03 1.484900159236033466e-20 1.916883052240422468e-04 1.622357175524812402e-03 1.353618188783583393e-02 1.271739997392278010e-04
6.210000000000000000e+02 7.088718889344471259e-03 1.197224471802083365e-20 1.868892497310321919e-04 1.619827591492292761e-03 1.353399980333626698e-02 1.271338210116846668e-04
6.230000000000000000e+02 7.040423311251247512e-03 9.649607100121375506e-21 1.822032146565216737e-04 1.617298058050754177e-03 1.353181470486511558e-02 1.270935930191722857e-04
6.250000000000000000e+02 6.992425862833877293e-03 7.774989244340632120e-21 1.776277477641643348e-04 1.614768598266116484e-03 1.352962660349650917e-02 1.270533159913629227e-04
6.270000000000000000e+02 6.944725026412331206e-03 6.262481965530099674e-21 1.731604439068938032e-04 1.612239235028261296e-03 1.352743551022420228e-02 1.270129901563586477e-04
6.290000000000000000e+02 6.897319287741315863e-03 5.042548748490116210e-21 1.687989443025234969e-04 1.609709991052274284e-03 1.352524143596215561e-02 1.269726157407031250e-04
6.310000000000000000e+02 6.850207136079138059e-03 4.058925182779471325e-21 1.645409358149924127e-04 1.607180888879685288e-03 1.352304439154512240e-02 1.269321929693929167e-04
6.330000000000000000e+02 6.803387064254859395e-03 3.266101708388959583e-21 1.603841502414096601e-04 1.604651950879701708e-03 1.352084438772923648e-02 1.268917220658890568e-04
6.350000000000000000e+02 6.756857568733801167e-03 2.627280682699831860e-21 1.563263636050394223e-04 1.602123199250437766e-03 1.351864143519259515e-02 1.268512032521284887e-04
6.370000000000000000e+02 6.710617149681278107e-03 2.112718998808999146e-21 1.523653954543484216e-04 1.599594656020134238e-03 1.351643554453583335e-02 1.268106367485353418e-04
6.390000000000000000e+02 6.664664311024786486e-03 1.698383981613974324e-21 1.484991081682508480e-04 1.597066343048375147e-03 1.351422672628271524e-02 1.267700227740324234e-04
6.410000000000000000e+02 6.618997560514542494e-03 1.364863741334555841e-21 1.447254062676600649e-04 1.594538282027298162e-03 1.351201499088069274e-02 1.267293615460524136e-04
6.430000000000000000e+02 6.573615409782421204e-03 1.096484131445860009e-21 1.410422357334523125e-04 1.592010494482798497e-03 1.350980034870149192e-02 1.266886532805490862e-04
6.450000000000000000e+02 6.528516374399364643e-03 8.805933951841155110e-22 1.374475833309466300e-04 1.589483001775728044e-03 1.350758281004167845e-02 1.266478981920085307e-04
6.470000000000000000e+02 6.483698973931221674e-03 7.069828648114648139e-22 1.339394759409897370e-04 1.586955825103085601e-03 1.350536238512323010e-02 1.266070964934603194e-04
6.490000000000000000e+02 6.439161731993126372e-03 5.674180056674855661e-22 1.305159798977349142e-04 1.584428985499205600e-03 1.350313908409409361e-02 1.265662483964885934e-04
6.510000000000000000e+02 6.394903176302311684e-03 4.552589219773648921e-22 1.271752003331840571e-04 1.581902503836935979e-03 1.350091291702876575e-02 1.265253541112430671e-04
6.530000000000000000e+02 6.350921838729564790e-03 3.651533671214396433e-22 1.239152805285787960e-04 1.579376400828814541e-03 1.349868389392883811e-02 1.264844138464501686e-04
6.550000000000000000e+02 6.307216255349173267e-03 2.927884939506973284e-22 1.207344012726905039e-04 1.576850697028236428e-03 1.349645202472356774e-02 1.264434278094238274e-04
6.570000000000000000e+02 6.263784966487480864e-03 2.346901765797745670e-22 1.176307802270777262e-04 1.574325412830615946e-03 1.349421731927042539e-02 1.264023962060764790e-04
6.590000000000000000e+02 6.220626516770071113e-03 1.880608447353598529e-22 1.146026712983603223e-04 1.571800568474542546e-03 1.349197978735566621e-02 1.263613192409299613e-04
6.610000000000000000e+02 6.177739455167573571e-03 1.506484856005624198e-22 1.116483640175561145e-04 1.569276184042931593e-03 1.348973943869485881e-02 1.263201971171262750e-04
6.630000000000000000e+02 6.135122335040123914e-03 1.206408599002300808e-22 1.087661829265223947e-04 1.566752279464168418e-03 1.348749628293345777e-02 1.262790300364383990e-04
6.650000000000000000e+02 6.092773714180522125e-03 9.658010881256377237e-23 1.059544869715377561e-04 1.564228874513244561e-03 1.348525032964733791e-02 1.262378181992809150e-04
6.670000000000000000e+02 6.050692154856100909e-03 7.729384513146090277e-23 1.032116689040558818e-04 1.561705988812891414e-03 1.348300158834334420e-02 1.261965618047208501e-04
6.690000000000000000e+02 6.008876223849276589e-03 6.183956581984477348e-23 1.005361546886501822e-04 1.559183641834704318e-03 1.348075006845983817e-02 1.261552610504881931e-04
6.710000000000000000e+02 5.967324492496929068e-03 4.945982615281667490e-23 9.792640291818075046e-05 1.556661852900262551e-03 1.347849577936723227e-02 1.261139161329864387e-04
6.730000000000000000e+02 5.926035536728464261e-03 3.954610447132557939e-23 9.538090423618686127e-05 1.554140641182243446e-03 1.347623873036853451e-02 1.260725272473032664e-04
6.750000000000000000e+02 5.885007937102732477e-03 3.160968264614970214e-23 9.289818076652604653e-05 1.551620025705527199e-03 1.347397893069987758e-02 1.260310945872208954e-04
6.770000000000000000e+02 5.844240278843742913e-03 2.525818816563883596e-23 9.047678555026023592e-05 1.549100025348300151e-03 1.347171638953106529e-02 1.259896183452265735e-04
6.790000000000000000e+02 5.803731151875190716e-03 2.017670351632048034e-23 8.811530198979357006e-05 1.546580658843148097e-03 1.346945111596608777e-02 1.259480987125229860e-04
6.810000000000000000e+02 5.763479150853866896e-03 1.611255876686952943e-23 8.581234330026080224e-05 1.544061944778145259e-03 1.346718311904366444e-02 1.259065358790386095e-04
6.830000000000000000e+02 5.723482875201928513e-03 1.286309336953786361e-23 8.356655196816031189e-05 1.541543901597935235e-03 1.346491240773776271e-02 1.258649300334379034e-04
6.850000000000000000e+02 5.683740929138066458e-03 1.026581077184669776e-23 8.137659921722124022e-05 1.539026547604810651e-03 1.346263899095812878e-02 1.258232813631317184e-04
6.870000000000000000e+02 5.644251921707586425e-03 8.190460663907374622e-24 7.924118448149420420e-05 1.536509900959779793e-03 1.346036287755080635e-02 1.257815900542874068e-04
6.890000000000000000e+02 5.605014466811429098e-03 6.532673586026745140e-24 7.715903488564811955e-05 1.533993979683629782e-03 1.345808407629865179e-02 1.257398562918389323e-04
6.910000000000000000e+02 5.566027183234119151e-03 5.208845252703130983e-24 7.512890473245279052e-05 1.531478801657987785e-03 1.345580259592186155e-02 1.256980802594971159e-04
6.930000000000000000e+02 5.527288694670727184e-03 4.152026608545742258e-24 7.314957499742772362e-05 1.528964384626367926e-03 1.345351844507848213e-02 1.256562621397595294e-04
6.950000000000000000e+02 5.488797629752769150e-03 3.308622989944766790e-24 7.121985283062661799e-05 1.526450746195218621e-03 1.345123163236492184e-02 1.256144021139206596e-04
6.970000000000000000e+02 5.450552622073176826e-03 2.635743987156884387e-24 6.933857106553559084e-05 1.523937903834962334e-03 1.344894216631646773e-02 1.255725003620817475e-04
6.990000000000000000e+02 5.412552310210204908e-03 2.099076436917277390e-24 6.750458773504551026e-05 1.521425874881024258e-03 1.344665005540777829e-02 1.255305570631607629e-04
7.010000000000000000e+02 5.374795337750498496e-03 1.671177844072043889e-24 6.571678559447545053e-05 1.518914676534863619e-03 1.344435530805341249e-02 1.254885723949022709e-04
7.030000000000000000e+02 5.337280353311092858e-03 1.330107579667928324e-24 6.397407165159793856e-05 1.516404325864988698e-03 1.344205793260831380e-02 1.254465465338872434e-04
7.050000000000000000e+02 5.300006010560602207e-03 1.058329360800136120e-24 6.227537670364018747e-05 1.513894839807974901e-03 1.343975793736831847e-02 1.254044796555428445e-04
7.070000000000000000e+02 5.262970968239424896e-03 8.418315349092835000e-25 6.061965488121080715e-05 1.511386235169468297e-03 1.343745533057065684e-02 1.253623719341521070e-04
7.090000000000000000e+02 5.226173890179107266e-03 6.694221748887657489e-25 5.900588319911371252e-05 1.508878528625191319e-03 1.343515012039444428e-02 1.253202235428636628e-04
7.110000000000000000e+02 5.189613445320794168e-03 5.321644315414759469e-25 5.743306111400307650e-05 1.506371736721933514e-03 1.343284231496118079e-02 1.252780346537013111e-04
7.130000000000000000e+02 5.153288307732885841e-03 4.229243825843333230e-25 5.590021008883259854e-05 1.503865875878544669e-03 1.343053192233523846e-02 1.252358054375736409e-04
7.150000000000000000e+02 5.117197156627771061e-03 3.360090822485932799e-25 5.440637316404844964e-05 1.501360962386912327e-03 1.342821895052435065e-02 1.251935360642835989e-04
7.170000000000000000e+02 5.081338676377805674e-03 2.668769106107300015e-25 5.295061453547853457e-05 1.498857012412943210e-03 1.342590340748010813e-02 1.251512267025378406e-04
7.190000000000000000e+02 5.045711556530453265e-03 2.119058553092404360e-25 5.153201913886354960e-05 1.496354041997530540e-03 1.342358530109843094e-02 1.251088775199563259e-04
7.210000000000000000e+02 5.010314491822617441e-03 1.682081981818283813e-25 5.014969224097631654e-05 1.493852067057519200e-03 1.342126463922005408e-02 1.250664886830815615e-04
7.230000000000000000e+02 4.975146182194228189e-03 1.334823609800644583e-25 4.880275903727615230e-05 1.491351103386660479e-03 1.341894142963101673e-02 1.250240603573880610e-04
7.250000000000000000e+02 4.940205332801038060e-03 1.058944968046682915e-25 4.749036425603947611e-05 1.488851166656568990e-03 1.341661568006312540e-02 1.249815927072915600e-04
7.270000000000000000e+02 4.905490654026687172e-03 8.398388516787350305e-26 4.621167176891115687e-05 1.486352272417663326e-03 1.341428739819444486e-02 1.249390858961582868e-04
7.290000000000000000e+02 4.871000861493997129e-03 6.658736943664156244e-26 4.496586420781526871e-05 1.483854436100106276e-03 1.341195659164975615e-02 1.248965400863140960e-04
7.310000000000000000e+02 4.836734676075604006e-03 5.277902284891199505e-26 4.375214258816909979e-05 1.481357673014739845e-03 1.340962326800103875e-02 1.248539554390536849e-04
7.330000000000000000e+02 4.802690823903818518e-03 4.182198920577150539e-26 4.256972593833508443e-05 1.478861998354008772e-03 1.340728743476793036e-02 1.248113321146497546e-04
7.350000000000000000e+02 4.768868036379843474e-03 3.313005363962685113e-26 4.141785093525230136e-05 1.476367427192883195e-03 1.340494909941820044e-02 1.247686702723618465e-04
7.370000000000000000e+02 4.735265050182270452e-03 2.623698723047578544e-26 4.029577154618304170e-05 1.473873974489773057e-03 1.340260826936820644e-02 1.247259700704455849e-04
7.390000000000000000e+02 4.701880607274951107e-03 2.077210055902161170e-26 3.920275867651199642e-05 1.471381655087433855e-03 1.340026495198336047e-02 1.246832316661614050e-04
7.410000000000000000e+02 4.668713454914160711e-03 1.644075473071618219e-26 3.813809982353237447e-05 1.468890483713872815e-03 1.339791915457858550e-02 1.246404552157836599e-04
7.430000000000000000e+02 4.635762345655181429e-03 1.300882939226648017e-26 3.710109873615650804e-05 1.466400474983240321e-03 1.339557088441876986e-02 1.245976408746093489e-04
7.450000000000000000e+02 4.603026037358215992e-03 1.029034817096006350e-26 3.609107508048318248e-05 1.463911643396723734e-03 1.339322014871923046e-02 1.245547887969669805e-04
7.470000000000000000e+02 4.570503293193679470e-03 8.137622736624771200e-27 3.510736411115648284e-05 1.461424003343427111e-03 1.339086695464614986e-02 1.245118991362252733e-04
7.490000000000000000e+02 4.538192881646923790e-03 6.433405293382017784e-27 3.414931634845108459e-05 1.458937569101251795e-03 1.338851130931703950e-02 1.244689720448019922e-04
7.510000000000000000e+02 4.506093576522350770e-03 5.084642154065463584e-27 3.321629726101526359e-05 1.456452354837767466e-03 1.338615321980117685e-02 1.244260076741724320e-04
7.530000000000000000e+02 4.474204156946925796e-03 4.017503267877292384e-27 3.230768695420501476e-05 1.453968374611074510e-03 1.338379269312005987e-02 1.243830061748782000e-04
7.550000000000000000e+02 4.442523407373150275e-03 3.173428277599099876e-27 3.142287986394277710e-05 1.451485642370667481e-03 1.338142973624783551e-02 1.243399676965356994e-04
7.570000000000000000e+02 4.411050117581477234e-03 2.505982175598347638e-27 3.056128445603220958e-05 1.449004171958285115e-03 1.337906435611175594e-02 1.242968923878446134e-04
7.590000000000000000e+02 4.379783082682166609e-03 1.978355551423956445e-27 2.972232293086075401e-05 1.446523977108759044e-03 1.337669655959260358e-02 1.242537803965965788e-04
7.610000000000000000e+02 4.348721103116601032e-03 1.561377895305999754e-27 2.890543093342281823e-05 1.444045071450854268e-03 1.337432635352513166e-02 1.242106318696832362e-04
7.630000000000000000e+02 4.317862984658101151e-03 1.231939136767474069e-27 2.811005726859501101e-05 1.441567468508103125e-03 1.337195374469849624e-02 1.241674469531049848e-04
7.650000000000000000e+02 4.287207538412222269e-03 9.717359129013865538e-28 2.733566362159535736e-05 1.439091181699636655e-03 1.336957873985668635e-02 1.241242257919791413e-04
7.670000000000000000e+02 4.256753580816533163e-03 7.662760625757342994e-28 2.658172428355777295e-05 1.436616224341006210e-03 1.336720134569895600e-02 1.240809685305481523e-04
7.690000000000000000e+02 4.226499933639908321e-03 6.040883995474213801e-28 2.584772588215401807e-05 1.434142609644999426e-03 1.336482156888024395e-02 1.240376753121879704e-04
7.710000000000000000e+02 4.196445423981364810e-03 4.760956238029682475e-28 2.513316711719528707e-05 1.431670350722454021e-03 1.336243941601160043e-02 1.239943462794161036e-04
7.730000000000000000e+02 4.166588884268386528e-03 3.751168416692702272e-28 2.443755850114439344e-05 1.429199460583059026e-03 1.336005489366060700e-02 1.239509815738999102e-04
7.750000000000000000e+02 4.136929152254818255e-03 2.954730250811772974e-28 2.376042210447161111e-05 1.426729952136157305e-03 1.335766800835179978e-02 1.239075813364644860e-04
7.770000000000000000e+02 4.107465071018304333e-03 2.326742033336579752e-28 2.310129130578593171e-05 1.424261838191537462e-03 1.335527876656707885e-02 1.238641457071009040e-04
7.790000000000000000e+02 4.078195488957269375e-03 1.831715297767526400e-28 2.245971054667401568e-05 1.421795131460220751e-03 1.335288717474612634e-02 1.238206748249739942e-04
7.810000000000000000e+02 4.049119259787484389e-03 1.441608272349370228e-28 2.183523509117998951e-05 1.419329844555242137e-03 1.335049323928682100e-02 1.237771688284305016e-04
7.830000000000000000e+02 4.020235242538201803e-03 1.134269698193575148e-28 2.122743078985861107e-05 1.416865989992427887e-03 1.334809696654563893e-02 1.237336278550068387e-04
7.850000000000000000e+02 3.991542301547878514e-03 8.922064915708949077e-29 2.063587384833508377e-05 1.414403580191161448e-03 1.334569836283807168e-02 1.236900520414369454e-04
7.870000000000000000e+02 3.963039306459496466e-03 7.016081466008305980e-29 2.006015060030523104e-05 1.411942627475150846e-03 1.334329743443902171e-02 1.236464415236602046e-04
7.890000000000000000e+02 3.934725132215485983e-03 5.515746180895425180e-29 1.949985728490968788e-05 1.409483144073184592e-03 1.334089418758320836e-02 1.236027964368289762e-04
7.910000000000000000e+02 3.906598659052259656e-03 4.335054247306604731e-29 1.895459982841624425e-05 1.407025142119884119e-03 1.333848862846557203e-02 1.235591169153165401e-04
7.930000000000000000e+02 3.878658772494371527e-03 3.406164514678084135e-29 1.842399363014534926e-05 1.404568633656449930e-03 1.333608076324166274e-02 1.235154030927245762e-04
7.950000000000000000e+02 3.850904363348306349e-03 2.675578694663124796e-29 1.790766335257325975e-05 1.402113630631402104e-03 1.333367059802804087e-02 1.234716551018908901e-04
7.970000000000000000e+02 3.823334327695916256e-03 2.101121014931283041e-29 1.740524271554881453e-05 1.399660144901316476e-03 1.333125813890267443e-02 1.234278730748968392e-04
7.990000000000000000e+02 3.795947566887467126e-03 1.649551330088806014e-29 1.691637429455884319e-05 1.397208188231550182e-03 1.332884339190531890e-02 1.233840571430750040e-04
8.010000000000000000e+02 3.768742987534406952e-03 1.294679384610501297e-29 1.644070932298014219e-05 1.394757772296970240e-03 1.332642636303791456e-02 1.233402074370165062e-04
8.030000000000000000e+02 3.741719501501720915e-03 1.015875439096432251e-29 1.597790749825265112e-05 1.392308908682663923e-03 1.332400705826497153e-02 1.232963240865785710e-04
8.050000000000000000e+02 3.714876025900017142e-03 7.968942896544293743e-30 1.552763679191320861e-05 1.389861608884657585e-03 1.332158548351394453e-02 1.232524072208917372e-04
8.070000000000000000e+02 3.688211483077255114e-03 6.249470053904374339e-30 1.508957326342649423e-05 1.387415884310618571e-03 1.331916164467562835e-02 1.232084569683673109e-04
8.090000000000000000e+02 3.661724800610186969e-03 4.899684144732238645e-30 1.466340087775208879e-05 1.384971746280557999e-03 1.331673554760452738e-02 1.231644734567045754e-04
8.110000000000000000e+02 3.635414911295449265e-03 3.840392267998251653e-30 1.424881132658576527e-05 1.382529206027522913e-03 1.331430719811922680e-02 1.231204568128980016e-04
8.130000000000000000e+02 3.609280753140417519e-03 3.009302801173387326e-30 1.384550385321605708e-05 1.380088274698288873e-03 1.331187660200278643e-02 1.230764071632445386e-04
8.150000000000000000e+02 3.583321269353706862e-03 2.357432043949240840e-30 1.345318508093405657e-05 1.377648963354041701e-03 1.330944376500308932e-02 1.230323246333505261e-04
8.170000000000000000e+02 3.557535408335431130e-03 1.846271876656634051e-30 1.307156884493886612e-05 1.375211282971055106e-03 1.330700869283322867e-02 1.229882093481390122e-04
8.190000000000000000e+02 3.531922123667155348e-03 1.445557901710621835e-30 1.270037602767864190e-05 1.372775244441365710e-03 1.330457139117186514e-02 1.229440614318566929e-04
8.210000000000000000e+02 3.506480374101597110e-03 1.131511262372323874e-30 1.233933439756976424e-05 1.370340858573436795e-03 1.330213186566359639e-02 1.228998810080808503e-04
8.230000000000000000e+02 3.481209123552052136e-03 8.854540030051537455e-31 1.198817845103608924e-05 1.367908136092822486e-03 1.329969012191932129e-02 1.228556681997264007e-04
8.250000000000000000e+02 3.456107341081569168e-03 6.927189188128970780e-31 1.164664925781155907e-05 1.365477087642823261e-03 1.329724616551659390e-02 1.228114231290526701e-04
8.270000000000000000e+02 3.431174000891845134e-03 5.417915058480566161e-31 1.131449430944908781e-05 1.363047723785133650e-03 1.329480000199998076e-02 1.227671459176703336e-04
8.290000000000000000e+02 3.406408082311934704e-03 4.236347870064234521e-31 1.099146737098149068e-05 1.360620055000493628e-03 1.329235163688143040e-02 1.227228366865482187e-04
8.310000000000000000e+02 3.381808569786653659e-03 3.311581879797878962e-31 1.067732833567725134e-05 1.358194091689321568e-03 1.328990107564060816e-02 1.226784955560199458e-04
8.330000000000000000e+02 3.357374452864787980e-03 2.587998477362748401e-31 1.037184308283832350e-05 1.355769844172351754e-03 1.328744832372526219e-02 1.226341226457907860e-04
8.350000000000000000e+02 3.333104726187073076e-03 2.021982293811578289e-31 1.007478333858527859e-05 1.353347322691264088e-03 1.328499338655155654e-02 1.225897180749442204e-04
8.370000000000000000e+02 3.308998389473945777e-03 1.579340119496227691e-31 9.785926539576838336e-06 1.350926537409306415e-03 1.328253626950443543e-02 1.225452819619486081e-04
8.390000000000000000e+02 3.285054447513064725e-03 1.233272787592483905e-31 9.505055699610752448e-06 1.348507498411910576e-03 1.328007697793795114e-02 1.225008144246636098e-04
8.410000000000000000e+02 3.261271910146668583e-03 9.627820036366965666e-32 9.231959279055150383e-06 1.346090215707311912e-03 1.327761551717561439e-02 1.224563155803469645e-04
8.430000000000000000e+02 3.237649792258670989e-03 7.514191934564906109e-32 8.966431057057620829e-06 1.343674699227148618e-03 1.327515189251073265e-02 1.224117855456607234e-04
8.450000000000000000e+02 3.214187113761604597e-03 5.863032200751803561e-32 8.708270006482848543e-06 1.341260958827070627e-03 1.327268610920674489e-02 1.223672244366778091e-04
8.470000000000000000e+02 3.190882899583346102e-03 4.573494053621013270e-32 8.457280171527657979e-06 1.338849004287333104e-03 1.327021817249755993e-02 1.223226323688882502e-04
8.490000000000000000e+02 3.167736179653661728e-03 3.566645697643277926e-32 8.213270547964901590e-06 1.336438845313389504e-03 1.326774808758787901e-02 1.222780094572057405e-04
8.510000000000000000e+02 3.144745988890578371e-03 2.780724725601467988e-32 7.976054965967307146e-06 1.334030491536478558e-03 1.326527585965353931e-02 1.222333558159737106e-04
8.530000000000000000e+02 3.121911367186558720e-03 2.167416477129891551e-32 7.745451975463020145e-06 1.331623952514205626e-03 1.326280149384183142e-02 1.221886715589716433e-04
8.550000000000000000e+02 3.099231359394522423e-03 1.688936222273370246e-32 7.521284733975961404e-06 1.329219237731118835e-03 1.326032499527183411e-02 1.221439567994213077e-04
8.570000000000000000e+02 3.076705015313695949e-03 1.315742186492181583e-32 7.303380896903881963e-06 1.326816356599279812e-03 1.325784636903472140e-02 1.220992116499927769e-04
8.590000000000000000e+02 3.054331389675282900e-03 1.024743521437118020e-32 7.091572510188285702e-06 1.324415318458830714e-03 1.325536562019410253e-02 1.220544362228107022e-04
8.610000000000000000e+02 3.032109542128018972e-03 7.978964921748215068e-33 6.885695905330963577e-06 1.322016132578555849e-03 1.325288275378632731e-02 1.220096306294602090e-04
8.630000000000000000e+02 3.010038537223515710e-03 6.211050817524743668e-33 6.685591596711813030e-06 1.319618808156436352e-03 1.325039777482080530e-02 1.219647949809929681e-04
8.650000000000000000e+02 2.988117444401505382e-03 4.833602362862291390e-33 6.491104181164631245e-06 1.317223354320201179e-03 1.324791068828031979e-02 1.219199293879331589e-04
8.670000000000000000e+02 2.966345337974932769e-03 3.760661345764735662e-33 6.302082239767033046e-06 1.314829780127874624e-03 1.324542149912134523e-02 1.218750339602833646e-04
8.690000000000000000e+02 2.944721297114878244e-03 2.925129898038555177e-33 6.118378241801341340e-06 1.312438094568315824e-03 1.324293021227434565e-02 1.218301088075304269e-04
8.710000000000000000e+02 2.923244405835383284e-03 2.274646261088509417e-33 5.939848450845058159e-06 1.310048306561754569e-03 1.324043683264408688e-02 1.217851540386513009e-04
8.730000000000000000e+02 2.901913752978126787e-03 1.768359306469668528e-33 5.766352832948789098e-06 1.307660424960325161e-03 1.323794136510994361e-02 1.217401697621187741e-04
8.750000000000000000e+02 2.880728432196982998e-03 1.374406640435454286e-33 5.597754966860932244e-06 1.305274458548589004e-03 1.323544381452619600e-02 1.216951560859072534e-04
8.770000000000000000e+02 2.859687541942435886e-03 1.067943352997831728e-33 5.433921956258718800e-06 1.302890416044057403e-03 1.323294418572233677e-02 1.216501131174983893e-04
8.790000000000000000e+02 2.838790185445924565e-03 8.296015985350876553e-34 5.274724343946374220e-06 1.300508306097709161e-03 1.323044248350336086e-02 1.216050409638867546e-04
8.810000000000000000e+02 2.818035470704016547e-03 6.442871723611059455e-34 5.120036027980773978e-06 1.298128137294501244e-03 1.322793871265006554e-02 1.215599397315854005e-04
8.830000000000000000e+02 2.797422510462516370e-03 5.002396130830798052e-34 4.969734179686674825e-06 1.295749918153874230e-03 1.322543287791934190e-02 1.215148095266314681e-04
8.850000000000000000e+02 2.776950422200431118e-03 3.882983219139538002e-34 4.823699163523390667e-06 1.293373657130257332e-03 1.322292498404446792e-02 1.214696504545915409e-04
8.870000000000000000e+02 2.756618328113877824e-03 3.013296962772110458e-34 4.681814458766138275e-06 1.290999362613563881e-03 1.322041503573539306e-02 1.214244626205672695e-04
8.890000000000000000e+02 2.736425355099846891e-03 2.337800712511222916e-34 4.543966582964923138e-06 1.288627042929683117e-03 1.321790303767902790e-02 1.213792461292006569e-04
8.910000000000000000e+02 2.716370634739901768e-03 1.813269337370986689e-34 4.410045017145448530e-06 1.286256706340970033e-03 1.321538899453952517e-02 1.213340010846794119e-04
8.930000000000000000e+02 2.696453303283772793e-03 1.406068799308426797e-34 4.279942132716448670e-06 1.283888361046726543e-03 1.321287291095856603e-02 1.212887275907423973e-04
8.950000000000000000e+02 2.676672501632873426e-03 1.090034870776328178e-34 4.153553120048638870e-06 1.281522015183682219e-03 1.321035479155563061e-02 1.212434257506847659e-04
8.970000000000000000e+02 2.657027375323718025e-03 8.448194827979402515e-35 4.030775918691032886e-06 1.279157676826465917e-03 1.320783464092828256e-02 1.211980956673632193e-04
8.990000000000000000e+02 2.637517074511267628e-03 6.546019597970546662e-35 3.911511149191133246e-06 1.276795353988076538e-03 1.320531246365244486e-02 1.211527374432011712e-04
9.010000000000000000e+02 2.618140753952213733e-03 5.070848946779940195e-35 3.795662046485804841e-06 1.274435054620347285e-03 1.320278826428266349e-02 1.211073511801939517e-04
9.030000000000000000e+02 2.598897572988146266e-03 3.927120058617325282e-35 3.683134394830200686e-06 1.272076786614406013e-03 1.320026204735238670e-02 1.210619369799138215e-04
9.050000000000000000e+02 2.579786695528692077e-03 3.040590645520877734e-35 3.573836464233042179e-06 1.269720557801129728e-03 1.319773381737422702e-02 1.210164949435150138e-04
9.070000000000000000e+02 2.560807290034571027e-03 2.353597215776068493e-35 3.467678948366701879e-06 1.267366375951598434e-03 1.319520357884023352e-02 1.209710251717387890e-04
9.090000000000000000e+02 2.541958529500571839e-03 1.821364535421961685e-35 3.364574903921194132e-06 1.265014248777539003e-03 1.319267133622214171e-02 1.209255277649183140e-04
9.110000000000000000e+02 2.523239591438486331e-03 1.409134003747786210e-35 3.264439691371856482e-06 1.262664183931767750e-03 1.319013709397165446e-02 1.208800028229836492e-04
9.130000000000000000e+02 2.504649657859983353e-03 1.089929819430421326e-35 3.167190917130980852e-06 1.260316189008628884e-03 1.318760085652067628e-02 1.208344504454665191e-04
9.150000000000000000e+02 2.486187915259415078e-03 8.428217415466691436e-36 3.072748377053966453e-06 1.257970271544430136e-03 1.318506262828159775e-02 1.207888707315052184e-04
9.170000000000000000e+02 2.467853554596572546e-03 6.515744050892533227e-36 2.981034001271423993e-06 1.255626439017866469e-03 1.318252241364752456e-02 1.207432637798493147e-04
9.190000000000000000e+02 2.449645771279400450e-03 5.035974544920742630e-36 2.891971800318989424e-06 1.253284698850449424e-03 1.317998021699254459e-02 1.206976296888644053e-04
9.210000000000000000e+02 2.431563765146658139e-03 3.891297126297157499e-36 2.805487812537137382e-06 1.250945058406925615e-03 1.317743604267197256e-02 1.206519685565368201e-04
9.230000000000000000e+02 2.413606740450532917e-03 3.006053804536029602e-36 2.721510052713793552e-06 1.248607524995693288e-03 1.317488989502259636e-02 1.206062804804782022e-04
9.250000000000000000e+02 2.395773905839208243e-03 2.321617809307217636e-36 2.639968461942961940e-06 1.246272105869212577e-03 1.317234177836292680e-02 1.205605655579301431e-04
9.270000000000000000e+02 2.378064474339409377e-03 1.792571366473226639e-36 2.560794858673441052e-06 1.243938808224415550e-03 1.316979169699343186e-02 1.205148238857687632e-04
9.290000000000000000e+02 2.360477663338889608e-03 1.383738627889414628e-36 2.483922890921532749e-06 1.241607639203107802e-03 1.316723965519678990e-02 1.204690555605091165e-04
9.310000000000000000e+02 2.343012694568896541e-03 1.067883030026095219e-36 2.409287989622750383e-06 1.239278605892368086e-03 1.316468565723811872e-02 1.204232606783097576e-04
9.330000000000000000e+02 2.325668794086598913e-03 8.239207581032776822e-37 2.336827323097725922e-06 1.236951715324943616e-03 1.316212970736520792e-02 1.203774393349770790e-04
9.350000000000000000e+02 2.308445192257490858e-03 6.355349980159050734e-37 2.266479752607905439e-06 1.234626974479640597e-03 1.315957180980876877e-02 1.203315916259697693e-04
9.370000000000000000e+02 2.291341123737751506e-03 4.901013431150478255e-37 2.198185788977264778e-06 1.232304390281711067e-03 1.315701196878264756e-02 1.202857176464029878e-04
9.390000000000000000e+02 2.274355827456601108e-03 3.778547053408489088e-37 2.131887550256641474e-06 1.229983969603234322e-03 1.315445018848406672e-02 1.202398174910528230e-04
9.410000000000000000e+02 2.257488546598623771e-03 2.912436221239363767e-37 2.067528720407768967e-06 1.227665719263498550e-03 1.315188647309384860e-02 1.201938912543604535e-04
9.430000000000000000e+02 2.240738528586065908e-03 2.244299354324884935e-37 2.005054508984394817e-06 1.225349646029372285e-03 1.314932082677664274e-02 1.201479390304363082e-04
9.450000000000000000e+02 2.224105025061114734e-03 1.729012137668848794e-37 1.944411611788493070e-06 1.223035756615677584e-03 1.314675325368113747e-02 1.201019609130642683e-04
9.470000000000000000e+02 2.207587291868175466e-03 1.331705888580710015e-37 1.885548172479961088e-06 1.220724057685553671e-03 1.314418375794029759e-02 1.200559569957057593e-04
9.490000000000000000e+02 2.191184589036111220e-03 1.025443513170592462e-37 1.828413745118428896e-06 1.218414555850822530e-03 1.314161234367157080e-02 1.200099273715038309e-04
9.510000000000000000e+02 2.174896180760490724e-03 7.894205556861703469e-38 1.772959257616564725e-06 1.216107257672346476e-03 1.313903901497710455e-02 1.199638721332871413e-04
9.530000000000000000e+02 2.158721335385805663e-03 6.075730590604620602e-38 1.719136976084253377e-06 1.213802169660380950e-03 1.313646377594396113e-02 1.199177913735739552e-04
9.550000000000000000e+02 2.142659325387705378e-03 4.675005173876337354e-38 1.666900470043880001e-06 1.211499298274931009e-03 1.313388663064433450e-02 1.198716851845761145e-04
9.570000000000000000e+02 2.126709427355189495e-03 3.596328168907359239e-38 1.616204578496867796e-06 1.209198649926090897e-03 1.313130758313574981e-02 1.198255536582028198e-04
9.590000000000000000e+02 2.110870921972831781e-03 2.765860583213923701e-38 1.567005376822500553e-06 1.206900230974394025e-03 1.312872663746127849e-02 1.197793968860646281e-04
9.610000000000000000e+02 2.095143094002981880e-03 2.126645624686836249e-38 1.519260144490007984e-06 1.204604047731149506e-03 1.312614379764973256e-02 1.197332149594771122e-04
9.630000000000000000e+02 2.079525232267953605e-03 1.634759836579041836e-38 1.472927333565493233e-06 1.202310106458777395e-03 1.312355906771588490e-02 1.196870079694647228e-04
9.650000000000000000e+02 2.064016629632241858e-03 1.256339171307542669e-38 1.427966537995763653e-06 1.200018413371141315e-03 1.312097245166064970e-02 1.196407760067644483e-04
9.670000000000000000e+02 2.048616582984725230e-03 9.652816931479613551e-39 1.384338463651146311e-06 1.197728974633878712e-03 1.311838395347129232e-02 1.195945191618294869e-04
9.690000000000000000e+02 2.033324393220865573e-03 7.414734137927626414e-39 1.342004899110034777e-06 1.195441796364721341e-03 1.311579357712162539e-02 1.195482375248329741e-04
9.710000000000000000e+02 2.018139365224930117e-03 5.694184823548482108e-39 1.300928687168189501e-06 1.193156884633820528e-03 1.311320132657219605e-02 1.195019311856714109e-04
9.730000000000000000e+02 2.003060807852211425e-03 4.371818403449027430e-39 1.261073697056071112e-06 1.190874245464062023e-03 1.311060720577048207e-02 1.194556002339683236e-04
9.750000000000000000e+02 1.988088033911246041e-03 3.355732723369079053e-39 1.222404797347889850e-06 1.188593884831379765e-03 1.310801121865108089e-02 1.194092447590777462e-04
9.770000000000000000e+02 1.973220360146062200e-03 2.575178999708016570e-39 1.184887829546471012e-06 1.186315808665066402e-03 1.310541336913589004e-02 1.193628648500876362e-04
9.790000000000000000e+02 1.958457107218432303e-03 1.975706398412968198e-39 1.148489582328221881e-06 1.184040022848081635e-03 1.310281366113430490e-02 1.193164605958233843e-04
9.810000000000000000e+02 1.943797599690125395e-03 1.515417961005529890e-39 1.113177766432866039e-06 1.181766533217352109e-03 1.310021209854338869e-02 1.192700320848510807e-04
9.830000000000000000e+02 1.929241166005180464e-03 1.162084230848240160e-39 1.078920990182977613e-06 1.179495345564072822e-03 1.309760868524805638e-02 1.192235794054808897e-04
9.850000000000000000e+02 1.914787138472222880e-03 8.909186555279695708e-40 1.045688735618699234e-06 1.177226465634003761e-03 1.309500342512126200e-02 1.191771026457704244e-04
9.870000000000000000e+02 1.900434853246740297e-03 6.828634666757633810e-40 1.013451335233034101e-06 1.174959899127759602e-03 1.309239632202416175e-02 1.191306018935277955e-04
9.890000000000000000e+02 1.886183650313435524e-03 5.232692295499134890e-40 9.821799492939317597e-07 1.172695651701103313e-03 1.308978737980628741e-02 1.190840772363150138e-04
9.910000000000000000e+02 1.872032873468563573e-03 4.008779059321915140e-40 9.518465437391490043e-07 1.170433728965229129e-03 1.308717660230573551e-02 1.190375287614510929e-04
9.930000000000000000e+02 1.857981870302295594e-03 3.070398620184670599e-40 9.224238686305175875e-07 1.168174136487044445e-03 1.308456399334931471e-02 1.189909565560151263e-04
9.950000000000000000e+02 1.844029992181118148e-03 2.351111532693726041e-40 8.938854371544044023e-07 1.165916879789451058e-03 1.308194955675272622e-02 1.189443607068494042e-04
9.970000000000000000e+02 1.830176594230233360e-03 1.799896948837414870e-40 8.662055051554018777e-07 1.163661964351619038e-03 1.307933329632072518e-02 1.188977413005624218e-04
9.990000000000000000e+02 1.816421035316015658e-03 1.377584030338401930e-40 8.393590511906819049e-07 1.161409395609261028e-03 1.307671521584728713e-02 1.188510984235319293e-04
1.001000000000000000e+03 1.802762678028451597e-03 1.054107050926661758e-40 8.133217570925405206e-07 1.159159178954900478e-03 1.307409531911575724e-02 1.188044321619078318e-04
1.003000000000000000e+03 1.789200888663643879e-03 8.063945922858766735e-41 7.880699890271493135e-07 1.156911319738136192e-03 1.307147360989902724e-02 1.187577426016151708e-04
1.005000000000000000e+03 1.775735037206326852e-03 6.167467561798738655e-41 7.635807790375817194e-07 1.154665823265908385e-03 1.306885009195967069e-02 1.187110298283568618e-04
1.007000000000000000e+03 1.762364497312409774e-03 4.715878734256763740e-41 7.398318070595708396e-07 1.152422694802755863e-03 1.306622476905011307e-02 1.186642939276167031e-04
1.009000000000000000e+03 1.749088646291551297e-03 3.605080611349578497e-41 7.168013833986582805e-07 1.150181939571071673e-03 1.306359764491278087e-02 1.186175349846620185e-04
1.011000000000000000e+03 1.735906865089770603e-03 2.755269189372196404e-41 6.944684316576624500e-07 1.147943562751359628e-03 1.306096872328023871e-02 1.185707530845464899e-04
1.013000000000000000e+03 1.722818538272086067e-03 2.105280187468069298e-41 6.728124721036076619e-07 1.145707569482482154e-03 1.305833800787535755e-02 1.185239483121127861e-04
1.015000000000000000e+03 1.709823054005181692e-03 1.608246779614413674e-41 6.518136054635237049e-07 1.143473964861906837e-03 1.305570550241144483e-02 1.184771207519953414e-04
1.017000000000000000e+03 1.696919804040113644e-03 1.228266208472557930e-41 6.314524971387378143e-07 1.141242753945952105e-03 1.305307121059239017e-02 1.184302704886228494e-04
1.019000000000000000e+03 1.684108183695054526e-03 9.378415082142056009e-42 6.117103618275446272e-07 1.139013941750027055e-03 1.305043513611280938e-02 1.183833976062209186e-04
1.021000000000000000e+03 1.671387591838064323e-03 7.159185842607411006e-42 5.925689485463105890e-07 1.136787533248870188e-03 1.304779728265818665e-02 1.183365021888146620e-04
1.023000000000000000e+03 1.658757430869904062e-03 5.463804699959756798e-42 5.740105260393265669e-07 1.134563533376783820e-03 1.304515765390499953e-02 1.182895843202310678e-04
1.025000000000000000e+03 1.646217106706881345e-03 4.168925645823895930e-42 5.560178685679481582e-07 1.132341947027866750e-03 1.304251625352086802e-02 1.182426440841015749e-04
1.027000000000000000e+03 1.633766028763740559e-03 3.180172571907137401e-42 5.385742420697420129e-07 1.130122779056241941e-03 1.303987308516467436e-02 1.181956815638644310e-04
1.029000000000000000e+03 1.621403609936595581e-03 2.425352606811637537e-42 5.216633906786010703e-07 1.127906034276285720e-03 1.303722815248670522e-02 1.181486968427671318e-04
1.031000000000000000e+03 1.609129266585875495e-03 1.849255214089218291e-42 5.052695235969166523e-07 1.125691717462846356e-03 1.303458145912876794e-02 1.181016900038686711e-04
1.033000000000000000e+03 1.596942418519352270e-03 1.409667499287438376e-42 4.893773023112657209e-07 1.123479833351469790e-03 1.303193300872432063e-02 1.180546611300419121e-04
1.035000000000000000e+03 1.584842488975169968e-03 1.074322066048362577e-42 4.739718281430223226e-07 1.121270386638611918e-03 1.302928280489860577e-02 1.180076103039758104e-04
1.037000000000000000e+03 1.572828904604954385e-03 8.185597443231169317e-43 4.590386301257568307e-07 1.119063381981859123e-03 1.302663085126875772e-02 1.179605376081776906e-04
1.039000000000000000e+03 1.560901095456919884e-03 6.235401896231223825e-43 4.445636532012149744e-07 1.116858824000134488e-03 1.302397715144392593e-02 1.179134431249753467e-04
1.041000000000000000e+03 1.549058494959062310e-03 4.748722622970839951e-43 4.305332467261143886e-07 1.114656717273912467e-03 1.302132170902540152e-02 1.178663269365192112e-04
1.043000000000000000e+03 1.537300539902367296e-03 3.615659643906038105e-43 4.169341532819382439e-07 1.112457066345420766e-03 1.301866452760671797e-02 1.178191891247844551e-04
1.045000000000000000e+03 1.525626670424081680e-03 2.752306339840290733e-43 4.037534977802637011e-07 1.110259875718846772e-03 1.301600561077377767e-02 1.177720297715730615e-04
1.047000000000000000e+03 1.514036329991015053e-03 2.094616840453833980e-43 3.909787768562191036e-07 1.108065149860539217e-03 1.301334496210495607e-02 1.177248489585158589e-04
1.049000000000000000e+03 1.502528965382893137e-03 1.593716632061160418e-43 3.785978485428846357e-07 1.105872893199203117e-03 1.301068258517121094e-02 1.176776467670744047e-04
1.051000000000000000e+03 1.491104026675760816e-03 1.212317612051774417e-43 3.665989222196438696e-07 1.103683110126100131e-03 1.300801848353618471e-02 1.176304232785430585e-04
1.053000000000000000e+03 1.479760967225434397e-03 9.219781329441671924e-44 3.549705488275762142e-07 1.101495804995239166e-03 1.300535266075632593e-02 1.175831785740507853e-04
1.055000000000000000e+03 1.468499243650983783e-03 7.010093734017641001e-44 3.437016113452057444e-07 1.099310982123568063e-03 1.300268512038096902e-02 1.175359127345630927e-04
1.057000000000000000e+03 1.457318315818281664e-03 5.328759602761716856e-44 3.327813155180671600e-07 1.097128645791158779e-03 1.300001586595245055e-02 1.174886258408837527e-04
1.059000000000000000e+03 1.446217646823594110e-03 4.049744562979621347e-44 3.221991808356854618e-07 1.094948800241397555e-03 1.299734490100620636e-02 1.174413179736566714e-04
1.061000000000000000e+03 1.435196702977221050e-03 3.077006641905180759e-44 3.119450317497202552e-07 1.092771449681165111e-03 1.299467222907085481e-02 1.173939892133676243e-04
1.063000000000000000e+03 1.424254953787184230e-03 2.337376301661820054e-44 3.020089891271844069e-07 1.090596598281017059e-03 1.299199785366830784e-02 1.173466396403458956e-04
1.065000000000000000e+03 1.413391871942963965e-03 1.775122542775269140e-44 2.923814619327686502e-07 1.088424250175363877e-03 1.298932177831385419e-02 1.172992693347660678e-04
1.067000000000000000e+03 1.402606933299292702e-03 1.347806795562389676e-44 2.830531391344774800e-07 1.086254409462644385e-03 1.298664400651624966e-02 1.172518783766494845e-04
1.069000000000000000e+03 1.391899616859988914e-03 1.023120162478875400e-44 2.740149818268732119e-07 1.084087080205498998e-03 1.298396454177780206e-02 1.172044668458659724e-04
1.071000000000000000e+03 1.381269404761858435e-03 7.764713631835924520e-45 2.652582155664189433e-07 1.081922266430943415e-03 1.298128338759446665e-02 1.171570348221353451e-04
1.073000000000000000e+03 1.370715782258624194e-03 5.891476375775038225e-45 2.567743229134631972e-07 1.079759972130532554e-03 1.297860054745591726e-02 1.171095823850289077e-04
1.075000000000000000e+03 1.360238237704934671e-03 4.469128416515918395e-45 2.485550361756344417e-07 1.077600201260532284e-03 1.297591602484563823e-02 1.170621096139709338e-04
1.077000000000000000e+03 1.349836262540399451e-03 3.389390609832385543e-45 2.405923303474421623e-07 1.075442957742077073e-03 1.297322982324099899e-02 1.170146165882401295e-04
1.079000000000000000e+03 1.339509351273698292e-03 2.569925909699271007e-45 2.328784162410914935e-07 1.073288245461335869e-03 1.297054194611332867e-02 1.169671033869709611e-04
1.081000000000000000e+03 1.329257001466726401e-03 1.948138705611191267e-45 2.254057338035623539e-07 1.071136068269669091e-03 1.296785239692800108e-02 1.169195700891550787e-04
1.083000000000000000e+03 1.319078713718809318e-03 1.476452692248900487e-45 2.181669456151928924e-07 1.068986429983788226e-03 1.296516117914449373e-02 1.168720167736426302e-04
1.085000000000000000e+03 1.308973991650949241e-03 1.118715573475655136e-45 2.111549305650513891e-07 1.066839334385904798e-03 1.296246829621646932e-02 1.168244435191434949e-04
1.087000000000000000e+03 1.298942341890160258e-03 8.474623555930075366e-46 2.043627776985726356e-07 1.064694785223891261e-03 1.295977375159184514e-02 1.167768504042286117e-04
1.089000000000000000e+03 1.288983274053814420e-03 6.418326847728278540e-46 1.977837802329552252e-07 1.062552786211423466e-03 1.295707754871285033e-02 1.167292375073310630e-04
1.091000000000000000e+03 1.279096300734083652e-03 4.859862942862321553e-46 1.914114297360157405e-07 1.060413341028133751e-03 1.295437969101610395e-02 1.166816049067474033e-04
1.093000000000000000e+03 1.269280937482401188e-03 3.678977139300837411e-46 1.852394104642212377e-07 1.058276453319754269e-03 1.295168018193266178e-02 1.166339526806386479e-04
1.095000000000000000e+03 1.259536702794007571e-03 2.784396820055588310e-46 1.792615938557911753e-07 1.056142126698262924e-03 1.294897902488809614e-02 1.165862809070314121e-04
1.097000000000000000e+03 1.249863118092535029e-03 2.106862716281018871e-46 1.734720331748065771e-07 1.054010364742023883e-03 1.294627622330253580e-02 1.165385896638189948e-04
1.099000000000000000e+03 1.240259707714647802e-03 1.593831888152224307e-46 1.678649583023971227e-07 1.051881170995927007e-03 1.294357178059073708e-02 1.164908790287624358e-04
1.101000000000000000e+03 1.230725998894749472e-03 1.205452346552776774e-46 1.624347706711664324e-07 1.049754548971527490e-03 1.294086570016212724e-02 1.164431490794913695e-04
1.103000000000000000e+03 1.221261521749733439e-03 9.115047560596966034e-47 1.571760383390970503e-07 1.047630502147179222e-03 1.293815798542086865e-02 1.163953998935050822e-04
1.105000000000000000e+03 1.211865809263797155e-03 6.890794279176984158e-47 1.520834911992856572e-07 1.045509033968170095e-03 1.293544863976589521e-02 1.163476315481733929e-04
1.107000000000000000e+03 1.202538397273309042e-03 5.208122354884086554e-47 1.471520163219375280e-07 1.043390147846852108e-03 1.293273766659097136e-02 1.162998441207374666e-04
1.109000000000000000e+03 1.193278824451741126e-03 3.935452879799106115e-47 1.423766534251499405e-07 1.041273847162773420e-03 1.293002506928473717e-02 1.162520376883107489e-04
1.111000000000000000e+03 1.184086632294642418e-03 2.973103269423565422e-47 1.377525904710757303e-07 1.039160135262804339e-03 1.292731085123074650e-02 1.162042123278797257e-04
1.113000000000000000e+03 1.174961365104681705e-03 2.245572631871233950e-47 1.332751593841758977e-07 1.037049015461262652e-03 1.292459501580751555e-02 1.161563681163045868e-04
1.115000000000000000e+03 1.165902569976748435e-03 1.695688786680863453e-47 1.289398318883262907e-07 1.034940491040040045e-03 1.292187756638855933e-02 1.161085051303201339e-04
1.117000000000000000e+03 1.156909796783102190e-03 1.280168728113780404e-47 1.247422154596318726e-07 1.032834565248722230e-03 1.291915850634243156e-02 1.160606234465363229e-04
1.119000000000000000e+03 1.147982598158581559e-03 9.662519840613106394e-48 1.206780493918826876e-07 1.030731241304709729e-03 1.291643783903276103e-02 1.160127231414389415e-04
1.121000000000000000e+03 1.139120529485883934e-03 7.291481807500590220e-48 1.167432009716652554e-07 1.028630522393336917e-03 1.291371556781828467e-02 1.159648042913903138e-04
1.123000000000000000e+03 1.130323148880876295e-03 5.501023521501778501e-48 1.129336617602007925e-07 1.026532411667986948e-03 1.291099169605287866e-02 1.159168669726297476e-04
1.125000000000000000e+03 1.121590017177991885e-03 4.149288276011998632e-48 1.092455439790848221e-07 1.024436912250209280e-03 1.290826622708558975e-02 1.158689112612741850e-04
1.127000000000000000e+03 1.112920697915672184e-03 3.129004671236914596e-48 1.056750769971437384e-07 1.022344027229830487e-03 1.290553916426066469e-02 1.158209372333186631e-04
1.129000000000000000e+03 1.104314757321858556e-03 2.359073126950321449e-48 1.022186039157055606e-07 1.020253759665066358e-03 1.290281051091757281e-02 1.157729449646367477e-04
1.131000000000000000e+03 1.095771764299558262e-03 1.778194564376631296e-48 9.887257824966618306e-08 1.018166112582631622e-03 1.290008027039103375e-02 1.157249345309810889e-04
1.133000000000000000e+03 1.087291290412462520e-03 1.340046688119419111e-48 9.563356070176851729e-08 1.016081088977849019e-03 1.289734844601103485e-02 1.156769060079837057e-04
1.135000000000000000e+03 1.078872909870611397e-03 1.009632799594022695e-48 9.249821602759679816e-08 1.013998691814752299e-03 1.289461504110285539e-02 1.156288594711563929e-04
1.137000000000000000e+03 1.070516199516137208e-03 7.605187662842551320e-49 8.946330998885543995e-08 1.011918924026194424e-03 1.289188005898708050e-02 1.155807949958910323e-04
1.139000000000000000e+03 1.062220738809053653e-03 5.727425846787195322e-49 8.652570639254760799e-08 1.009841788513949267e-03 1.288914350297962544e-02 1.155327126574599454e-04
1.141000000000000000e+03 1.053986109813104385e-03 4.312331749522358197e-49 8.368236421373783692e-08 1.007767288148811793e-03 1.288640537639173383e-02 1.154846125310161100e-04
1.143000000000000000e+03 1.045811897181666205e-03 3.246146338865420904e-49 8.093033479964495250e-08 1.005695425770698889e-03 1.288366568253000895e-02 1.154364946915933504e-04
1.145000000000000000e+03 1.037697688143728600e-03 2.443021891680295865e-49 7.826675915287044954e-08 1.003626204188748025e-03 1.288092442469640671e-02 1.153883592141065941e-04
1.147000000000000000e+03 1.029643072489907097e-03 1.838188519969286913e-49 7.568886529160644156e-08 1.001559626181412234e-03 1.287818160618825307e-02 1.153402061733519812e-04
1.149000000000000000e+03 1.021647642558531433e-03 1.382790091677065562e-49 7.319396568474879870e-08 9.994956944965572524e-04 1.287543723029824748e-02 1.152920356440069721e-04
1.151000000000000000e+03 1.013710993221794221e-03 1.039982614468040099e-49 7.077945475987497140e-08 9.974344118515534631e-04 1.287269130031446981e-02 1.152438477006305102e-04
1.153000000000000000e+03 1.005832721871937783e-03 7.819871239674288196e-50 6.844280648210194139e-08 9.953757809333684849e-04 1.286994381952037345e-02 1.151956424176629816e-04
1.155000000000000000e+03 9.980124284075307488e-04 5.878640732405943864e-50 6.618157200190336163e-08 9.933198043986586796e-04 1.286719479119479738e-02 1.151474198694262826e-04
1.157000000000000000e+03 9.902497152197711153e-04 4.418329728069341945e-50 6.399337736999140332e-08 9.912664848738567559e-04 1.286444421861195238e-02 1.150991801301237926e-04
1.159000000000000000e+03 9.825441871788730044e-04 3.320039907305593227e-50 6.187592131744438618e-08 9.892158249552602395e-04 1.286169210504142790e-02 1.150509232738402659e-04
1.161000000000000000e+03 9.748954516204946189e-04 2.494207345682713843e-50 5.982697309928564682e-08 9.871678272091179932e-04 1.285893845374817650e-02 1.150026493745418584e-04
1.163000000000000000e+03 9.673031183322410107e-04 1.873380364345268056e-50 5.784437039978293851e-08 9.851224941717147843e-04 1.285618326799251379e-02 1.149543585060758976e-04
1.165000000000000000e+03 9.597667995402071797e-04 1.406771706149428378e-50 5.592601729776685838e-08 9.830798283494554188e-04 1.285342655103010635e-02 1.149060507421707604e-04
1.167000000000000000e+03 9.522861098955901285e-04 1.056150059629320474e-50 5.406988229032673251e-08 9.810398322189449721e-04 1.285066830611194914e-02 1.148577261564357377e-04
1.169000000000000000e+03 9.448606664613645604e-04 7.927423567854794619e-51 5.227399637327670040e-08 9.790025082270729234e-04 1.284790853648437418e-02 1.148093848223607089e-04
1.171000000000000000e+03 9.374900886990043293e-04 5.948987032081331002e-51 5.053645117682306256e-08 9.769678587910899173e-04 1.284514724538901413e-02 1.147610268133160069e-04
1.173000000000000000e+03 9.301739984552676423e-04 4.463325854100396968e-51 4.885539715491455110e-08 9.749358862986868017e-04 1.284238443606279360e-02 1.147126522025519838e-04
1.175000000000000000e+03 9.229120199490440605e-04 3.347949285047480899e-51 4.722904182679291838e-08 9.729065931080717149e-04 1.283962011173790663e-02 1.146642610631988079e-04
1.177000000000000000e+03 9.157037797582546265e-04 2.510752712901121732e-51 4.565564806929568828e-08 9.708799815480459797e-04 1.283685427564180102e-02 1.146158534682660708e-04
1.179000000000000000e+03 9.085489068068159594e-04 1.882495273149031163e-51 4.413353245850997857e-08 9.688560539180782628e-04 1.283408693099714372e-02 1.145674294906423943e-04
1.181000000000000000e+03 9.014470323516519468e-04 1.411135838274934774e-51 4.266106365940272606e-08 9.668348124883777584e-04 1.283131808102180860e-02 1.145189892030949421e-04
1.183000000000000000e+03 8.943977899697733071e-04 1.057569243565892251e-51 4.123666086209970933e-08 9.648162594999652036e-04 1.282854772892883834e-02 1.144705326782690681e-04
1.185000000000000000e+03 8.874008155454179763e-04 7.924173120394927827e-52 3.985879226351499356e-08 9.628003971647471461e-04 1.282577587792641839e-02 1.144220599886877740e-04
1.187000000000000000e+03 8.804557472572312844e-04 5.936142800550966708e-52 3.852597359306156455e-08 9.607872276655809963e-04 1.282300253121784750e-02 1.143735712067511806e-04
1.189000000000000000e+03 8.735622255655250620e-04 4.445903741428107995e-52 3.723676668122312708e-08 9.587767531563462595e-04 1.282022769200150299e-02 1.143250664047359993e-04
1.191000000000000000e+03 8.667198931995819585e-04 3.329056692258597174e-52 3.598977806978240110e-08 9.567689757620112144e-04 1.281745136347080781e-02 1.142765456547948819e-04
1.193000000000000000e+03 8.599283951450243779e-04 2.492228368348593485e-52 3.478365766254460746e-08 9.547638975787011090e-04 1.281467354881418892e-02 1.142280090289558918e-04
1.195000000000000000e+03 8.531873786312274338e-04 1.865348904643700133e-52 3.361709741541880922e-08 9.527615206737584429e-04 1.281189425121503911e-02 1.141794565991217854e-04
1.197000000000000000e+03 8.464964931188093166e-04 1.395847597312865441e-52 3.248883006475921513e-08 9.507618470858122473e-04 1.280911347385168056e-02 1.141308884370693353e-04
1.199000000000000000e+03 8.398553902871670881e-04 1.044291406154479696e-52 3.139762789288551201e-08 9.487648788248388004e-04 1.280633121989731803e-02 1.140823046144486246e-04
1.201000000000000000e+03 8.332637240220650606e-04 7.811083252459057619e-53 3.034230152974000488e-08 9.467706178722228852e-04 1.280354749251999547e-02 1.140337052027822889e-04
1.203000000000000000e+03 8.267211504032903960e-04 5.841263247860624868e-53 2.932169878966494343e-08 9.447790661808198051e-04 1.280076229488254572e-02 1.139850902734647293e-04
1.205000000000000000e+03 8.202273276923664931e-04 4.367252768593617409e-53 2.833470354230896325e-08 9.427902256750162087e-04 1.279797563014255235e-02 1.139364598977613273e-04
1.207000000000000000e+03 8.137819163203080085e-04 3.264494968730012219e-53 2.738023461669722267e-08 9.408040982507863588e-04 1.279518750145228374e-02 1.138878141468075632e-04
1.209000000000000000e+03 8.073845788754531808e-04 2.439663286273810236e-53 2.645724473753249661e-08 9.388206857757527401e-04 1.279239791195865318e-02 1.138391530916081081e-04
1.211000000000000000e+03 8.010349800913361615e-04 1.822846409677451516e-53 2.556471949280969865e-08 9.368399900892421120e-04 1.278960686480316161e-02 1.137904768030360521e-04
1.213000000000000000e+03 7.947327868346251581e-04 1.361684989558352158e-53 2.470167633186079638e-08 9.348620130023402612e-04 1.278681436312183520e-02 1.137417853518317515e-04
1.215000000000000000e+03 7.884776680931126179e-04 1.016973639861403372e-53 2.386716359296412788e-08 9.328867562979498975e-04 1.278402041004517674e-02 1.136930788086020703e-04
1.217000000000000000e+03 7.822692949637666694e-04 7.593627717451879955e-54 2.306025955967907382e-08 9.309142217308422626e-04 1.278122500869810149e-02 1.136443572438192281e-04
1.219000000000000000e+03 7.761073406408289677e-04 5.668857674083647120e-54 2.228007154508823507e-08 9.289444110277123154e-04 1.277842816219986778e-02 1.135956207278198109e-04
1.221000000000000000e+03 7.699914804039795441e-04 4.231053699522320023e-54 2.152573500315332686e-08 9.269773258872294726e-04 1.277562987366402843e-02 1.135468693308037274e-04
1.223000000000000000e+03 7.639213916065522867e-04 3.157245401024979384e-54 2.079641266641037968e-08 9.250129679800911690e-04 1.277283014619835615e-02 1.134981031228330707e-04
1.225000000000000000e+03 7.578967536638037648e-04 2.355456266411284245e-54 2.009129370925215448e-08 9.230513389490720795e-04 1.277002898290476897e-02 1.134493221738310474e-04
1.227000000000000000e+03 7.519172480412443949e-04 1.756906867027360477e-54 1.940959293606732202e-08 9.210924404090751853e-04 1.276722638687928166e-02 1.134005265535807449e-04
1.229000000000000000e+03 7.459825582430142750e-04 1.310175609222901251e-54 1.875054999352232788e-08 9.191362739471790454e-04 1.276442236121191204e-02 1.133517163317239652e-04
1.231000000000000000e+03 7.400923698003289506e-04 9.768265153522868008e-55 1.811342860629736813e-08 9.171828411226890789e-04 1.276161690898661855e-02 1.133028915777600733e-04
1.233000000000000000e+03 7.342463702599681154e-04 7.281361848807366906e-55 1.749751583559992467e-08 9.152321434671831018e-04 1.275881003328123084e-02 1.132540523610446690e-04
1.235000000000000000e+03 7.284442491728216652e-04 5.426441399158031580e-55 1.690212135980278133e-08 9.132841824845575138e-04 1.275600173716736133e-02 1.132051987507883131e-04
1.237000000000000000e+03 7.226856980824944085e-04 4.043198229787964000e-55 1.632657677657058095e-08 9.113389596510753287e-04 1.275319202371032884e-02 1.131563308160552124e-04
1.239000000000000000e+03 7.169704105139635764e-04 3.011913182474802662e-55 1.577023492585464710e-08 9.093964764154097592e-04 1.275038089596908751e-02 1.131074486257619327e-04
1.241000000000000000e+03 7.112980819622902184e-04 2.243197157139634766e-55 1.523246923315475985e-08 9.074567341986907289e-04 1.274756835699613310e-02 1.130585522486759890e-04
1.243000000000000000e+03 7.056684098813861090e-04 1.670321640853202431e-55 1.471267307246247000e-08 9.055197343945467232e-04 1.274475440983743012e-02 1.130096417534144225e-04
1.245000000000000000e+03 7.000810936728291177e-04 1.243484908355544571e-55 1.421025914831617154e-08 9.035854783691482650e-04 1.274193905753230778e-02 1.129607172084423508e-04
1.247000000000000000e+03 6.945358346747462341e-04 9.255262945253517402e-56 1.372465889641675543e-08 9.016539674612530182e-04 1.273912230311339405e-02 1.129117786820716665e-04
1.249000000000000000e+03 6.890323361507323706e-04 6.887235282265015769e-56 1.325532190226244183e-08 8.997252029822437342e-04 1.273630414960651158e-02 1.128628262424593025e-04
1.251000000000000000e+03 6.835703032788385553e-04 5.123999459055968591e-56 1.280171533728337575e-08 8.977991862161730299e-04 1.273348460003058923e-02 1.128138599576059041e-04
1.253000000000000000e+03 6.781494431406026244e-04 3.811371752113271958e-56 1.236332341196466806e-08 8.958759184198009009e-04 1.273066365739756664e-02 1.127648798953541484e-04
1.255000000000000000e+03 6.727694647101444252e-04 2.834403716483334385e-56 1.193964684546608621e-08 8.939554008226381979e-04 1.272784132471230754e-02 1.127158861233873075e-04
1.257000000000000000e+03 6.674300788432985330e-04 2.107416377369569162e-56 1.153020235125501546e-08 8.920376346269826224e-04 1.272501760497249390e-02 1.126668787092274733e-04
1.259000000000000000e+03 6.621309982668160303e-04 1.566561028835423779e-56 1.113452213828903579e-08 8.901226210079596010e-04 1.272219250116853224e-02 1.126178577202340805e-04
1.261000000000000000e+03 6.568719375676098727e-04 1.164267281902228631e-56 1.075215342729133392e-08 8.882103611135605580e-04 1.271936601628344439e-02 1.125688232236020766e-04
1.263000000000000000e+03 6.516526131820554388e-04 8.651004857563564078e-57 1.038265798167925926e-08 8.863008560646793441e-04 1.271653815329277723e-02 1.125197752863604041e-04
1.265000000000000000e+03 6.464727433853412805e-04 6.426714205825670926e-57 1.002561165271662594e-08 8.843941069551508345e-04 1.271370891516449171e-02 1.124707139753701034e-04
1.267000000000000000e+03 6.413320482808759250e-04 4.773314702096022294e-57 9.680603938473186328e-09 8.824901148517850808e-04 1.271087830485885355e-02 1.124216393573226864e-04
1.269000000000000000e+03 6.362302497897478039e-04 3.544539971305598882e-57 9.347237556186427263e-09 8.805888807944078607e-04 1.270804632532833607e-02 1.123725514987383066e-04
1.271000000000000000e+03 6.311670716402297421e-04 2.631531042415302377e-57 9.025128027631196624e-09 8.786904057958925532e-04 1.270521297951749881e-02 1.123234504659639436e-04
1.273000000000000000e+03 6.261422393573416690e-04 1.953286756174942031e-57 8.713903277115694408e-09 8.767946908421959170e-04 1.270237827036287993e-02 1.122743363251715729e-04
1.275000000000000000e+03 6.211554802524595163e-04 1.449547600353012140e-57 8.413203241731393475e-09 8.749017368923925689e-04 1.269954220079288522e-02 1.122252091423562285e-04
1.277000000000000000e+03 6.162065234129914448e-04 1.075494029990056372e-57 8.122679493496800077e-09 8.730115448787124964e-04 1.269670477372767357e-02 1.121760689833343355e-04
1.279000000000000000e+03 6.112950996920754306e-04 7.977974649572295721e-58 7.841994873041664406e-09 8.711241157065692476e-04 1.269386599207903386e-02 1.121269159137414740e-04
1.281000000000000000e+03 6.064209416983610927e-04 5.916794741845000565e-58 7.570823134494168021e-09 8.692394502545985283e-04 1.269102585875027389e-02 1.120777499990306583e-04
1.283000000000000000e+03 6.015837837858162415e-04 4.387222258471228919e-58 7.308848601236424099e-09 8.673575493746873673e-04 1.268818437663609723e-02 1.120285713044702627e-04
1.285000000000000000e+03 5.967833620435977196e-04 3.252386340415455556e-58 7.055765832208659669e-09 8.654784138920077266e-04 1.268534154862247659e-02 1.119793798951420163e-04
1.287000000000000000e+03 5.920194142859736344e-04 2.410593917868812410e-58 6.811279298448632956e-09 8.636020446050500033e-04 1.268249737758653239e-02 1.119301758359389970e-04
1.289000000000000000e+03 5.872916800422880914e-04 1.786304521259836275e-58 6.575103069562264702e-09 8.617284422856540376e-04 1.267965186639641306e-02 1.118809591915636122e-04
1.291000000000000000e+03 5.825999005469781854e-04 1.323416447717146757e-58 6.346960509830505076e-09 8.598576076790387119e-04 1.267680501791116146e-02 1.118317300265253626e-04
1.293000000000000000e+03 5.779438187296479131e-04 9.802734127170283408e-59 6.126583983666455007e-09 8.579895415038355606e-04 1.267395683498058478e-02 1.117824884051388636e-04
1.295000000000000000e+03 5.733231792051797070e-04 7.259515900096640146e-59 5.913714570143107759e-09 8.561242444521168513e-04 1.267110732044512272e-02 1.117332343915216632e-04
1.297000000000000000e+03 5.687377282639106968e-04 5.374993140831742111e-59 5.708101786322494871e-09 8.542617171894287612e-04 1.266825647713572082e-02 1.116839680495920739e-04
1.299000000000000000e+03 5.641872138618431219e-04 3.978854512671199865e-59 5.509503319122460170e-09 8.524019603548192410e-04 1.266540430787369172e-02 1.116346894430668955e-04
1.301000000000000000e+03 5.596713856109161115e-04 2.944748236822507264e-59 5.317684765466736881e-09 8.505449745608694573e-04 1.266255081547057980e-02 1.115853986354593824e-04
1.303000000000000000e+03 5.551899947693121574e-04 2.178955302604270508e-59 5.132419380469763391e-09 8.486907603937191621e-04 1.265969600272801726e-02 1.115360956900767093e-04
1.305000000000000000e+03 5.507427942318357961e-04 1.611976055850823295e-59 4.953487833416900381e-09 8.468393184131025805e-04 1.265683987243759918e-02 1.114867806700180197e-04
1.307000000000000000e+03 5.463295385203145163e-04 1.192282140762473769e-59 4.780677971304428600e-09 8.449906491523713958e-04 1.265398242738072221e-02 1.114374536381718237e-04
1.309000000000000000e+03 5.419499837740661278e-04 8.816774856659399099e-60 4.613784589714158785e-09 8.431447531185268414e-04 1.265112367032845790e-02 1.113881146572138700e-04
1.311000000000000000e+03 5.376038877404031024e-04 6.518546915156128139e-60 4.452609210801119862e-09 8.413016307922440958e-04 1.264826360404139836e-02 1.113387637896046800e-04
1.313000000000000000e+03 5.332910097651983889e-04 4.818393283389214387e-60 4.296959868181193260e-09 8.394612826279058927e-04 1.264540223126951052e-02 1.112894010975872162e-04
1.315000000000000000e+03 5.290111107834852711e-04 3.560936014941322673e-60 4.146650898510012202e-09 8.376237090536265903e-04 1.264253955475199559e-02 1.112400266431844430e-04
1.317000000000000000e+03 5.247639533101118711e-04 2.631095686464231437e-60 4.001502739552030920e-09 8.357889104712807942e-04 1.263967557721712778e-02 1.111906404881969683e-04
1.319000000000000000e+03 5.205493014304393446e-04 1.943657475366145357e-60 3.861341734543580557e-09 8.339568872565299206e-04 1.263681030138210336e-02 1.111412426942003876e-04
1.321000000000000000e+03 5.163669207910968895e-04 1.435534093938025753e-60 3.725999942660103556e-09 8.321276397588516860e-04 1.263394372995290185e-02 1.110918333225430340e-04
1.323000000000000000e+03 5.122165785907692795e-04 1.060029734600280269e-60 3.595314955402181741e-09 8.303011683015654783e-04 1.263107586562410567e-02 1.110424124343433085e-04
1.325000000000000000e+03 5.080980435710445720e-04 7.825884085914274877e-61 3.469129718721996014e-09 8.284774731818594614e-04 1.262820671107876824e-02 1.109929800904872131e-04
1.327000000000000000e+03 5.040110860072990031e-04 5.776432064861175095e-61 3.347292360715510915e-09 8.266565546708181137e-04 1.262533626898823709e-02 1.109435363516257357e-04
1.329000000000000000e+03 4.999554776996357683e-04 4.262819003672368086e-61 3.229656024711924184e-09 8.248384130134483582e-04 1.262246454201200463e-02 1.108940812781723020e-04
1.331000000000000000e+03 4.959309919638624003e-04 3.145177412735429123e-61 3.116078707596077999e-09 8.230230484287054740e-04 1.261959153279753297e-02 1.108446149303001594e-04
1.333000000000000000e+03 4.919374036225239834e-04 2.320088236092722420e-61 3.006423103205046322e-09 8.212104611095209609e-04 1.261671724398011167e-02 1.107951373679396810e-04
1.335000000000000000e+03 4.879744889959714959e-04 1.711098543644481650e-61 2.900556450643945079e-09 8.194006512228271507e-04 1.261384167818266518e-02 1.107456486507757626e-04
1.337000000000000000e+03 4.840420258934861517e-04 1.261701946909455915e-61 2.798350387371556510e-09 8.175936189095848539e-04 1.261096483801560537e-02 1.106961488382451263e-04
1.339000000000000000e+03 4.801397936044423395e-04 9.301432147926462495e-62 2.699680806909741758e-09 8.157893642848084055e-04 1.260808672607666159e-02 1.106466379895335961e-04
1.341000000000000000e+03 4.762675728895166948e-04 6.855738346100129162e-62 2.604427721035742259e-09 8.139878874375916853e-04 1.260520734495069323e-02 1.105971161635732928e-04
1.343000000000000000e+03 4.724251459719483459e-04 5.052078301973146010e-62 2.512475126320256865e-09 8.121891884311352233e-04 1.260232669720953887e-02 1.105475834190400048e-04
1.345000000000000000e+03 4.686122965288331502e-04 3.722180273767476367e-62 2.423710874877999512e-09 8.103932673027692928e-04 1.259944478541182543e-02 1.104980398143502740e-04
1.347000000000000000e+03 4.648288096824750677e-04 2.741803256455261659e-62 2.338026549202131956e-09 8.086001240639825336e-04 1.259656161210280165e-02 1.104484854076586315e-04
1.349000000000000000e+03 4.610744719917733128e-04 2.019234649682423600e-62 2.255317340956899245e-09 8.068097587004463469e-04 1.259367717981415939e-02 1.103989202568547782e-04
1.351000000000000000e+03 4.573490714436605729e-04 1.486787741905413674e-62 2.175481933607156532e-09 8.050221711720414574e-04 1.259079149106385499e-02 1.103493444195607258e-04
1.353000000000000000e+03 4.536523974445748363e-04 1.094517966455184476e-62 2.098422388766583931e-09 8.032373614128812244e-04 1.258790454835591842e-02 1.102997579531278147e-04
1.355000000000000000e+03 4.499842408119922072e-04 8.055798975062424698e-63 2.024044036150684598e-09 8.014553293313414570e-04 1.258501635418029542e-02 1.102501609146340039e-04
1.357000000000000000e+03 4.463443937659822714e-04 5.927972883703007368e-63 1.952255367022779166e-09 7.996760748100802552e-04 1.258212691101262895e-02 1.102005533608806451e-04
1.359000000000000000e+03 4.427326499208307379e-04 4.361297565580160378e-63 1.882967931026143445e-09 7.978995977060704273e-04 1.257923622131410651e-02 1.101509353483898538e-04
1.361000000000000000e+03 4.391488042766837087e-04 3.208021064904704077e-63 1.816096236296929290e-09 7.961258978506187889e-04 1.257634428753125200e-02 1.101013069334012704e-04
1.363000000000000000e+03 4.355926532112487084e-04 2.359232508477940563e-63 1.751557652757162320e-09 7.943549750493954361e-04 1.257345111209574352e-02 1.100516681718691594e-04
1.365000000000000000e+03 4.320639944715402728e-04 1.734668029558157265e-63 1.689272318489212405e-09 7.925868290824605259e-04 1.257055669742422610e-02 1.100020191194594419e-04
1.367000000000000000e+03 4.285626271656522643e-04 1.275187832543955087e-63 1.629163049096005253e-09 7.908214597042855258e-04 1.256766104591811387e-02 1.099523598315465107e-04
1.369000000000000000e+03 4.250883517545938836e-04 9.372256323842103964e-64 1.571155249955110062e-09 7.890588666437828129e-04 1.256476415996339580e-02 1.099026903632102214e-04
1.371000000000000000e+03 4.216409700441511063e-04 6.886941957803440799e-64 1.515176831276287859e-09 7.872990496043288759e-04 1.256186604193044141e-02 1.098530107692327889e-04
1.373000000000000000e+03 4.182202851768066117e-04 5.059656233156690098e-64 1.461158125875895109e-09 7.855420082637936969e-04 1.255896669417381172e-02 1.098033211040957247e-04
1.375000000000000000e+03 4.148261016236845945e-04 3.716447273796375356e-64 1.409031809583236671e-09 7.837877422745631942e-04 1.255606611903204925e-02 1.097536214219766251e-04
1.377000000000000000e+03 4.114582251765488649e-04 2.729275468680417268e-64 1.358732824197377751e-09 7.820362512635660023e-04 1.255316431882748211e-02 1.097039117767459587e-04
1.379000000000000000e+03 4.081164629398420941e-04 2.003914794329964999e-64 1.310198302914705884e-09 7.802875348323015528e-04 1.255026129586601924e-02 1.096541922219640040e-04
1.381000000000000000e+03 4.048006233227635490e-04 1.471037241299679871e-64 1.263367498150306051e-09 7.785415925568642519e-04 1.254735705243695092e-02 1.096044628108775289e-04
1.383000000000000000e+03 4.015105160313874304e-04 1.079644238277325160e-64 1.218181711678277697e-09 7.767984239879702603e-04 1.254445159081274755e-02 1.095547235964166737e-04
1.385000000000000000e+03 3.982459520608242539e-04 7.922282297221421995e-65 1.174584227018774397e-09 7.750580286509832972e-04 1.254154491324883935e-02 1.095049746311914948e-04
1.387000000000000000e+03 3.950067436874285260e-04 5.812094199494973122e-65 1.132520244001312472e-09 7.733204060459430464e-04 1.253863702198341860e-02 1.094552159674889026e-04
1.389000000000000000e+03 3.917927044610368327e-04 4.263121527085612187e-65 1.091936815436211869e-09 7.715855556475915023e-04 1.253572791923722625e-02 1.094054476572692861e-04
1.391000000000000000e+03 3.886036491972520062e-04 3.126335397410579734e-65 1.052782785828158192e-09 7.698534769053951964e-04 1.253281760721334029e-02 1.093556697521630845e-04
1.393000000000000000e+03 3.854393939697739664e-04 2.292219783802820620e-65 1.015008732067889825e-09 7.681241692435807587e-04 1.252990608809696413e-02 1.093058823034676161e-04
1.395000000000000000e+03 3.822997561027570174e-04 1.680311601549857247e-65 9.785669060396576989e-10 7.663976320611537831e-04 1.252699336405521148e-02 1.092560853621435949e-04
1.397000000000000000e+03 3.791845541632205951e-04 1.231505404569961138e-65 9.434111790845042458e-10 7.646738647319300522e-04 1.252407943723688778e-02 1.092062789788117292e-04
1.399000000000000000e+03 3.760936079534928653e-04 9.023931506703839524e-66 9.094969882607949055e-10 7.629528666045635099e-04 1.252116430977227163e-02 1.091564632037494417e-04
1.401000000000000000e+03 3.730267385036938423e-04 6.611017012979421504e-66 8.767812843454234249e-10 7.612346370025704391e-04 1.251824798377289619e-02 1.091066380868872782e-04
1.403000000000000000e+03 3.699837680642645852e-04 4.842323715036555826e-66 8.452224815208996531e-10 7.595191752243604698e-04 1.251533046133133584e-02 1.090568036778055737e-04
1.405000000000000000e+03 3.669645200985272395e-04 3.546112146171996001e-66 8.147804086949824999e-10 7.578064805432636842e-04 1.251241174452096677e-02 1.090069600257308880e-04
1.407000000000000000e+03 3.639688192752925139e-04 2.596356099961669453e-66 7.854162624014009091e-10 7.560965522075583723e-04 1.250949183539576230e-02 1.089571071795326310e-04
1.409000000000000000e+03 3.609964914614969167e-04 1.900593474333166140e-66 7.570925612315659989e-10 7.543893894404985704e-04 1.250657073599004826e-02 1.089072451877193769e-04
1.411000000000000000e+03 3.580473637148905174e-04 1.391000978417550711e-66 7.297731017489426171e-10 7.526849914403442024e-04 1.250364844831828616e-02 1.088573740984354889e-04
1.413000000000000000e+03 3.551212642767533306e-04 1.017838564063653350e-66 7.034229158389794087e-10 7.509833573803885096e-04 1.250072497437484942e-02 1.088074939594574879e-04
1.415000000000000000e+03 3.522180225646546342e-04 7.446353849915424097e-67 6.780082294491429929e-10 7.492844864089880834e-04 1.249780031613377702e-02 1.087576048181904467e-04
1.417000000000000000e+03 3.493374691652513194e-04 5.446553554239588599e-67 6.534964226749231650e-10 7.475883776495904041e-04 1.249487447554855496e-02 1.087077067216644130e-04
1.419000000000000000e+03 3.464794358271239163e-04 3.983027111914568111e-67 6.298559911490326165e-10 7.458950302007653910e-04 1.249194745455187508e-02 1.086577997165308579e-04
1.421000000000000000e+03 3.436437554536493199e-04 2.912179620524453593e-67 6.070565086923512542e-10 7.442044431362344588e-04 1.248901925505540439e-02 1.086078838490589629e-04
1.423000000000000000e+03 3.408302620959091861e-04 2.128808030754360657e-67 5.850685911864159009e-10 7.425166155048967560e-04 1.248608987894954392e-02 1.085579591651318523e-04
1.425000000000000000e+03 3.380387909456489064e-04 1.555852136697345573e-67 5.638638616286814907e-10 7.408315463308670027e-04 1.248315932810319974e-02 1.085080257102432455e-04
1.427000000000000000e+03 3.352691783282512727e-04 1.136877451747917827e-67 5.434149163325333351e-10 7.391492346134977175e-04 1.248022760436352796e-02 1.084580835294933509e-04
1.429000000000000000e+03 3.325212616957703700e-04 8.305629008774435083e-68 5.236952922358479671e-10 7.374696793274149956e-04 1.247729470955570921e-02 1.084081326675854503e-04
1.431000000000000000e+03 3.297948796199893216e-04 6.066594641891172275e-68 5.046794352824153061e-10 7.357928794225474575e-04 1.247436064548269018e-02 1.083581731688220096e-04
1.433000000000000000e+03 3.270898717855195590e-04 4.430278507414516909e-68 4.863426698420447965e-10 7.341188338241583407e-04 1.247142541392495634e-02 1.083082050771009246e-04
1.435000000000000000e+03 3.244060789829355455e-04 3.234675443433564240e-68 4.686611691360184875e-10 7.324475414328766171e-04 1.246848901664027696e-02 1.082582284359118348e-04
1.437000000000000000e+03 3.217433431019452780e-04 2.361261318259669068e-68 4.516119266357364246e-10 7.307790011247276753e-04 1.246555145536344493e-02 1.082082432883321933e-04
1.439000000000000000e+03 3.191015071246015552e-04 1.723340436212404416e-68 4.351727284033107577e-10 7.291132117511667145e-04 1.246261273180605637e-02 1.081582496770235123e-04
1.441000000000000000e+03 3.164804151185458261e-04 1.257511061048610026e-68 4.193221263438553152e-10 7.274501721391115954e-04 1.245967284765624010e-02 1.081082476442276095e-04
1.443000000000000000e+03 3.138799122302885760e-04 9.174159427648008849e-69 4.040394123401718534e-10 7.257898810909740655e-04 1.245673180457840604e-02 1.080582372317625829e-04
1.445000000000000000e+03 3.112998446785263584e-04 6.691669896873504665e-69 3.893045932414721648e-10 7.241323373846929356e-04 1.245378960421299891e-02 1.080082184810190294e-04
1.447000000000000000e+03 3.087400597474939008e-04 4.879962821071221707e-69 3.750983666786088700e-10 7.224775397737673646e-04 1.245084624817624323e-02 1.079581914329561285e-04
1.449000000000000000e+03 3.062004057803574650e-04 3.558052212451573132e-69 3.614020976792204150e-10 7.208254869872927472e-04 1.244790173805987964e-02 1.079081561280978337e-04
1.451000000000000000e+03 3.036807321726299447e-04 2.593713121436513200e-69 3.481977960568961105e-10 7.191761777299892277e-04 1.244495607543091333e-02 1.078581126065286579e-04
1.453000000000000000e+03 3.011808893656397947e-04 1.890363827906675735e-69 3.354680945495229943e-10 7.175296106822426833e-04 1.244200926183135214e-02 1.078080609078900683e-04
1.455000000000000000e+03 2.987007288400198544e-04 1.377471785861963591e-69 3.231962276824301631e-10 7.158857845001333469e-04 1.243906129877794808e-02 1.077580010713762579e-04
1.457000000000000000e+03 2.962401031092400821e-04 1.003538170999826903e-69 3.113660113330266217e-10 7.142446978154754888e-04 1.243611218776193190e-02 1.077079331357303242e-04
1.459000000000000000e+03 2.937988657131690743e-04 7.309690102989120415e-70 2.999618229741239192e-10 7.126063492358487503e-04 1.243316193024874769e-02 1.076578571392400807e-04
1.461000000000000000e+03 2.913768712116753218e-04 5.323263119924266158e-70 2.889685825740138246e-10 7.109707373446353318e-04 1.243021052767779612e-02 1.076077731197342221e-04
1.463000000000000000e+03 2.889739751782637012e-04 3.875884369717138973e-70 2.783717341319858918e-10 7.093378607010583734e-04 1.242725798146215865e-02 1.075576811145782043e-04
1.465000000000000000e+03 2.865900341937371214e-04 2.821484140291606822e-70 2.681572278285965550e-10 7.077077178402128551e-04 1.242430429298833038e-02 1.075075811606700834e-04
1.467000000000000000e+03 2.842249058399045182e-04 2.053517209680180393e-70 2.583115027708136422e-10 7.060803072731067958e-04 1.242134946361595806e-02 1.074574732944365995e-04
1.469000000000000000e+03 2.818784486933167683e-04 1.494283569103437576e-70 2.488214703126151366e-10 7.044556274866968157e-04 1.241839349467755912e-02 1.074073575518290157e-04
1.471000000000000000e+03 2.795505223190353455e-04 1.087130407603678668e-70 2.396744979323226768e-10 7.028336769439263000e-04 1.241543638747825279e-02 1.073572339683189576e-04
1.473000000000000000e+03 2.772409872644369727e-04 7.907591388969892968e-71 2.308583936485469925e-10 7.012144540837604188e-04 1.241247814329548942e-02 1.073071025788942799e-04
1.475000000000000000e+03 2.749497050530527514e-04 5.750700569800402657e-71 2.223613909571747692e-10 6.995979573212278684e-04 1.240951876337877124e-02 1.072569634180550545e-04
1.477000000000000000e+03 2.726765381784375950e-04 4.181299271142569763e-71 2.141721342723771595e-10 6.979841850474565422e-04 1.240655824894937309e-02 1.072068165198091937e-04
1.479000000000000000e+03 2.704213500980772291e-04 3.039594952560200487e-71 2.062796648551880149e-10 6.963731356297145130e-04 1.240359660120007347e-02 1.071566619176684242e-04
1.481000000000000000e+03 2.681840052273241947e-04 2.209195457841648910e-71 1.986734072137001786e-10 6.947648074114483058e-04 1.240063382129486143e-02 1.071064996446440324e-04
1.483000000000000000e+03 2.659643689333679494e-04 1.605338173580699053e-71 1.913431559594385989e-10 6.931591987123221455e-04 1.239766991036866592e-02 1.070563297332426084e-04
1.485000000000000000e+03 2.637623075292430783e-04 1.166307011887349792e-71 1.842790631049996359e-10 6.915563078282610000e-04 1.239470486952706958e-02 1.070061522154619401e-04
1.487000000000000000e+03 2.615776882678567494e-04 8.471751323217889968e-72 1.774716257884161986e-10 6.899561330314848409e-04 1.239173869984602425e-02 1.069559671227865265e-04
1.489000000000000000e+03 2.594103793360678315e-04 6.152441114049300755e-72 1.709116744103570943e-10 6.883586725705573240e-04 1.238877140237156470e-02 1.069057744861835806e-04
1.491000000000000000e+03 2.572602498487788596e-04 4.467202914423622302e-72 1.645903611704728693e-10 6.867639246704202675e-04 1.238580297811952245e-02 1.068555743360984750e-04
1.493000000000000000e+03 2.551271698430767352e-04 3.242931940069272793e-72 1.584991489898834925e-10 6.851718875324403803e-04 1.238283342807524126e-02 1.068053667024507040e-04
1.495000000000000000e+03 2.530110102723935389e-04 2.353715238919698668e-72 1.526298008070111912e-10 6.835825593344490528e-04 1.237986275319327527e-02 1.067551516146293835e-04
1.497000000000000000e+03 2.509116430007061029e-04 1.707984496449242959e-72 1.469743692345257298e-10 6.819959382307842072e-04 1.237689095439711666e-02 1.067049291014889414e-04
1.499000000000000000e+03 2.488289407967632849e-04 1.239161287589145054e-72 1.415251865654643386e-10 6.804120223523358333e-04 1.237391803257888515e-02 1.066546991913448219e-04
1.501000000000000000e+03 2.467627773283494544e-04 8.988467335519086630e-73 1.362748551170277322e-10 6.788308098065866467e-04 1.237094398859904520e-02 1.066044619119690533e-04
1.503000000000000000e+03 2.447130271565743794e-04 6.518645007166410783e-73 1.312162379008868571e-10 6.772522986776580590e-04 1.236796882328610250e-02 1.065542172905859793e-04
1.505000000000000000e+03 2.426795657301986206e-04 4.726535014185451638e-73 1.263424496092277608e-10 6.756764870263536537e-04 1.236499253743632114e-02 1.065039653538676781e-04
1.507000000000000000e+03 2.406622693799858139e-04 3.426433221567819145e-73 1.216468479060669764e-10 6.741033728902033140e-04 1.236201513181340444e-02 1.064537061279296934e-04
1.509000000000000000e+03 2.386610153130917073e-04 2.483450391175052314e-73 1.171230250137661077e-10 6.725329542835090839e-04 1.235903660714821051e-02 1.064034396383265753e-04
1.511000000000000000e+03 2.366756816074794354e-04 1.799627034582796920e-73 1.127647995849312363e-10 6.709652291973913557e-04 1.235605696413845551e-02 1.063531659100474088e-04
1.513000000000000000e+03 2.347061472063663445e-04 1.303837020281026994e-73 1.085662088502524778e-10 6.694001955998340808e-04 1.235307620344839458e-02 1.063028849675113540e-04
1.515000000000000000e+03 2.327522919127023406e-04 9.444475889937694366e-74 1.045215010331221327e-10 6.678378514357299813e-04 1.235009432570852855e-02 1.062525968345631473e-04
1.517000000000000000e+03 2.308139963836798418e-04 6.839843191531425570e-74 1.006251280221711137e-10 6.662781946269311821e-04 1.234711133151529874e-02 1.062023015344686696e-04
1.519000000000000000e+03 2.288911421252711072e-04 4.952541565277917779e-74 9.687173829314226801e-11 6.647212230722930127e-04 1.234412722143078331e-02 1.061519990899104196e-04
1.521000000000000000e+03 2.269836114867983083e-04 3.585285825456577295e-74 9.325617007181244305e-11 6.631669346477239886e-04 1.234114199598237982e-02 1.061016895229829741e-04
1.523000000000000000e+03 2.250912876555321424e-04 2.594974407054038385e-74 8.977344472992958398e-11 6.616153272062330832e-04 1.233815565566250515e-02 1.060513728551884202e-04
1.525000000000000000e+03 2.232140546513195563e-04 1.877828736002245851e-74 8.641876040640056105e-11 6.600663985779780824e-04 1.233516820092827974e-02 1.060010491074318698e-04
1.527000000000000000e+03 2.213517973212457586e-04 1.358602641195515695e-74 8.318748584622334557e-11 6.585201465703169766e-04 1.233217963220121886e-02 1.059507183000168653e-04
1.529000000000000000e+03 2.195044013343208427e-04 9.827486685504548222e-75 8.007515444987754727e-11 6.569765689678567491e-04 1.232918994986691857e-02 1.059003804526408124e-04
1.531000000000000000e+03 2.176717531761956839e-04 7.107321662515187603e-75 7.707745852615085964e-11 6.554356635325010814e-04 1.232619915427474178e-02 1.058500355843903042e-04
1.533000000000000000e+03 2.158537401439133703e-04 5.139051095456030823e-75 7.419024374160599538e-11 6.538974280035056473e-04 1.232320724573750075e-02 1.057996837137366899e-04
1.535000000000000000e+03 2.140502503406806656e-04 3.715124019105674208e-75 7.140950376008342371e-11 6.523618600975240834e-04 1.232021422453114141e-02 1.057493248585311820e-04
1.537000000000000000e+03 2.122611726706791256e-04 2.685202659215440912e-75 6.873137506590483038e-11 6.508289575086654514e-04 1.231722009089442418e-02 1.056989590360005334e-04
1.539000000000000000e+03 2.104863968338947821e-04 1.940412876796969683e-75 6.615213196458388918e-11 6.492987179085412926e-04 1.231422484502860473e-02 1.056485862627421581e-04
1.541000000000000000e+03 2.087258133209833339e-04 1.401924117376384465e-75 6.366818175511945679e-11 6.477711389463208140e-04 1.231122848709711136e-02 1.055982065547195236e-04
1.543000000000000000e+03 2.069793134081613598e-04 1.012670354941212318e-75 6.127606006808846186e-11 6.462462182487824962e-04 1.230823101722522406e-02 1.055478199272574618e-04
1.545000000000000000e+03 2.052467891521292701e-04 7.313493264402221712e-76 5.897242636397808986e-11 6.447239534203705802e-04 1.230523243549975186e-02 1.054974263950375879e-04
1.547000000000000000e+03 2.035281333850157267e-04 5.280739713382928265e-76 5.675405958635430716e-11 6.432043420432450491e-04 1.230223274196870671e-02 1.054470259720934489e-04
1.549000000000000000e+03 2.018232397093577867e-04 3.812218018832761089e-76 5.461785396467087355e-11 6.416873816773391997e-04 1.229923193664097039e-02 1.053966186718058209e-04
1.551000000000000000e+03 2.001320024931063624e-04 2.751526584423582557e-76 5.256081496166298583e-11 6.401730698604143942e-04 1.229623001948598401e-02 1.053462045068981009e-04
1.553000000000000000e+03 1.984543168646557510e-04 1.985558346025163480e-76 5.058005536045299355e-11 6.386614041081128609e-04 1.229322699043339587e-02 1.052957834894313876e-04
1.555000000000000000e+03 1.967900787079113548e-04 1.432532520601906176e-76 4.867279148666483788e-11 6.371523819140196025e-04 1.229022284937275611e-02 1.052453556307999139e-04
1.557000000000000000e+03 1.951391846573701948e-04 1.033330289962016739e-76 4.683633956096205443e-11 6.356460007497116184e-04 1.228721759615315941e-02 1.051949209417260463e-04
1.559000000000000000e+03 1.935015320932436007e-04 7.452235991525096474e-77 4.506811217763284394e-11 6.341422580648204636e-04 1.228421123058293443e-02 1.051444794322557177e-04
1.561000000000000000e+03 1.918770191365984129e-04 5.373369937621522348e-77 4.336561490492899462e-11 6.326411512870877595e-04 1.228120375242929864e-02 1.050940311117534801e-04
1.563000000000000000e+03 1.902655446445289215e-04 3.873642322923002638e-77 4.172644300305509726e-11 6.311426778224236327e-04 1.227819516141802521e-02 1.050435759888978165e-04
1.565000000000000000e+03 1.886670082053545287e-04 2.791932128711849923e-77 4.014827825581185949e-11 6.296468350549650449e-04 1.227518545723310130e-02 1.049931140716761933e-04
1.567000000000000000e+03 1.870813101338461961e-04 2.011882840132935075e-77 3.862888591204351047e-11 6.281536203471348818e-04 1.227217463951640018e-02 1.049426453673803038e-04
1.569000000000000000e+03 1.855083514664767176e-04 1.449482352865008595e-77 3.716611173315984880e-11 6.266630310397012594e-04 1.226916270786733085e-02 1.048921698826011620e-04
1.571000000000000000e+03 1.839480339567043320e-04 1.044084184137257648e-77 3.575787914313540886e-11 6.251750644518396481e-04 1.226614966184251011e-02 1.048416876232243866e-04
1.573000000000000000e+03 1.824002600702737630e-04 7.519177929265858227e-78 3.440218647749170230e-11 6.236897178811915288e-04 1.226313550095541396e-02 1.047911985944251456e-04
1.575000000000000000e+03 1.808649329805506265e-04 5.413989202930394186e-78 3.309710432790479545e-11 6.222069886039240235e-04 1.226012022467602366e-02 1.047407028006633317e-04
1.577000000000000000e+03 1.793419565638821028e-04 3.897413671337869726e-78 3.184077297918096617e-11 6.207268738747962486e-04 1.225710383243050310e-02 1.046902002456787648e-04
1.579000000000000000e+03 1.778312353949797794e-04 2.805095380911451821e-78 3.063139993544604519e-11 6.192493709272173198e-04 1.225408632360084314e-02 1.046396909324861640e-04
1.581000000000000000e+03 1.763326747423327179e-04 2.018508971441310937e-78 2.946725753251363893e-11 6.177744769733114040e-04 1.225106769752450607e-02 1.045891748633702819e-04
1.583000000000000000e+03 1.748461805636434229e-04 1.452197106842498483e-78 2.834668063348680532e-11 6.163021892039793025e-04 1.224804795349409420e-02 1.045386520398809585e-04
1.585000000000000000e+03 1.733716595012927330e-04 1.044557112085678730e-78 2.726806440475228888e-11 6.148325047889636108e-04 1.224502709075698560e-02 1.044881224628282012e-04
1.587000000000000000e+03 1.719090188778295671e-04 7.511911438488281301e-79 2.622986216961913672e-11 6.133654208769124703e-04 1.224200510851499932e-02 1.044375861322772249e-04
1.589000000000000000e+03 1.704581666914847392e-04 5.401075855861761028e-79 2.523058333694188010e-11 6.119009345954451624e-04 1.223898200592402584e-02 1.043870430475434642e-04
1.591000000000000000e+03 1.690190116117109035e-04 3.882590112740960574e-79 2.426879140216599266e-11 6.104390430512147752e-04 1.223595778209369059e-02 1.043364932071876136e-04
1.593000000000000000e+03 1.675914629747513658e-04 2.790449454055712320e-79 2.334310201831231273e-11 6.089797433299773757e-04 1.223293243608698615e-02 1.042859366090107079e-04
1.595000000000000000e+03 1.661754307792281124e-04 2.005109159264704937e-79 2.245218113450005180e-11 6.075230324966569536e-04 1.222990596691993052e-02 1.042353732500489450e-04
1.597000000000000000e+03 1.647708256817636662e-04 1.440499196082464315e-79 2.159474319969601553e-11 6.060689075954137257e-04 1.222687837356119765e-02 1.041848031265689829e-04
1.599000000000000000e+03 1.633775589926159805e-04 1.034663312457370362e-79 2.076954942943946599e-11 6.046173656497084298e-04 1.222384965493177218e-02 1.041342262340625872e-04
1.601000000000000000e+03 1.619955426713493550e-04 7.430122930108155118e-80 1.997540613339274109e-11 6.031684036623730137e-04 1.222081980990457652e-02 1.040836425672417650e-04
1.603000000000000000e+03 1.606246893225259792e-04 5.334623264051720450e-80 1.921116310161338032e-11 6.017220186156782905e-04 1.221778883730412213e-02 1.040330521200337780e-04
1.605000000000000000e+03 1.592649121914218430e-04 3.829324766110123985e-80 1.847571204753148163e-11 6.002782074714040853e-04 1.221475673590614527e-02 1.039824548855760195e-04
1.607000000000000000e+03 1.579161251597672316e-04 2.748218247700691923e-80 1.776798510567770684e-11 5.988369671709079748e-04 1.221172350443724269e-02 1.039318508562109592e-04
1.609000000000000000e+03 1.565782427415117776e-04 1.971926344404696795e-80 1.708695338227452271e-11 5.973982946351941332e-04 1.220868914157450906e-02 1.038812400234810748e-04
1.611000000000000000e+03 1.552511800786158863e-04 1.414622260710998041e-80 1.643162555686745841e-11 5.959621867649870586e-04 1.220565364594517095e-02 1.038306223781238239e-04
1.613000000000000000e+03 1.539348529368641703e-04 1.014613157083845555e-80 1.580104653323254940e-11 5.945286404408009614e-04 1.220261701612622603e-02 1.037799979100665075e-04
1.615000000000000000e+03 1.526291777017021404e-04 7.275629353482935149e-81 1.519429613785712249e-11 5.930976525230105632e-04 1.219957925064406486e-02 1.037293666084211337e-04
1.617000000000000000e+03 1.513340713741021968e-04 5.216156189812052475e-81 1.461048786435236623e-11 5.916692198519265568e-04 1.219654034797411531e-02 1.036787284614794168e-04
1.619000000000000000e+03 1.500494515664453415e-04 3.738870461896308043e-81 1.404876766220094673e-11 5.902433392478644535e-04 1.219350030654046610e-02 1.036280834567075866e-04
1.621000000000000000e+03 1.487752364984361753e-04 2.679414634170241136e-81 1.350831276831315736e-11 5.888200075112227537e-04 1.219045912471549385e-02 1.035774315807413200e-04
1.623000000000000000e+03 1.475113449930329657e-04 1.919768969486178506e-81 1.298833057989892889e-11 5.873992214225533118e-04 1.218741680081950399e-02 1.035267728193805229e-04
1.625000000000000000e+03 1.462576964724057683e-04 1.375204881316509470e-81 1.248805756722873611e-11 5.859809777426359294e-04 1.218437333312033521e-02 1.034761071575842348e-04
1.627000000000000000e+03 1.450142109539188885e-04 9.849067049423592289e-82 1.200675822489741124e-11 5.845652732125558755e-04 1.218132871983301259e-02 1.034254345794655193e-04
1.629000000000000000e+03 1.437808090461335092e-04 7.052318004976005973e-82 1.154372406025070076e-11 5.831521045537771787e-04 1.217828295911934505e-02 1.033747550682862464e-04
1.631000000000000000e+03 1.425574119448356353e-04 5.048677574818716968e-82 1.109827261768608319e-11 5.817414684682200394e-04 1.217523604908757329e-02 1.033240686064518748e-04
1.633000000000000000e+03 1.413439414290875644e-04 3.613534355782638109e-82 1.066974653757773061e-11 5.803333616383380246e-04 1.217218798779197593e-02 1.032733751755064374e-04
1.635000000000000000e+03 1.401403198573003106e-04 2.585802724678873730e-82 1.025751264862013581e-11 5.789277807271939625e-04 1.216913877323250182e-02 1.032226747561272156e-04
1.637000000000000000e+03 1.389464701633296904e-04 1.849980200453873345e-82 9.860961092426627791e-12 5.775247223785373541e-04 1.216608840335437619e-02 1.031719673281195478e-04
1.639000000000000000e+03 1.377623158525979690e-04 1.323265843987887264e-82 9.479504479258892769e-12 5.761241832168852552e-04 1.216303687604773642e-02 1.031212528704117073e-04
1.641000000000000000e+03 1.365877809982344530e-04 9.463140595614584180e-83 9.112577073798848386e-12 5.747261598475993626e-04 1.215998418914723822e-02 1.030705313610496301e-04
1.643000000000000000e+03 1.354227902372397456e-04 6.765992062155002005e-83 8.759634009915529712e-12 5.733306488569659201e-04 1.215693034043167572e-02 1.030198027771917380e-04
1.645000000000000000e+03 1.342672687666730141e-04 4.836548064423911373e-83 8.420150533413503339e-12 5.719376468122746486e-04 1.215387532762360334e-02 1.029690670951036256e-04
1.647000000000000000e+03 1.331211423398643299e-04 3.456584618988098516e-83 8.093621271784876922e-12 5.705471502619038557e-04 1.215081914838894370e-02 1.029183242901530326e-04
1.649000000000000000e+03 1.319843372626408043e-04 2.469826035928159447e-83 7.779559530016552896e-12 5.691591557353934024e-04 1.214776180033659558e-02 1.028675743368042875e-04
1.651000000000000000e+03 1.308567803895863894e-04 1.764382918448800905e-83 7.477496611545834298e-12 5.677736597435352342e-04 1.214470328101806447e-02 1.028168172086133604e-04
1.653000000000000000e+03 1.297383991203133070e-04 1.260162213304373038e-83 7.186981163477105485e-12 5.663906587784493839e-04 1.214164358792705657e-02 1.027660528782224153e-04
1.655000000000000000e+03 1.286291213957624791e-04 8.998435456691940607e-84 6.907578545213091969e-12 5.650101493136689725e-04 1.213858271849909548e-02 1.027152813173545922e-04
1.657000000000000000e+03 1.275288756945242073e-04 6.424129945814691909e-84 6.638870219676697436e-12 5.636321278042269456e-04 1.213552067011113705e-02 1.026645024968088978e-04
1.659000000000000000e+03 1.264375910291760897e-04 4.585304664652289662e-84 6.380453166329077366e-12 5.622565906867327268e-04 1.213245744008117043e-02 1.026137163864546353e-04
1.661000000000000000e+03 1.253551969426484501e-04 3.272114204542250073e-84 6.131939315220703087e-12 5.608835343794620976e-04 1.212939302566782424e-02 1.025629229552262956e-04
1.663000000000000000e+03 1.242816235046103398e-04 2.334505437132969217e-84 5.892955001333306808e-12 5.595129552824433918e-04 1.212632742406998150e-02 1.025121221711183524e-04
1.665000000000000000e+03 1.232168013078718837e-04 1.665203473545949926e-84 5.663140438498142336e-12 5.581448497775370757e-04 1.212326063242637371e-02 1.024613140011797468e-04
1.667000000000000000e+03 1.221606614648148431e-04 1.187532506589789057e-84 5.442149212203019279e-12 5.567792142285277971e-04 1.212019264781519223e-02 1.024104984115087509e-04
1.669000000000000000e+03 1.211131356038388986e-04 8.466994543310792297e-85 5.229647790620126049e-12 5.554160449812076518e-04 1.211712346725368934e-02 1.023596753672475736e-04
1.671000000000000000e+03 1.200741558658339141e-04 6.035571792524707979e-85 5.025315053213469258e-12 5.540553383634663894e-04 1.211405308769777749e-02 1.023088448325771432e-04
1.673000000000000000e+03 1.190436549006689243e-04 4.301428577295669869e-85 4.828841836303813734e-12 5.526970906853778242e-04 1.211098150604164245e-02 1.022580067707116997e-04
1.675000000000000000e+03 1.180215658637021959e-04 3.064869258852531107e-85 4.639930494992950430e-12 5.513412982392858121e-04 1.210790871911732007e-02 1.022071611438934551e-04
1.677000000000000000e+03 1.170078224123174325e-04 2.183312561971734935e-85 4.458294480869571176e-12 5.499879572998986853e-04 1.210483472369431809e-02 1.021563079133873218e-04
1.679000000000000000e+03 1.160023587024731521e-04 1.554978456274028910e-85 4.283657934936468697e-12 5.486370641243736024e-04 1.210175951647919981e-02 1.021054470394755726e-04
1.681000000000000000e+03 1.150051093852771770e-04 1.107228146738917239e-85 4.115755295221971266e-12 5.472886149524085978e-04 1.209868309411518336e-02 1.020545784814523923e-04
1.683000000000000000e+03 1.140160096035840826e-04 7.882317223630597995e-86 3.954330918555228954e-12 5.459426060063364734e-04 1.209560545318174966e-02 1.020037021976187558e-04
1.685000000000000000e+03 1.130349949886047750e-04 5.610150609598793468e-86 3.799138716001290713e-12 5.445990334912106674e-04 1.209252659019421743e-02 1.019528181452768298e-04
1.687000000000000000e+03 1.120620016565434857e-04 3.992075234357136673e-86 3.649941801473840693e-12 5.432578935948997965e-04 1.208944650160334588e-02 1.019019262807246881e-04
1.689000000000000000e+03 1.110969662052549184e-04 2.840051806521943218e-86 3.506512153056707618e-12 5.419191824881818735e-04 1.208636518379493929e-02 1.018510265592511069e-04
1.691000000000000000e+03 1.101398257109143804e-04 2.020025789657717214e-86 3.368630286581286400e-12 5.405828963248321276e-04 1.208328263308941497e-02 1.018001189351299275e-04
1.693000000000000000e+03 1.091905177247182022e-04 1.436449718522871564e-86 3.236084941027099851e-12 5.392490312417229674e-04 1.208019884574141473e-02 1.017492033616149329e-04
1.695000000000000000e+03 1.082489802695955558e-04 1.021237038967130190e-86 3.108672775321714196e-12 5.379175833589134280e-04 1.207711381793938332e-02 1.016982797909343051e-04
1.697000000000000000e+03 1.073151518369426483e-04 7.258803673325375818e-87 2.986198076136002555e-12 5.365885487797443639e-04 1.207402754580516081e-02 1.016473481742852583e-04
1.699000000000000000e+03 1.063889713833810385e-04 5.158288776224613428e-87 2.868472476283151010e-12 5.352619235909371114e-04 1.207094002539357662e-02 1.015964084618288212e-04
1.701000000000000000e+03 1.054703783275275276e-04 3.664781640884664880e-87 2.755314683341640457e-12 5.339377038626853204e-04 1.206785125269202279e-02 1.015454606026842396e-04
1.703000000000000000e+03 1.045593125467892033e-04 2.603107737994703811e-87 2.646550218139368034e-12 5.326158856487526409e-04 1.206476122362004980e-02 1.014945045449236368e-04
1.705000000000000000e+03 1.036557143741775931e-04 1.848576833965681548e-87 2.542011162745884541e-12 5.312964649865706268e-04 1.206166993402895023e-02 1.014435402355667149e-04
1.707000000000000000e+03 1.027595245951393654e-04 1.312453493895973947e-87 2.441535917632887314e-12 5.299794378973352298e-04 1.205857737970134069e-02 1.013925676205752112e-04
1.709000000000000000e+03 1.018706844444091882e-04 9.316035222994617577e-88 2.344968967675809306e-12 5.286648003861064374e-04 1.205548355635074724e-02 1.013415866448476809e-04
1.711000000000000000e+03 1.009891356028787843e-04 6.611177623649753290e-88 2.252160656679499945e-12 5.273525484419037913e-04 1.205238845962118555e-02 1.012905972522138456e-04
1.713000000000000000e+03 1.001148201944875200e-04 4.690582236231345723e-88 2.162966970123510878e-12 5.260426780378086274e-04 1.204929208508674111e-02 1.012395993854293486e-04
1.715000000000000000e+03 9.924768078313232138e-05 3.327167192609041479e-88 2.077249325832151242e-12 5.247351851310640396e-04 1.204619442825115468e-02 1.011885929861704013e-04
1.717000000000000000e+03 9.838766036959337754e-05 2.359511779572755437e-88 1.994874372284958628e-12 5.234300656631744094e-04 1.204309548454740239e-02 1.011375779950282134e-04
1.719000000000000000e+03 9.753470238847860197e-05 1.672896366417016008e-88 1.915713794293747753e-12 5.221273155600025502e-04 1.203999524933725522e-02 1.010865543515035447e-04
1.721000000000000000e+03 9.668875070519315166e-05 1.185809688158031702e-88 1.839644125782422773e-12 5.208269307318789954e-04 1.203689371791088689e-02 1.010355219940014740e-04
1.723000000000000000e+03 9.584974961291827075e-05 8.403490633801222908e-89 1.766546569412826548e-12 5.195289070736974074e-04 1.203379088548642804e-02 1.009844808598258286e-04
1.725000000000000000e+03 9.501764382961698160e-05 5.953918887117473375e-89 1.696306822812273941e-12 5.182332404650224567e-04 1.203068674720955168e-02 1.009334308851738587e-04
1.727000000000000000e+03 9.419237849505018422e-05 4.217394896572071512e-89 1.628814911163717803e-12 5.169399267701868571e-04 1.202758129815304292e-02 1.008823720051306666e-04
1.729000000000000000e+03 9.337389916781895275e-05 2.986644099429816818e-89 1.563965025930957453e-12 5.156489618384027139e-04 1.202447453331637918e-02 1.008313041536639220e-04
1.731000000000000000e+03 9.256215182241833803e-05 2.114560987389095505e-89 1.501655369496568507e-12 5.143603415038593184e-04 1.202136644762529308e-02 1.007802272636183186e-04
1.733000000000000000e+03 9.175708284631467026e-05 1.496766919955215108e-89 1.441788005500529855e-12 5.130740615858330866e-04 1.201825703593135952e-02 1.007291412667102749e-04
1.735000000000000000e+03 9.095863903703537063e-05 1.059217223344569756e-89 1.384268714672979822e-12 5.117901178887891483e-04 1.201514629301155164e-02 1.006780460935222967e-04
1.737000000000000000e+03 9.016676759928220881e-05 7.493978843507371832e-90 1.329006855963628710e-12 5.105085062024905269e-04 1.201203421356782097e-02 1.006269416734977457e-04
1.739000000000000000e+03 8.938141614205820785e-05 5.300735481484715354e-90 1.275915232775860205e-12 5.092292223021028727e-04 1.200892079222666553e-02 1.005758279349352558e-04
1.741000000000000000e+03 8.860253267581513542e-05 3.748484414794594663e-90 1.224909964121441877e-12 5.079522619483040763e-04 1.200580602353869784e-02 1.005247048049833934e-04
1.743000000000000000e+03 8.783006560961517087e-05 2.650152439483235340e-90 1.175910360517511404e-12 5.066776208873878095e-04 1.200268990197820435e-02 1.004735722096350875e-04
1.745000000000000000e+03 8.706396374831626222e-05 1.873187405448288232e-90 1.128838804454802372e-12 5.054052948513798604e-04 1.199957242194273598e-02 1.004224300737224795e-04
1.747000000000000000e+03 8.630417628976587213e-05 1.323690596054209586e-90 1.083620635270587443e-12 5.041352795581370127e-04 1.199645357775264501e-02 1.003712783209110415e-04
1.749000000000000000e+03 8.555065282202119193e-05 9.351607457556502544e-91 1.040184038267872232e-12 5.028675707114648981e-04 1.199333336365066872e-02 1.003201168736944535e-04
1.751000000000000000e+03 8.480334332058107861e-05 6.605112667337288153e-91 9.984599379258951559e-13 5.016021640012244655e-04 1.199021177380149052e-02 1.002689456533891550e-04
1.753000000000000000e+03 8.406219814563722285e-05 4.664101673461669305e-91 9.583818950539988240e-13 5.003390551034440871e-04 1.198708880229130275e-02 1.002177645801287213e-04
1.755000000000000000e+03 8.332716803934101088e-05 3.292677856376227181e-91 9.198860077454146616e-13 4.990782396804291712e-04 1.198396444312737133e-02 1.001665735728585774e-04
1.757000000000000000e+03 8.259820412308961732e-05 2.323932794688584745e-91 8.829108159931089915e-13 4.978197133808762208e-04 1.198083869023759164e-02 1.001153725493304688e-04
1.759000000000000000e+03 8.187525789482696524e-05 1.639798944987742517e-91 8.473972098343224371e-13 4.965634718399839637e-04 1.197771153747005657e-02 1.000641614260970813e-04
1.761000000000000000e+03 8.115828122636333441e-05 1.156777896062936051e-91 8.132883408955645102e-13 4.953095106795687118e-04 1.197458297859261590e-02 1.000129401185066063e-04
1.763000000000000000e+03 8.044722636070902357e-05 8.158330990317105349e-92 7.805295372140796927e-13 4.940578255081741910e-04 1.197145300729243571e-02 9.996170854069718400e-05
1.765000000000000000e+03 7.974204590942794843e-05 5.752335885924664811e-92 7.490682212166980651e-13 4.928084119211892855e-04 1.196832161717555597e-02 9.991046660559160493e-05
1.767000000000000000e+03 7.904269285000483291e-05 4.054883125356168101e-92 7.188538307406215344e-13 4.915612655009599270e-04 1.196518880176644303e-02 9.985921422489175297e-05
1.769000000000000000e+03 7.834912052323339321e-05 2.857611859339264469e-92 6.898377429855685161e-13 4.903163818169104177e-04 1.196205455450756808e-02 9.980795130907337421e-05
1.771000000000000000e+03 7.766128263061265334e-05 2.013346552400207125e-92 6.619732012896735145e-13 4.890737564256498983e-04 1.195891886875893179e-02 9.975667776738026294e-05
1.773000000000000000e+03 7.697913323177056914e-05 1.418155411063759635e-92 6.352152446268372727e-13 4.878333848710989830e-04 1.195578173779765323e-02 9.970539350781926072e-05
1.775000000000000000e+03 7.630262674189353393e-05 9.986624168246709859e-93 6.095206397251404616e-13 4.865952626845992642e-04 1.195264315481749454e-02 9.965409843715449661e-05
1.777000000000000000e+03 7.563171792917989936e-05 7.030767940248731735e-93 5.848478157112137154e-13 4.853593853850366943e-04 1.194950311292844632e-02 9.960279246090215585e-05
1.779000000000000000e+03 7.496636191230488032e-05 4.948522890403450457e-93 5.611568011876020215e-13 4.841257484789573788e-04 1.194636160515625059e-02 9.955147548332499109e-05
1.781000000000000000e+03 7.430651415790275288e-05 3.482063970794417215e-93 5.384091636542528413e-13 4.828943474606859168e-04 1.194321862444198100e-02 9.950014740742679298e-05
1.783000000000000000e+03 7.365213047806465124e-05 2.449547271751912790e-93 5.165679511881675200e-13 4.816651778124449884e-04 1.194007416364156748e-02 9.944880813494707758e-05
1.785000000000000000e+03 7.300316702785494512e-05 1.722750531475052853e-93 4.955976362984940867e-13 4.804382350044786288e-04 1.193692821552537822e-02 9.939745756635567887e-05
1.787000000000000000e+03 7.235958030283901488e-05 1.211284094137363876e-93 4.754640618770111210e-13 4.792135144951702977e-04 1.193378077277774604e-02 9.934609560084731422e-05
1.789000000000000000e+03 7.172132713662856358e-05 8.514443181134203489e-94 4.561343891672538169e-13 4.779910117311627379e-04 1.193063182799652608e-02 9.929472213633602784e-05
1.791000000000000000e+03 7.108836469844470997e-05 5.983463707167530704e-94 4.375770476781244708e-13 4.767707221474847728e-04 1.192748137369265167e-02 9.924333706945004082e-05
1.793000000000000000e+03 7.046065049069226232e-05 4.203729811905337401e-94 4.197616869702991482e-13 4.755526411676686167e-04 1.192432940228967640e-02 9.919194029552607262e-05
1.795000000000000000e+03 6.983814234655399576e-05 2.952583573993778441e-94 4.026591302467771133e-13 4.743367642038781367e-04 1.192117590612332308e-02 9.914053170860417756e-05
1.797000000000000000e+03 6.922079842759529733e-05 2.073263096660129346e-94 3.862413296809119268e-13 4.731230866570264879e-04 1.191802087744103095e-02 9.908911120142210698e-05
1.799000000000000000e+03 6.860857722138881452e-05 1.455428874049274701e-94 3.704813234181483047e-13 4.719116039169052421e-04 1.191486430840149775e-02 9.903767866541005082e-05
1.801000000000000000e+03 6.800143753915281904e-05 1.021436656196805601e-94 3.553531941896406101e-13 4.707023113623104264e-04 1.191170619107424430e-02 9.898623399068533864e-05
1.803000000000000000e+03 6.739933851340130697e-05 7.166635282422638755e-95 3.408320294782102623e-13 4.694952043611619482e-04 1.190854651743913917e-02 9.893477706604681527e-05
1.805000000000000000e+03 6.680223959561376373e-05 5.026921478939206780e-95 3.268938831795951256e-13 4.682902782706342411e-04 1.190538527938594417e-02 9.888330777896956890e-05
1.807000000000000000e+03 6.621010055391791233e-05 3.525099271717496259e-95 3.135157387035532682e-13 4.670875284372824664e-04 1.190222246871387550e-02 9.883182601559957784e-05
1.809000000000000000e+03 6.562288147078717963e-05 2.471283486149313503e-95 3.006754734616951332e-13 4.658869501971692564e-04 1.189905807713113189e-02 9.878033166074835726e-05
1.811000000000000000e+03 6.504054274075237927e-05 1.732029382636589562e-95 2.883518246907209066e-13 4.646885388759917825e-04 1.189589209625444184e-02 9.872882459788741619e-05
1.813000000000000000e+03 6.446304506813067402e-05 1.213581421065531774e-95 2.765243565617403184e-13 4.634922897892135405e-04 1.189272451760860910e-02 9.867730470914313470e-05
1.815000000000000000e+03 6.389034946476517690e-05 8.500863772571701165e-96 2.651734285279033790e-13 4.622981982421889248e-04 1.188955533262604780e-02 9.862577187529124800e-05
1.817000000000000000e+03 6.332241724778217052e-05 5.953017515464291565e-96 2.542801648646066970e-13 4.611062595302950137e-04 1.188638453264633139e-02 9.857422597575146608e-05
1.819000000000000000e+03 6.275921003736248892e-05 4.167644993858117041e-96 2.438264253579984460e-13 4.599164689390637336e-04 1.188321210891572430e-02 9.852266688858225601e-05
1.821000000000000000e+03 6.220068975452590972e-05 2.916911226762623460e-96 2.337947770991575423e-13 4.587288217443101740e-04 1.188003805258673086e-02 9.847109449047540737e-05
1.823000000000000000e+03 6.164681861893052189e-05 2.040958244130768563e-96 2.241684673429426475e-13 4.575433132122650771e-04 1.187686235471762698e-02 9.841950865675069251e-05
1.825000000000000000e+03 6.109755914668648627e-05 1.427653823660183567e-96 2.149313973919542055e-13 4.563599385997061351e-04 1.187368500627200042e-02 9.836790926135056761e-05
1.827000000000000000e+03 6.055287414818425666e-05 9.983643359189366354e-97 2.060680974675047536e-13 4.551786931540924850e-04 1.187050599811829282e-02 9.831629617683484642e-05
1.829000000000000000e+03 6.001272672593623822e-05 6.979623853431588032e-97 1.975637025308833920e-13 4.539995721136971438e-04 1.186732532102933654e-02 9.826466927437536066e-05
1.831000000000000000e+03 5.947708027243182221e-05 4.878106167781695816e-97 1.894039290195344921e-13 4.528225707077389024e-04 1.186414296568188108e-02 9.821302842375063383e-05
1.833000000000000000e+03 5.894589846801002547e-05 3.408365802168524115e-97 1.815750524641538437e-13 4.516476841565231627e-04 1.186095892265615070e-02 9.816137349334073123e-05
1.835000000000000000e+03 5.841914527873840477e-05 2.380763835516258773e-97 1.740638859537102601e-13 4.504749076715669465e-04 1.185777318243535876e-02 9.810970435012166284e-05
1.837000000000000000e+03 5.789678495431585059e-05 1.662497654848132461e-97 1.668577594170244273e-13 4.493042364557462386e-04 1.185458573540525661e-02 9.805802085966045011e-05
1.839000000000000000e+03 5.737878202597880307e-05 1.160592627263637013e-97 1.599444996901602970e-13 4.481356657034214286e-04 1.185139657185365833e-02 9.800632288610944753e-05
1.841000000000000000e+03 5.686510130442999210e-05 8.099758012293858872e-98 1.533124113405472960e-13 4.469691906005830283e-04 1.184820568196998797e-02 9.795461029220147722e-05
1.843000000000000000e+03 5.635570787777504482e-05 5.651154429224052200e-98 1.469502582193718289e-13 4.458048063249859497e-04 1.184501305584480593e-02 9.790288293924440794e-05
1.845000000000000000e+03 5.585056710947331631e-05 3.941618789506988415e-98 1.408472457150986095e-13 4.446425080462852470e-04 1.184181868346933890e-02 9.785114068711567986e-05
1.847000000000000000e+03 5.534964463630511226e-05 2.748424359808060909e-98 1.349930036819235360e-13 4.434822909261793944e-04 1.183862255473501837e-02 9.779938339425743924e-05
1.849000000000000000e+03 5.485290636634799843e-05 1.915861416747452371e-98 1.293775700178114148e-13 4.423241501185449977e-04 1.183542465943300884e-02 9.774761091767090050e-05
1.851000000000000000e+03 5.436031847697080305e-05 1.335103479161004694e-98 1.239913748678821520e-13 4.411680807695818611e-04 1.183222498725374633e-02 9.769582311291152160e-05
1.853000000000000000e+03 5.387184741283764129e-05 9.301129560537650186e-99 1.188252254296398565e-13 4.400140780179517103e-04 1.182902352778646485e-02 9.764401983408352878e-05
1.855000000000000000e+03 5.338745988392521439e-05 6.477773826696632421e-99 1.138702913374957008e-13 4.388621369949175671e-04 1.182582027051873146e-02 9.759220093383475306e-05
1.857000000000000000e+03 5.290712286355433899e-05 4.510083386344527792e-99 1.091180906048748728e-13 4.377122528244863217e-04 1.182261520483596402e-02 9.754036626335138539e-05
1.859000000000000000e+03 5.243080358643556428e-05 3.139145502285556170e-99 1.045604761029576329e-13 4.365644206235558592e-04 1.181940832002098540e-02 9.748851567235303000e-05
1.861000000000000000e+03 5.195846954672292070e-05 2.184267264390111309e-99 1.001896225558440460e-13 4.354186355020497716e-04 1.181619960525352730e-02 9.743664900908708011e-05
1.863000000000000000e+03 5.149008849608716391e-05 1.519381840805321705e-99 9.599801403283492684e-14 4.342748925630700676e-04 1.181298904960977926e-02 9.738476612032402873e-05
1.865000000000000000e+03 5.102562844179595091e-05 1.056560258131159067e-99 9.197843191901073808e-14 4.331331869030350832e-04 1.180977664206190464e-02 9.733286685135200699e-05
1.867000000000000000e+03 5.056505764480991326e-05 7.344921367196613117e-100 8.812394334618978854e-14 4.319935136118278549e-04 1.180656237147757921e-02 9.728095104597171553e-05
1.869000000000000000e+03 5.010834461789060910e-05 5.104402590895712048e-100 8.442789006688866568e-14 4.308558677729408602e-04 1.180334622661951410e-02 9.722901854649136936e-05
1.871000000000000000e+03 4.965545812371988636e-05 3.546230198345627048e-100 8.088387775458932374e-14 4.297202444636209762e-04 1.180012819614498047e-02 9.717706919372135822e-05
1.873000000000000000e+03 4.920636717303404541e-05 2.462932436622087382e-100 7.748576571425890231e-14 4.285866387550192613e-04 1.179690826860534288e-02 9.712510282696940826e-05
1.875000000000000000e+03 4.876104102276773234e-05 1.710019158097595031e-100 7.422765698760563382e-14 4.274550457123349381e-04 1.179368643244558222e-02 9.707311928403521530e-05
1.877000000000000000e+03 4.831944917421358030e-05 1.186893310979466789e-100 7.110388883821142672e-14 4.263254603949693492e-04 1.179046267600383086e-02 9.702111840120570142e-05
1.879000000000000000e+03 4.788156137118915569e-05 8.235385564712103513e-101 6.810902360212573268e-14 4.251978778566671753e-04 1.178723698751088858e-02 9.696910001324955328e-05
1.881000000000000000e+03 4.744734759822034356e-05 5.712379515392819087e-101 6.523783989017342700e-14 4.240722931456702830e-04 1.178400935508974734e-02 9.691706395341231613e-05
1.883000000000000000e+03 4.701677807873652360e-05 3.961050128309805417e-101 6.248532412863186423e-14 4.229487013048691341e-04 1.178077976675513325e-02 9.686501005341146067e-05
1.885000000000000000e+03 4.658982327327478587e-05 2.745763290570159639e-101 5.984666242545891435e-14 4.218270973719498028e-04 1.177754821041301220e-02 9.681293814343121956e-05
1.887000000000000000e+03 4.616645387769946067e-05 1.902718828258251347e-101 5.731723274977777810e-14 4.207074763795482582e-04 1.177431467386013189e-02 9.676084805211758650e-05
1.889000000000000000e+03 4.574664082143091172e-05 1.318087347825419327e-101 5.489259741270661123e-14 4.195898333553992250e-04 1.177107914478352918e-02 9.670873960657326118e-05
1.891000000000000000e+03 4.533035526568901340e-05 9.127904837044960877e-102 5.256849583814351656e-14 4.184741633224931217e-04 1.176784161076007383e-02 9.665661263235277034e-05
1.893000000000000000e+03 4.491756860174554565e-05 6.319091285003206321e-102 5.034083761246269971e-14 4.173604612992255726e-04 1.176460205925597934e-02 9.660446695345737203e-05
1.895000000000000000e+03 4.450825244918977537e-05 4.373146613909594431e-102 4.820569580256114966e-14 4.162487222995520141e-04 1.176136047762633106e-02 9.655230239233013605e-05
1.897000000000000000e+03 4.410237865420619456e-05 3.025440337220529980e-102 4.615930053205167612e-14 4.151389413331442002e-04 1.175811685311460922e-02 9.650011876985101081e-05
1.899000000000000000e+03 4.369991928786275473e-05 2.092365506734013834e-102 4.419803280577791185e-14 4.140311134055443213e-04 1.175487117285221872e-02 9.644791590533191735e-05
1.901000000000000000e+03 4.330084664440984866e-05 1.446572369768128866e-102 4.231841857320981401e-14 4.129252335183173348e-04 1.175162342385799655e-02 9.639569361651159933e-05
1.903000000000000000e+03 4.290513323959394904e-05 9.997598190911893323e-103 4.051712302163966732e-14 4.118212966692137581e-04 1.174837359303775551e-02 9.634345171955105587e-05
1.905000000000000000e+03 4.251275180897950073e-05 6.907220617427583651e-103 3.879094509039981665e-14 4.107192978523230829e-04 1.174512166718379332e-02 9.629119002902841869e-05
1.907000000000000000e+03 4.212367530628292889e-05 4.770482918931096093e-103 3.713681219769338300e-14 4.096192320582318523e-04 1.174186763297442246e-02 9.623890835793422226e-05
1.909000000000000000e+03 4.173787690171833621e-05 3.293608353958492945e-103 3.555177517192705910e-14 4.085210942741808156e-04 1.173861147697348624e-02 9.618660651766633516e-05
1.911000000000000000e+03 4.135532998035432677e-05 2.273167179303463399e-103 3.403300337974132936e-14 4.074248794842264204e-04 1.173535318562988171e-02 9.613428431802533867e-05
1.913000000000000000e+03 4.097600814048230885e-05 1.568338561834861803e-103 3.257778004322511010e-14 4.063305826694002445e-04 1.173209274527709130e-02 9.608194156720963432e-05
1.915000000000000000e+03 4.059988519199406095e-05 1.081674252785435049e-103 3.118349773908015424e-14 4.052381988078665844e-04 1.172883014213269189e-02 9.602957807181052431e-05
1.917000000000000000e+03 4.022693515477340591e-05 7.457625820727297197e-104 2.984765407279484724e-14 4.041477228750877965e-04 1.172556536229788990e-02 9.597719363680765785e-05
1.919000000000000000e+03 3.985713225709476982e-05 5.139860159885045952e-104 2.856784752110672867e-14 4.030591498439800970e-04 1.172229839175702865e-02 9.592478806556393545e-05
1.921000000000000000e+03 3.949045093403767860e-05 3.541178502800650019e-104 2.734177343634178015e-14 4.019724746850839438e-04 1.171902921637713035e-02 9.587236115982118560e-05
1.923000000000000000e+03 3.912686582590612001e-05 2.438873723134929285e-104 2.616722020639224325e-14 4.008876923667177225e-04 1.171575782190739136e-02 9.581991271969492001e-05
1.925000000000000000e+03 3.876635177666395857e-05 1.679093810385229777e-104 2.504206556440475346e-14 3.998047978551480747e-04 1.171248419397872068e-02 9.576744254367002386e-05
1.927000000000000000e+03 3.840888383237783831e-05 1.155590390471790611e-104 2.396427304240763528e-14 3.987237861147510643e-04 1.170920831810326294e-02 9.571495042859586337e-05
1.929000000000000000e+03 3.805443723967249283e-05 7.950150588163272875e-105 2.293188856336972412e-14 3.976446521081800122e-04 1.170593017967391618e-02 9.566243616968174565e-05
1.931000000000000000e+03 3.770298744419413263e-05 5.467495203234555329e-105 2.194303716636018613e-14 3.965673907965254160e-04 1.170264976396384257e-02 9.560989956049198565e-05
1.933000000000000000e+03 3.735451008908793392e-05 3.758739538462197285e-105 2.099591985971270457e-14 3.954919971394878805e-04 1.169936705612600707e-02 9.555734039294162352e-05
1.935000000000000000e+03 3.700898101348315745e-05 2.583068696259479944e-105 2.008881059725359557e-14 3.944184660955417235e-04 1.169608204119269336e-02 9.550475845729168123e-05
1.937000000000000000e+03 3.666637625098845884e-05 1.774470206447475064e-105 1.922005337286516547e-14 3.933467926221000457e-04 1.169279470407501124e-02 9.545215354214429721e-05
1.939000000000000000e+03 3.632667202820003319e-05 1.218539526868162930e-105 1.838805942883610374e-14 3.922769716756874443e-04 1.168950502956243517e-02 9.539952543443849797e-05
1.941000000000000000e+03 3.598984476321759980e-05 8.364650505294119147e-106 1.759130457360127711e-14 3.912089982121058412e-04 1.168621300232231854e-02 9.534687391944552249e-05
1.943000000000000000e+03 3.565587106417258414e-05 5.739741787679655430e-106 1.682832660466500240e-14 3.901428671866083355e-04 1.168291860689942528e-02 9.529419878076433631e-05
1.945000000000000000e+03 3.532472772776275088e-05 3.937063220743490974e-106 1.609772283263762613e-14 3.890785735540606949e-04 1.167962182771541818e-02 9.524149980031688814e-05
1.947000000000000000e+03 3.499639173780250362e-05 2.699522760206014146e-106 1.539814770250183289e-14 3.880161122691223635e-04 1.167632264906842687e-02 9.518877675834398993e-05
1.949000000000000000e+03 3.467084026377769757e-05 1.850270633439408362e-106 1.472831050832991875e-14 3.869554782864101762e-04 1.167302105513253092e-02 9.513602943340047859e-05
1.951000000000000000e+03 3.434805065941451982e-05 1.267699314036233606e-106 1.408697319786029253e-14 3.858966665606762764e-04 1.166971702995730532e-02 9.508325760235112310e-05
1.953000000000000000e+03 3.402800046125480023e-05 8.682185553149766331e-107 1.347294826344145862e-14 3.848396720469748119e-04 1.166641055746732089e-02 9.503046104036584054e-05
1.955000000000000000e+03 3.371066738724464449e-05 5.943917104555025870e-107 1.288509671601627143e-14 3.837844897008419669e-04 1.166310162146168977e-02 9.497763952091560317e-05
1.957000000000000000e+03 3.339602933532991795e-05 4.067676015147352135e-107 1.232232613891712029e-14 3.827311144784657478e-04 1.165979020561356931e-02 9.492479281576792546e-05
1.959000000000000000e+03 3.308406438206289000e-05 2.782588235940280241e-107 1.178358881838803261e-14 3.816795413368623833e-04 1.165647629346968847e-02 9.487192069498247304e-05
1.961000000000000000e+03 3.277475078121799249e-05 1.902740473453189075e-107 1.126787994785539683e-14 3.806297652340502298e-04 1.165315986844986905e-02 9.481902292690682081e-05
1.963000000000000000e+03 3.246806696241817620e-05 1.300580456602910688e-107 1.077423590308759889e-14 3.795817811292299666e-04 1.164984091384655557e-02 9.476609927817218387e-05
1.965000000000000000e+03 3.216399152976858578e-05 8.886300069073813763e-108 1.030173258548707644e-14 3.785355839829551944e-04 1.164651941282432608e-02 9.471314951368893162e-05
1.967000000000000000e+03 3.186250326050282485e-05 6.069177333471840943e-108 9.849483830875239755e-15 3.774911687573170209e-04 1.164319534841941860e-02 9.466017339664263043e-05
1.969000000000000000e+03 3.156358110363552990e-05 4.143456601494214520e-108 9.416639881215612501e-15 3.764485304161160157e-04 1.163986870353925923e-02 9.460717068848957132e-05
1.971000000000000000e+03 3.126720417862643671e-05 2.827605905602072856e-108 9.002385916834019445e-15 3.754076639250451147e-04 1.163653946096197649e-02 9.455414114895273130e-05
1.973000000000000000e+03 3.097335177405291707e-05 1.928843893935466392e-108 8.605940646776797421e-15 3.743685642518674293e-04 1.163320760333593114e-02 9.450108453601747721e-05
1.975000000000000000e+03 3.068200334629158217e-05 1.315213883571078086e-108 8.226554955043702331e-15 3.733312263665960616e-04 1.162987311317923399e-02 9.444800060592754062e-05
1.977000000000000000e+03 3.039313851821028755e-05 8.964287433712154936e-109 7.863510600519115979e-15 3.722956452416783645e-04 1.162653597287927922e-02 9.439488911318087076e-05
1.979000000000000000e+03 3.010673707786661277e-05 6.107369838602570171e-109 7.516118968502609999e-15 3.712618158521709317e-04 1.162319616469224652e-02 9.434174981052537905e-05
1.981000000000000000e+03 2.982277897721911093e-05 4.159208477736652308e-109 7.183719871832788872e-15 3.702297331759290080e-04 1.161985367074265703e-02 9.428858244895517145e-05
1.983000000000000000e+03 2.954124433084374544e-05 2.831288597577366970e-109 6.865680399658490969e-15 3.691993921937822385e-04 1.161650847302285981e-02 9.423538677770613037e-05
1.985000000000000000e+03 2.926211341466342873e-05 1.926519992841748726e-109 6.561393812005052510e-15 3.681707878897274395e-04 1.161316055339259821e-02 9.418216254425244524e-05
1.987000000000000000e+03 2.898536666468166386e-05 1.310321214802157212e-109 6.270278478334131736e-15 3.671439152511022340e-04 1.160980989357849463e-02 9.412890949430201813e-05
1.989000000000000000e+03 2.871098467572974562e-05 8.908320430095072920e-110 5.991776858386545436e-15 3.661187692687787438e-04 1.160645647517360990e-02 9.407562737179302149e-05
1.991000000000000000e+03 2.843894820021898267e-05 6.053779782744899156e-110 5.725354523643405181e-15 3.650953449373427000e-04 1.160310027963693674e-02 9.402231591888961552e-05
1.993000000000000000e+03 2.816923814690461901e-05 4.112151018441469728e-110 5.470499217820562888e-15 3.640736372552849133e-04 1.159974128829295570e-02 9.396897487597835673e-05
1.995000000000000000e+03 2.790183557965667058e-05 2.792042666855744638e-110 5.226719954861757517e-15 3.630536412251859132e-04 1.159637948233114592e-02 9.391560398166422707e-05
1.997000000000000000e+03 2.763672171623926608e-05 1.894892186307216225e-110 4.993546152960535774e-15 3.620353518539020515e-04 1.159301484280551159e-02 9.386220297276664951e-05
1.999000000000000000e+03 2.737387792709969139e-05 1.285450363892577550e-110 4.770526803197756166e-15 3.610187641527549669e-04 1.158964735063410662e-02 9.380877158431586945e-05
